From tomorrow I have to work.	Kuanzia kesho lazima nifanye kazi.<hr><table class=gloss><tr class=mo><td>ku-anz-i-a</td><td>kesho</td><td>lazima</td><td>ni-fany-e</td><td>kazi</td></tr><tr class=la><td>CL15-begin-APPL-IND</td><td>tomorrow</td><td>must</td><td>1SG-do-SBJV</td><td>CL9.work</td></tr></table><div class=klassen>kazi class 9/10 (Ø/n-) → kazi — number shows only in the agreement</div><div class=konkordanz>class 9: SUBJ i- · ADJ Ø/n- · GEN ya · DEM hii/ile · POSS y- · REL -yo</div><div class=hinweis>lazima verlangt den Konjunktiv: nifanye, nicht ninafanya</div>	A1 SD1 A ab
I am often at the office, but only for a few hours.	Mara nyingi niko ofisini, lakini kwa saa chache tu.<hr><table class=gloss><tr class=mo><td>mara</td><td>ny-ingi</td><td>ni-ko</td><td>ofisi-ni</td><td>lakini</td><td>kwa</td><td>saa</td><td>chache</td><td>tu</td></tr><tr class=la><td>CL9.time</td><td>CL10-many</td><td>1SG-be.there</td><td>CL9.office-LOC</td><td>but</td><td>for</td><td>CL10.hour</td><td>few</td><td>only</td></tr></table><div class=klassen>saa class 9/10 (Ø/n-) → saa — number shows only in the agreement [also &quot;clock&quot;]</div><div class=konkordanz>class 9: SUBJ i- · ADJ Ø/n- · GEN ya · DEM hii/ile · POSS y- · REL -yo</div><div class=hinweis>Ortsangabe durch Suffix -ni statt Präposition</div>	A1 SD1 A aber
We leave at twelve o'clock.	Tunaondoka saa sita.<hr><table class=gloss><tr class=mo><td>tu-na-ondok-a</td><td>saa</td><td>sita</td></tr><tr class=la><td>1PL-PRS-depart-IND</td><td>CL9.hour</td><td>six</td></tr></table><div class=klassen>saa class 9/10 (Ø/n-) → saa — number shows only in the agreement [also &quot;clock&quot;]</div><div class=konkordanz>class 9: SUBJ i- · ADJ Ø/n- · GEN ya · DEM hii/ile · POSS y- · REL -yo</div><div class=hinweis>Swahili zählt ab Sonnenaufgang: saa sita = 12 Uhr, nicht 6 Uhr</div>	A1 SD1 A abfahren
Before departure I will call.	Kabla ya kuondoka nitapiga simu.<hr><table class=gloss><tr class=mo><td>kabla</td><td>y-a</td><td>ku-ondok-a</td><td>ni-ta-pig-a</td><td>simu</td></tr><tr class=la><td>before</td><td>CL15-GEN</td><td>CL15-depart-IND</td><td>1SG-FUT-hit-IND</td><td>CL9.phone</td></tr></table><div class=klassen>kuondoka class 15 (ku-), no number change [verbal noun] · simu class 9/10 (Ø/n-) → simu — number shows only in the agreement</div><div class=konkordanz>class 15: SUBJ ku- · ADJ ku- · GEN kwa · DEM huku/kule · POSS kw- · REL -ko · class 9: SUBJ i- · ADJ Ø/n- · GEN ya · DEM hii/ile · POSS y- · REL -yo</div><div class=hinweis>telefonieren = kupiga simu, wörtlich &quot;das Telefon schlagen&quot;</div>	A1 SD1 A Abfahrt
I have to hand in my keys.	Lazima nirudishe funguo zangu.<hr><table class=gloss><tr class=mo><td>lazima</td><td>ni-rudish-e</td><td>funguo</td><td>z-angu</td></tr><tr class=la><td>must</td><td>1SG-give.back-SBJV</td><td>CL10.key</td><td>CL10-my</td></tr></table><div class=klassen>ufunguo class 11/10 (u- › Ø/n-) → funguo</div><div class=konkordanz>class 11: SUBJ u- · ADJ m-/mw- · GEN wa · DEM huu/ule · POSS w- · REL -o</div><div class=hinweis>funguo ist Kl.10, Singular ufunguo Kl.11</div>	A1 SD1 A abgeben
When can I pick up the cupboard from you?	Lini ninaweza kuchukua kabati kwako?<hr><table class=gloss><tr class=mo><td>lini</td><td>ni-na-wez-a</td><td>ku-chuku-a</td><td>kabati</td><td>kw-ako</td></tr><tr class=la><td>when</td><td>1SG-PRS-can-IND</td><td>CL15-take-IND</td><td>CL5.cupboard</td><td>CL17-your</td></tr></table><div class=klassen>kabati class 5/6 (ji-/Ø › ma-) → makabati</div><div class=konkordanz>class 5: SUBJ li- · ADJ ji-/Ø · GEN la · DEM hili/lile · POSS l- · REL -lo</div><div class=hinweis>kwako nutzt die Ortsklasse 17: &quot;bei dir&quot;</div>	A1 SD1 A abholen
We still have to pick up my brother.	Bado tunatakiwa kumchukua kaka yangu.<hr><table class=gloss><tr class=mo><td>bado</td><td>tu-na-taki-w-a</td><td>ku-m-chuku-a</td><td>kaka</td><td>y-angu</td></tr><tr class=la><td>still</td><td>1PL-PRS-need-PASS-IND</td><td>CL15-OBJ1-take-IND</td><td>CL9/CL1.brother</td><td>CL9-my</td></tr></table><div class=klassen>kaka class 9/10 (Ø/n-) → kaka — number shows only in the agreement [person: form class 9/10, agreement class 1/2]</div><div class=konkordanz>class 1: SUBJ a- · ADJ m-/mw- · GEN wa · DEM huyu/yule · POSS w- · REL -ye</div><div class=hinweis>kaka: Possessiv yangu nach Kl.9, Objektpräfix -m- aber nach Kl.1</div>	A1 SD1 A abholen
There is a letter for you without a sender.	Kuna barua kwa ajili yako bila mtumaji.<hr><table class=gloss><tr class=mo><td>ku-na</td><td>barua</td><td>kwa</td><td>ajili</td><td>y-ako</td><td>bila</td><td>m-tumaji</td></tr><tr class=la><td>CL17-with</td><td>CL9.letter</td><td>for</td><td>CL9.purpose</td><td>CL9-your</td><td>without</td><td>CL1-sender</td></tr></table><div class=klassen>barua class 9/10 (Ø/n-) → barua — number shows only in the agreement [number shows only in the agreement] · mtumaji class 1/2 (m-/mw- › wa-) → watumaji</div><div class=konkordanz>class 9: SUBJ i- · ADJ Ø/n- · GEN ya · DEM hii/ile · POSS y- · REL -yo · class 1: SUBJ a- · ADJ m-/mw- · GEN wa · DEM huyu/yule · POSS w- · REL -ye</div><div class=hinweis>kuna &quot;es gibt&quot; ist die Ortsklasse 17 plus -na</div>	A1 SD1 A Absender
Attention! You must not do that.	Tahadhari! Hamruhusiwi kufanya hivyo.<hr><table class=gloss><tr class=mo><td>tahadhari</td><td>ham-ruhus-iw-i</td><td>ku-fany-a</td><td>hivyo</td></tr><tr class=la><td>CL9.attention</td><td>2PL.NEG-allow-PASS-NEG</td><td>CL15-do-IND</td><td>so</td></tr></table><div class=konkordanz>class 9: SUBJ i- · ADJ Ø/n- · GEN ya · DEM hii/ile · POSS y- · REL -yo · class 15: SUBJ ku- · ADJ ku- · GEN kwa · DEM huku/kule · POSS kw- · REL -ko</div><div class=hinweis>Höfliches Sie wird 2PL; Negation ham- plus Endvokal -i</div>	A1 SD1 A Achtung
Can you tell me his address?	Mnaweza kuniambia anwani yake?<hr><table class=gloss><tr class=mo><td>m-na-wez-a</td><td>ku-ni-ambi-a</td><td>anwani</td><td>y-ake</td></tr><tr class=la><td>2PL-PRS-can-IND</td><td>CL15-OBJ1SG-say-IND</td><td>CL9.address</td><td>CL9-be</td></tr></table><div class=klassen>anwani class 9/10 (Ø/n-) → anwani — number shows only in the agreement</div><div class=konkordanz>class 9: SUBJ i- · ADJ Ø/n- · GEN ya · DEM hii/ile · POSS y- · REL -yo</div><div class=hinweis>Objektpräfix -ni- steht zwischen ku- und Wurzel</div>	A1 SD1 A Adresse
All the best!	Kila la heri!<hr><table class=gloss><tr class=mo><td>kila</td><td>l-a</td><td>heri</td></tr><tr class=la><td>every</td><td>CL5-GEN</td><td>CL9.blessing</td></tr></table><div class=konkordanz>class 5: SUBJ li- · ADJ ji-/Ø · GEN la · DEM hili/lile · POSS l- · REL -lo · class 9: SUBJ i- · ADJ Ø/n- · GEN ya · DEM hii/ile · POSS y- · REL -yo</div><div class=hinweis>Feste Formel, Genitiv la nach Kl.5</div>	A1 SD1 A all
That's all.	Ni hayo tu.<hr><table class=gloss><tr class=mo><td>ni</td><td>hayo</td><td>tu</td></tr><tr class=la><td>COP</td><td>CL6.DEM</td><td>only</td></tr></table><div class=konkordanz>class 6: SUBJ ya- · ADJ ma- · GEN ya · DEM haya/yale · POSS y- · REL -yo</div><div class=hinweis>hayo verweist auf Ungenanntes, Kl.6</div>	A1 SD1 A all
Is everyone here?	Wote wapo?<hr><table class=gloss><tr class=mo><td>w-ote</td><td>wa-po</td></tr><tr class=la><td>CL2-all</td><td>CL2-be.there</td></tr></table><div class=konkordanz>class 2: SUBJ wa- · ADJ wa- · GEN wa · DEM hawa/wale · POSS w- · REL -o</div><div class=hinweis>-po markiert Anwesenheit an einem Ort</div>	A1 SD1 A all
All the friends are coming.	Rafiki wote wanakuja.<hr><table class=gloss><tr class=mo><td>rafiki</td><td>w-ote</td><td>wa-na-kuj-a</td></tr><tr class=la><td>CL10/CL2.friend</td><td>CL2-all</td><td>CL2-PRS-come-IND</td></tr></table><div class=klassen>rafiki class 9/10 (Ø/n-) → rafiki — number shows only in the agreement [model case: &quot;rafiki yangu&quot; class 9, but &quot;rafiki anakuja&quot; class 1]</div><div class=konkordanz>class 1: SUBJ a- · ADJ m-/mw- · GEN wa · DEM huyu/yule · POSS w- · REL -ye</div><div class=hinweis>rafiki ist formal Kl.10, kongruiert als Person aber Kl.2</div>	A1 SD1 A all
Do you have everything?	Una kila kitu?<hr><table class=gloss><tr class=mo><td>u-na</td><td>kila</td><td>ki-tu</td></tr><tr class=la><td>2SG-have</td><td>every</td><td>CL7-thing</td></tr></table><div class=konkordanz>class 7: SUBJ ki- · ADJ ki- · GEN cha · DEM hiki/kile · POSS ch- · REL -cho</div><div class=hinweis>kitu &quot;Ding&quot; ist das Musterwort der Kl.7</div>	A1 SD1 A all
He is coming alone.	Anakuja peke yake.<hr><table class=gloss><tr class=mo><td>a-na-kuj-a</td><td>peke</td><td>y-ake</td></tr><tr class=la><td>3SG-PRS-come-IND</td><td>CL9.being.alone</td><td>CL9-be</td></tr></table><div class=konkordanz>class 9: SUBJ i- · ADJ Ø/n- · GEN ya · DEM hii/ile · POSS y- · REL -yo</div><div class=hinweis>allein = peke plus Possessiv, beugt sich nach Person</div>	A1 SD1 A allein
Well, it's like this: ...	Basi, hali ni hii: ...<hr><table class=gloss><tr class=mo><td>basi</td><td>hali</td><td>ni</td><td>hii</td></tr><tr class=la><td>so</td><td>CL9.state</td><td>COP</td><td>CL9.DEM</td></tr></table><div class=klassen>basi class 5/6 (ji-/Ø › ma-) → mabasi · hali ya hewa class 9 (Ø/n-), no number change [genitive construction, no plural]</div><div class=konkordanz>class 5: SUBJ li- · ADJ ji-/Ø · GEN la · DEM hili/lile · POSS l- · REL -lo · class 9: SUBJ i- · ADJ Ø/n- · GEN ya · DEM hii/ile · POSS y- · REL -yo</div><div class=hinweis>ni ist die unveränderliche Kopula</div>	A1 SD1 A also
He has time, so he must help us.	Ana wakati, basi lazima atusaidie.<hr><table class=gloss><tr class=mo><td>a-na</td><td>wakati</td><td>basi</td><td>lazima</td><td>a-tu-saidi-e</td></tr><tr class=la><td>3SG-have</td><td>CL11.time</td><td>so</td><td>must</td><td>3SG-OBJ1PL-help-SBJV</td></tr></table><div class=klassen>wakati class 11/10 (u- › Ø/n-) → nyakati · basi class 5/6 (ji-/Ø › ma-) → mabasi</div><div class=konkordanz>class 11: SUBJ u- · ADJ m-/mw- · GEN wa · DEM huu/ule · POSS w- · REL -o · class 5: SUBJ li- · ADJ ji-/Ø · GEN la · DEM hili/lile · POSS l- · REL -lo</div><div class=hinweis>haben wird mit -na ausgedrückt, nicht mit einem Verb</div>	A1 SD1 A also
How old are you?	Mna miaka mingapi?<hr><table class=gloss><tr class=mo><td>m-na</td><td>mi-aka</td><td>mi-ngapi</td></tr><tr class=la><td>2PL-have</td><td>CL4-year</td><td>CL4-how.many</td></tr></table><div class=klassen>mwaka wa kuzaliwa class 3/4 (m-/mw- › mi-) → miaka ya kuzaliwa [genitive agrees with the head noun]</div><div class=konkordanz>class 3: SUBJ u- · ADJ m-/mw- · GEN wa · DEM huu/ule · POSS w- · REL -o</div><div class=hinweis>Alter wörtlich &quot;wieviele Jahre habt ihr&quot;</div>	A1 SD1 A alt
But you don't look that old.	Lakini hamonekani wazee.<hr><table class=gloss><tr class=mo><td>lakini</td><td>ham-onekan-i</td><td>wa-zee</td></tr><tr class=la><td>but</td><td>2PL.NEG-look-NEG</td><td>CL2-old</td></tr></table><div class=konkordanz>class 2: SUBJ wa- · ADJ wa- · GEN wa · DEM hawa/wale · POSS w- · REL -o</div><div class=hinweis>Negation im Präsens wechselt den Endvokal auf -i</div>	A1 SD1 A alt
My car is already very old.	Gari langu ni kuukuu sana.<hr><table class=gloss><tr class=mo><td>gari</td><td>l-angu</td><td>ni</td><td>kuukuu</td><td>sana</td></tr><tr class=la><td>CL5.car</td><td>CL5-my</td><td>COP</td><td>old</td><td>very</td></tr></table><div class=klassen>gari class 5/6 (ji-/Ø › ma-) → magari</div><div class=konkordanz>class 5: SUBJ li- · ADJ ji-/Ø · GEN la · DEM hili/lile · POSS l- · REL -lo</div><div class=hinweis>kuukuu nur für Sachen; alte Menschen sind mzee</div>	A1 SD1 A alt
We live in a very old house.	Tunakaa katika nyumba kuukuu sana.<hr><table class=gloss><tr class=mo><td>tu-na-ka-a</td><td>katika</td><td>nyumba</td><td>kuukuu</td><td>sana</td></tr><tr class=la><td>1PL-PRS-live-IND</td><td>in</td><td>CL9.house</td><td>old</td><td>very</td></tr></table><div class=klassen>nyumba class 9/10 (Ø/n-) → nyumba — number shows only in the agreement</div><div class=konkordanz>class 9: SUBJ i- · ADJ Ø/n- · GEN ya · DEM hii/ile · POSS y- · REL -yo</div><div class=hinweis>kuukuu bleibt unverändert, kongruiert nicht</div>	A1 SD1 A alt
Cologne is an old city.	Köln ni mji wa kale.<hr><table class=gloss><tr class=mo><td>Köln</td><td>ni</td><td>m-ji</td><td>w-a</td><td>kale</td></tr><tr class=la><td>Cologne</td><td>COP</td><td>CL3-town</td><td>CL3-GEN</td><td>antiquity</td></tr></table><div class=klassen>mji class 3/4 (m-/mw- › mi-) → miji</div><div class=konkordanz>class 3: SUBJ u- · ADJ m-/mw- · GEN wa · DEM huu/ule · POSS w- · REL -o</div><div class=hinweis>Genitiv wa nach Kl.3</div>	A1 SD1 A alt
Age: 26 years.	Umri: miaka ishirini na sita.<hr><table class=gloss><tr class=mo><td>umri</td><td>mi-aka</td><td>ishirini</td><td>na</td><td>sita</td></tr><tr class=la><td>CL14.age</td><td>CL4-year</td><td>twenty</td><td>and</td><td>six</td></tr></table><div class=klassen>umri class 14 (u-), no number change · mwaka wa kuzaliwa class 3/4 (m-/mw- › mi-) → miaka ya kuzaliwa [genitive agrees with the head noun]</div><div class=konkordanz>class 14: SUBJ u- · ADJ m-/mw- · GEN wa · DEM huu/ule · POSS w- · REL -o · class 3: SUBJ u- · ADJ m-/mw- · GEN wa · DEM huu/ule · POSS w- · REL -o</div><div class=hinweis>Zahlen über zwanzig werden mit na verbunden</div>	A1 SD1 A Alter
Turn right at the next street.	Geukeni kulia katika barabara inayofuata.<hr><table class=gloss><tr class=mo><td>geuk-eni</td><td>ku-lia</td><td>katika</td><td>barabara</td><td>i-na-yo-fuat-a</td></tr><tr class=la><td>turn-IMP.PL</td><td>CL17-right</td><td>in</td><td>CL9.street</td><td>CL9-PRS-REL9-follow-IND</td></tr></table><div class=klassen>barabara class 9/10 (Ø/n-) → barabara — number shows only in the agreement</div><div class=konkordanz>class 9: SUBJ i- · ADJ Ø/n- · GEN ya · DEM hii/ile · POSS y- · REL -yo</div><div class=hinweis>Relativinfix -yo- kongruiert mit barabara Kl.9</div>	A1 SD1 A an
We are meeting at the station.	Tunakutana stesheni.<hr><table class=gloss><tr class=mo><td>tu-na-kut-an-a</td><td>stesheni</td></tr><tr class=la><td>1PL-PRS-meet-RECP-IND</td><td>CL9.station</td></tr></table><div class=klassen>stesheni class 9/10 (Ø/n-) → stesheni — number shows only in the agreement [loanword]</div><div class=konkordanz>class 9: SUBJ i- · ADJ Ø/n- · GEN ya · DEM hii/ile · POSS y- · REL -yo</div><div class=hinweis>sich treffen ist reziprok: -an- im Verb</div>	A1 SD1 A an
Next Monday unfortunately does not work.	Jumatatu ijayo haiwezekani, samahani.<hr><table class=gloss><tr class=mo><td>Jumatatu</td><td>i-ja-yo</td><td>hai-wezekan-i</td><td>samahani</td></tr><tr class=la><td>CL9.Monday</td><td>CL9-come-REL9</td><td>CL9.NEG-be.possible-NEG</td><td>CL9.apology</td></tr></table><div class=konkordanz>class 9: SUBJ i- · ADJ Ø/n- · GEN ya · DEM hii/ile · POSS y- · REL -yo</div><div class=hinweis>Jumatatu heißt wörtlich &quot;zweiter Tag&quot;</div>	A1 SD1 A an
What may I offer you?	Nikupe nini?<hr><table class=gloss><tr class=mo><td>ni-ku-p-e</td><td>nini</td></tr><tr class=la><td>1SG-OBJ2SG-give-SBJV</td><td>what</td></tr></table><div class=hinweis>Konjunktiv ohne lazima drückt ein Angebot aus</div>	A1 SD1 A anbieten
Today sports shoes are on offer.	Leo viatu vya michezo vipo kwenye ofa.<hr><table class=gloss><tr class=mo><td>leo</td><td>vi-atu</td><td>vy-a</td><td>mi-chezo</td><td>vi-po</td><td>kwenye</td><td>ofa</td></tr><tr class=la><td>today</td><td>CL8-shoe</td><td>CL8-GEN</td><td>CL4-sport</td><td>CL8-be.there</td><td>at</td><td>CL9.offer</td></tr></table><div class=klassen>kiatu class 7/8 (ki- › vi-) → viatu · mchezo class 3/4 (m-/mw- › mi-) → michezo · ofa class 9/10 (Ø/n-) → ofa — number shows only in the agreement [loanword]</div><div class=konkordanz>class 7: SUBJ ki- · ADJ ki- · GEN cha · DEM hiki/kile · POSS ch- · REL -cho · class 3: SUBJ u- · ADJ m-/mw- · GEN wa · DEM huu/ule · POSS w- · REL -o</div><div class=hinweis>Genitiv vya und Subjekt vi- kongruieren beide mit Kl.8</div>	A1 SD1 A Angebot
Do you want this jacket?	Unataka koti hili?<hr><table class=gloss><tr class=mo><td>u-na-tak-a</td><td>koti</td><td>hili</td></tr><tr class=la><td>2SG-PRS-want-IND</td><td>CL5.jacket</td><td>CL5.DEM</td></tr></table><div class=klassen>koti class 5/6 (ji-/Ø › ma-) → makoti</div><div class=konkordanz>class 5: SUBJ li- · ADJ ji-/Ø · GEN la · DEM hili/lile · POSS l- · REL -lo</div><div class=hinweis>Demonstrativ hili für Kl.5</div>	A1 SD1 A ander
No, I would like the other one.	Hapana, ninataka lile lingine.<hr><table class=gloss><tr class=mo><td>hapana</td><td>ni-na-tak-a</td><td>lile</td><td>li-ngine</td></tr><tr class=la><td>no</td><td>1SG-PRS-want-IND</td><td>CL5.DEM.dist</td><td>CL5-other</td></tr></table><div class=konkordanz>class 5: SUBJ li- · ADJ ji-/Ø · GEN la · DEM hili/lile · POSS l- · REL -lo</div><div class=hinweis>lile ist das ferne Demonstrativ der Kl.5</div>	A1 SD1 A ander
The station road begins here.	Barabara ya stesheni inaanza hapa.<hr><table class=gloss><tr class=mo><td>barabara</td><td>y-a</td><td>stesheni</td><td>i-na-anz-a</td><td>hapa</td></tr><tr class=la><td>CL9.street</td><td>CL9-GEN</td><td>CL9.station</td><td>CL9-PRS-begin-IND</td><td>here</td></tr></table><div class=klassen>barabara class 9/10 (Ø/n-) → barabara — number shows only in the agreement · stesheni class 9/10 (Ø/n-) → stesheni — number shows only in the agreement [loanword]</div><div class=konkordanz>class 9: SUBJ i- · ADJ Ø/n- · GEN ya · DEM hii/ile · POSS y- · REL -yo</div><div class=hinweis>Subjektpräfix i- für Kl.9</div>	A1 SD1 A anfangen
The lesson starts right away.	Masomo yanaanza hivi punde.<hr><table class=gloss><tr class=mo><td>ma-somo</td><td>ya-na-anz-a</td><td>hivi</td><td>punde</td></tr><tr class=la><td>CL6-lessons</td><td>CL6-PRS-begin-IND</td><td>same</td><td>at.once</td></tr></table><div class=klassen>masomo class 6 (ma-), no number change [plural only]</div><div class=konkordanz>class 6: SUBJ ya- · ADJ ma- · GEN ya · DEM haya/yale · POSS y- · REL -yo</div><div class=hinweis>masomo ist Kl.6, Subjektpräfix ya-</div>	A1 SD1 A anfangen
She lives at the beginning of the street.	Anakaa mwanzoni mwa barabara.<hr><table class=gloss><tr class=mo><td>a-na-ka-a</td><td>mwanzo-ni</td><td>mw-a</td><td>barabara</td></tr><tr class=la><td>3SG-PRS-live-IND</td><td>CL3.beginning-LOC</td><td>CL18-GEN</td><td>CL9.street</td></tr></table><div class=klassen>barabara class 9/10 (Ø/n-) → barabara — number shows only in the agreement</div><div class=konkordanz>class 9: SUBJ i- · ADJ Ø/n- · GEN ya · DEM hii/ile · POSS y- · REL -yo</div><div class=hinweis>nach -ni steht der Genitiv der Ortsklasse 18: mwa</div>	A1 SD1 A Anfang
We are taking holiday at the beginning of July.	Tutakuwa na likizo mwanzoni mwa Julai.<hr><table class=gloss><tr class=mo><td>tu-ta-kuw-a</td><td>na</td><td>likizo</td><td>mwanzo-ni</td><td>mw-a</td><td>Julai</td></tr><tr class=la><td>1PL-FUT-be-IND</td><td>with</td><td>CL9.holiday</td><td>CL3.beginning-LOC</td><td>CL18-GEN</td><td>July</td></tr></table><div class=klassen>likizo class 9/10 (Ø/n-) → likizo — number shows only in the agreement</div><div class=konkordanz>class 9: SUBJ i- · ADJ Ø/n- · GEN ya · DEM hii/ile · POSS y- · REL -yo</div><div class=hinweis>Futur von &quot;haben&quot; ist kuwa na</div>	A1 SD1 A Anfang
There you have to click this word.	Hapo lazima ubofye neno hili.<hr><table class=gloss><tr class=mo><td>hapo</td><td>lazima</td><td>u-bofy-e</td><td>neno</td><td>hili</td></tr><tr class=la><td>there</td><td>must</td><td>2SG-click-SBJV</td><td>CL5.word</td><td>CL5.DEM</td></tr></table><div class=klassen>neno class 5/6 (ji-/Ø › ma-) → maneno</div><div class=konkordanz>class 5: SUBJ li- · ADJ ji-/Ø · GEN la · DEM hili/lile · POSS l- · REL -lo</div><div class=hinweis>neno Kl.5, Plural maneno Kl.6</div>	A1 SD1 A anklicken
When does this train arrive in Hamburg?	Treni hii inafika Hamburg saa ngapi?<hr><table class=gloss><tr class=mo><td>treni</td><td>hii</td><td>i-na-fik-a</td><td>Hamburg</td><td>saa</td><td>ngapi</td></tr><tr class=la><td>CL9.train</td><td>CL9.DEM</td><td>CL9-PRS-arrive-IND</td><td>Hamburg</td><td>CL9.hour</td><td>how.many</td></tr></table><div class=klassen>treni class 9/10 (Ø/n-) → treni — number shows only in the agreement [loanword] · saa class 9/10 (Ø/n-) → saa — number shows only in the agreement [also &quot;clock&quot;]</div><div class=konkordanz>class 9: SUBJ i- · ADJ Ø/n- · GEN ya · DEM hii/ile · POSS y- · REL -yo</div><div class=hinweis>Uhrzeitfrage wörtlich &quot;welche Stunde&quot;</div>	A1 SD1 A ankommen
This timetable only shows the arrival times of the trains.	Mpango huu unaonyesha saa ya kuwasili ya treni tu.<hr><table class=gloss><tr class=mo><td>m-pango</td><td>huu</td><td>u-na-onyesh-a</td><td>saa</td><td>y-a</td><td>ku-wasili</td><td>y-a</td><td>treni</td><td>tu</td></tr><tr class=la><td>CL3-plan</td><td>CL3.DEM</td><td>CL3-PRS-show-IND</td><td>CL9.hour</td><td>CL9-GEN</td><td>CL15-arrive</td><td>CL9-GEN</td><td>CL9.train</td><td>only</td></tr></table><div class=klassen>mpango class 3/4 (m-/mw- › mi-) → mipango · saa class 9/10 (Ø/n-) → saa — number shows only in the agreement [also &quot;clock&quot;] · kuwasili class 15 (ku-), no number change [verbal noun] · treni class 9/10 (Ø/n-) → treni — number shows only in the agreement [loanword]</div><div class=konkordanz>class 3: SUBJ u- · ADJ m-/mw- · GEN wa · DEM huu/ule · POSS w- · REL -o · class 9: SUBJ i- · ADJ Ø/n- · GEN ya · DEM hii/ile · POSS y- · REL -yo</div><div class=hinweis>kuwasili ist arabisches Lehnverb und endet nicht auf -a</div>	A1 SD1 A Ankunft
On the form you have to tick several places.	Katika fomu lazima mtie alama mahali kadhaa.<hr><table class=gloss><tr class=mo><td>katika</td><td>fomu</td><td>lazima</td><td>m-ti-e</td><td>alama</td><td>mahali</td><td>kadhaa</td></tr><tr class=la><td>in</td><td>CL9.form</td><td>must</td><td>2PL-put-SBJV</td><td>CL9.mark</td><td>CL16.place</td><td>several</td></tr></table><div class=klassen>fomu class 9/10 (Ø/n-) → fomu — number shows only in the agreement [loanword] · alama class 9/10 (Ø/n-) → alama — number shows only in the agreement · mahali class 16 (pa-), no number change [locative class]</div><div class=konkordanz>class 9: SUBJ i- · ADJ Ø/n- · GEN ya · DEM hii/ile · POSS y- · REL -yo · class 16: SUBJ pa- · ADJ pa- · GEN pa · DEM hapa/pale · POSS p- · REL -po</div><div class=hinweis>ankreuzen = kutia alama, &quot;ein Zeichen setzen&quot;</div>	A1 SD1 A ankreuzen
Please turn on the light!	Tafadhali washa taa!<hr><table class=gloss><tr class=mo><td>tafadhali</td><td>wash-a</td><td>taa</td></tr><tr class=la><td>please</td><td>switch.on-IMP</td><td>CL9.lamp</td></tr></table><div class=konkordanz>class 9: SUBJ i- · ADJ Ø/n- · GEN ya · DEM hii/ile · POSS y- · REL -yo</div><div class=hinweis>Imperativ Singular ist der nackte Verbstamm</div>	A1 SD1 A anmachen
Where can I register?	Ninaweza kujiandikisha wapi?<hr><table class=gloss><tr class=mo><td>ni-na-wez-a</td><td>ku-ji-andikish-a</td><td>wapi</td></tr><tr class=la><td>1SG-PRS-can-IND</td><td>CL15-REFL-register-IND</td><td>where</td></tr></table><div class=konkordanz>class 15: SUBJ ku- · ADJ ku- · GEN kwa · DEM huku/kule · POSS kw- · REL -ko</div><div class=hinweis>Reflexiv ist das Infix -ji- an der Objektstelle</div>	A1 SD1 A anmelden
Registration for this course is no longer possible.	Usajili wa kozi hii hauwezekani tena.<hr><table class=gloss><tr class=mo><td>u-sajili</td><td>w-a</td><td>kozi</td><td>hii</td><td>hau-wezekan-i</td><td>tena</td></tr><tr class=la><td>CL14-registration</td><td>CL14-GEN</td><td>CL9.course</td><td>CL9.DEM</td><td>CL14.NEG-be.possible-NEG</td><td>more</td></tr></table><div class=klassen>usajili class 14 (u-), no number change [abstract noun] · kozi class 9/10 (Ø/n-) → kozi — number shows only in the agreement [loanword]</div><div class=konkordanz>class 14: SUBJ u- · ADJ m-/mw- · GEN wa · DEM huu/ule · POSS w- · REL -o · class 9: SUBJ i- · ADJ Ø/n- · GEN ya · DEM hii/ile · POSS y- · REL -yo</div><div class=hinweis>Negatives Subjektpräfix der Kl.14 lautet hau-</div>	A1 SD1 A Anmeldung
Also write a salutation and a greeting.	Andikeni pia salamu ya mwanzo na salamu ya mwisho.<hr><table class=gloss><tr class=mo><td>andik-eni</td><td>pia</td><td>salamu</td><td>y-a</td><td>mwanzo</td><td>na</td><td>salamu</td><td>y-a</td><td>mwisho</td></tr><tr class=la><td>write-IMP.PL</td><td>also</td><td>CL9.salutation</td><td>CL9-GEN</td><td>CL3.beginning</td><td>and</td><td>CL9.greeting</td><td>CL9-GEN</td><td>CL3.end</td></tr></table><div class=klassen>salamu class 9/10 (Ø/n-) → salamu — number shows only in the agreement · mwanzo class 3/4 (m-/mw- › mi-) → mianzo · mwisho class 3/4 (m-/mw- › mi-) → miisho</div><div class=konkordanz>class 9: SUBJ i- · ADJ Ø/n- · GEN ya · DEM hii/ile · POSS y- · REL -yo · class 3: SUBJ u- · ADJ m-/mw- · GEN wa · DEM huu/ule · POSS w- · REL -o</div><div class=hinweis>Imperativ Plural endet auf -eni</div>	A1 SD1 A Anrede
Can one call you?	Inawezekana kuwapigia simu?<hr><table class=gloss><tr class=mo><td>i-na-wezekan-a</td><td>ku-wa-pig-i-a</td><td>simu</td></tr><tr class=la><td>CL9-PRS-be.possible-IND</td><td>CL15-OBJ2PL-hit-APPL-IND</td><td>CL9.phone</td></tr></table><div class=klassen>simu class 9/10 (Ø/n-) → simu — number shows only in the agreement</div><div class=konkordanz>class 9: SUBJ i- · ADJ Ø/n- · GEN ya · DEM hii/ile · POSS y- · REL -yo</div><div class=hinweis>Applikativ -i- macht aus &quot;schlagen&quot; &quot;für jemanden anrufen&quot;</div>	A1 SD1 A anrufen
Peter is calling his girlfriend briefly.	Peter anampigia simu rafiki yake kwa muda mfupi.<hr><table class=gloss><tr class=mo><td>Peter</td><td>a-na-m-pig-i-a</td><td>simu</td><td>rafiki</td><td>y-ake</td><td>kwa</td><td>muda</td><td>m-fupi</td></tr><tr class=la><td>Peter</td><td>3SG-PRS-OBJ1-hit-APPL-IND</td><td>CL9.phone</td><td>CL9/CL1.girlfriend</td><td>CL9-be</td><td>for</td><td>CL3.time</td><td>CL3-short</td></tr></table><div class=klassen>simu class 9/10 (Ø/n-) → simu — number shows only in the agreement · rafiki class 9/10 (Ø/n-) → rafiki — number shows only in the agreement [model case: &quot;rafiki yangu&quot; class 9, but &quot;rafiki anakuja&quot; class 1] · muda class 3/10 (m-/mw- › Ø/n-) → nyakati [irregular plural]</div><div class=konkordanz>class 9: SUBJ i- · ADJ Ø/n- · GEN ya · DEM hii/ile · POSS y- · REL -yo · class 1: SUBJ a- · ADJ m-/mw- · GEN wa · DEM huyu/yule · POSS w- · REL -ye</div><div class=hinweis>Objektpräfix -m- Kl.1, Possessiv yake aber Kl.9</div>	A1 SD1 A anrufen
She gets a lot of calls on her mobile.	Anapokea simu nyingi kwenye simu yake ya mkononi.<hr><table class=gloss><tr class=mo><td>a-na-poke-a</td><td>simu</td><td>ny-ingi</td><td>kwenye</td><td>simu</td><td>y-ake</td><td>y-a</td><td>m-kono-ni</td></tr><tr class=la><td>3SG-PRS-receive-IND</td><td>CL10.call</td><td>CL10-many</td><td>at</td><td>CL9.phone</td><td>CL9-her</td><td>CL9-GEN</td><td>CL3-hand-LOC</td></tr></table><div class=klassen>simu class 9/10 (Ø/n-) → simu — number shows only in the agreement</div><div class=konkordanz>class 9: SUBJ i- · ADJ Ø/n- · GEN ya · DEM hii/ile · POSS y- · REL -yo</div><div class=hinweis>simu heißt Telefon und Anruf zugleich</div>	A1 SD1 A Anruf
We are not in at the moment. Please leave a message on the answering machine.	Kwa sasa hatupo. Tafadhali acheni ujumbe kwenye mashine ya kujibu simu.<hr><table class=gloss><tr class=mo><td>kwa</td><td>sasa</td><td>hatu-po</td><td>tafadhali</td><td>ach-eni</td><td>u-jumbe</td><td>kwenye</td><td>mashine</td><td>y-a</td><td>ku-jibu</td><td>simu</td></tr><tr class=la><td>for</td><td>now</td><td>1PL.NEG-be.there</td><td>please</td><td>leave-IMP.PL</td><td>CL11-news</td><td>at</td><td>CL9.machine</td><td>CL9-GEN</td><td>CL15-answer</td><td>CL9.phone</td></tr></table><div class=klassen>mashine class 9/10 (Ø/n-) → mashine — number shows only in the agreement · simu class 9/10 (Ø/n-) → simu — number shows only in the agreement</div><div class=konkordanz>class 9: SUBJ i- · ADJ Ø/n- · GEN ya · DEM hii/ile · POSS y- · REL -yo</div><div class=hinweis>hatupo verneint die Anwesenheit; Gegenstück zu tupo</div>	A1 SD1 A Anrufbeantworter
Listen to the announcements.	Sikilizeni matangazo.<hr><table class=gloss><tr class=mo><td>sikiliz-eni</td><td>ma-tangazo</td></tr><tr class=la><td>listen-IMP.PL</td><td>CL6-announcement</td></tr></table><div class=klassen>tangazo class 5/6 (ji-/Ø › ma-) → matangazo</div><div class=konkordanz>class 5: SUBJ li- · ADJ ji-/Ø · GEN la · DEM hili/lile · POSS l- · REL -lo</div><div class=hinweis>Imperativ Plural -eni für höfliche Anrede</div>	A1 SD1 A Ansage
In Mannheim you have a connection to Saarbrücken.	Mannheim mnapata muunganisho kwenda Saarbrücken.<hr><table class=gloss><tr class=mo><td>Mannheim</td><td>m-na-pat-a</td><td>mu-unganisho</td><td>kw-end-a</td><td>Saarbrücken</td></tr><tr class=la><td>Mannheim</td><td>2PL-PRS-get-IND</td><td>CL3-connection</td><td>CL15-go-IND</td><td>Saarbrücken</td></tr></table><div class=klassen>muunganisho class 3/4 (m-/mw- › mi-) → miunganisho</div><div class=konkordanz>class 3: SUBJ u- · ADJ m-/mw- · GEN wa · DEM huu/ule · POSS w- · REL -o</div><div class=hinweis>kwenda ist unregelmäßig: ku- verschmilzt mit -enda</div>	A1 SD1 A Anschluss
Is this the application for a telephone line?	Hii ni maombi ya laini ya simu?<hr><table class=gloss><tr class=mo><td>hii</td><td>ni</td><td>ma-ombi</td><td>y-a</td><td>laini</td><td>y-a</td><td>simu</td></tr><tr class=la><td>CL9.DEM</td><td>COP</td><td>CL6-registration</td><td>CL6-GEN</td><td>CL9.line</td><td>CL9-GEN</td><td>CL9.phone</td></tr></table><div class=klassen>ombi class 5/6 (ji-/Ø › ma-) → maombi · simu class 9/10 (Ø/n-) → simu — number shows only in the agreement</div><div class=konkordanz>class 5: SUBJ li- · ADJ ji-/Ø · GEN la · DEM hili/lile · POSS l- · REL -lo · class 9: SUBJ i- · ADJ Ø/n- · GEN ya · DEM hii/ile · POSS y- · REL -yo</div><div class=hinweis>maombi Kl.6 nimmt Genitiv ya</div>	A1 SD1 A Anschluss
Last night the light was on.	Usiku wa leo taa ilikuwa imewashwa.<hr><table class=gloss><tr class=mo><td>usiku</td><td>w-a</td><td>leo</td><td>taa</td><td>i-li-kuw-a</td><td>i-me-wash-w-a</td></tr><tr class=la><td>CL11.night</td><td>CL11-GEN</td><td>today</td><td>CL9.lamp</td><td>CL9-PST-be-IND</td><td>CL9-PRF-switch.on-PASS-IND</td></tr></table><div class=konkordanz>class 11: SUBJ u- · ADJ m-/mw- · GEN wa · DEM huu/ule · POSS w- · REL -o · class 9: SUBJ i- · ADJ Ø/n- · GEN ya · DEM hii/ile · POSS y- · REL -yo</div><div class=hinweis>Zusammengesetzte Zeit: ilikuwa plus Perfektpartizip</div>	A1 SD1 A an_sein
He does not answer.	Hajibu.<hr><table class=gloss><tr class=mo><td>ha-jibu</td></tr><tr class=la><td>3SG.NEG-answer</td></tr></table><div class=hinweis>Arabisches Lehnverb jibu wird nicht segmentiert</div>	A1 SD1 A antworten
Unfortunately he gives no answer.	Kwa bahati mbaya hatoi jibu.<hr><table class=gloss><tr class=mo><td>kwa</td><td>bahati</td><td>m-baya</td><td>ha-to-i</td><td>jibu</td></tr><tr class=la><td>for</td><td>CL9.luck</td><td>CL9-bad</td><td>3SG.NEG-give-NEG</td><td>CL5.answer</td></tr></table><div class=klassen>bahati class 9/10 (Ø/n-) → bahati — number shows only in the agreement · jibu class 5/6 (ji-/Ø › ma-) → majibu</div><div class=konkordanz>class 9: SUBJ i- · ADJ Ø/n- · GEN ya · DEM hii/ile · POSS y- · REL -yo · class 5: SUBJ li- · ADJ ji-/Ø · GEN la · DEM hili/lile · POSS l- · REL -lo</div><div class=hinweis>kwa bahati mbaya heißt wörtlich &quot;mit schlechtem Glück&quot;</div>	A1 SD1 A Antwort
I read your advertisement in the newspaper.	Nilisoma tangazo lako katika gazeti.<hr><table class=gloss><tr class=mo><td>ni-li-som-a</td><td>tangazo</td><td>l-ako</td><td>katika</td><td>gazeti</td></tr><tr class=la><td>1SG-PST-read-IND</td><td>CL5.advertisement</td><td>CL5-your</td><td>in</td><td>CL5.newspaper</td></tr></table><div class=klassen>tangazo class 5/6 (ji-/Ø › ma-) → matangazo · gazeti class 5/6 (ji-/Ø › ma-) → magazeti</div><div class=konkordanz>class 5: SUBJ li- · ADJ ji-/Ø · GEN la · DEM hili/lile · POSS l- · REL -lo</div><div class=hinweis>Possessiv lako kongruiert mit tangazo Kl.5</div>	A1 SD1 A Anzeige
I still have to get dressed.	Bado lazima nivae nguo.<hr><table class=gloss><tr class=mo><td>bado</td><td>lazima</td><td>ni-va-e</td><td>nguo</td></tr><tr class=la><td>still</td><td>must</td><td>1SG-put.on-SBJV</td><td>CL10.clothing</td></tr></table><div class=klassen>nguo class 9/10 (Ø/n-) → nguo — number shows only in the agreement [usually plural]</div><div class=konkordanz>class 9: SUBJ i- · ADJ Ø/n- · GEN ya · DEM hii/ile · POSS y- · REL -yo</div><div class=hinweis>kuvaa deckt anziehen und tragen ab</div>	A1 SD1 A anziehen
We have rented an apartment.	Tumepanga fleti.<hr><table class=gloss><tr class=mo><td>tu-me-pang-a</td><td>fleti</td></tr><tr class=la><td>1PL-PRF-rent-IND</td><td>CL9.flat</td></tr></table><div class=klassen>fleti class 9/10 (Ø/n-) → fleti — number shows only in the agreement [loanword]</div><div class=konkordanz>class 9: SUBJ i- · ADJ Ø/n- · GEN ya · DEM hii/ile · POSS y- · REL -yo</div><div class=hinweis>Perfekt -me-: das Ergebnis besteht noch</div>	A1 SD1 A Apartment
Half a kilo of apples please.	Nusu kilo ya matofaa tafadhali.<hr><table class=gloss><tr class=mo><td>nusu</td><td>kilo</td><td>y-a</td><td>ma-tofaa</td><td>tafadhali</td></tr><tr class=la><td>CL9.half</td><td>CL9.kilo</td><td>CL9-GEN</td><td>CL6-apple</td><td>please</td></tr></table><div class=klassen>tofaa class 5/6 (ji-/Ø › ma-) → matofaa</div><div class=konkordanz>class 5: SUBJ li- · ADJ ji-/Ø · GEN la · DEM hili/lile · POSS l- · REL -lo</div><div class=hinweis>Ein Pfund wird als nusu kilo wiedergegeben</div>	A1 SD1 A Apfel
Enjoy your meal!	Karibu chakula!<hr><table class=gloss><tr class=mo><td>karibu</td><td>chakula</td></tr><tr class=la><td>welcome</td><td>CL7.food</td></tr></table><div class=klassen>chakula class 7/8 (ki- › vi-) → vyakula</div><div class=konkordanz>class 7: SUBJ ki- · ADJ ki- · GEN cha · DEM hiki/kile · POSS ch- · REL -cho</div><div class=hinweis>karibu ist die übliche Tischformel, kein Wunsch</div>	A1 SD1 A Appetit
Where do you work?	Mnafanya kazi wapi?<hr><table class=gloss><tr class=mo><td>m-na-fany-a</td><td>kazi</td><td>wapi</td></tr><tr class=la><td>2PL-PRS-do-IND</td><td>CL9.work</td><td>where</td></tr></table><div class=klassen>kazi class 9/10 (Ø/n-) → kazi — number shows only in the agreement</div><div class=konkordanz>class 9: SUBJ i- · ADJ Ø/n- · GEN ya · DEM hii/ile · POSS y- · REL -yo</div><div class=hinweis>arbeiten = kufanya kazi, wörtlich &quot;Arbeit tun&quot;</div>	A1 SD1 A arbeiten
My brother is looking for work.	Kaka yangu anatafuta kazi.<hr><table class=gloss><tr class=mo><td>kaka</td><td>y-angu</td><td>a-na-tafut-a</td><td>kazi</td></tr><tr class=la><td>CL9/CL1.brother</td><td>CL9-my</td><td>3SG-PRS-search-IND</td><td>CL9.work</td></tr></table><div class=klassen>kaka class 9/10 (Ø/n-) → kaka — number shows only in the agreement [person: form class 9/10, agreement class 1/2] · kazi class 9/10 (Ø/n-) → kazi — number shows only in the agreement</div><div class=konkordanz>class 1: SUBJ a- · ADJ m-/mw- · GEN wa · DEM huyu/yule · POSS w- · REL -ye · class 9: SUBJ i- · ADJ Ø/n- · GEN ya · DEM hii/ile · POSS y- · REL -yo</div><div class=hinweis>Possessiv Kl.9, Subjektpräfix a- aber Kl.1</div>	A1 SD1 A Arbeit
Where we live there are many people who have been unemployed for a long time.	Kwetu kuna watu wengi ambao hawana kazi kwa muda mrefu.<hr><table class=gloss><tr class=mo><td>kwetu</td><td>ku-na</td><td>watu</td><td>w-engi</td><td>ambao</td><td>hawa-na</td><td>kazi</td><td>kwa</td><td>muda</td><td>m-refu</td></tr><tr class=la><td>at.our.place</td><td>CL17-with</td><td>CL2.people</td><td>CL2-many</td><td>CL2.REL</td><td>3PL.NEG-have</td><td>CL9.work</td><td>for</td><td>CL3.time</td><td>CL3-long</td></tr></table><div class=klassen>mtu class 1/2 (m-/mw- › wa-) → watu [model word for class 1/2] · kazi class 9/10 (Ø/n-) → kazi — number shows only in the agreement · muda class 3/10 (m-/mw- › Ø/n-) → nyakati [irregular plural]</div><div class=konkordanz>class 1: SUBJ a- · ADJ m-/mw- · GEN wa · DEM huyu/yule · POSS w- · REL -ye · class 9: SUBJ i- · ADJ Ø/n- · GEN ya · DEM hii/ile · POSS y- · REL -yo</div><div class=hinweis>arbeitslos wird als hawana kazi umschrieben</div>	A1 SD1 A arbeitslos
At my workplace there is no printer.	Mahali pangu pa kazi hakuna printa.<hr><table class=gloss><tr class=mo><td>mahali</td><td>p-angu</td><td>p-a</td><td>kazi</td><td>haku-na</td><td>printa</td></tr><tr class=la><td>CL16.place</td><td>CL16-my</td><td>CL16-GEN</td><td>CL9.work</td><td>CL17.NEG-with</td><td>CL9.printer</td></tr></table><div class=klassen>mahali class 16 (pa-), no number change [locative class] · kazi class 9/10 (Ø/n-) → kazi — number shows only in the agreement · printa class 9/10 (Ø/n-) → printa — number shows only in the agreement [loanword]</div><div class=konkordanz>class 16: SUBJ pa- · ADJ pa- · GEN pa · DEM hapa/pale · POSS p- · REL -po · class 9: SUBJ i- · ADJ Ø/n- · GEN ya · DEM hii/ile · POSS y- · REL -yo</div><div class=hinweis>Ortsklasse 16 hat eigene Konkordanz pangu, pa</div>	A1 SD1 A Arbeitsplatz
My arm hurts.	Mkono wangu unauma.<hr><table class=gloss><tr class=mo><td>m-kono</td><td>w-angu</td><td>u-na-um-a</td></tr><tr class=la><td>CL3-arm</td><td>CL3-my</td><td>CL3-PRS-hurt-IND</td></tr></table><div class=klassen>mkono class 3/4 (m-/mw- › mi-) → mikono</div><div class=konkordanz>class 3: SUBJ u- · ADJ m-/mw- · GEN wa · DEM huu/ule · POSS w- · REL -o</div><div class=hinweis>mkono heißt Arm und Hand</div>	A1 SD1 A Arm
Tomorrow I have an appointment with my doctor.	Kesho nina miadi na daktari wangu.<hr><table class=gloss><tr class=mo><td>kesho</td><td>ni-na</td><td>miadi</td><td>na</td><td>daktari</td><td>w-angu</td></tr><tr class=la><td>tomorrow</td><td>1SG-have</td><td>CL9.appointment</td><td>with</td><td>CL5/CL1.doctor</td><td>CL1-my</td></tr></table><div class=klassen>miadi class 9/10 (Ø/n-) → miadi — number shows only in the agreement · daktari class 5/6 (ji-/Ø › ma-) → madaktari [person: form class 5/6, agreement class 1/2]</div><div class=konkordanz>class 9: SUBJ i- · ADJ Ø/n- · GEN ya · DEM hii/ile · POSS y- · REL -yo · class 1: SUBJ a- · ADJ m-/mw- · GEN wa · DEM huyu/yule · POSS w- · REL -ye</div><div class=hinweis>daktari ist Kl.5, nimmt als Person aber wangu Kl.1</div>	A1 SD1 A Arzt
I am Spanish too.	Mimi pia ni Mhispania.<hr><table class=gloss><tr class=mo><td>mimi</td><td>pia</td><td>ni</td><td>M-hispania</td></tr><tr class=la><td>I</td><td>also</td><td>COP</td><td>CL1-Spaniard</td></tr></table><div class=konkordanz>class 1: SUBJ a- · ADJ m-/mw- · GEN wa · DEM huyu/yule · POSS w- · REL -ye</div><div class=hinweis>Nationalitäten sind Kl.1/2: Mhispania, Wahispania</div>	A1 SD1 A auch
The children are playing in the street.	Watoto wanachezea barabarani.<hr><table class=gloss><tr class=mo><td>watoto</td><td>wa-na-chez-e-a</td><td>barabara-ni</td></tr><tr class=la><td>CL2.child</td><td>CL2-PRS-play-APPL-IND</td><td>CL9.street-LOC</td></tr></table><div class=klassen>mtoto class 1/2 (m-/mw- › wa-) → watoto</div><div class=konkordanz>class 1: SUBJ a- · ADJ m-/mw- · GEN wa · DEM huyu/yule · POSS w- · REL -ye</div><div class=hinweis>Ortssuffix -ni ersetzt die Präposition</div>	A1 SD1 A auf
Goodbye.	Kwaheri.<hr><table class=gloss><tr class=mo><td>kwaheri</td></tr><tr class=la><td>goodbye</td></tr></table><div class=hinweis>Unveränderliche Formel, nicht analysierbar</div>	A1 SD1 A auf
What is this called in German?	Hii inaitwaje kwa Kijerumani?<hr><table class=gloss><tr class=mo><td>hii</td><td>i-na-it-w-a-je</td><td>kwa</td><td>Ki-jerumani</td></tr><tr class=la><td>CL9.DEM</td><td>CL9-PRS-call-PASS-IND-how</td><td>for</td><td>CL7-German</td></tr></table><div class=konkordanz>class 9: SUBJ i- · ADJ Ø/n- · GEN ya · DEM hii/ile · POSS y- · REL -yo · class 7: SUBJ ki- · ADJ ki- · GEN cha · DEM hiki/kile · POSS ch- · REL -cho</div><div class=hinweis>Sprachen sind Kl.7: Kijerumani, Kiswahili</div>	A1 SD1 A auf
That is a difficult task.	Hili ni zoezi gumu.<hr><table class=gloss><tr class=mo><td>hili</td><td>ni</td><td>zoezi</td><td>gumu</td></tr><tr class=la><td>CL5.DEM</td><td>COP</td><td>CL5.task</td><td>heavy</td></tr></table><div class=konkordanz>class 5: SUBJ li- · ADJ ji-/Ø · GEN la · DEM hili/lile · POSS l- · REL -lo</div><div class=hinweis>zoezi ist die Übungsaufgabe, kazi die Arbeit</div>	A1 SD1 A Aufgabe
The course ends in a week.	Kozi inaisha baada ya wiki moja.<hr><table class=gloss><tr class=mo><td>kozi</td><td>i-na-ish-a</td><td>baada</td><td>y-a</td><td>wiki</td><td>moja</td></tr><tr class=la><td>CL9.course</td><td>CL9-PRS-end-IND</td><td>after</td><td>CL9-GEN</td><td>CL9.week</td><td>one</td></tr></table><div class=klassen>kozi class 9/10 (Ø/n-) → kozi — number shows only in the agreement [loanword]</div><div class=konkordanz>class 9: SUBJ i- · ADJ Ø/n- · GEN ya · DEM hii/ile · POSS y- · REL -yo</div><div class=hinweis>baada ya verlangt den Genitiv</div>	A1 SD1 A aufhören
The station road ends here.	Barabara ya stesheni inaishia hapa.<hr><table class=gloss><tr class=mo><td>barabara</td><td>y-a</td><td>stesheni</td><td>i-na-ish-i-a</td><td>hapa</td></tr><tr class=la><td>CL9.street</td><td>CL9-GEN</td><td>CL9.station</td><td>CL9-PRS-end-APPL-IND</td><td>here</td></tr></table><div class=klassen>barabara class 9/10 (Ø/n-) → barabara — number shows only in the agreement · stesheni class 9/10 (Ø/n-) → stesheni — number shows only in the agreement [loanword]</div><div class=konkordanz>class 9: SUBJ i- · ADJ Ø/n- · GEN ya · DEM hii/ile · POSS y- · REL -yo</div><div class=hinweis>Applikativ -i- gibt dem Enden einen Ort</div>	A1 SD1 A aufhören
You do not need the key. The flat is open.	Hauhitaji ufunguo. Nyumba imefunguliwa.<hr><table class=gloss><tr class=mo><td>hau-hitaji</td><td>ufunguo</td><td>nyumba</td><td>i-me-fungu-liw-a</td></tr><tr class=la><td>2SG.NEG-need</td><td>CL11.key</td><td>CL9.house</td><td>CL9-PRF-open-PASS-IND</td></tr></table><div class=klassen>ufunguo class 11/10 (u- › Ø/n-) → funguo · nyumba class 9/10 (Ø/n-) → nyumba — number shows only in the agreement</div><div class=konkordanz>class 11: SUBJ u- · ADJ m-/mw- · GEN wa · DEM huu/ule · POSS w- · REL -o · class 9: SUBJ i- · ADJ Ø/n- · GEN ya · DEM hii/ile · POSS y- · REL -yo</div><div class=hinweis>Passiv Perfekt beschreibt einen Zustand</div>	A1 SD1 A auf_sein
I always have to get up at four o'clock.	Lazima niamke saa kumi kila siku.<hr><table class=gloss><tr class=mo><td>lazima</td><td>ni-amk-e</td><td>saa</td><td>kumi</td><td>kila</td><td>siku</td></tr><tr class=la><td>must</td><td>1SG-stand.up-SBJV</td><td>CL9.hour</td><td>ten</td><td>every</td><td>CL9.day</td></tr></table><div class=klassen>saa class 9/10 (Ø/n-) → saa — number shows only in the agreement [also &quot;clock&quot;] · siku ya kuzaliwa class 9/10 (Ø/n-) → siku za kuzaliwa [genitive agrees with the head noun]</div><div class=konkordanz>class 9: SUBJ i- · ADJ Ø/n- · GEN ya · DEM hii/ile · POSS y- · REL -yo</div><div class=hinweis>saa kumi ist 4 Uhr: zehnte Stunde nach Sonnenaufgang</div>	A1 SD1 A aufstehen
Shall I stand up?	Niamke?<hr><table class=gloss><tr class=mo><td>ni-amk-e</td></tr><tr class=la><td>1SG-stand.up-SBJV</td></tr></table><div class=hinweis>Konjunktiv allein stellt eine Frage nach dem Sollen</div>	A1 SD1 A aufstehen
In this building there is no lift.	Katika nyumba hii hakuna lifti.<hr><table class=gloss><tr class=mo><td>katika</td><td>nyumba</td><td>hii</td><td>haku-na</td><td>lifti</td></tr><tr class=la><td>in</td><td>CL9.house</td><td>CL9.DEM</td><td>CL17.NEG-with</td><td>CL9.lift</td></tr></table><div class=klassen>nyumba class 9/10 (Ø/n-) → nyumba — number shows only in the agreement · lifti class 9/10 (Ø/n-) → lifti — number shows only in the agreement [loanword]</div><div class=konkordanz>class 9: SUBJ i- · ADJ Ø/n- · GEN ya · DEM hii/ile · POSS y- · REL -yo</div><div class=hinweis>hakuna ist die Negation von kuna</div>	A1 SD1 A Aufzug
He has blue eyes.	Ana macho ya bluu.<hr><table class=gloss><tr class=mo><td>a-na</td><td>macho</td><td>y-a</td><td>bluu</td></tr><tr class=la><td>3SG-have</td><td>CL6.eye</td><td>CL6-GEN</td><td>blue</td></tr></table><div class=klassen>jicho class 5/6 (ji-/Ø › ma-) → macho [zero prefix in the singular]</div><div class=konkordanz>class 5: SUBJ li- · ADJ ji-/Ø · GEN la · DEM hili/lile · POSS l- · REL -lo</div><div class=hinweis>macho Kl.6, Singular jicho Kl.5</div>	A1 SD1 A Auge
He comes from Brazil.	Anatoka Brazili.<hr><table class=gloss><tr class=mo><td>a-na-tok-a</td><td>Brazili</td></tr><tr class=la><td>3SG-PRS-come-IND</td><td>Brazil</td></tr></table><div class=hinweis>kutoka deckt herkommen und verlassen ab</div>	A1 SD1 A aus
Tomorrow we are going on an outing to Heidelberg.	Kesho tutafanya safari ya kwenda Heidelberg.<hr><table class=gloss><tr class=mo><td>kesho</td><td>tu-ta-fany-a</td><td>safari</td><td>y-a</td><td>kw-end-a</td><td>Heidelberg</td></tr><tr class=la><td>tomorrow</td><td>1PL-FUT-do-IND</td><td>CL9.outing</td><td>CL9-GEN</td><td>CL15-go-IND</td><td>Heidelberg</td></tr></table><div class=klassen>safari class 9/10 (Ø/n-) → safari — number shows only in the agreement</div><div class=konkordanz>class 9: SUBJ i- · ADJ Ø/n- · GEN ya · DEM hii/ile · POSS y- · REL -yo</div><div class=hinweis>safari deckt Reise und Ausflug ab</div>	A1 SD1 A Ausflug
Please fill in this form.	Tafadhali jazeni fomu hii.<hr><table class=gloss><tr class=mo><td>tafadhali</td><td>jaz-eni</td><td>fomu</td><td>hii</td></tr><tr class=la><td>please</td><td>fill-IMP.PL</td><td>CL9.form</td><td>CL9.DEM</td></tr></table><div class=klassen>fomu class 9/10 (Ø/n-) → fomu — number shows only in the agreement [loanword]</div><div class=konkordanz>class 9: SUBJ i- · ADJ Ø/n- · GEN ya · DEM hii/ile · POSS y- · REL -yo</div><div class=hinweis>Imperativ Plural für höfliches Sie</div>	A1 SD1 A ausfüllen
Where is the exit?	Njia ya kutoka iko wapi?<hr><table class=gloss><tr class=mo><td>njia</td><td>y-a</td><td>ku-tok-a</td><td>i-ko</td><td>wapi</td></tr><tr class=la><td>CL9.way</td><td>CL9-GEN</td><td>CL15-go.out-IND</td><td>CL9-be.there</td><td>where</td></tr></table><div class=klassen>njia ya kutoka class 9/10 (Ø/n-) → njia za kutoka [genitive agrees with the head noun]</div><div class=konkordanz>class 9: SUBJ i- · ADJ Ø/n- · GEN ya · DEM hii/ile · POSS y- · REL -yo</div><div class=hinweis>Ausgang wird als njia ya kutoka umschrieben</div>	A1 SD1 A Ausgang
Can you give me some information?	Mnaweza kunipa taarifa?<hr><table class=gloss><tr class=mo><td>m-na-wez-a</td><td>ku-ni-p-a</td><td>taarifa</td></tr><tr class=la><td>2PL-PRS-can-IND</td><td>CL15-OBJ1SG-give-IND</td><td>CL9.information</td></tr></table><div class=klassen>taarifa class 9/10 (Ø/n-) → taarifa — number shows only in the agreement</div><div class=konkordanz>class 9: SUBJ i- · ADJ Ø/n- · GEN ya · DEM hii/ile · POSS y- · REL -yo</div><div class=hinweis>Objektpräfix -ni- vor der Wurzel</div>	A1 SD1 A Auskunft
Are you travelling abroad?	Mnasafiri ugenini?<hr><table class=gloss><tr class=mo><td>m-na-safiri</td><td>ugeni-ni</td></tr><tr class=la><td>2PL-PRS-travel</td><td>CL11.foreign.parts-LOC</td></tr></table><div class=klassen>ugenini class 17 (ku-), no number change [locative form, no plural]</div><div class=konkordanz>class 17: SUBJ ku- · ADJ ku- · GEN kwa · DEM huku/kule · POSS kw- · REL -ko</div><div class=hinweis>Ausland als Ortsform ugenini</div>	A1 SD1 A Ausland
Are you a foreigner?	Wewe ni mgeni?<hr><table class=gloss><tr class=mo><td>wewe</td><td>ni</td><td>m-geni</td></tr><tr class=la><td>you</td><td>COP</td><td>CL1-foreigner</td></tr></table><div class=klassen>mgeni class 1/2 (m-/mw- › wa-) → wageni [also &quot;guest&quot;]</div><div class=konkordanz>class 1: SUBJ a- · ADJ m-/mw- · GEN wa · DEM huyu/yule · POSS w- · REL -ye</div><div class=hinweis>mgeni heißt Gast und Ausländer</div>	A1 SD1 A Ausländer
Unfortunately I only have foreign money.	Kwa bahati mbaya nina pesa za kigeni tu.<hr><table class=gloss><tr class=mo><td>kwa</td><td>bahati</td><td>m-baya</td><td>ni-na</td><td>pesa</td><td>z-a</td><td>ki-geni</td><td>tu</td></tr><tr class=la><td>for</td><td>CL9.luck</td><td>CL9-bad</td><td>1SG-have</td><td>CL10.money</td><td>CL10-GEN</td><td>CL7-foreign</td><td>only</td></tr></table><div class=klassen>bahati class 9/10 (Ø/n-) → bahati — number shows only in the agreement · pesa class 9/10 (Ø/n-) → pesa — number shows only in the agreement</div><div class=konkordanz>class 9: SUBJ i- · ADJ Ø/n- · GEN ya · DEM hii/ile · POSS y- · REL -yo</div><div class=hinweis>kigeni ist Kl.7 und bleibt unverändert</div>	A1 SD1 A ausländisch
Please turn off the light!	Tafadhali zima taa!<hr><table class=gloss><tr class=mo><td>tafadhali</td><td>zim-a</td><td>taa</td></tr><tr class=la><td>please</td><td>switch.off-IMP</td><td>CL9.lamp</td></tr></table><div class=konkordanz>class 9: SUBJ i- · ADJ Ø/n- · GEN ya · DEM hii/ile · POSS y- · REL -yo</div><div class=hinweis>zima ist das Gegenwort zu washa</div>	A1 SD1 A ausmachen
Is the statement right or wrong?	Kauli hii ni sahihi au si sahihi?<hr><table class=gloss><tr class=mo><td>kauli</td><td>hii</td><td>ni</td><td>sahihi</td><td>au</td><td>si</td><td>sahihi</td></tr><tr class=la><td>CL9.statement</td><td>CL9.DEM</td><td>COP</td><td>correct</td><td>or</td><td>NEG.COP</td><td>correct</td></tr></table><div class=klassen>kauli class 9/10 (Ø/n-) → kauli — number shows only in the agreement · sahihi class 9/10 (Ø/n-) → sahihi — number shows only in the agreement</div><div class=konkordanz>class 9: SUBJ i- · ADJ Ø/n- · GEN ya · DEM hii/ile · POSS y- · REL -yo</div><div class=hinweis>si ist die negative Kopula zu ni</div>	A1 SD1 A Aussage
That looks nice.	Hii inaonekana vizuri.<hr><table class=gloss><tr class=mo><td>hii</td><td>i-na-onekan-a</td><td>vi-zuri</td></tr><tr class=la><td>CL9.DEM</td><td>CL9-PRS-look-IND</td><td>CL8-good</td></tr></table><div class=konkordanz>class 9: SUBJ i- · ADJ Ø/n- · GEN ya · DEM hii/ile · POSS y- · REL -yo · class 8: SUBJ vi- · ADJ vi- · GEN vya · DEM hivi/vile · POSS vy- · REL -vyo</div><div class=hinweis>vizuri ist ein Adverb mit Kl.8-Präfix</div>	A1 SD1 A aussehen
The light is off.	Taa imezimwa.<hr><table class=gloss><tr class=mo><td>taa</td><td>i-me-zim-w-a</td></tr><tr class=la><td>CL9.lamp</td><td>CL9-PRF-switch.off-PASS-IND</td></tr></table><div class=konkordanz>class 9: SUBJ i- · ADJ Ø/n- · GEN ya · DEM hii/ile · POSS y- · REL -yo</div><div class=hinweis>Passiv Perfekt für einen erreichten Zustand</div>	A1 SD1 A aus_sein
School is over.	Masomo yamekwisha.<hr><table class=gloss><tr class=mo><td>ma-somo</td><td>ya-me-kwish-a</td></tr><tr class=la><td>CL6-lessons</td><td>CL6-PRF-end-IND</td></tr></table><div class=klassen>masomo class 6 (ma-), no number change [plural only]</div><div class=konkordanz>class 6: SUBJ ya- · ADJ ma- · GEN ya · DEM haya/yale · POSS y- · REL -yo</div><div class=hinweis>kwisha im Perfekt heißt fertig sein</div>	A1 SD1 A aus_sein
Where do I have to get off?	Lazima nishuke wapi?<hr><table class=gloss><tr class=mo><td>lazima</td><td>ni-shuk-e</td><td>wapi</td></tr><tr class=la><td>must</td><td>1SG-get.off-SBJV</td><td>where</td></tr></table><div class=hinweis>kushuka heißt hinabsteigen und aussteigen</div>	A1 SD1 A aussteigen
Here is my identity card.	Hiki ni kitambulisho changu.<hr><table class=gloss><tr class=mo><td>hiki</td><td>ni</td><td>ki-tambulisho</td><td>ch-angu</td></tr><tr class=la><td>CL7.DEM</td><td>COP</td><td>CL7-identity.card</td><td>CL7-my</td></tr></table><div class=klassen>kitambulisho class 7/8 (ki- › vi-) → vitambulisho</div><div class=konkordanz>class 7: SUBJ ki- · ADJ ki- · GEN cha · DEM hiki/kile · POSS ch- · REL -cho</div><div class=hinweis>Demonstrativ hiki und Possessiv changu beide Kl.7</div>	A1 SD1 A Ausweis
Take off your shoes, please!	Tafadhali vua viatu!<hr><table class=gloss><tr class=mo><td>tafadhali</td><td>vu-a</td><td>vi-atu</td></tr><tr class=la><td>please</td><td>take.off-IMP</td><td>CL8-shoe</td></tr></table><div class=klassen>kiatu class 7/8 (ki- › vi-) → viatu</div><div class=konkordanz>class 7: SUBJ ki- · ADJ ki- · GEN cha · DEM hiki/kile · POSS ch- · REL -cho</div><div class=hinweis>kuvua ist das Gegenwort zu kuvaa</div>	A1 SD1 A ausziehen
He is coming by car.	Anakuja na gari.<hr><table class=gloss><tr class=mo><td>a-na-kuj-a</td><td>na</td><td>gari</td></tr><tr class=la><td>3SG-PRS-come-IND</td><td>with</td><td>CL5.car</td></tr></table><div class=klassen>gari class 5/6 (ji-/Ø › ma-) → magari</div><div class=konkordanz>class 5: SUBJ li- · ADJ ji-/Ø · GEN la · DEM hili/lile · POSS l- · REL -lo</div><div class=hinweis>na dient als Begleitung und als Mittel</div>	A1 SD1 A Auto
Which way is it to the motorway, please?	Njia ya kwenda barabara kuu ni ipi?<hr><table class=gloss><tr class=mo><td>njia</td><td>y-a</td><td>kw-end-a</td><td>barabara</td><td>kuu</td><td>ni</td><td>ipi</td></tr><tr class=la><td>CL9.way</td><td>CL9-GEN</td><td>CL15-go-IND</td><td>CL9.street</td><td>big</td><td>COP</td><td>which</td></tr></table><div class=klassen>njia ya kutoka class 9/10 (Ø/n-) → njia za kutoka [genitive agrees with the head noun] · barabara class 9/10 (Ø/n-) → barabara — number shows only in the agreement</div><div class=konkordanz>class 9: SUBJ i- · ADJ Ø/n- · GEN ya · DEM hii/ile · POSS y- · REL -yo</div><div class=hinweis>Autobahn = barabara kuu, kuu bleibt unverändert</div>	A1 SD1 A Autobahn
Tickets are only available from the machine.	Tiketi zinapatikana kwenye mashine tu.<hr><table class=gloss><tr class=mo><td>tiketi</td><td>zi-na-patikan-a</td><td>kwenye</td><td>mashine</td><td>tu</td></tr><tr class=la><td>CL10.ticket</td><td>CL10-PRS-be.available-IND</td><td>at</td><td>CL9.machine</td><td>only</td></tr></table><div class=klassen>tiketi class 9/10 (Ø/n-) → tiketi — number shows only in the agreement [loanword] · mashine class 9/10 (Ø/n-) → mashine — number shows only in the agreement</div><div class=konkordanz>class 9: SUBJ i- · ADJ Ø/n- · GEN ya · DEM hii/ile · POSS y- · REL -yo</div><div class=hinweis>Stativ -ik- macht aus bekommen erhältlich sein</div>	A1 SD1 A Automat
You do not have to do anything. It works automatically.	Huhitaji kufanya kitu. Inajiendesha.<hr><table class=gloss><tr class=mo><td>hu-hitaji</td><td>ku-fany-a</td><td>ki-tu</td><td>i-na-ji-endesh-a</td></tr><tr class=la><td>2SG.NEG-need</td><td>CL15-do-IND</td><td>CL7-thing</td><td>CL9-PRS-REFL-drive-IND</td></tr></table><div class=konkordanz>class 15: SUBJ ku- · ADJ ku- · GEN kwa · DEM huku/kule · POSS kw- · REL -ko · class 7: SUBJ ki- · ADJ ki- · GEN cha · DEM hiki/kile · POSS ch- · REL -cho</div><div class=hinweis>Reflexiv -ji- drückt hier das Automatische aus</div>	A1 SD1 A automatisch
My child is still a baby.	Mtoto wangu ni mchanga bado.<hr><table class=gloss><tr class=mo><td>m-toto</td><td>w-angu</td><td>ni</td><td>m-changa</td><td>bado</td></tr><tr class=la><td>CL1-child</td><td>CL1-my</td><td>COP</td><td>CL1-young</td><td>still</td></tr></table><div class=klassen>mtoto class 1/2 (m-/mw- › wa-) → watoto</div><div class=konkordanz>class 1: SUBJ a- · ADJ m-/mw- · GEN wa · DEM huyu/yule · POSS w- · REL -ye</div><div class=hinweis>Baby wird als mtoto mchanga umschrieben</div>	A1 SD1 B Baby
I am just popping to the bakery.	Naenda dukani la mikate haraka.<hr><table class=gloss><tr class=mo><td>na-end-a</td><td>duka-ni</td><td>l-a</td><td>mi-kate</td><td>haraka</td></tr><tr class=la><td>1SG.PRS.GNRL-go-IND</td><td>CL5.shop-LOC</td><td>CL5-GEN</td><td>CL4-bread</td><td>fast</td></tr></table><div class=klassen>mkate class 3/4 (m-/mw- › mi-) → mikate</div><div class=konkordanz>class 3: SUBJ u- · ADJ m-/mw- · GEN wa · DEM huu/ule · POSS w- · REL -o</div><div class=hinweis>naenda ist die Kurzform von ninaenda</div>	A1 SD1 B Bäckerei
We do not have a big bathroom.	Hatuna bafu kubwa.<hr><table class=gloss><tr class=mo><td>hatu-na</td><td>bafu</td><td>kubwa</td></tr><tr class=la><td>1PL.NEG-have</td><td>CL9.bathroom</td><td>big</td></tr></table><div class=klassen>bafu class 9/10 (Ø/n-) → bafu — number shows only in the agreement [loanword]</div><div class=konkordanz>class 9: SUBJ i- · ADJ Ø/n- · GEN ya · DEM hii/ile · POSS y- · REL -yo</div><div class=hinweis>kubwa bleibt in Kl.9 ohne Präfix</div>	A1 SD1 B Bad
I do not much like bathing, I prefer showering.	Sipendi kuoga kwenye bafu, napenda kunyeshewa zaidi.<hr><table class=gloss><tr class=mo><td>si-pend-i</td><td>ku-og-a</td><td>kwenye</td><td>bafu</td><td>na-pend-a</td><td>ku-nyeshe-w-a</td><td>zaidi</td></tr><tr class=la><td>1SG.NEG-like-NEG</td><td>CL15-bathe-IND</td><td>at</td><td>CL9.bathroom</td><td>1SG.PRS.GNRL-like-IND</td><td>CL15-shower-PASS-IND</td><td>more</td></tr></table><div class=klassen>bafu class 9/10 (Ø/n-) → bafu — number shows only in the agreement [loanword]</div><div class=konkordanz>class 9: SUBJ i- · ADJ Ø/n- · GEN ya · DEM hii/ile · POSS y- · REL -yo</div><div class=hinweis>Vergleich mit zaidi statt mit einem eigenen Komparativ</div>	A1 SD1 B baden
We prefer to travel by train.	Tunapenda kusafiri kwa treni zaidi.<hr><table class=gloss><tr class=mo><td>tu-na-pend-a</td><td>ku-safiri</td><td>kwa</td><td>treni</td><td>zaidi</td></tr><tr class=la><td>1PL-PRS-like-IND</td><td>CL15-travel</td><td>with</td><td>CL9.railway</td><td>more</td></tr></table><div class=klassen>treni class 9/10 (Ø/n-) → treni — number shows only in the agreement [loanword]</div><div class=konkordanz>class 9: SUBJ i- · ADJ Ø/n- · GEN ya · DEM hii/ile · POSS y- · REL -yo</div><div class=hinweis>kwa bezeichnet das Verkehrsmittel</div>	A1 SD1 B Bahn
I will take the next train.	Nitachukua treni inayofuata.<hr><table class=gloss><tr class=mo><td>ni-ta-chuku-a</td><td>treni</td><td>i-na-yo-fuat-a</td></tr><tr class=la><td>1SG-FUT-take-IND</td><td>CL9.railway</td><td>CL9-PRS-REL9-follow-IND</td></tr></table><div class=klassen>treni class 9/10 (Ø/n-) → treni — number shows only in the agreement [loanword]</div><div class=konkordanz>class 9: SUBJ i- · ADJ Ø/n- · GEN ya · DEM hii/ile · POSS y- · REL -yo</div><div class=hinweis>Relativinfix -yo- verweist auf treni Kl.9</div>	A1 SD1 B Bahn
Will I get to the station this way?	Nitafika stesheni kwa njia hii?<hr><table class=gloss><tr class=mo><td>ni-ta-fik-a</td><td>stesheni</td><td>kwa</td><td>njia</td><td>hii</td></tr><tr class=la><td>1SG-FUT-arrive-IND</td><td>CL9.station</td><td>over</td><td>CL9.way</td><td>CL9.DEM</td></tr></table><div class=klassen>stesheni class 9/10 (Ø/n-) → stesheni — number shows only in the agreement [loanword] · njia ya kutoka class 9/10 (Ø/n-) → njia za kutoka [genitive agrees with the head noun]</div><div class=konkordanz>class 9: SUBJ i- · ADJ Ø/n- · GEN ya · DEM hii/ile · POSS y- · REL -yo</div><div class=hinweis>Zukunft auch für höfliche Erkundigung</div>	A1 SD1 B Bahnhof
Which platform does the train leave from?	Treni inaondoka jukwaa lipi?<hr><table class=gloss><tr class=mo><td>treni</td><td>i-na-ondok-a</td><td>jukwaa</td><td>lipi</td></tr><tr class=la><td>CL9.railway</td><td>CL9-PRS-depart-IND</td><td>CL5.platform</td><td>CL5.which</td></tr></table><div class=klassen>treni class 9/10 (Ø/n-) → treni — number shows only in the agreement [loanword] · jukwaa class 5/6 (ji-/Ø › ma-) → majukwaa [platform]</div><div class=konkordanz>class 9: SUBJ i- · ADJ Ø/n- · GEN ya · DEM hii/ile · POSS y- · REL -yo · class 5: SUBJ li- · ADJ ji-/Ø · GEN la · DEM hili/lile · POSS l- · REL -lo</div><div class=hinweis>Fragewort lipi kongruiert mit jukwaa Kl.5</div>	A1 SD1 B Bahnsteig
I will come soon.	Nitakuja karibuni.<hr><table class=gloss><tr class=mo><td>ni-ta-kuj-a</td><td>karibuni</td></tr><tr class=la><td>1SG-FUT-come-IND</td><td>soon</td></tr></table><div class=hinweis>karibuni ist die Ortsform von karibu</div>	A1 SD1 B bald
The flat also has a small balcony.	Nyumba ina pia roshani ndogo.<hr><table class=gloss><tr class=mo><td>nyumba</td><td>i-na</td><td>pia</td><td>roshani</td><td>n-dogo</td></tr><tr class=la><td>CL9.house</td><td>CL9-have</td><td>also</td><td>CL9.balcony</td><td>CL9-small</td></tr></table><div class=klassen>nyumba class 9/10 (Ø/n-) → nyumba — number shows only in the agreement · roshani class 9/10 (Ø/n-) → roshani — number shows only in the agreement</div><div class=konkordanz>class 9: SUBJ i- · ADJ Ø/n- · GEN ya · DEM hii/ile · POSS y- · REL -yo</div><div class=hinweis>Adjektiv ndogo mit Nasalpräfix der Kl.9</div>	A1 SD1 B Balkon
Three bananas, please!	Ndizi tatu, tafadhali!<hr><table class=gloss><tr class=mo><td>ndizi</td><td>tatu</td><td>tafadhali</td></tr><tr class=la><td>CL10.banana</td><td>three</td><td>please</td></tr></table><div class=klassen>ndizi class 9/10 (Ø/n-) → ndizi — number shows only in the agreement</div><div class=konkordanz>class 9: SUBJ i- · ADJ Ø/n- · GEN ya · DEM hii/ile · POSS y- · REL -yo</div><div class=hinweis>ndizi ist Kl.9 und Kl.10 gleich</div>	A1 SD1 B Banane
The bank closes at four o'clock.	Benki inafunga saa kumi.<hr><table class=gloss><tr class=mo><td>benki</td><td>i-na-fung-a</td><td>saa</td><td>kumi</td></tr><tr class=la><td>CL9.bank</td><td>CL9-PRS-close-IND</td><td>CL9.hour</td><td>ten</td></tr></table><div class=klassen>benki class 9/10 (Ø/n-) → benki — number shows only in the agreement [financial institution; bench = &quot;benchi&quot;] · saa class 9/10 (Ø/n-) → saa — number shows only in the agreement [also &quot;clock&quot;]</div><div class=konkordanz>class 9: SUBJ i- · ADJ Ø/n- · GEN ya · DEM hii/ile · POSS y- · REL -yo</div><div class=hinweis>saa kumi = 4 Uhr nachmittags</div>	A1 SD1 B Bank
He is sitting on a bench in the park reading.	Anakaa bustanini kwenye benchi na anasoma.<hr><table class=gloss><tr class=mo><td>a-na-ka-a</td><td>bustani-ni</td><td>kwenye</td><td>benchi</td><td>na</td><td>a-na-som-a</td></tr><tr class=la><td>3SG-PRS-sit-IND</td><td>CL9.park-LOC</td><td>on</td><td>CL9.bank</td><td>and</td><td>3SG-PRS-read-IND</td></tr></table><div class=konkordanz>class 9: SUBJ i- · ADJ Ø/n- · GEN ya · DEM hii/ile · POSS y- · REL -yo</div><div class=hinweis>Sitzbank ist benchi, Geldinstitut benki</div>	A1 SD1 B Bank
Do I have to pay cash or can I use a card?	Lazima nilipe kwa pesa taslimu au kadi inakubaliwa?<hr><table class=gloss><tr class=mo><td>lazima</td><td>ni-lip-e</td><td>kwa</td><td>pesa</td><td>taslimu</td><td>au</td><td>kadi</td><td>i-na-kubali-w-a</td></tr><tr class=la><td>must</td><td>1SG-pay-SBJV</td><td>with</td><td>CL10.money</td><td>cash</td><td>or</td><td>CL9.card</td><td>CL9-PRS-accept-PASS-IND</td></tr></table><div class=klassen>pesa class 9/10 (Ø/n-) → pesa — number shows only in the agreement · kadi class 9/10 (Ø/n-) → kadi — number shows only in the agreement [menu = &quot;menyu&quot; class 9]</div><div class=konkordanz>class 9: SUBJ i- · ADJ Ø/n- · GEN ya · DEM hii/ile · POSS y- · REL -yo</div><div class=hinweis>bar zahlen = kwa pesa taslimu</div>	A1 SD1 B bar
My stomach has been hurting since yesterday.	Tangu jana tumbo linaniuma.<hr><table class=gloss><tr class=mo><td>tangu</td><td>jana</td><td>tumbo</td><td>li-na-ni-um-a</td></tr><tr class=la><td>since</td><td>yesterday</td><td>CL5.stomach</td><td>CL5-PRS-OBJ1SG-hurt-IND</td></tr></table><div class=klassen>tumbo class 5/6 (ji-/Ø › ma-) → matumbo</div><div class=konkordanz>class 5: SUBJ li- · ADJ ji-/Ø · GEN la · DEM hili/lile · POSS l- · REL -lo</div><div class=hinweis>Schmerz wird mit Objektpräfix ausgedrückt: es schmerzt mich</div>	A1 SD1 B Bauch
Careful, do not drive into the tree!	Tahadhari, usiendeshe hadi mtini!<hr><table class=gloss><tr class=mo><td>tahadhari</td><td>u-si-endesh-e</td><td>hadi</td><td>m-ti-ni</td></tr><tr class=la><td>CL9.caution</td><td>2SG-NEG-drive-SBJV</td><td>until</td><td>CL3-tree-LOC</td></tr></table><div class=konkordanz>class 9: SUBJ i- · ADJ Ø/n- · GEN ya · DEM hii/ile · POSS y- · REL -yo · class 3: SUBJ u- · ADJ m-/mw- · GEN wa · DEM huu/ule · POSS w- · REL -o</div><div class=hinweis>Negativer Imperativ ist 2SG plus -si- plus Konjunktiv</div>	A1 SD1 B Baum
Ask the official at counter eight!	Muulizeni mtumishi kwenye kaunta namba nane!<hr><table class=gloss><tr class=mo><td>mu-uliz-eni</td><td>m-tumishi</td><td>kwenye</td><td>kaunta</td><td>namba</td><td>nane</td></tr><tr class=la><td>OBJ1-ask-IMP.PL</td><td>CL1-official</td><td>at</td><td>CL9.counter</td><td>CL9.number</td><td>eight</td></tr></table><div class=klassen>mtumishi wa umma class 1/2 (m-/mw- › wa-) → watumishi wa umma · kaunta class 9/10 (Ø/n-) → kaunta — number shows only in the agreement [loanword] · namba class 9/10 (Ø/n-) → namba — number shows only in the agreement [loanword]</div><div class=konkordanz>class 1: SUBJ a- · ADJ m-/mw- · GEN wa · DEM huyu/yule · POSS w- · REL -ye · class 9: SUBJ i- · ADJ Ø/n- · GEN ya · DEM hii/ile · POSS y- · REL -yo</div><div class=hinweis>Objektpräfix mu- steht vor der Wurzel im Imperativ</div>	A1 SD1 B Beamte
What does the word mean?	Neno hili lina maana gani?<hr><table class=gloss><tr class=mo><td>neno</td><td>hili</td><td>li-na</td><td>maana</td><td>gani</td></tr><tr class=la><td>CL5.word</td><td>CL5.DEM</td><td>CL5-have</td><td>CL9.meaning</td><td>which</td></tr></table><div class=klassen>neno class 5/6 (ji-/Ø › ma-) → maneno</div><div class=konkordanz>class 5: SUBJ li- · ADJ ji-/Ø · GEN la · DEM hili/lile · POSS l- · REL -lo</div><div class=hinweis>bedeuten = kuwa na maana, &quot;Bedeutung haben&quot;</div>	A1 SD1 B bedeuten
The game begins at 15.30.	Mchezo unaanza saa tisa na nusu.<hr><table class=gloss><tr class=mo><td>m-chezo</td><td>u-na-anz-a</td><td>saa</td><td>tisa</td><td>na</td><td>nusu</td></tr><tr class=la><td>CL3-game</td><td>CL3-PRS-begin-IND</td><td>CL9.hour</td><td>nine</td><td>and</td><td>CL9.half</td></tr></table><div class=klassen>mchezo class 3/4 (m-/mw- › mi-) → michezo · saa class 9/10 (Ø/n-) → saa — number shows only in the agreement [also &quot;clock&quot;]</div><div class=konkordanz>class 3: SUBJ u- · ADJ m-/mw- · GEN wa · DEM huu/ule · POSS w- · REL -o · class 9: SUBJ i- · ADJ Ø/n- · GEN ya · DEM hii/ile · POSS y- · REL -yo</div><div class=hinweis>saa tisa na nusu = 15.30 Uhr</div>	A1 SD1 B beginnen
Offenbach is near Frankfurt.	Offenbach iko karibu na Frankfurt.<hr><table class=gloss><tr class=mo><td>Offenbach</td><td>i-ko</td><td>karibu</td><td>na</td><td>Frankfurt</td></tr><tr class=la><td>Offenbach</td><td>CL9-be.there</td><td>near</td><td>at</td><td>Frankfurt</td></tr></table><div class=konkordanz>class 9: SUBJ i- · ADJ Ø/n- · GEN ya · DEM hii/ile · POSS y- · REL -yo</div><div class=hinweis>karibu na für räumliche Nähe</div>	A1 SD1 B bei
I live with my parents.	Nakaa kwa wazazi wangu.<hr><table class=gloss><tr class=mo><td>na-ka-a</td><td>kwa</td><td>wazazi</td><td>w-angu</td></tr><tr class=la><td>1SG.PRS.GNRL-live-IND</td><td>at</td><td>CL2.parents</td><td>CL2-my</td></tr></table><div class=klassen>mzazi class 1/2 (m-/mw- › wa-) → wazazi [German has plural only]</div><div class=konkordanz>class 1: SUBJ a- · ADJ m-/mw- · GEN wa · DEM huyu/yule · POSS w- · REL -ye</div><div class=hinweis>kwa bezeichnet auch den Aufenthalt bei Personen</div>	A1 SD1 B bei
Where we are it is raining today.	Kwetu leo inanyesha.<hr><table class=gloss><tr class=mo><td>kwetu</td><td>leo</td><td>i-na-nyesh-a</td></tr><tr class=la><td>at.our.place</td><td>today</td><td>CL9-PRS-rain-IND</td></tr></table><div class=konkordanz>class 9: SUBJ i- · ADJ Ø/n- · GEN ya · DEM hii/ile · POSS y- · REL -yo</div><div class=hinweis>kwetu ist ein Ortswort der Kl.17</div>	A1 SD1 B bei
He works for the police.	Anafanya kazi kwenye polisi.<hr><table class=gloss><tr class=mo><td>a-na-fany-a</td><td>kazi</td><td>kwenye</td><td>polisi</td></tr><tr class=la><td>3SG-PRS-do-IND</td><td>CL9.work</td><td>at</td><td>CL9.police</td></tr></table><div class=klassen>kazi class 9/10 (Ø/n-) → kazi — number shows only in the agreement · polisi class 9/10 (Ø/n-) → polisi — number shows only in the agreement [agreement class 1/2 for people]</div><div class=konkordanz>class 9: SUBJ i- · ADJ Ø/n- · GEN ya · DEM hii/ile · POSS y- · REL -yo</div><div class=hinweis>kwenye für Institutionen</div>	A1 SD1 B bei
Both parents work.	Wazazi wote wawili wanafanya kazi.<hr><table class=gloss><tr class=mo><td>wazazi</td><td>w-ote</td><td>w-awili</td><td>wa-na-fany-a</td><td>kazi</td></tr><tr class=la><td>CL2.parents</td><td>CL2-all</td><td>CL2-two</td><td>CL2-PRS-do-IND</td><td>CL9.work</td></tr></table><div class=klassen>mzazi class 1/2 (m-/mw- › wa-) → wazazi [German has plural only] · kazi class 9/10 (Ø/n-) → kazi — number shows only in the agreement</div><div class=konkordanz>class 1: SUBJ a- · ADJ m-/mw- · GEN wa · DEM huyu/yule · POSS w- · REL -ye · class 9: SUBJ i- · ADJ Ø/n- · GEN ya · DEM hii/ile · POSS y- · REL -yo</div><div class=hinweis>beide = wote wawili, zweifache Kl.2-Kongruenz</div>	A1 SD1 B beide
We are both coming.	Tunakuja sote wawili.<hr><table class=gloss><tr class=mo><td>tu-na-kuj-a</td><td>s-ote</td><td>w-awili</td></tr><tr class=la><td>1PL-PRS-come-IND</td><td>1PL-all</td><td>CL2-two</td></tr></table><div class=konkordanz>class 2: SUBJ wa- · ADJ wa- · GEN wa · DEM hawa/wale · POSS w- · REL -o</div><div class=hinweis>sote ist die 1PL-Form von -ote</div>	A1 SD1 B beide
My right leg hurts.	Mguu wangu wa kulia unauma.<hr><table class=gloss><tr class=mo><td>m-guu</td><td>w-angu</td><td>w-a</td><td>ku-lia</td><td>u-na-um-a</td></tr><tr class=la><td>CL3-leg</td><td>CL3-my</td><td>CL3-GEN</td><td>CL17-right</td><td>CL3-PRS-hurt-IND</td></tr></table><div class=klassen>mguu class 3/4 (m-/mw- › mi-) → miguu</div><div class=konkordanz>class 3: SUBJ u- · ADJ m-/mw- · GEN wa · DEM huu/ule · POSS w- · REL -o</div><div class=hinweis>Dreifache Kl.3-Kongruenz: wangu, wa, una-</div>	A1 SD1 B Bein
Can you give me an example?	Unaweza kunipa mfano?<hr><table class=gloss><tr class=mo><td>u-na-wez-a</td><td>ku-ni-p-a</td><td>m-fano</td></tr><tr class=la><td>2SG-PRS-can-IND</td><td>CL15-OBJ1SG-give-IND</td><td>CL3-example</td></tr></table><div class=klassen>mfano class 3/4 (m-/mw- › mi-) → mifano</div><div class=konkordanz>class 3: SUBJ u- · ADJ m-/mw- · GEN wa · DEM huu/ule · POSS w- · REL -o</div><div class=hinweis>mfano Kl.3, Plural mifano Kl.4</div>	A1 SD1 B Beispiel
Many of my relatives, for example my two brothers, also work here.	Ndugu wangu wengi, kwa mfano kaka zangu wawili, wanafanya kazi hapa pia.<hr><table class=gloss><tr class=mo><td>ndugu</td><td>w-angu</td><td>w-engi</td><td>kwa</td><td>m-fano</td><td>kaka</td><td>z-angu</td><td>w-awili</td><td>wa-na-fany-a</td><td>kazi</td><td>hapa</td><td>pia</td></tr><tr class=la><td>CL9/CL2.relative</td><td>CL2-my</td><td>CL2-many</td><td>for</td><td>CL3-example</td><td>CL9/CL2.brother</td><td>CL10-my</td><td>CL2-two</td><td>CL2-PRS-do-IND</td><td>CL9.work</td><td>here</td><td>also</td></tr></table><div class=klassen>ndugu class 9/10 (Ø/n-) → ndugu — number shows only in the agreement [person: form class 9/10, agreement class 1/2] · mfano class 3/4 (m-/mw- › mi-) → mifano · kaka class 9/10 (Ø/n-) → kaka — number shows only in the agreement [person: form class 9/10, agreement class 1/2] · kazi class 9/10 (Ø/n-) → kazi — number shows only in the agreement</div><div class=konkordanz>class 1: SUBJ a- · ADJ m-/mw- · GEN wa · DEM huyu/yule · POSS w- · REL -ye · class 3: SUBJ u- · ADJ m-/mw- · GEN wa · DEM huu/ule · POSS w- · REL -o</div><div class=hinweis>kaka zangu nutzt Kl.10-Possessiv, die Verbkongruenz aber Kl.2</div>	A1 SD1 B zum_Beispiel/z__B_
Picasso is very well known.	Picasso anajulikana sana.<hr><table class=gloss><tr class=mo><td>Picasso</td><td>a-na-julikan-a</td><td>sana</td></tr><tr class=la><td>Picasso</td><td>3SG-PRS-be.known-IND</td><td>very</td></tr></table><div class=hinweis>Stativ -ik- macht aus wissen bekannt sein</div>	A1 SD1 B bekannt
An acquaintance of mine is called Klaus.	Mtu nimemfahamu anaitwa Klaus.<hr><table class=gloss><tr class=mo><td>mtu</td><td>ni-me-m-fahamu</td><td>a-na-it-w-a</td><td>Klaus</td></tr><tr class=la><td>CL1.acquaintance</td><td>1SG-PRF-OBJ1-know</td><td>3SG-PRS-call-PASS-IND</td><td>Klaus</td></tr></table><div class=klassen>mtu class 1/2 (m-/mw- › wa-) → watu [model word for class 1/2]</div><div class=konkordanz>class 1: SUBJ a- · ADJ m-/mw- · GEN wa · DEM huyu/yule · POSS w- · REL -ye</div><div class=hinweis>Swahili hat kein Einzelwort für Bekannter</div>	A1 SD1 B Bekannte
Did you receive my letter?	Mmepokea barua yangu?<hr><table class=gloss><tr class=mo><td>m-me-poke-a</td><td>barua</td><td>y-angu</td></tr><tr class=la><td>2PL-PRF-receive-IND</td><td>CL9.letter</td><td>CL9-my</td></tr></table><div class=klassen>barua class 9/10 (Ø/n-) → barua — number shows only in the agreement [number shows only in the agreement]</div><div class=konkordanz>class 9: SUBJ i- · ADJ Ø/n- · GEN ya · DEM hii/ile · POSS y- · REL -yo</div><div class=hinweis>Perfekt -me- ersetzt das deutsche Perfekt</div>	A1 SD1 B bekommen
What would you like?	Mnapata nini?<hr><table class=gloss><tr class=mo><td>m-na-pat-a</td><td>nini</td></tr><tr class=la><td>2PL-PRS-get-IND</td><td>what</td></tr></table><div class=hinweis>Im Laden fragt man wörtlich &quot;was bekommt ihr&quot;</div>	A1 SD1 B bekommen
You can get this medicine at the chemist's.	Dawa hii mnaipata kwenye duka la dawa.<hr><table class=gloss><tr class=mo><td>dawa</td><td>hii</td><td>m-na-i-pat-a</td><td>kwenye</td><td>duka</td><td>l-a</td><td>dawa</td></tr><tr class=la><td>CL9.medicine</td><td>CL9.DEM</td><td>2PL-PRS-OBJ9-get-IND</td><td>at</td><td>CL5.shop</td><td>CL5-GEN</td><td>CL9.medicine</td></tr></table><div class=klassen>duka class 5/6 (ji-/Ø › ma-) → maduka</div><div class=konkordanz>class 5: SUBJ li- · ADJ ji-/Ø · GEN la · DEM hili/lile · POSS l- · REL -lo</div><div class=hinweis>Objektpräfix -i- greift das vorangestellte dawa auf</div>	A1 SD1 B bekommen
Please do not use the lifts!	Tafadhali msitumie lifti!<hr><table class=gloss><tr class=mo><td>tafadhali</td><td>m-si-tumi-e</td><td>lifti</td></tr><tr class=la><td>please</td><td>2PL-NEG-use-SBJV</td><td>CL9.lift</td></tr></table><div class=klassen>lifti class 9/10 (Ø/n-) → lifti — number shows only in the agreement [loanword]</div><div class=konkordanz>class 9: SUBJ i- · ADJ Ø/n- · GEN ya · DEM hii/ile · POSS y- · REL -yo</div><div class=hinweis>Verbot: 2PL plus -si- plus Konjunktiv</div>	A1 SD1 B benutzen
What is your occupation?	Kazi yenu ni ipi?<hr><table class=gloss><tr class=mo><td>kazi</td><td>y-enu</td><td>ni</td><td>ipi</td></tr><tr class=la><td>CL9.profession</td><td>CL9-your</td><td>COP</td><td>which</td></tr></table><div class=klassen>kazi class 9/10 (Ø/n-) → kazi — number shows only in the agreement</div><div class=konkordanz>class 9: SUBJ i- · ADJ Ø/n- · GEN ya · DEM hii/ile · POSS y- · REL -yo</div><div class=hinweis>Possessiv yenu für 2PL</div>	A1 SD1 B Beruf
What is your profession?	Kazi yako ni nini?<hr><table class=gloss><tr class=mo><td>kazi</td><td>y-ako</td><td>ni</td><td>nini</td></tr><tr class=la><td>CL9.profession</td><td>CL9-your</td><td>COP</td><td>what</td></tr></table><div class=klassen>kazi class 9/10 (Ø/n-) → kazi — number shows only in the agreement</div><div class=konkordanz>class 9: SUBJ i- · ADJ Ø/n- · GEN ya · DEM hii/ile · POSS y- · REL -yo</div><div class=hinweis>nini fragt nach Sachen, ipi nach der Auswahl</div>	A1 SD1 B Beruf
The number is always engaged.	Namba inakuwa na shughuli kila wakati.<hr><table class=gloss><tr class=mo><td>namba</td><td>i-na-kuw-a</td><td>na</td><td>shughuli</td><td>kila</td><td>wakati</td></tr><tr class=la><td>CL9.number</td><td>CL9-PRS-be-IND</td><td>with</td><td>CL9.occupation</td><td>every</td><td>CL11.time</td></tr></table><div class=klassen>namba class 9/10 (Ø/n-) → namba — number shows only in the agreement [loanword] · wakati class 11/10 (u- › Ø/n-) → nyakati</div><div class=konkordanz>class 9: SUBJ i- · ADJ Ø/n- · GEN ya · DEM hii/ile · POSS y- · REL -yo · class 11: SUBJ u- · ADJ m-/mw- · GEN wa · DEM huu/ule · POSS w- · REL -o</div><div class=hinweis>besetzt = kuwa na shughuli</div>	A1 SD1 B besetzt
This seat is taken.	Nafasi hii imechukuliwa.<hr><table class=gloss><tr class=mo><td>nafasi</td><td>hii</td><td>i-me-chuku-liw-a</td></tr><tr class=la><td>CL9.place</td><td>CL9.DEM</td><td>CL9-PRF-take-PASS-IND</td></tr></table><div class=klassen>nafasi class 9/10 (Ø/n-) → nafasi — number shows only in the agreement [seat; place = &quot;mahali&quot; class 16]</div><div class=konkordanz>class 9: SUBJ i- · ADJ Ø/n- · GEN ya · DEM hii/ile · POSS y- · REL -yo</div><div class=hinweis>Passiv Perfekt für besetzt</div>	A1 SD1 B besetzt
I would like to visit the cathedral.	Ningependa kutembelea kanisa kuu.<hr><table class=gloss><tr class=mo><td>ni-nge-pend-a</td><td>ku-tembel-e-a</td><td>kanisa</td><td>kuu</td></tr><tr class=la><td>1SG-IRR-like-IND</td><td>CL15-visit-APPL-IND</td><td>CL5.church</td><td>big</td></tr></table><div class=konkordanz>class 15: SUBJ ku- · ADJ ku- · GEN kwa · DEM huku/kule · POSS kw- · REL -ko · class 5: SUBJ li- · ADJ ji-/Ø · GEN la · DEM hili/lile · POSS l- · REL -lo</div><div class=hinweis>-nge- bildet die Höflichkeitsform &quot;ich würde&quot;</div>	A1 SD1 B besichtigen
I am feeling better already.	Nahisi vizuri zaidi sasa.<hr><table class=gloss><tr class=mo><td>na-hisi</td><td>vi-zuri</td><td>zaidi</td><td>sasa</td></tr><tr class=la><td>1SG.PRS.GNRL-feel</td><td>CL8-good</td><td>more</td><td>now</td></tr></table><div class=konkordanz>class 8: SUBJ vi- · ADJ vi- · GEN vya · DEM hivi/vile · POSS vy- · REL -vyo</div><div class=hinweis>kuhisi ist arabisches Lehnverb auf -i</div>	A1 SD1 B besser
It would be best if we met tomorrow.	Ni bora tukutane kesho.<hr><table class=gloss><tr class=mo><td>ni</td><td>bora</td><td>tu-kutan-e</td><td>kesho</td></tr><tr class=la><td>COP</td><td>better</td><td>1PL-meet-SBJV</td><td>tomorrow</td></tr></table><div class=hinweis>ni bora plus Konjunktiv für einen Vorschlag</div>	A1 SD1 B best
We would like to order, please.	Tungependa kuagiza, tafadhali.<hr><table class=gloss><tr class=mo><td>tu-nge-pend-a</td><td>ku-agiz-a</td><td>tafadhali</td></tr><tr class=la><td>1PL-IRR-like-IND</td><td>CL15-order-IND</td><td>please</td></tr></table><div class=konkordanz>class 15: SUBJ ku- · ADJ ku- · GEN kwa · DEM huku/kule · POSS kw- · REL -ko</div><div class=hinweis>-nge- macht die Bitte höflich</div>	A1 SD1 B bestellen
We do not have this book. Shall we order it for you?	Kitabu hiki hatuna, tukiagize kwa ajili yako?<hr><table class=gloss><tr class=mo><td>ki-tabu</td><td>hiki</td><td>hatu-na</td><td>tu-ki-agiz-e</td><td>kwa</td><td>ajili</td><td>y-ako</td></tr><tr class=la><td>CL7-book</td><td>CL7.DEM</td><td>1PL.NEG-have</td><td>1PL-OBJ7-order-SBJV</td><td>for</td><td>CL9.purpose</td><td>CL9-your</td></tr></table><div class=klassen>kitabu class 7/8 (ki- › vi-) → vitabu</div><div class=konkordanz>class 7: SUBJ ki- · ADJ ki- · GEN cha · DEM hiki/kile · POSS ch- · REL -cho</div><div class=hinweis>Objektpräfix -ki- greift kitabu Kl.7 auf</div>	A1 SD1 B bestellen
May I visit you?	Naweza kukutembelea?<hr><table class=gloss><tr class=mo><td>na-wez-a</td><td>ku-ku-tembel-e-a</td></tr><tr class=la><td>1SG.PRS.GNRL-can-IND</td><td>CL15-OBJ2SG-visit-APPL-IND</td></tr></table><div class=konkordanz>class 15: SUBJ ku- · ADJ ku- · GEN kwa · DEM huku/kule · POSS kw- · REL -ko</div><div class=hinweis>Applikativ -e- weil das Ziel eine Person ist</div>	A1 SD1 B besuchen
We still need a child's bed.	Tunahitaji bado kitanda cha mtoto.<hr><table class=gloss><tr class=mo><td>tu-na-hitaji</td><td>bado</td><td>ki-tanda</td><td>ch-a</td><td>m-toto</td></tr><tr class=la><td>1PL-PRS-need</td><td>still</td><td>CL7-bed</td><td>CL7-GEN</td><td>CL1-child</td></tr></table><div class=klassen>kitanda class 7/8 (ki- › vi-) → vitanda · mtoto class 1/2 (m-/mw- › wa-) → watoto</div><div class=konkordanz>class 7: SUBJ ki- · ADJ ki- · GEN cha · DEM hiki/kile · POSS ch- · REL -cho · class 1: SUBJ a- · ADJ m-/mw- · GEN wa · DEM huyu/yule · POSS w- · REL -ye</div><div class=hinweis>Genitiv cha nach kitanda Kl.7</div>	A1 SD1 B Bett
Where do I have to pay?	Lazima nilipe wapi?<hr><table class=gloss><tr class=mo><td>lazima</td><td>ni-lip-e</td><td>wapi</td></tr><tr class=la><td>must</td><td>1SG-pay-SBJV</td><td>where</td></tr></table><div class=hinweis>lazima zieht stets den Konjunktiv nach sich</div>	A1 SD1 B bezahlen
Another beer, please.	Bia nyingine tafadhali.<hr><table class=gloss><tr class=mo><td>bia</td><td>ny-ingine</td><td>tafadhali</td></tr><tr class=la><td>CL9.beer</td><td>CL9-other</td><td>please</td></tr></table><div class=klassen>bia class 9/10 (Ø/n-) → bia — number shows only in the agreement [loanword]</div><div class=konkordanz>class 9: SUBJ i- · ADJ Ø/n- · GEN ya · DEM hii/ile · POSS y- · REL -yo</div><div class=hinweis>nyingine heißt &quot;ein weiteres&quot;</div>	A1 SD1 B Bier
Do you have a picture of your son?	Una picha ya mwana wako?<hr><table class=gloss><tr class=mo><td>u-na</td><td>picha</td><td>y-a</td><td>mwana</td><td>w-ako</td></tr><tr class=la><td>2SG-have</td><td>CL9.picture</td><td>CL9-GEN</td><td>CL1.son</td><td>CL1-your</td></tr></table><div class=klassen>picha class 9/10 (Ø/n-) → picha — number shows only in the agreement [loanword] · mwana class 1/2 (m-/mw- › wa-) → wana</div><div class=konkordanz>class 9: SUBJ i- · ADJ Ø/n- · GEN ya · DEM hii/ile · POSS y- · REL -yo · class 1: SUBJ a- · ADJ m-/mw- · GEN wa · DEM huyu/yule · POSS w- · REL -ye</div><div class=hinweis>picha nimmt ya, mwana nimmt wako</div>	A1 SD1 B Bild
The jacket only costs 10 euros! That really is cheap!	Koti linagharimu Euro kumi tu! Ni rahisi kweli!<hr><table class=gloss><tr class=mo><td>koti</td><td>li-na-gharimu</td><td>Euro</td><td>kumi</td><td>tu</td><td>ni</td><td>rahisi</td><td>kweli</td></tr><tr class=la><td>CL5.jacket</td><td>CL5-PRS-cost</td><td>euro</td><td>ten</td><td>only</td><td>COP</td><td>cheap</td><td>really</td></tr></table><div class=klassen>koti class 5/6 (ji-/Ø › ma-) → makoti</div><div class=konkordanz>class 5: SUBJ li- · ADJ ji-/Ø · GEN la · DEM hili/lile · POSS l- · REL -lo</div><div class=hinweis>kugharimu ist arabisches Lehnverb auf -u</div>	A1 SD1 B billig
A kilo of pears, please!	Kilo moja ya mapea, tafadhali!<hr><table class=gloss><tr class=mo><td>kilo</td><td>moja</td><td>y-a</td><td>ma-pea</td><td>tafadhali</td></tr><tr class=la><td>CL9.kilo</td><td>one</td><td>CL9-GEN</td><td>CL6-pear</td><td>please</td></tr></table><div class=klassen>pea class 5/6 (ji-/Ø › ma-) → mapea</div><div class=konkordanz>class 5: SUBJ li- · ADJ ji-/Ø · GEN la · DEM hili/lile · POSS l- · REL -lo</div><div class=hinweis>pea Kl.5, Plural mapea Kl.6</div>	A1 SD1 B Birne
I am only travelling as far as Stuttgart.	Nasafiri hadi Stuttgart tu.<hr><table class=gloss><tr class=mo><td>na-safiri</td><td>hadi</td><td>Stuttgart</td><td>tu</td></tr><tr class=la><td>1SG.PRS.GNRL-travel</td><td>until</td><td>Stuttgart</td><td>only</td></tr></table><div class=hinweis>hadi für räumliche und zeitliche Grenze</div>	A1 SD1 B bis
I will wait until tomorrow.	Nitasubiri hadi kesho.<hr><table class=gloss><tr class=mo><td>ni-ta-subiri</td><td>hadi</td><td>kesho</td></tr><tr class=la><td>1SG-FUT-wait</td><td>until</td><td>tomorrow</td></tr></table><div class=hinweis>kusubiri ist arabisches Lehnverb auf -i</div>	A1 SD1 B bis
I speak English, French and a little German.	Nasema Kiingereza, Kifaransa na Kijerumani kidogo.<hr><table class=gloss><tr class=mo><td>na-sem-a</td><td>Ki-ingereza</td><td>Ki-faransa</td><td>na</td><td>Ki-jerumani</td><td>ki-dogo</td></tr><tr class=la><td>1SG.PRS.GNRL-speak-IND</td><td>CL7-English</td><td>CL7-French</td><td>and</td><td>CL7-German</td><td>CL7-small</td></tr></table><div class=konkordanz>class 7: SUBJ ki- · ADJ ki- · GEN cha · DEM hiki/kile · POSS ch- · REL -cho</div><div class=hinweis>kidogo kongruiert mit der Sprache in Kl.7</div>	A1 SD1 B bisschen
A cup of coffee, please!	Kikombe kimoja cha kahawa, tafadhali!<hr><table class=gloss><tr class=mo><td>ki-kombe</td><td>ki-moja</td><td>ch-a</td><td>kahawa</td><td>tafadhali</td></tr><tr class=la><td>CL7-cup</td><td>CL7-one</td><td>CL7-GEN</td><td>CL9.coffee</td><td>please</td></tr></table><div class=klassen>kahawa class 9/10 (Ø/n-) → kahawa — number shows only in the agreement</div><div class=konkordanz>class 9: SUBJ i- · ADJ Ø/n- · GEN ya · DEM hii/ile · POSS y- · REL -yo</div><div class=hinweis>Zahlwort und Genitiv kongruieren beide mit Kl.7</div>	A1 SD1 B bitte
Please speak quietly!	Tafadhali semeni kwa sauti ya chini!<hr><table class=gloss><tr class=mo><td>tafadhali</td><td>sem-eni</td><td>kwa</td><td>sauti</td><td>y-a</td><td>chini</td></tr><tr class=la><td>please</td><td>speak-IMP.PL</td><td>with</td><td>CL9.voice</td><td>CL9-GEN</td><td>below</td></tr></table><div class=konkordanz>class 9: SUBJ i- · ADJ Ø/n- · GEN ya · DEM hii/ile · POSS y- · REL -yo</div><div class=hinweis>leise = kwa sauti ya chini, &quot;mit tiefer Stimme&quot;</div>	A1 SD1 B bitte
I have one more request.	Nina ombi lingine.<hr><table class=gloss><tr class=mo><td>ni-na</td><td>ombi</td><td>li-ngine</td></tr><tr class=la><td>1SG-have</td><td>CL5.request</td><td>CL5-other</td></tr></table><div class=klassen>ombi class 5/6 (ji-/Ø › ma-) → maombi</div><div class=konkordanz>class 5: SUBJ li- · ADJ ji-/Ø · GEN la · DEM hili/lile · POSS l- · REL -lo</div><div class=hinweis>ombi Kl.5, Plural maombi Kl.6</div>	A1 SD1 B Bitte
May I ask you for something?	Naweza kuwaomba kitu?<hr><table class=gloss><tr class=mo><td>na-wez-a</td><td>ku-wa-omb-a</td><td>ki-tu</td></tr><tr class=la><td>1SG.PRS.GNRL-can-IND</td><td>CL15-OBJ2PL-ask-IND</td><td>CL7-thing</td></tr></table><div class=konkordanz>class 15: SUBJ ku- · ADJ ku- · GEN kwa · DEM huku/kule · POSS kw- · REL -ko · class 7: SUBJ ki- · ADJ ki- · GEN cha · DEM hiki/kile · POSS ch- · REL -cho</div><div class=hinweis>Objektpräfix -wa- für höfliches Sie</div>	A1 SD1 B bitten
The coffee tastes bitter.	Kahawa ina ladha chungu.<hr><table class=gloss><tr class=mo><td>kahawa</td><td>i-na</td><td>ladha</td><td>chungu</td></tr><tr class=la><td>CL9.coffee</td><td>CL9-have</td><td>CL9.taste</td><td>bitter</td></tr></table><div class=klassen>kahawa class 9/10 (Ø/n-) → kahawa — number shows only in the agreement</div><div class=konkordanz>class 9: SUBJ i- · ADJ Ø/n- · GEN ya · DEM hii/ile · POSS y- · REL -yo</div><div class=hinweis>schmecken = kuwa na ladha</div>	A1 SD1 B bitter
Today I am staying at home.	Leo nabaki nyumbani.<hr><table class=gloss><tr class=mo><td>na-baki</td><td>nyumbani</td></tr><tr class=la><td>1SG.PRS.GNRL-stay</td><td>CL9.house.LOC</td></tr></table><div class=konkordanz>class 9: SUBJ i- · ADJ Ø/n- · GEN ya · DEM hii/ile · POSS y- · REL -yo</div><div class=hinweis>nyumbani ist die feste Ortsform für zu Hause</div>	A1 SD1 B bleiben
We are only staying until tomorrow.	Tunabaki hadi kesho tu.<hr><table class=gloss><tr class=mo><td>tu-na-baki</td><td>hadi</td><td>kesho</td><td>tu</td></tr><tr class=la><td>1PL-PRS-stay</td><td>until</td><td>tomorrow</td><td>only</td></tr></table><div class=hinweis>kubaki endet auf -i, das ist kein Negationszeichen</div>	A1 SD1 B bleiben
Do you have a pencil?	Una kalamu ya risasi?<hr><table class=gloss><tr class=mo><td>u-na</td><td>kalamu</td><td>y-a</td><td>risasi</td></tr><tr class=la><td>2SG-have</td><td>CL9.pen</td><td>CL9-GEN</td><td>CL9.lead</td></tr></table><div class=klassen>kalamu class 9/10 (Ø/n-) → kalamu — number shows only in the agreement</div><div class=konkordanz>class 9: SUBJ i- · ADJ Ø/n- · GEN ya · DEM hii/ile · POSS y- · REL -yo</div><div class=hinweis>Bleistift wörtlich &quot;Stift aus Blei&quot;</div>	A1 SD1 B Bleistift
From this hotel you have a good view of the Rhine.	Kutoka hoteli hii kuna mandhari mazuri ya mto Rhein.<hr><table class=gloss><tr class=mo><td>ku-tok-a</td><td>hoteli</td><td>hii</td><td>ku-na</td><td>mandhari</td><td>ma-zuri</td><td>y-a</td><td>mto</td><td>Rhein</td></tr><tr class=la><td>CL15-come-IND</td><td>CL9.hotel</td><td>CL9.DEM</td><td>CL17-with</td><td>CL9.view</td><td>CL6-good</td><td>CL9-GEN</td><td>CL3.river</td><td>Rhine</td></tr></table><div class=klassen>hoteli class 9/10 (Ø/n-) → hoteli — number shows only in the agreement [loanword] · mandhari class 9/10 (Ø/n-) → mandhari — number shows only in the agreement [view]</div><div class=konkordanz>class 9: SUBJ i- · ADJ Ø/n- · GEN ya · DEM hii/ile · POSS y- · REL -yo</div><div class=hinweis>mandhari schwankt zwischen Kl.9 und Kl.6</div>	A1 SD1 B Blick
Do you like the flowers?	Maua yanakupendeza?<hr><table class=gloss><tr class=mo><td>ma-ua</td><td>ya-na-ku-pendez-a</td></tr><tr class=la><td>CL6-flower</td><td>CL6-PRS-OBJ2SG-please-IND</td></tr></table><div class=klassen>ua class 5/6 (ji-/Ø › ma-) → maua [zero prefix in the singular]</div><div class=konkordanz>class 5: SUBJ li- · ADJ ji-/Ø · GEN la · DEM hili/lile · POSS l- · REL -lo</div><div class=hinweis>gefallen stellt den Menschen ins Objekt</div>	A1 SD1 B Blume
Please write your answers on the answer sheet.	Tafadhali andikeni majibu yenu kwenye fomu ya majibu.<hr><table class=gloss><tr class=mo><td>tafadhali</td><td>andik-eni</td><td>ma-jibu</td><td>y-enu</td><td>kwenye</td><td>fomu</td><td>y-a</td><td>ma-jibu</td></tr><tr class=la><td>please</td><td>write-IMP.PL</td><td>CL6-answer</td><td>CL6-your</td><td>at</td><td>CL9.form</td><td>CL9-GEN</td><td>CL6-answer</td></tr></table><div class=klassen>jibu class 5/6 (ji-/Ø › ma-) → majibu · fomu class 9/10 (Ø/n-) → fomu — number shows only in the agreement [loanword]</div><div class=konkordanz>class 5: SUBJ li- · ADJ ji-/Ø · GEN la · DEM hili/lile · POSS l- · REL -lo · class 9: SUBJ i- · ADJ Ø/n- · GEN ya · DEM hii/ile · POSS y- · REL -yo</div><div class=hinweis>yenu kongruiert mit majibu Kl.6</div>	A1 SD1 B Bogen
She is angry with me.	Amenikasirikia.<hr><table class=gloss><tr class=mo><td>a-me-ni-kasirik-i-a</td></tr><tr class=la><td>3SG-PRF-OBJ1SG-be.angry-APPL-IND</td></tr></table><div class=hinweis>Applikativ nennt die Person, auf die der Zorn zielt</div>	A1 SD1 B böse
Do you still need the newspaper?	Unaihitaji gazeti bado?<hr><table class=gloss><tr class=mo><td>u-na-i-hitaji</td><td>gazeti</td><td>bado</td></tr><tr class=la><td>2SG-PRS-OBJ9-need</td><td>CL5.newspaper</td><td>still</td></tr></table><div class=klassen>gazeti class 5/6 (ji-/Ø › ma-) → magazeti</div><div class=konkordanz>class 5: SUBJ li- · ADJ ji-/Ø · GEN la · DEM hili/lile · POSS l- · REL -lo</div><div class=hinweis>Objektpräfix greift das Genannte nochmals auf</div>	A1 SD1 B brauchen
How wide is the cupboard?	Kabati lina upana gani?<hr><table class=gloss><tr class=mo><td>kabati</td><td>li-na</td><td>upana</td><td>gani</td></tr><tr class=la><td>CL5.cupboard</td><td>CL5-have</td><td>CL11.width</td><td>which</td></tr></table><div class=klassen>kabati class 5/6 (ji-/Ø › ma-) → makabati</div><div class=konkordanz>class 5: SUBJ li- · ADJ ji-/Ø · GEN la · DEM hili/lile · POSS l- · REL -lo</div><div class=hinweis>Maße mit kuwa na plus Abstraktum</div>	A1 SD1 B breit
Do you have a letter for me?	Mnayo barua kwa ajili yangu?<hr><table class=gloss><tr class=mo><td>m-na-yo</td><td>barua</td><td>kwa</td><td>ajili</td><td>y-angu</td></tr><tr class=la><td>2PL-have-REL9</td><td>CL9.letter</td><td>for</td><td>CL9.purpose</td><td>CL9-my</td></tr></table><div class=klassen>barua class 9/10 (Ø/n-) → barua — number shows only in the agreement [number shows only in the agreement]</div><div class=konkordanz>class 9: SUBJ i- · ADJ Ø/n- · GEN ya · DEM hii/ile · POSS y- · REL -yo</div><div class=hinweis>-yo am Verb verweist voraus auf barua</div>	A1 SD1 B Brief
Please buy some stamps at the post office.	Tafadhali nunua stempu kwenye posta.<hr><table class=gloss><tr class=mo><td>tafadhali</td><td>nunu-a</td><td>stempu</td><td>kwenye</td><td>posta</td></tr><tr class=la><td>please</td><td>buy-IMP</td><td>CL10.stamp</td><td>at</td><td>CL9.post</td></tr></table><div class=klassen>stempu class 9/10 (Ø/n-) → stempu — number shows only in the agreement [loanword] · posta class 9/10 (Ø/n-) → posta — number shows only in the agreement [loanword]</div><div class=konkordanz>class 9: SUBJ i- · ADJ Ø/n- · GEN ya · DEM hii/ile · POSS y- · REL -yo</div><div class=hinweis>stempu ist Kl.9 und Kl.10 gleich</div>	A1 SD1 B Briefmarke
Please bring me another coffee!	Tafadhali niletee kahawa nyingine!<hr><table class=gloss><tr class=mo><td>tafadhali</td><td>ni-let-e-e</td><td>kahawa</td><td>ny-ingine</td></tr><tr class=la><td>please</td><td>OBJ1SG-bring-APPL-SBJV</td><td>CL9.coffee</td><td>CL9-other</td></tr></table><div class=klassen>kahawa class 9/10 (Ø/n-) → kahawa — number shows only in the agreement</div><div class=konkordanz>class 9: SUBJ i- · ADJ Ø/n- · GEN ya · DEM hii/ile · POSS y- · REL -yo</div><div class=hinweis>Applikativ plus Konjunktiv ergibt eine höfliche Bitte</div>	A1 SD1 B bringen
We have to take him to the doctor.	Lazima tumpeleke kwa daktari.<hr><table class=gloss><tr class=mo><td>lazima</td><td>tu-m-pelek-e</td><td>kwa</td><td>daktari</td></tr><tr class=la><td>must</td><td>1PL-OBJ1-bring-SBJV</td><td>to</td><td>CL5/CL1.doctor</td></tr></table><div class=klassen>daktari class 5/6 (ji-/Ø › ma-) → madaktari [person: form class 5/6, agreement class 1/2]</div><div class=konkordanz>class 1: SUBJ a- · ADJ m-/mw- · GEN wa · DEM huyu/yule · POSS w- · REL -ye</div><div class=hinweis>kupeleka für Personen, kuleta für Sachen</div>	A1 SD1 B bringen
Do you have white bread too?	Mnayo pia mkate mweupe?<hr><table class=gloss><tr class=mo><td>m-na-yo</td><td>pia</td><td>m-kate</td><td>mw-eupe</td></tr><tr class=la><td>2PL-have-REL9</td><td>also</td><td>CL3-bread</td><td>CL3-white</td></tr></table><div class=klassen>mkate class 3/4 (m-/mw- › mi-) → mikate</div><div class=konkordanz>class 3: SUBJ u- · ADJ m-/mw- · GEN wa · DEM huu/ule · POSS w- · REL -o</div><div class=hinweis>mweupe kongruiert mit mkate Kl.3</div>	A1 SD1 B Brot
Take a few loaves along for the journey.	Chukua mikate michache kwa safari.<hr><table class=gloss><tr class=mo><td>chuku-a</td><td>mi-kate</td><td>mi-chache</td><td>kwa</td><td>safari</td></tr><tr class=la><td>take-IMP</td><td>CL4-bread</td><td>CL4-few</td><td>for</td><td>CL9.journey</td></tr></table><div class=klassen>mkate class 3/4 (m-/mw- › mi-) → mikate · safari class 9/10 (Ø/n-) → safari — number shows only in the agreement</div><div class=konkordanz>class 3: SUBJ u- · ADJ m-/mw- · GEN wa · DEM huu/ule · POSS w- · REL -o · class 9: SUBJ i- · ADJ Ø/n- · GEN ya · DEM hii/ile · POSS y- · REL -yo</div><div class=hinweis>michache kongruiert mit mikate Kl.4</div>	A1 SD1 B Brot
Would you like rolls for breakfast?	Unataka mikate midogo kwa kifungua kinywa?<hr><table class=gloss><tr class=mo><td>u-na-tak-a</td><td>mi-kate</td><td>mi-dogo</td><td>kwa</td><td>ki-fungua</td><td>kinywa</td></tr><tr class=la><td>2SG-PRS-want-IND</td><td>CL4-bread</td><td>CL4-small</td><td>for</td><td>CL7-open</td><td>CL7.mouth</td></tr></table><div class=klassen>mkate class 3/4 (m-/mw- › mi-) → mikate · kifungua kinywa class 7/8 (ki- › vi-) → vifungua kinywa [literally &quot;mouth-opener&quot;]</div><div class=konkordanz>class 3: SUBJ u- · ADJ m-/mw- · GEN wa · DEM huu/ule · POSS w- · REL -o · class 7: SUBJ ki- · ADJ ki- · GEN cha · DEM hiki/kile · POSS ch- · REL -cho</div><div class=hinweis>Brötchen als mkate mdogo umschrieben</div>	A1 SD1 B Brötchen
His brother works here too.	Kaka yake anafanya kazi hapa pia.<hr><table class=gloss><tr class=mo><td>kaka</td><td>y-ake</td><td>a-na-fany-a</td><td>kazi</td><td>hapa</td><td>pia</td></tr><tr class=la><td>CL9/CL1.brother</td><td>CL9-be</td><td>3SG-PRS-do-IND</td><td>CL9.work</td><td>here</td><td>also</td></tr></table><div class=klassen>kaka class 9/10 (Ø/n-) → kaka — number shows only in the agreement [person: form class 9/10, agreement class 1/2] · kazi class 9/10 (Ø/n-) → kazi — number shows only in the agreement</div><div class=konkordanz>class 1: SUBJ a- · ADJ m-/mw- · GEN wa · DEM huyu/yule · POSS w- · REL -ye · class 9: SUBJ i- · ADJ Ø/n- · GEN ya · DEM hii/ile · POSS y- · REL -yo</div><div class=hinweis>yake Kl.9, Verbkongruenz a- aber Kl.1</div>	A1 SD1 B Bruder
Good books are often very expensive.	Vitabu vizuri mara nyingi ni ghali sana.<hr><table class=gloss><tr class=mo><td>vi-tabu</td><td>vi-zuri</td><td>mara</td><td>ny-ingi</td><td>ni</td><td>ghali</td><td>sana</td></tr><tr class=la><td>CL8-book</td><td>CL8-good</td><td>CL9.time</td><td>CL10-many</td><td>COP</td><td>expensive</td><td>very</td></tr></table><div class=klassen>kitabu class 7/8 (ki- › vi-) → vitabu</div><div class=konkordanz>class 7: SUBJ ki- · ADJ ki- · GEN cha · DEM hiki/kile · POSS ch- · REL -cho</div><div class=hinweis>vizuri kongruiert mit vitabu Kl.8</div>	A1 SD1 B Buch
In this dictionary you will find more than 20,000 words.	Katika kamusi hii mnapata maneno zaidi ya elfu ishirini.<hr><table class=gloss><tr class=mo><td>katika</td><td>kamusi</td><td>hii</td><td>m-na-pat-a</td><td>ma-neno</td><td>zaidi</td><td>y-a</td><td>elfu</td><td>ishirini</td></tr><tr class=la><td>in</td><td>CL9.dictionary</td><td>CL9.DEM</td><td>2PL-PRS-find-IND</td><td>CL6-word</td><td>more</td><td>CL9-GEN</td><td>CL9.thousand</td><td>twenty</td></tr></table><div class=klassen>neno class 5/6 (ji-/Ø › ma-) → maneno</div><div class=konkordanz>class 5: SUBJ li- · ADJ ji-/Ø · GEN la · DEM hili/lile · POSS l- · REL -lo</div><div class=hinweis>zaidi ya für den Vergleich &quot;mehr als&quot;</div>	A1 SD1 B Buch
This letter does not exist in my language.	Herufi hii haipo katika lugha yangu.<hr><table class=gloss><tr class=mo><td>herufi</td><td>hii</td><td>hai-po</td><td>katika</td><td>lugha</td><td>y-angu</td></tr><tr class=la><td>CL9.letter</td><td>CL9.DEM</td><td>CL9.NEG-be.there</td><td>in</td><td>CL9.language</td><td>CL9-my</td></tr></table><div class=klassen>herufi class 9/10 (Ø/n-) → herufi — number shows only in the agreement · lugha class 9/10 (Ø/n-) → lugha — number shows only in the agreement</div><div class=konkordanz>class 9: SUBJ i- · ADJ Ø/n- · GEN ya · DEM hii/ile · POSS y- · REL -yo</div><div class=hinweis>haipo verneint das Vorhandensein</div>	A1 SD1 B Buchstabe
Please spell your name.	Tafadhali tajeni herufi za jina lenu.<hr><table class=gloss><tr class=mo><td>tafadhali</td><td>taj-eni</td><td>herufi</td><td>z-a</td><td>jina</td><td>l-enu</td></tr><tr class=la><td>please</td><td>call-IMP.PL</td><td>CL10.letter</td><td>CL10-GEN</td><td>CL5.name</td><td>CL5-your</td></tr></table><div class=klassen>herufi class 9/10 (Ø/n-) → herufi — number shows only in the agreement · jina class 5/6 (ji-/Ø › ma-) → majina</div><div class=konkordanz>class 9: SUBJ i- · ADJ Ø/n- · GEN ya · DEM hii/ile · POSS y- · REL -yo · class 5: SUBJ li- · ADJ ji-/Ø · GEN la · DEM hili/lile · POSS l- · REL -lo</div><div class=hinweis>buchstabieren = die Buchstaben nennen</div>	A1 SD1 B buchstabieren
When does the next bus come?	Basi linalofuata linakuja saa ngapi?<hr><table class=gloss><tr class=mo><td>basi</td><td>li-na-lo-fuat-a</td><td>li-na-kuj-a</td><td>saa</td><td>ngapi</td></tr><tr class=la><td>CL5.bus</td><td>CL5-PRS-REL5-follow-IND</td><td>CL5-PRS-come-IND</td><td>CL9.hour</td><td>how.many</td></tr></table><div class=klassen>basi class 5/6 (ji-/Ø › ma-) → mabasi · saa class 9/10 (Ø/n-) → saa — number shows only in the agreement [also &quot;clock&quot;]</div><div class=konkordanz>class 5: SUBJ li- · ADJ ji-/Ø · GEN la · DEM hili/lile · POSS l- · REL -lo · class 9: SUBJ i- · ADJ Ø/n- · GEN ya · DEM hii/ile · POSS y- · REL -yo</div><div class=hinweis>Relativinfix -lo- für Kl.5</div>	A1 SD1 B Bus
For me a roll with butter and cheese, please.	Kwangu tafadhali mkate mdogo na siagi na jibini.<hr><table class=gloss><tr class=mo><td>kw-angu</td><td>tafadhali</td><td>m-kate</td><td>m-dogo</td><td>na</td><td>siagi</td><td>na</td><td>jibini</td></tr><tr class=la><td>CL17-my</td><td>please</td><td>CL3-bread</td><td>CL3-small</td><td>with</td><td>CL9.butter</td><td>and</td><td>CL9.cheese</td></tr></table><div class=klassen>mkate class 3/4 (m-/mw- › mi-) → mikate · siagi class 9 (Ø/n-), no number change [no plural]</div><div class=konkordanz>class 3: SUBJ u- · ADJ m-/mw- · GEN wa · DEM huu/ule · POSS w- · REL -o · class 9: SUBJ i- · ADJ Ø/n- · GEN ya · DEM hii/ile · POSS y- · REL -yo</div><div class=hinweis>kwangu heißt &quot;für mich&quot; mit Ortsklasse 17</div>	A1 SD1 B Butter
Shall we meet at the café?	Tukutane kwenye mkahawa?<hr><table class=gloss><tr class=mo><td>tu-kutan-e</td><td>kwenye</td><td>m-kahawa</td></tr><tr class=la><td>1PL-meet-SBJV</td><td>at</td><td>CL3-cafe</td></tr></table><div class=klassen>mkahawa class 3/4 (m-/mw- › mi-) → mikahawa</div><div class=konkordanz>class 3: SUBJ u- · ADJ m-/mw- · GEN wa · DEM huu/ule · POSS w- · REL -o</div><div class=hinweis>Konjunktiv ohne lazima als Vorschlag</div>	A1 SD1 C Caf_
Please bring your favourite CD.	Tafadhali lete CD unayoipenda zaidi.<hr><table class=gloss><tr class=mo><td>tafadhali</td><td>let-e</td><td>CD</td><td>u-na-yo-i-pend-a</td><td>zaidi</td></tr><tr class=la><td>please</td><td>bring-SBJV</td><td>CL9.CD</td><td>2SG-PRS-REL9-OBJ9-like-IND</td><td>more</td></tr></table><div class=klassen>CD class 9/10 (Ø/n-) → CD — number shows only in the agreement [loanword]</div><div class=konkordanz>class 9: SUBJ i- · ADJ Ø/n- · GEN ya · DEM hii/ile · POSS y- · REL -yo</div><div class=hinweis>Relativ -yo- und Objekt -i- stehen beide im Verb</div>	A1 SD1 C CD
We have a new manageress.	Tuna bosi mpya mwanamke.<hr><table class=gloss><tr class=mo><td>tu-na</td><td>bosi</td><td>m-pya</td><td>mwanamke</td></tr><tr class=la><td>1PL-have</td><td>CL5/CL1.manager</td><td>CL1-new</td><td>CL1.woman</td></tr></table><div class=klassen>bosi class 5/6 (ji-/Ø › ma-) → mabosi [person: form class 5/6, agreement class 1/2] · mwanamke class 1/2 (m-/mw- › wa-) → wanawake</div><div class=konkordanz>class 1: SUBJ a- · ADJ m-/mw- · GEN wa · DEM huyu/yule · POSS w- · REL -ye</div><div class=hinweis>bosi ist Kl.5, kongruiert als Person aber Kl.1</div>	A1 SD1 C Chef
It is about fifty kilometres from Mainz to Frankfurt.	Kutoka Mainz hadi Frankfurt ni kama kilomita hamsini.<hr><table class=gloss><tr class=mo><td>ku-tok-a</td><td>Mainz</td><td>hadi</td><td>Frankfurt</td><td>ni</td><td>kama</td><td>kilomita</td><td>hamsini</td></tr><tr class=la><td>CL15-come-IND</td><td>Mainz</td><td>until</td><td>Frankfurt</td><td>COP</td><td>about</td><td>CL9.kilometre</td><td>fifty</td></tr></table><div class=konkordanz>class 15: SUBJ ku- · ADJ ku- · GEN kwa · DEM huku/kule · POSS kw- · REL -ko · class 9: SUBJ i- · ADJ Ø/n- · GEN ya · DEM hii/ile · POSS y- · REL -yo</div><div class=hinweis>kama dient als &quot;etwa&quot; und als &quot;wie&quot;</div>	A1 SD1 C circa/ca_
When are you getting your new computer?	Utapata kompyuta yako mpya lini?<hr><table class=gloss><tr class=mo><td>u-ta-pat-a</td><td>kompyuta</td><td>y-ako</td><td>m-pya</td><td>lini</td></tr><tr class=la><td>2SG-FUT-get-IND</td><td>CL9.computer</td><td>CL9-your</td><td>CL9-new</td><td>when</td></tr></table><div class=klassen>kompyuta class 9/10 (Ø/n-) → kompyuta — number shows only in the agreement [loanword]</div><div class=konkordanz>class 9: SUBJ i- · ADJ Ø/n- · GEN ya · DEM hii/ile · POSS y- · REL -yo</div><div class=hinweis>mpya steht hier für Kl.9 ohne Nasalpräfix</div>	A1 SD1 C Computer
There he is, at the back.	Yuko huko nyuma.<hr><table class=gloss><tr class=mo><td>yu-ko</td><td>huko</td><td>nyuma</td></tr><tr class=la><td>3SG-be.there</td><td>there</td><td>behind</td></tr></table><div class=hinweis>yuko ist die Sonderform von a- plus -ko</div>	A1 SD1 D da
We are just talking about Paul. Here he comes.	Tunazungumza kuhusu Paul. Tazama, anakuja hivi sasa.<hr><table class=gloss><tr class=mo><td>tu-na-zungumz-a</td><td>kuhusu</td><td>Paul</td><td>tazam-a</td><td>a-na-kuj-a</td><td>hivi</td><td>sasa</td></tr><tr class=la><td>1PL-PRS-speak-IND</td><td>over</td><td>Paul</td><td>look-IMP</td><td>3SG-PRS-come-IND</td><td>same</td><td>now</td></tr></table><div class=hinweis>kuhusu &quot;über&quot; verlangt keinen Genitiv</div>	A1 SD1 D da
I will take that one there.	Nachukua hiki hapa.<hr><table class=gloss><tr class=mo><td>na-chuku-a</td><td>hiki</td><td>hapa</td></tr><tr class=la><td>1SG.PRS.GNRL-take-IND</td><td>CL7.DEM</td><td>here</td></tr></table><div class=konkordanz>class 7: SUBJ ki- · ADJ ki- · GEN cha · DEM hiki/kile · POSS ch- · REL -cho</div><div class=hinweis>hiki zeigt auf ein Ding der Kl.7</div>	A1 SD1 D da
Is Mr Klein here yet?	Bwana Klein yuko tayari?<hr><table class=gloss><tr class=mo><td>bwana</td><td>Klein</td><td>yu-ko</td><td>tayari</td></tr><tr class=la><td>CL5/CL1.mister</td><td>Klein</td><td>3SG-be.there</td><td>already</td></tr></table><div class=klassen>bwana class 5/6 (ji-/Ø › ma-) → mabwana [person: form class 5/6, agreement class 1/2]</div><div class=konkordanz>class 1: SUBJ a- · ADJ m-/mw- · GEN wa · DEM huyu/yule · POSS w- · REL -ye</div><div class=hinweis>yuko für Personen, iko für Sachen der Kl.9</div>	A1 SD1 D da
Ladies (on the toilet door)	Wanawake (kwenye choo)<hr><table class=gloss><tr class=mo><td>wanawake</td><td>kwenye</td><td>choo</td></tr><tr class=la><td>CL2.lady</td><td>at</td><td>CL7.toilet</td></tr></table><div class=klassen>mwanamke class 1/2 (m-/mw- › wa-) → wanawake · choo class 7/8 (ki- › vi-) → vyoo</div><div class=konkordanz>class 1: SUBJ a- · ADJ m-/mw- · GEN wa · DEM huyu/yule · POSS w- · REL -ye · class 7: SUBJ ki- · ADJ ki- · GEN cha · DEM hiki/kile · POSS ch- · REL -cho</div><div class=hinweis>Beschilderung ohne Verb</div>	A1 SD1 D Dame
Dear ladies and gentlemen!	Wanawake na wanaume waheshimiwa!<hr><table class=gloss><tr class=mo><td>wanawake</td><td>na</td><td>wanaume</td><td>wa-heshimi-w-a</td></tr><tr class=la><td>CL2.lady</td><td>and</td><td>CL2.mister</td><td>CL2-honour-PASS-IND</td></tr></table><div class=klassen>mwanamke class 1/2 (m-/mw- › wa-) → wanawake · mwanamume class 1/2 (m-/mw- › wa-) → wanaume</div><div class=konkordanz>class 1: SUBJ a- · ADJ m-/mw- · GEN wa · DEM huyu/yule · POSS w- · REL -ye</div><div class=hinweis>Anredeformel mit Passiv: &quot;die Geehrten&quot;</div>	A1 SD1 D Dame
You know the post office. The bank is next to it.	Unaijua posta. Benki iko kando yake.<hr><table class=gloss><tr class=mo><td>u-na-i-ju-a</td><td>posta</td><td>benki</td><td>i-ko</td><td>kando</td><td>y-ake</td></tr><tr class=la><td>2SG-PRS-OBJ9-know-IND</td><td>CL9.post</td><td>CL9.bank</td><td>CL9-be.there</td><td>next.to</td><td>CL9-be</td></tr></table><div class=klassen>posta class 9/10 (Ø/n-) → posta — number shows only in the agreement [loanword] · benki class 9/10 (Ø/n-) → benki — number shows only in the agreement [financial institution; bench = &quot;benchi&quot;]</div><div class=konkordanz>class 9: SUBJ i- · ADJ Ø/n- · GEN ya · DEM hii/ile · POSS y- · REL -yo</div><div class=hinweis>kando yake heißt wörtlich &quot;an ihrer Seite&quot;</div>	A1 SD1 D daneben
I thank you for the invitation.	Nawashukuru kwa mwaliko.<hr><table class=gloss><tr class=mo><td>na-wa-shukuru</td><td>kwa</td><td>mw-aliko</td></tr><tr class=la><td>1SG.PRS.GNRL-OBJ2PL-thank</td><td>for</td><td>CL3-invitation</td></tr></table><div class=klassen>mwaliko class 3/4 (m-/mw- › mi-) → mialiko</div><div class=konkordanz>class 3: SUBJ u- · ADJ m-/mw- · GEN wa · DEM huu/ule · POSS w- · REL -o</div><div class=hinweis>kushukuru ist arabisches Lehnverb auf -u</div>	A1 SD1 D danken
Many thanks!	Shukrani nyingi!<hr><table class=gloss><tr class=mo><td>shukrani</td><td>ny-ingi</td></tr><tr class=la><td>CL10.thanks</td><td>CL10-many</td></tr></table><div class=klassen>shukrani class 9/10 (Ø/n-) → shukrani — number shows only in the agreement</div><div class=konkordanz>class 9: SUBJ i- · ADJ Ø/n- · GEN ya · DEM hii/ile · POSS y- · REL -yo</div><div class=hinweis>nyingi kongruiert mit shukrani Kl.10</div>	A1 SD1 D Dank
Heartfelt thanks!	Shukrani za moyo!<hr><table class=gloss><tr class=mo><td>shukrani</td><td>z-a</td><td>moyo</td></tr><tr class=la><td>CL10.thanks</td><td>CL10-GEN</td><td>CL3.heart</td></tr></table><div class=klassen>shukrani class 9/10 (Ø/n-) → shukrani — number shows only in the agreement</div><div class=konkordanz>class 9: SUBJ i- · ADJ Ø/n- · GEN ya · DEM hii/ile · POSS y- · REL -yo</div><div class=hinweis>wörtlich &quot;Dank des Herzens&quot;</div>	A1 SD1 D Dank
Shall I help you? - No, thank you!	Nikusaidie? - Hapana, asante!<hr><table class=gloss><tr class=mo><td>ni-ku-saidi-e</td><td>hapana</td><td>asante</td></tr><tr class=la><td>1SG-OBJ2SG-help-SBJV</td><td>no</td><td>thanks</td></tr></table><div class=hinweis>Konjunktiv allein bietet Hilfe an</div>	A1 SD1 D danke
I have to pop to the post office, then I will come.	Lazima niende posta haraka, kisha nitakuja.<hr><table class=gloss><tr class=mo><td>lazima</td><td>ni-end-e</td><td>posta</td><td>haraka</td><td>kisha</td><td>ni-ta-kuj-a</td></tr><tr class=la><td>must</td><td>1SG-go-SBJV</td><td>CL9.post</td><td>fast</td><td>then</td><td>1SG-FUT-come-IND</td></tr></table><div class=klassen>posta class 9/10 (Ø/n-) → posta — number shows only in the agreement [loanword]</div><div class=konkordanz>class 9: SUBJ i- · ADJ Ø/n- · GEN ya · DEM hii/ile · POSS y- · REL -yo</div><div class=hinweis>kisha verknüpft zwei Handlungen zeitlich</div>	A1 SD1 D dann
Please also write the date on the form.	Tafadhali andikeni pia tarehe kwenye fomu.<hr><table class=gloss><tr class=mo><td>tafadhali</td><td>andik-eni</td><td>pia</td><td>tarehe</td><td>kwenye</td><td>fomu</td></tr><tr class=la><td>please</td><td>write-IMP.PL</td><td>also</td><td>CL9.date</td><td>at</td><td>CL9.form</td></tr></table><div class=klassen>tarehe class 9/10 (Ø/n-) → tarehe — number shows only in the agreement · fomu class 9/10 (Ø/n-) → fomu — number shows only in the agreement [loanword]</div><div class=konkordanz>class 9: SUBJ i- · ADJ Ø/n- · GEN ya · DEM hii/ile · POSS y- · REL -yo</div><div class=hinweis>tarehe ist Kl.9 und Kl.10 gleich</div>	A1 SD1 D Datum
How long does the film last?	Filamu inachukua muda gani?<hr><table class=gloss><tr class=mo><td>filamu</td><td>i-na-chuku-a</td><td>muda</td><td>gani</td></tr><tr class=la><td>CL9.film</td><td>CL9-PRS-take-IND</td><td>CL3.time</td><td>which</td></tr></table><div class=klassen>filamu class 9/10 (Ø/n-) → filamu — number shows only in the agreement [loanword] · muda class 3/10 (m-/mw- › Ø/n-) → nyakati [irregular plural]</div><div class=konkordanz>class 9: SUBJ i- · ADJ Ø/n- · GEN ya · DEM hii/ile · POSS y- · REL -yo · class 3: SUBJ u- · ADJ m-/mw- · GEN wa · DEM huu/ule · POSS w- · REL -o</div><div class=hinweis>dauern = Zeit nehmen</div>	A1 SD1 D dauern
Is that your car?	Hili ni gari lako?<hr><table class=gloss><tr class=mo><td>hili</td><td>ni</td><td>gari</td><td>l-ako</td></tr><tr class=la><td>CL5.DEM</td><td>COP</td><td>CL5.car</td><td>CL5-your</td></tr></table><div class=klassen>gari class 5/6 (ji-/Ø › ma-) → magari</div><div class=konkordanz>class 5: SUBJ li- · ADJ ji-/Ø · GEN la · DEM hili/lile · POSS l- · REL -lo</div><div class=hinweis>hili und lako kongruieren beide mit Kl.5</div>	A1 SD1 D dein
Is that yours?	Hili ni lako?<hr><table class=gloss><tr class=mo><td>hili</td><td>ni</td><td>l-ako</td></tr><tr class=la><td>CL5.DEM</td><td>COP</td><td>CL5-your</td></tr></table><div class=konkordanz>class 5: SUBJ li- · ADJ ji-/Ø · GEN la · DEM hili/lile · POSS l- · REL -lo</div><div class=hinweis>Possessiv steht allein, Klasse bleibt erkennbar</div>	A1 SD1 D dein
I cannot come, because I am ill.	Siwezi kuja, kwa sababu mimi ni mgonjwa.<hr><table class=gloss><tr class=mo><td>si-wez-i</td><td>ku-j-a</td><td>kwa</td><td>sababu</td><td>mimi</td><td>ni</td><td>m-gonjwa</td></tr><tr class=la><td>1SG.NEG-can-NEG</td><td>CL15-come-IND</td><td>for</td><td>CL9.cause</td><td>I</td><td>COP</td><td>CL1-ill</td></tr></table><div class=konkordanz>class 15: SUBJ ku- · ADJ ku- · GEN kwa · DEM huku/kule · POSS kw- · REL -ko · class 9: SUBJ i- · ADJ Ø/n- · GEN ya · DEM hii/ile · POSS y- · REL -yo</div><div class=hinweis>siwezi: negatives si- plus Endvokal -i</div>	A1 SD1 D denn
I will take that one there.	Nachukua hiki hapa.<hr><table class=gloss><tr class=mo><td>na-chuku-a</td><td>hiki</td><td>hapa</td></tr><tr class=la><td>1SG.PRS.GNRL-take-IND</td><td>CL7.DEM</td><td>here</td></tr></table><div class=konkordanz>class 7: SUBJ ki- · ADJ ki- · GEN cha · DEM hiki/kile · POSS ch- · REL -cho</div><div class=hinweis>Swahili hat keinen Artikel, nur Demonstrativa</div>	A1 SD1 D der
Here is the letter you are looking for.	Hii ni barua unayoitafuta.<hr><table class=gloss><tr class=mo><td>hii</td><td>ni</td><td>barua</td><td>u-na-yo-i-tafut-a</td></tr><tr class=la><td>CL9.DEM</td><td>COP</td><td>CL9.letter</td><td>2SG-PRS-REL9-OBJ9-search-IND</td></tr></table><div class=klassen>barua class 9/10 (Ø/n-) → barua — number shows only in the agreement [number shows only in the agreement]</div><div class=konkordanz>class 9: SUBJ i- · ADJ Ø/n- · GEN ya · DEM hii/ile · POSS y- · REL -yo</div><div class=hinweis>Relativsatz ohne Relativpronomen, nur Infixe</div>	A1 SD1 D der
You can get the ticket at the station.	Tiketi utaipata stesheni.<hr><table class=gloss><tr class=mo><td>tiketi</td><td>u-ta-i-pat-a</td><td>stesheni</td></tr><tr class=la><td>CL9.ticket</td><td>2SG-FUT-OBJ9-get-IND</td><td>CL9.station</td></tr></table><div class=klassen>tiketi class 9/10 (Ø/n-) → tiketi — number shows only in the agreement [loanword] · stesheni class 9/10 (Ø/n-) → stesheni — number shows only in the agreement [loanword]</div><div class=konkordanz>class 9: SUBJ i- · ADJ Ø/n- · GEN ya · DEM hii/ile · POSS y- · REL -yo</div><div class=hinweis>Vorangestelltes Objekt wird im Verb wiederholt</div>	A1 SD1 D der
The flowers are for you.	Maua ni kwa ajili yako.<hr><table class=gloss><tr class=mo><td>ma-ua</td><td>ni</td><td>kwa</td><td>ajili</td><td>y-ako</td></tr><tr class=la><td>CL6-flower</td><td>COP</td><td>for</td><td>CL9.purpose</td><td>CL9-your</td></tr></table><div class=klassen>ua class 5/6 (ji-/Ø › ma-) → maua [zero prefix in the singular]</div><div class=konkordanz>class 5: SUBJ li- · ADJ ji-/Ø · GEN la · DEM hili/lile · POSS l- · REL -lo</div><div class=hinweis>kwa ajili ya für den Zweck</div>	A1 SD1 D dich
I would rather have this cake.	Napenda kuchukua keki hii zaidi.<hr><table class=gloss><tr class=mo><td>na-pend-a</td><td>ku-chuku-a</td><td>keki</td><td>hii</td><td>zaidi</td></tr><tr class=la><td>1SG.PRS.GNRL-like-IND</td><td>CL15-take-IND</td><td>CL9.cake</td><td>CL9.DEM</td><td>more</td></tr></table><div class=klassen>keki class 9/10 (Ø/n-) → keki — number shows only in the agreement [loanword]</div><div class=konkordanz>class 9: SUBJ i- · ADJ Ø/n- · GEN ya · DEM hii/ile · POSS y- · REL -yo</div><div class=hinweis>lieber = kupenda zaidi</div>	A1 SD1 D dies
Do you like the flowers?	Maua yanakupendeza?<hr><table class=gloss><tr class=mo><td>ma-ua</td><td>ya-na-ku-pendez-a</td></tr><tr class=la><td>CL6-flower</td><td>CL6-PRS-OBJ2SG-please-IND</td></tr></table><div class=klassen>ua class 5/6 (ji-/Ø › ma-) → maua [zero prefix in the singular]</div><div class=konkordanz>class 5: SUBJ li- · ADJ ji-/Ø · GEN la · DEM hili/lile · POSS l- · REL -lo</div><div class=hinweis>Das Gefallende ist Subjekt, der Mensch Objekt</div>	A1 SD1 D dir
This evening we are going dancing at the disco.	Leo jioni tunaenda disko kucheza.<hr><table class=gloss><tr class=mo><td>leo</td><td>jioni</td><td>tu-na-end-a</td><td>disko</td><td>ku-chez-a</td></tr><tr class=la><td>today</td><td>CL9.evening</td><td>1PL-PRS-go-IND</td><td>CL9.disco</td><td>CL15-dance-IND</td></tr></table><div class=klassen>disko class 9/10 (Ø/n-) → disko — number shows only in the agreement [loanword]</div><div class=konkordanz>class 9: SUBJ i- · ADJ Ø/n- · GEN ya · DEM hii/ile · POSS y- · REL -yo</div><div class=hinweis>Zweck durch Infinitiv der Kl.15</div>	A1 SD1 D Disco
My daughter is ill. We are going to the doctor.	Binti yangu ni mgonjwa. Tunaenda kwa daktari.<hr><table class=gloss><tr class=mo><td>binti</td><td>y-angu</td><td>ni</td><td>m-gonjwa</td><td>tu-na-end-a</td><td>kwa</td><td>daktari</td></tr><tr class=la><td>CL5/CL1.daughter</td><td>CL9-my</td><td>COP</td><td>CL1-ill</td><td>1PL-PRS-go-IND</td><td>to</td><td>CL5/CL1.doctor</td></tr></table><div class=klassen>binti class 5/6 (ji-/Ø › ma-) → mabinti [person: form class 5/6, agreement class 1/2] · daktari class 5/6 (ji-/Ø › ma-) → madaktari [person: form class 5/6, agreement class 1/2]</div><div class=konkordanz>class 1: SUBJ a- · ADJ m-/mw- · GEN wa · DEM huyu/yule · POSS w- · REL -ye</div><div class=hinweis>binti nimmt yangu Kl.9, kongruiert aber als Person</div>	A1 SD1 D Doktor
Would you like a double room or a single room?	Mnataka chumba cha watu wawili au cha mtu mmoja?<hr><table class=gloss><tr class=mo><td>m-na-tak-a</td><td>ki-umba</td><td>ch-a</td><td>watu</td><td>w-awili</td><td>au</td><td>ch-a</td><td>mtu</td><td>m-moja</td></tr><tr class=la><td>2PL-PRS-want-IND</td><td>CL7-room</td><td>CL7-GEN</td><td>CL2.people</td><td>CL2-two</td><td>or</td><td>CL7-GEN</td><td>CL1.person</td><td>CL1-one</td></tr></table><div class=klassen>chumba class 7/8 (ki- › vi-) → vyumba · mtu class 1/2 (m-/mw- › wa-) → watu [model word for class 1/2]</div><div class=konkordanz>class 7: SUBJ ki- · ADJ ki- · GEN cha · DEM hiki/kile · POSS ch- · REL -cho · class 1: SUBJ a- · ADJ m-/mw- · GEN wa · DEM huyu/yule · POSS w- · REL -ye</div><div class=hinweis>Der Genitiv cha wiederholt sich beim zweiten Glied</div>	A1 SD1 D Doppelzimmer
My family lives in a village.	Familia yangu inakaa kijijini.<hr><table class=gloss><tr class=mo><td>familia</td><td>y-angu</td><td>i-na-ka-a</td><td>ki-jiji-ni</td></tr><tr class=la><td>CL9.family</td><td>CL9-my</td><td>CL9-PRS-live-IND</td><td>CL7-village-LOC</td></tr></table><div class=klassen>familia class 9/10 (Ø/n-) → familia — number shows only in the agreement [loanword]</div><div class=konkordanz>class 9: SUBJ i- · ADJ Ø/n- · GEN ya · DEM hii/ile · POSS y- · REL -yo</div><div class=hinweis>Ortssuffix -ni tritt an das Nomen der Kl.7</div>	A1 SD1 D Dorf
You can put your bag over there.	Mfuko wako unaweza kuuweka huko.<hr><table class=gloss><tr class=mo><td>m-fuko</td><td>w-ako</td><td>u-na-wez-a</td><td>ku-u-wek-a</td><td>huko</td></tr><tr class=la><td>CL3-bag</td><td>CL3-your</td><td>CL3-PRS-can-IND</td><td>CL15-OBJ3-place-IND</td><td>over.there</td></tr></table><div class=klassen>mfuko class 3/4 (m-/mw- › mi-) → mifuko</div><div class=konkordanz>class 3: SUBJ u- · ADJ m-/mw- · GEN wa · DEM huu/ule · POSS w- · REL -o</div><div class=hinweis>Objektpräfix -u- greift mfuko Kl.3 auf</div>	A1 SD1 D dort
There is our house.	Nyumba yetu iko huko.<hr><table class=gloss><tr class=mo><td>nyumba</td><td>y-etu</td><td>i-ko</td><td>huko</td></tr><tr class=la><td>CL9.house</td><td>CL9-our</td><td>CL9-be.there</td><td>there</td></tr></table><div class=klassen>nyumba class 9/10 (Ø/n-) → nyumba — number shows only in the agreement</div><div class=konkordanz>class 9: SUBJ i- · ADJ Ø/n- · GEN ya · DEM hii/ile · POSS y- · REL -yo</div><div class=hinweis>iko für Sachen, yuko für Personen</div>	A1 SD1 D dort
Shall we sit outside?	Tukae nje?<hr><table class=gloss><tr class=mo><td>tu-ka-e</td><td>nje</td></tr><tr class=la><td>1PL-sit-SBJV</td><td>outside</td></tr></table><div class=hinweis>nje ist unveränderlich</div>	A1 SD1 D draußen
Please print the form for me.	Tafadhali nichapishie fomu.<hr><table class=gloss><tr class=mo><td>tafadhali</td><td>ni-chapish-i-e</td><td>fomu</td></tr><tr class=la><td>please</td><td>OBJ1SG-print-APPL-SBJV</td><td>CL9.form</td></tr></table><div class=klassen>fomu class 9/10 (Ø/n-) → fomu — number shows only in the agreement [loanword]</div><div class=konkordanz>class 9: SUBJ i- · ADJ Ø/n- · GEN ya · DEM hii/ile · POSS y- · REL -yo</div><div class=hinweis>Applikativ nennt den Begünstigten</div>	A1 SD1 D drucken
My printer is broken.	Printa yangu imeharibika.<hr><table class=gloss><tr class=mo><td>printa</td><td>y-angu</td><td>i-me-haribik-a</td></tr><tr class=la><td>CL9.printer</td><td>CL9-my</td><td>CL9-PRF-break-IND</td></tr></table><div class=klassen>printa class 9/10 (Ø/n-) → printa — number shows only in the agreement [loanword]</div><div class=konkordanz>class 9: SUBJ i- · ADJ Ø/n- · GEN ya · DEM hii/ile · POSS y- · REL -yo</div><div class=hinweis>Stativ -ik- plus Perfekt ergibt &quot;ist kaputt&quot;</div>	A1 SD1 D Drucker
Press here, then the computer comes on.	Bonyeza hapa, kisha kompyuta itawaka.<hr><table class=gloss><tr class=mo><td>bonyez-a</td><td>hapa</td><td>kisha</td><td>kompyuta</td><td>i-ta-wak-a</td></tr><tr class=la><td>press-IMP</td><td>here</td><td>then</td><td>CL9.computer</td><td>CL9-FUT-come.on-IND</td></tr></table><div class=klassen>kompyuta class 9/10 (Ø/n-) → kompyuta — number shows only in the agreement [loanword]</div><div class=konkordanz>class 9: SUBJ i- · ADJ Ø/n- · GEN ya · DEM hii/ile · POSS y- · REL -yo</div><div class=hinweis>kuwaka für Licht und Geräte</div>	A1 SD1 D drücken
It is best to go along the Breite Straße.	Ni bora mpite katika barabara pana.<hr><table class=gloss><tr class=mo><td>ni</td><td>bora</td><td>m-pit-e</td><td>katika</td><td>barabara</td><td>pana</td></tr><tr class=la><td>COP</td><td>better</td><td>2PL-go-SBJV</td><td>through</td><td>CL9.street</td><td>wide</td></tr></table><div class=klassen>barabara class 9/10 (Ø/n-) → barabara — number shows only in the agreement</div><div class=konkordanz>class 9: SUBJ i- · ADJ Ø/n- · GEN ya · DEM hii/ile · POSS y- · REL -yo</div><div class=hinweis>pana bleibt in Kl.9 ohne Präfix</div>	A1 SD1 D durch
I did not understand the announcement.	Sijaelewa tangazo.<hr><table class=gloss><tr class=mo><td>si-ja-elew-a</td><td>tangazo</td></tr><tr class=la><td>1SG.NEG-PRF.NEG-understand-IND</td><td>CL5.announcement</td></tr></table><div class=klassen>tangazo class 5/6 (ji-/Ø › ma-) → matangazo</div><div class=konkordanz>class 5: SUBJ li- · ADJ ji-/Ø · GEN la · DEM hili/lile · POSS l- · REL -lo</div><div class=hinweis>-ja- ist das negative Perfekt: noch nicht</div>	A1 SD1 D Durchsage
You are not allowed to smoke here.	Hamruhusiwi kuvuta sigara hapa.<hr><table class=gloss><tr class=mo><td>ham-ruhus-iw-i</td><td>ku-vut-a</td><td>sigara</td><td>hapa</td></tr><tr class=la><td>2PL.NEG-allow-PASS-NEG</td><td>CL15-pull-IND</td><td>CL9.cigarette</td><td>here</td></tr></table><div class=klassen>sigara class 9/10 (Ø/n-) → sigara — number shows only in the agreement [loanword]</div><div class=konkordanz>class 9: SUBJ i- · ADJ Ø/n- · GEN ya · DEM hii/ile · POSS y- · REL -yo</div><div class=hinweis>rauchen = kuvuta sigara, &quot;Zigarette ziehen&quot;</div>	A1 SD1 D dürfen
May I invite you for a coffee?	Naweza kuwakaribisha kahawa?<hr><table class=gloss><tr class=mo><td>na-wez-a</td><td>ku-wa-karibish-a</td><td>kahawa</td></tr><tr class=la><td>1SG.PRS.GNRL-can-IND</td><td>CL15-OBJ2PL-invite-IND</td><td>CL9.coffee</td></tr></table><div class=klassen>kahawa class 9/10 (Ø/n-) → kahawa — number shows only in the agreement</div><div class=konkordanz>class 9: SUBJ i- · ADJ Ø/n- · GEN ya · DEM hii/ile · POSS y- · REL -yo</div><div class=hinweis>karibisha ist der Kausativ zu karibu</div>	A1 SD1 D dürfen
It must not cost more than 15 euros.	Haipaswi kugharimu zaidi ya Euro kumi na tano.<hr><table class=gloss><tr class=mo><td>hai-pasw-i</td><td>ku-gharimu</td><td>zaidi</td><td>y-a</td><td>Euro</td><td>kumi</td><td>na</td><td>tano</td></tr><tr class=la><td>CL9.NEG-shall-NEG</td><td>CL15-cost</td><td>more</td><td>CL9-GEN</td><td>euro</td><td>ten</td><td>and</td><td>five</td></tr></table><div class=konkordanz>class 9: SUBJ i- · ADJ Ø/n- · GEN ya · DEM hii/ile · POSS y- · REL -yo · class 15: SUBJ ku- · ADJ ku- · GEN kwa · DEM huku/kule · POSS kw- · REL -ko</div><div class=hinweis>fünfzehn = kumi na tano</div>	A1 SD1 D dürfen
Do you have something to drink? I am very thirsty.	Una kitu cha kunywa? Nina kiu kali.<hr><table class=gloss><tr class=mo><td>u-na</td><td>ki-tu</td><td>ch-a</td><td>ku-nyw-a</td><td>ni-na</td><td>kiu</td><td>kali</td></tr><tr class=la><td>2SG-have</td><td>CL7-thing</td><td>CL7-GEN</td><td>CL15-drink-IND</td><td>1SG-have</td><td>CL9.thirst</td><td>sharp</td></tr></table><div class=klassen>kiu class 9 (Ø/n-), no number change [no plural]</div><div class=konkordanz>class 9: SUBJ i- · ADJ Ø/n- · GEN ya · DEM hii/ile · POSS y- · REL -yo</div><div class=hinweis>Durst haben, nicht durstig sein</div>	A1 SD1 D Durst
I do not much like bathing, I prefer showering.	Sipendi kuoga kwenye bafu, napenda kunyeshewa zaidi.<hr><table class=gloss><tr class=mo><td>si-pend-i</td><td>ku-og-a</td><td>kwenye</td><td>bafu</td><td>na-pend-a</td><td>ku-nyeshe-w-a</td><td>zaidi</td></tr><tr class=la><td>1SG.NEG-like-NEG</td><td>CL15-bathe-IND</td><td>at</td><td>CL9.bathroom</td><td>1SG.PRS.GNRL-like-IND</td><td>CL15-shower-PASS-IND</td><td>more</td></tr></table><div class=klassen>bafu class 9/10 (Ø/n-) → bafu — number shows only in the agreement [loanword]</div><div class=konkordanz>class 9: SUBJ i- · ADJ Ø/n- · GEN ya · DEM hii/ile · POSS y- · REL -yo</div><div class=hinweis>duschen steht im Passiv: man wird berieselt</div>	A1 SD1 D duschen
Our flat only has a shower.	Nyumba yetu ina bomba la kunyeshea tu.<hr><table class=gloss><tr class=mo><td>nyumba</td><td>y-etu</td><td>i-na</td><td>bomba</td><td>l-a</td><td>ku-nyeshe-a</td><td>tu</td></tr><tr class=la><td>CL9.house</td><td>CL9-our</td><td>CL9-have</td><td>CL5.pipe</td><td>CL5-GEN</td><td>CL15-sprinkle-IND</td><td>only</td></tr></table><div class=klassen>nyumba class 9/10 (Ø/n-) → nyumba — number shows only in the agreement · bomba la kunyeshea class 5/6 (ji-/Ø › ma-) → mabomba ya kunyeshea [genitive agrees with the head noun]</div><div class=konkordanz>class 9: SUBJ i- · ADJ Ø/n- · GEN ya · DEM hii/ile · POSS y- · REL -yo · class 5: SUBJ li- · ADJ ji-/Ø · GEN la · DEM hili/lile · POSS l- · REL -lo</div><div class=hinweis>Dusche als bomba la kunyeshea umschrieben</div>	A1 SD1 D Dusche
Left at the next corner.	Kwenye kona inayofuata kushoto.<hr><table class=gloss><tr class=mo><td>kwenye</td><td>kona</td><td>i-na-yo-fuat-a</td><td>ku-shoto</td></tr><tr class=la><td>at</td><td>CL9.corner</td><td>CL9-PRS-REL9-follow-IND</td><td>CL17-left</td></tr></table><div class=klassen>kona class 9/10 (Ø/n-) → kona — number shows only in the agreement [loanword]</div><div class=konkordanz>class 9: SUBJ i- · ADJ Ø/n- · GEN ya · DEM hii/ile · POSS y- · REL -yo</div><div class=hinweis>links und rechts sind Ortswörter der Kl.17</div>	A1 SD1 E Ecke
This is my husband/my wife.	Huyu ni mume wangu/mke wangu.<hr><table class=gloss><tr class=mo><td>huyu</td><td>ni</td><td>mume</td><td>w-angu</td><td>mke</td><td>w-angu</td></tr><tr class=la><td>CL1.DEM</td><td>COP</td><td>CL1.husband</td><td>CL1-my</td><td>CL1.wife</td><td>CL1-my</td></tr></table><div class=klassen>mke class 1/2 (m-/mw- › wa-) → wake [husband = &quot;mume&quot; class 1/2]</div><div class=konkordanz>class 1: SUBJ a- · ADJ m-/mw- · GEN wa · DEM huyu/yule · POSS w- · REL -ye</div><div class=hinweis>mume und mke sind beide Kl.1</div>	A1 SD1 E Ehefrau
Would you like an egg for breakfast?	Unataka yai kwa kifungua kinywa?<hr><table class=gloss><tr class=mo><td>u-na-tak-a</td><td>yai</td><td>kwa</td><td>ki-fungua</td><td>kinywa</td></tr><tr class=la><td>2SG-PRS-want-IND</td><td>CL5.egg</td><td>for</td><td>CL7-open</td><td>CL7.mouth</td></tr></table><div class=klassen>yai class 5/6 (ji-/Ø › ma-) → mayai · kifungua kinywa class 7/8 (ki- › vi-) → vifungua kinywa [literally &quot;mouth-opener&quot;]</div><div class=konkordanz>class 5: SUBJ li- · ADJ ji-/Ø · GEN la · DEM hili/lile · POSS l- · REL -lo · class 7: SUBJ ki- · ADJ ki- · GEN cha · DEM hiki/kile · POSS ch- · REL -cho</div><div class=hinweis>yai Kl.5, Plural mayai Kl.6</div>	A1 SD1 E Ei
Are you in a hurry?	Una haraka?<hr><table class=gloss><tr class=mo><td>u-na</td><td>haraka</td></tr><tr class=la><td>2SG-have</td><td>CL9.hurry</td></tr></table><div class=konkordanz>class 9: SUBJ i- · ADJ Ø/n- · GEN ya · DEM hii/ile · POSS y- · REL -yo</div><div class=hinweis>Eile haben statt eilig sein</div>	A1 SD1 E eilig
I will have a beer. Do you want one too?	Nachukua bia. Unataka moja pia?<hr><table class=gloss><tr class=mo><td>na-chuku-a</td><td>bia</td><td>u-na-tak-a</td><td>moja</td><td>pia</td></tr><tr class=la><td>1SG.PRS.GNRL-take-IND</td><td>CL9.beer</td><td>2SG-PRS-want-IND</td><td>one</td><td>also</td></tr></table><div class=klassen>bia class 9/10 (Ø/n-) → bia — number shows only in the agreement [loanword]</div><div class=konkordanz>class 9: SUBJ i- · ADJ Ø/n- · GEN ya · DEM hii/ile · POSS y- · REL -yo</div><div class=hinweis>moja steht allein für &quot;eines&quot;</div>	A1 SD1 E ein
Is there someone here who can do that?	Kuna mtu hapa anayeweza kufanya hivi?<hr><table class=gloss><tr class=mo><td>ku-na</td><td>mtu</td><td>hapa</td><td>a-na-ye-wez-a</td><td>ku-fany-a</td><td>hivi</td></tr><tr class=la><td>CL17-with</td><td>CL1.person</td><td>here</td><td>CL1-PRS-REL1-can-IND</td><td>CL15-do-IND</td><td>so</td></tr></table><div class=klassen>mtu class 1/2 (m-/mw- › wa-) → watu [model word for class 1/2]</div><div class=konkordanz>class 1: SUBJ a- · ADJ m-/mw- · GEN wa · DEM huyu/yule · POSS w- · REL -ye</div><div class=hinweis>Relativinfix -ye- für Personen der Kl.1</div>	A1 SD1 E ein
The exam is quite easy.	Mtihani ni rahisi kabisa.<hr><table class=gloss><tr class=mo><td>m-tihani</td><td>ni</td><td>rahisi</td><td>kabisa</td></tr><tr class=la><td>CL3-exam</td><td>COP</td><td>easy</td><td>quite</td></tr></table><div class=klassen>mtihani class 3/4 (m-/mw- › mi-) → mitihani</div><div class=konkordanz>class 3: SUBJ u- · ADJ m-/mw- · GEN wa · DEM huu/ule · POSS w- · REL -o</div><div class=hinweis>rahisi heißt einfach und billig</div>	A1 SD1 E einfach
Return? - No, single only, please.	Kwenda na kurudi? - Hapana, kwenda tu tafadhali.<hr><table class=gloss><tr class=mo><td>kw-end-a</td><td>na</td><td>ku-rudi</td><td>hapana</td><td>kw-end-a</td><td>tu</td><td>tafadhali</td></tr><tr class=la><td>CL15-go-IND</td><td>and</td><td>CL15-return</td><td>no</td><td>CL15-go-IND</td><td>only</td><td>please</td></tr></table><div class=konkordanz>class 15: SUBJ ku- · ADJ ku- · GEN kwa · DEM huku/kule · POSS kw- · REL -ko</div><div class=hinweis>einfache Fahrt wörtlich &quot;nur hin&quot;</div>	A1 SD1 E einfach
I only need a simple room.	Nahitaji chumba cha kawaida tu.<hr><table class=gloss><tr class=mo><td>na-hitaji</td><td>ki-umba</td><td>ch-a</td><td>kawaida</td><td>tu</td></tr><tr class=la><td>1SG.PRS.GNRL-need</td><td>CL7-room</td><td>CL7-GEN</td><td>CL9.habit</td><td>only</td></tr></table><div class=klassen>chumba class 7/8 (ki- › vi-) → vyumba</div><div class=konkordanz>class 7: SUBJ ki- · ADJ ki- · GEN cha · DEM hiki/kile · POSS ch- · REL -cho</div><div class=hinweis>cha kawaida heißt &quot;gewöhnlich, schlicht&quot;</div>	A1 SD1 E einfach
The entrance is round the corner.	Njia ya kuingia iko kwenye kona.<hr><table class=gloss><tr class=mo><td>njia</td><td>y-a</td><td>ku-ingi-a</td><td>i-ko</td><td>kwenye</td><td>kona</td></tr><tr class=la><td>CL9.way</td><td>CL9-GEN</td><td>CL15-go.in-IND</td><td>CL9-be.there</td><td>at</td><td>CL9.corner</td></tr></table><div class=klassen>njia ya kutoka class 9/10 (Ø/n-) → njia za kutoka [genitive agrees with the head noun] · kona class 9/10 (Ø/n-) → kona — number shows only in the agreement [loanword]</div><div class=konkordanz>class 9: SUBJ i- · ADJ Ø/n- · GEN ya · DEM hii/ile · POSS y- · REL -yo</div><div class=hinweis>Eingang als njia ya kuingia umschrieben</div>	A1 SD1 E Eingang
I still have to shop for tomorrow.	Lazima ninunue vitu kwa kesho.<hr><table class=gloss><tr class=mo><td>lazima</td><td>ni-nunu-e</td><td>vi-tu</td><td>kwa</td><td>kesho</td></tr><tr class=la><td>must</td><td>1SG-buy-SBJV</td><td>CL8-thing</td><td>for</td><td>tomorrow</td></tr></table><div class=konkordanz>class 8: SUBJ vi- · ADJ vi- · GEN vya · DEM hivi/vile · POSS vy- · REL -vyo</div><div class=hinweis>einkaufen = vitu kununua, &quot;Dinge kaufen&quot;</div>	A1 SD1 E einkaufen
May I invite you for a coffee?	Naweza kuwakaribisha kahawa?<hr><table class=gloss><tr class=mo><td>na-wez-a</td><td>ku-wa-karibish-a</td><td>kahawa</td></tr><tr class=la><td>1SG.PRS.GNRL-can-IND</td><td>CL15-OBJ2PL-invite-IND</td><td>CL9.coffee</td></tr></table><div class=klassen>kahawa class 9/10 (Ø/n-) → kahawa — number shows only in the agreement</div><div class=konkordanz>class 9: SUBJ i- · ADJ Ø/n- · GEN ya · DEM hii/ile · POSS y- · REL -yo</div><div class=hinweis>Objektpräfix -wa- steht für höfliches Sie</div>	A1 SD1 E einladen
Thank you for the invitation!	Asante kwa mwaliko!<hr><table class=gloss><tr class=mo><td>asante</td><td>kwa</td><td>mw-aliko</td></tr><tr class=la><td>thanks</td><td>for</td><td>CL3-invitation</td></tr></table><div class=klassen>mwaliko class 3/4 (m-/mw- › mi-) → mialiko</div><div class=konkordanz>class 3: SUBJ u- · ADJ m-/mw- · GEN wa · DEM huu/ule · POSS w- · REL -o</div><div class=hinweis>mwaliko Kl.3, Plural mialiko Kl.4</div>	A1 SD1 E Einladung
I am not going to take this exam again.	Mtihani huu sitaufanya tena.<hr><table class=gloss><tr class=mo><td>m-tihani</td><td>huu</td><td>si-ta-u-fany-a</td><td>tena</td></tr><tr class=la><td>CL3-exam</td><td>CL3.DEM</td><td>1SG.NEG-FUT-OBJ3-do-IND</td><td>again</td></tr></table><div class=klassen>mtihani class 3/4 (m-/mw- › mi-) → mitihani</div><div class=konkordanz>class 3: SUBJ u- · ADJ m-/mw- · GEN wa · DEM huu/ule · POSS w- · REL -o</div><div class=hinweis>Negatives Futur behält -ta-, nur si- tritt hinzu</div>	A1 SD1 E einmal
Quick, get in, the train is leaving in a moment.	Haraka, panda, treni inaondoka hivi punde.<hr><table class=gloss><tr class=mo><td>haraka</td><td>pand-a</td><td>treni</td><td>i-na-ondok-a</td><td>hivi</td><td>punde</td></tr><tr class=la><td>fast</td><td>get.in-IMP</td><td>CL9.train</td><td>CL9-PRS-depart-IND</td><td>same</td><td>at.once</td></tr></table><div class=klassen>treni class 9/10 (Ø/n-) → treni — number shows only in the agreement [loanword]</div><div class=konkordanz>class 9: SUBJ i- · ADJ Ø/n- · GEN ya · DEM hii/ile · POSS y- · REL -yo</div><div class=hinweis>kupanda heißt einsteigen und aufsteigen</div>	A1 SD1 E einsteigen
The price of admission is 5 euros.	Bei ya kiingilio ni Euro tano.<hr><table class=gloss><tr class=mo><td>bei</td><td>y-a</td><td>ki-ingilio</td><td>ni</td><td>Euro</td><td>tano</td></tr><tr class=la><td>CL9.price</td><td>CL9-GEN</td><td>CL7-admission</td><td>COP</td><td>euro</td><td>five</td></tr></table><div class=klassen>bei class 9/10 (Ø/n-) → bei — number shows only in the agreement · kiingilio class 7/8 (ki- › vi-) → viingilio</div><div class=konkordanz>class 9: SUBJ i- · ADJ Ø/n- · GEN ya · DEM hii/ile · POSS y- · REL -yo · class 7: SUBJ ki- · ADJ ki- · GEN cha · DEM hiki/kile · POSS ch- · REL -cho</div><div class=hinweis>kiingilio Kl.7, Plural viingilio Kl.8</div>	A1 SD1 E Eintritt
Do you still have a single room?	Mnayo bado chumba cha mtu mmoja?<hr><table class=gloss><tr class=mo><td>m-na-yo</td><td>bado</td><td>ki-umba</td><td>ch-a</td><td>mtu</td><td>m-moja</td></tr><tr class=la><td>2PL-have-REL9</td><td>still</td><td>CL7-room</td><td>CL7-GEN</td><td>CL1.person</td><td>CL1-one</td></tr></table><div class=klassen>chumba class 7/8 (ki- › vi-) → vyumba · mtu class 1/2 (m-/mw- › wa-) → watu [model word for class 1/2]</div><div class=konkordanz>class 7: SUBJ ki- · ADJ ki- · GEN cha · DEM hiki/kile · POSS ch- · REL -cho · class 1: SUBJ a- · ADJ m-/mw- · GEN wa · DEM huyu/yule · POSS w- · REL -ye</div><div class=hinweis>mmoja kongruiert mit mtu Kl.1</div>	A1 SD1 E Einzelzimmer
My parents live in Spain.	Wazazi wangu wanakaa Hispania.<hr><table class=gloss><tr class=mo><td>wazazi</td><td>w-angu</td><td>wa-na-ka-a</td><td>Hispania</td></tr><tr class=la><td>CL2.parents</td><td>CL2-my</td><td>CL2-PRS-live-IND</td><td>Spain</td></tr></table><div class=klassen>mzazi class 1/2 (m-/mw- › wa-) → wazazi [German has plural only]</div><div class=konkordanz>class 1: SUBJ a- · ADJ m-/mw- · GEN wa · DEM huyu/yule · POSS w- · REL -ye</div><div class=hinweis>mzazi Kl.1, Plural wazazi Kl.2</div>	A1 SD1 E Eltern__pl__
I did not receive your email.	Sijapokea barua pepe yako.<hr><table class=gloss><tr class=mo><td>si-ja-poke-a</td><td>barua</td><td>pepe</td><td>y-ako</td></tr><tr class=la><td>1SG.NEG-PRF.NEG-receive-IND</td><td>CL9.letter</td><td>wind</td><td>CL9-your</td></tr></table><div class=klassen>barua class 9/10 (Ø/n-) → barua — number shows only in the agreement [number shows only in the agreement]</div><div class=konkordanz>class 9: SUBJ i- · ADJ Ø/n- · GEN ya · DEM hii/ile · POSS y- · REL -yo</div><div class=hinweis>barua pepe heißt wörtlich &quot;Windbrief&quot;</div>	A1 SD1 E E
Your name is on the letter, so you are the recipient.	Kwenye barua kumeandikwa jina lako, kwa hiyo wewe ni mpokeaji.<hr><table class=gloss><tr class=mo><td>kwenye</td><td>barua</td><td>ku-me-andik-w-a</td><td>jina</td><td>l-ako</td><td>kwa</td><td>hiyo</td><td>wewe</td><td>ni</td><td>m-pokeaji</td></tr><tr class=la><td>at</td><td>CL9.letter</td><td>CL17-PRF-write-PASS-IND</td><td>CL5.name</td><td>CL5-your</td><td>for</td><td>CL9.DEM</td><td>you</td><td>COP</td><td>CL1-recipient</td></tr></table><div class=klassen>barua class 9/10 (Ø/n-) → barua — number shows only in the agreement [number shows only in the agreement] · jina class 5/6 (ji-/Ø › ma-) → majina · mpokeaji class 1/2 (m-/mw- › wa-) → wapokeaji</div><div class=konkordanz>class 9: SUBJ i- · ADJ Ø/n- · GEN ya · DEM hii/ile · POSS y- · REL -yo · class 5: SUBJ li- · ADJ ji-/Ø · GEN la · DEM hili/lile · POSS l- · REL -lo</div><div class=hinweis>Unpersönliches Passiv nimmt die Ortsklasse 17</div>	A1 SD1 E Empfänger
Which wine can you recommend to me?	Mvinyo upi mnaweza kunipendekeza?<hr><table class=gloss><tr class=mo><td>m-vinyo</td><td>upi</td><td>m-na-wez-a</td><td>ku-ni-pendekez-a</td></tr><tr class=la><td>CL3-wine</td><td>CL3.which</td><td>2PL-PRS-can-IND</td><td>CL15-OBJ1SG-recommend-IND</td></tr></table><div class=klassen>mvinyo class 3/4 (m-/mw- › mi-) → mivinyo</div><div class=konkordanz>class 3: SUBJ u- · ADJ m-/mw- · GEN wa · DEM huu/ule · POSS w- · REL -o</div><div class=hinweis>Fragewort upi kongruiert mit mvinyo Kl.3</div>	A1 SD1 E empfehlen
The road ends here.	Barabara inaishia hapa.<hr><table class=gloss><tr class=mo><td>barabara</td><td>i-na-ish-i-a</td><td>hapa</td></tr><tr class=la><td>CL9.street</td><td>CL9-PRS-end-APPL-IND</td><td>here</td></tr></table><div class=klassen>barabara class 9/10 (Ø/n-) → barabara — number shows only in the agreement</div><div class=konkordanz>class 9: SUBJ i- · ADJ Ø/n- · GEN ya · DEM hii/ile · POSS y- · REL -yo</div><div class=hinweis>Applikativ -i- verlangt die Ortsangabe</div>	A1 SD1 E enden
She lives at the end of the street.	Anakaa mwishoni mwa barabara.<hr><table class=gloss><tr class=mo><td>a-na-ka-a</td><td>mwisho-ni</td><td>mw-a</td><td>barabara</td></tr><tr class=la><td>3SG-PRS-live-IND</td><td>CL3.end-LOC</td><td>CL18-GEN</td><td>CL9.street</td></tr></table><div class=klassen>barabara class 9/10 (Ø/n-) → barabara — number shows only in the agreement</div><div class=konkordanz>class 9: SUBJ i- · ADJ Ø/n- · GEN ya · DEM hii/ile · POSS y- · REL -yo</div><div class=hinweis>Nach -ni folgt der Genitiv mwa der Kl.18</div>	A1 SD1 E Ende
He gets his money at the end of the month.	Anapata pesa zake mwishoni mwa mwezi.<hr><table class=gloss><tr class=mo><td>a-na-pat-a</td><td>pesa</td><td>z-ake</td><td>mwisho-ni</td><td>mw-a</td><td>mw-ezi</td></tr><tr class=la><td>3SG-PRS-get-IND</td><td>CL10.money</td><td>CL10-be</td><td>CL3.end-LOC</td><td>CL18-GEN</td><td>CL3-month</td></tr></table><div class=klassen>pesa class 9/10 (Ø/n-) → pesa — number shows only in the agreement</div><div class=konkordanz>class 9: SUBJ i- · ADJ Ø/n- · GEN ya · DEM hii/ile · POSS y- · REL -yo</div><div class=hinweis>pesa nimmt zake Kl.10</div>	A1 SD1 E Ende
Excuse me, please!	Samahani tafadhali!<hr><table class=gloss><tr class=mo><td>samahani</td><td>tafadhali</td></tr><tr class=la><td>CL9.apology</td><td>please</td></tr></table><div class=konkordanz>class 9: SUBJ i- · ADJ Ø/n- · GEN ya · DEM hii/ile · POSS y- · REL -yo</div><div class=hinweis>samahani entschuldigt, radhi erbittet Verzeihung</div>	A1 SD1 E entschuldigen
Sorry! - That is all right.	Samahani! - Haidhuru.<hr><table class=gloss><tr class=mo><td>samahani</td><td>hai-dhuru</td></tr><tr class=la><td>CL9.apology</td><td>CL9.NEG-harm</td></tr></table><div class=konkordanz>class 9: SUBJ i- · ADJ Ø/n- · GEN ya · DEM hii/ile · POSS y- · REL -yo</div><div class=hinweis>haidhuru heißt wörtlich &quot;es schadet nicht&quot;</div>	A1 SD1 E Entschuldigung
His name is Ali.	Anaitwa Ali.<hr><table class=gloss><tr class=mo><td>a-na-it-w-a</td><td>Ali</td></tr><tr class=la><td>3SG-PRS-call-PASS-IND</td><td>Ali</td></tr></table><div class=hinweis>heißen steht im Passiv: er wird genannt</div>	A1 SD1 E er
You will get the test result in two weeks.	Matokeo ya mtihani mtayapata baada ya wiki mbili.<hr><table class=gloss><tr class=mo><td>ma-tokeo</td><td>y-a</td><td>m-tihani</td><td>m-ta-ya-pat-a</td><td>baada</td><td>y-a</td><td>wiki</td><td>mbili</td></tr><tr class=la><td>CL6-result</td><td>CL6-GEN</td><td>CL3-exam</td><td>2PL-FUT-OBJ6-get-IND</td><td>after</td><td>CL9-GEN</td><td>CL9.week</td><td>two</td></tr></table><div class=klassen>tokeo class 5/6 (ji-/Ø › ma-) → matokeo [usually in the plural] · mtihani class 3/4 (m-/mw- › mi-) → mitihani</div><div class=konkordanz>class 5: SUBJ li- · ADJ ji-/Ø · GEN la · DEM hili/lile · POSS l- · REL -lo · class 3: SUBJ u- · ADJ m-/mw- · GEN wa · DEM huu/ule · POSS w- · REL -o</div><div class=hinweis>Objektpräfix -ya- greift matokeo Kl.6 auf</div>	A1 SD1 E Ergebnis
Can you explain that to me?	Unaweza kunielezea hili?<hr><table class=gloss><tr class=mo><td>u-na-wez-a</td><td>ku-ni-elez-e-a</td><td>hili</td></tr><tr class=la><td>2SG-PRS-can-IND</td><td>CL15-OBJ1SG-explain-APPL-IND</td><td>CL5.DEM</td></tr></table><div class=konkordanz>class 15: SUBJ ku- · ADJ ku- · GEN kwa · DEM huku/kule · POSS kw- · REL -ko · class 5: SUBJ li- · ADJ ji-/Ø · GEN la · DEM hili/lile · POSS l- · REL -lo</div><div class=hinweis>Applikativ nennt den, für den erklärt wird</div>	A1 SD1 E erklären
Smoking is not permitted here.	Kuvuta sigara hakuruhusiwi hapa.<hr><table class=gloss><tr class=mo><td>ku-vut-a</td><td>sigara</td><td>haku-ruhus-iw-i</td><td>hapa</td></tr><tr class=la><td>CL15-pull-IND</td><td>CL9.cigarette</td><td>CL15.NEG-allow-PASS-NEG</td><td>here</td></tr></table><div class=klassen>sigara class 9/10 (Ø/n-) → sigara — number shows only in the agreement [loanword]</div><div class=konkordanz>class 9: SUBJ i- · ADJ Ø/n- · GEN ya · DEM hii/ile · POSS y- · REL -yo</div><div class=hinweis>Verbalnomen Kl.15 ist Subjekt, darum haku-</div>	A1 SD1 E erlauben
This film is only for adults.	Filamu hii ni kwa watu wazima tu.<hr><table class=gloss><tr class=mo><td>filamu</td><td>hii</td><td>ni</td><td>kwa</td><td>watu</td><td>wa-zima</td><td>tu</td></tr><tr class=la><td>CL9.film</td><td>CL9.DEM</td><td>COP</td><td>for</td><td>CL2.person</td><td>CL2-grown.up</td><td>only</td></tr></table><div class=klassen>filamu class 9/10 (Ø/n-) → filamu — number shows only in the agreement [loanword] · mtu class 1/2 (m-/mw- › wa-) → watu [model word for class 1/2]</div><div class=konkordanz>class 9: SUBJ i- · ADJ Ø/n- · GEN ya · DEM hii/ile · POSS y- · REL -yo · class 1: SUBJ a- · ADJ m-/mw- · GEN wa · DEM huyu/yule · POSS w- · REL -ye</div><div class=hinweis>Erwachsene = watu wazima</div>	A1 SD1 E Erwachsene
We have to tell you something!	Lazima tuwaeleze kitu!<hr><table class=gloss><tr class=mo><td>lazima</td><td>tu-wa-elez-e</td><td>ki-tu</td></tr><tr class=la><td>must</td><td>1PL-OBJ2PL-tell-SBJV</td><td>CL7-thing</td></tr></table><div class=konkordanz>class 7: SUBJ ki- · ADJ ki- · GEN cha · DEM hiki/kile · POSS ch- · REL -cho</div><div class=hinweis>Objektpräfix -wa- auch für euch</div>	A1 SD1 E erzählen
It is raining.	Inanyesha.<hr><table class=gloss><tr class=mo><td>i-na-nyesh-a</td></tr><tr class=la><td>CL9-PRS-rain-IND</td></tr></table><div class=konkordanz>class 9: SUBJ i- · ADJ Ø/n- · GEN ya · DEM hii/ile · POSS y- · REL -yo</div><div class=hinweis>Wetterverben nehmen das Subjektpräfix der Kl.9</div>	A1 SD1 E es
What is there to eat?	Kuna nini cha kula?<hr><table class=gloss><tr class=mo><td>ku-na</td><td>nini</td><td>ch-a</td><td>ku-l-a</td></tr><tr class=la><td>CL17-with</td><td>what</td><td>CL7-GEN</td><td>CL15-eat-IND</td></tr></table><div class=konkordanz>class 17: SUBJ ku- · ADJ ku- · GEN kwa · DEM huku/kule · POSS kw- · REL -ko · class 7: SUBJ ki- · ADJ ki- · GEN cha · DEM hiki/kile · POSS ch- · REL -cho</div><div class=hinweis>Genitiv cha verweist auf kitu &quot;Ding&quot;</div>	A1 SD1 E essen
The food is very good today.	Chakula ni kizuri sana leo.<hr><table class=gloss><tr class=mo><td>chakula</td><td>ni</td><td>ki-zuri</td><td>sana</td><td>leo</td></tr><tr class=la><td>CL7.food</td><td>COP</td><td>CL7-good</td><td>very</td><td>today</td></tr></table><div class=klassen>chakula class 7/8 (ki- › vi-) → vyakula</div><div class=konkordanz>class 7: SUBJ ki- · ADJ ki- · GEN cha · DEM hiki/kile · POSS ch- · REL -cho</div><div class=hinweis>kizuri kongruiert mit chakula Kl.7</div>	A1 SD1 E Essen
Your course starts today.	Kozi yenu inaanza leo.<hr><table class=gloss><tr class=mo><td>kozi</td><td>y-enu</td><td>i-na-anz-a</td><td>leo</td></tr><tr class=la><td>CL9.course</td><td>CL9-your</td><td>CL9-PRS-begin-IND</td><td>today</td></tr></table><div class=klassen>kozi class 9/10 (Ø/n-) → kozi — number shows only in the agreement [loanword]</div><div class=konkordanz>class 9: SUBJ i- · ADJ Ø/n- · GEN ya · DEM hii/ile · POSS y- · REL -yo</div><div class=hinweis>yenu ist der Possessiv für 2PL</div>	A1 SD1 E euer
I drive to work by car.	Naenda kazini kwa gari.<hr><table class=gloss><tr class=mo><td>na-end-a</td><td>kazi-ni</td><td>kwa</td><td>gari</td></tr><tr class=la><td>1SG.PRS.GNRL-go-IND</td><td>CL9.work-LOC</td><td>with</td><td>CL5.car</td></tr></table><div class=klassen>gari class 5/6 (ji-/Ø › ma-) → magari</div><div class=konkordanz>class 5: SUBJ li- · ADJ ji-/Ø · GEN la · DEM hili/lile · POSS l- · REL -lo</div><div class=hinweis>kwa bezeichnet das Verkehrsmittel</div>	A1 SD1 F fahren
Please do not talk to the driver!	Tafadhali msizungumze na dereva!<hr><table class=gloss><tr class=mo><td>tafadhali</td><td>m-si-zungumz-e</td><td>na</td><td>dereva</td></tr><tr class=la><td>please</td><td>2PL-NEG-speak-SBJV</td><td>with</td><td>CL5/CL1.driver</td></tr></table><div class=klassen>dereva class 5/6 (ji-/Ø › ma-) → madereva [person: form class 5/6, agreement class 1/2]</div><div class=konkordanz>class 1: SUBJ a- · ADJ m-/mw- · GEN wa · DEM huyu/yule · POSS w- · REL -ye</div><div class=hinweis>Verbot: 2PL plus -si- plus Konjunktiv</div>	A1 SD1 F Fahrer
Do you already have a ticket?	Unayo tiketi tayari?<hr><table class=gloss><tr class=mo><td>u-na-yo</td><td>tiketi</td><td>tayari</td></tr><tr class=la><td>2SG-have-REL9</td><td>CL9.ticket</td><td>already</td></tr></table><div class=klassen>tiketi class 9/10 (Ø/n-) → tiketi — number shows only in the agreement [loanword]</div><div class=konkordanz>class 9: SUBJ i- · ADJ Ø/n- · GEN ya · DEM hii/ile · POSS y- · REL -yo</div><div class=hinweis>-yo im Verb nimmt tiketi Kl.9 auf</div>	A1 SD1 F Fahrkarte
Are you going by bike or by car?	Unasafiri kwa baiskeli au kwa gari?<hr><table class=gloss><tr class=mo><td>u-na-safiri</td><td>kwa</td><td>baiskeli</td><td>au</td><td>kwa</td><td>gari</td></tr><tr class=la><td>2SG-PRS-travel</td><td>with</td><td>CL9.bicycle</td><td>or</td><td>with</td><td>CL5.car</td></tr></table><div class=klassen>baiskeli class 9/10 (Ø/n-) → baiskeli — number shows only in the agreement [loanword] · gari class 5/6 (ji-/Ø › ma-) → magari</div><div class=konkordanz>class 9: SUBJ i- · ADJ Ø/n- · GEN ya · DEM hii/ile · POSS y- · REL -yo · class 5: SUBJ li- · ADJ ji-/Ø · GEN la · DEM hili/lile · POSS l- · REL -lo</div><div class=hinweis>kwa bleibt bei allen Verkehrsmitteln gleich</div>	A1 SD1 F Fahrrad
That is wrong.	Hii si sahihi.<hr><table class=gloss><tr class=mo><td>hii</td><td>si</td><td>sahihi</td></tr><tr class=la><td>CL9.DEM</td><td>NEG.COP</td><td>correct</td></tr></table><div class=klassen>sahihi class 9/10 (Ø/n-) → sahihi — number shows only in the agreement</div><div class=konkordanz>class 9: SUBJ i- · ADJ Ø/n- · GEN ya · DEM hii/ile · POSS y- · REL -yo</div><div class=hinweis>si ist die Negation der Kopula ni</div>	A1 SD1 F falsch
My family lives in Spain.	Familia yangu inakaa Hispania.<hr><table class=gloss><tr class=mo><td>familia</td><td>y-angu</td><td>i-na-ka-a</td><td>Hispania</td></tr><tr class=la><td>CL9.family</td><td>CL9-my</td><td>CL9-PRS-live-IND</td><td>Spain</td></tr></table><div class=klassen>familia class 9/10 (Ø/n-) → familia — number shows only in the agreement [loanword]</div><div class=konkordanz>class 9: SUBJ i- · ADJ Ø/n- · GEN ya · DEM hii/ile · POSS y- · REL -yo</div><div class=hinweis>familia ist Kl.9, darum i- und yangu</div>	A1 SD1 F Familie
My surnames are García González.	Majina yangu ya familia ni García González.<hr><table class=gloss><tr class=mo><td>ma-jina</td><td>y-angu</td><td>y-a</td><td>familia</td><td>ni</td><td>García</td><td>González</td></tr><tr class=la><td>CL6-name</td><td>CL6-my</td><td>CL6-GEN</td><td>CL9.family</td><td>COP</td><td>García</td><td>González</td></tr></table><div class=klassen>jina class 5/6 (ji-/Ø › ma-) → majina · familia class 9/10 (Ø/n-) → familia — number shows only in the agreement [loanword]</div><div class=konkordanz>class 5: SUBJ li- · ADJ ji-/Ø · GEN la · DEM hili/lile · POSS l- · REL -lo · class 9: SUBJ i- · ADJ Ø/n- · GEN ya · DEM hii/ile · POSS y- · REL -yo</div><div class=hinweis>Doppelte Kl.6-Kongruenz: yangu und ya</div>	A1 SD1 F Familienname
Under "marital status" you have to tick "single".	Kwenye "hali ya ndoa" lazima utie alama "sijaoa".<hr><table class=gloss><tr class=mo><td>kwenye</td><td>hali</td><td>y-a</td><td>ndoa</td><td>lazima</td><td>u-ti-e</td><td>alama</td><td>si-ja-o-a</td></tr><tr class=la><td>at</td><td>CL9.state</td><td>CL9-GEN</td><td>CL9.marriage</td><td>must</td><td>2SG-put-SBJV</td><td>CL9.mark</td><td>1SG.NEG-PRF.NEG-marry-IND</td></tr></table><div class=klassen>hali ya hewa class 9 (Ø/n-), no number change [genitive construction, no plural] · alama class 9/10 (Ø/n-) → alama — number shows only in the agreement</div><div class=konkordanz>class 9: SUBJ i- · ADJ Ø/n- · GEN ya · DEM hii/ile · POSS y- · REL -yo</div><div class=hinweis>ledig wörtlich &quot;ich habe noch nicht geheiratet&quot;</div>	A1 SD1 F Familienstand
I like the colour very much.	Rangi inanipendeza sana.<hr><table class=gloss><tr class=mo><td>rangi</td><td>i-na-ni-pendez-a</td><td>sana</td></tr><tr class=la><td>CL9.colour</td><td>CL9-PRS-OBJ1SG-please-IND</td><td>very</td></tr></table><div class=klassen>rangi class 9/10 (Ø/n-) → rangi — number shows only in the agreement</div><div class=konkordanz>class 9: SUBJ i- · ADJ Ø/n- · GEN ya · DEM hii/ile · POSS y- · REL -yo</div><div class=hinweis>Die Farbe gefällt mich, nicht mir</div>	A1 SD1 F Farbe
Just send us a fax!	Tutumieni faksi tu!<hr><table class=gloss><tr class=mo><td>tu-tumi-eni</td><td>faksi</td><td>tu</td></tr><tr class=la><td>OBJ1PL-send-IMP.PL</td><td>CL9.fax</td><td>only</td></tr></table><div class=klassen>faksi class 9/10 (Ø/n-) → faksi — number shows only in the agreement [loanword]</div><div class=konkordanz>class 9: SUBJ i- · ADJ Ø/n- · GEN ya · DEM hii/ile · POSS y- · REL -yo</div><div class=hinweis>Objektpräfix tu- im Imperativ Plural</div>	A1 SD1 F Fax
for example day off, public holiday	kwa mfano siku ya mapumziko, sikukuu<hr><table class=gloss><tr class=mo><td>kwa</td><td>m-fano</td><td>siku</td><td>y-a</td><td>ma-pumziko</td><td>sikukuu</td></tr><tr class=la><td>for</td><td>CL3-example</td><td>CL9.day</td><td>CL9-GEN</td><td>CL6-break</td><td>CL9.holiday</td></tr></table><div class=klassen>mfano class 3/4 (m-/mw- › mi-) → mifano · siku ya kuzaliwa class 9/10 (Ø/n-) → siku za kuzaliwa [genitive agrees with the head noun] · mapumziko class 6 (ma-), no number change [plural only]</div><div class=konkordanz>class 3: SUBJ u- · ADJ m-/mw- · GEN wa · DEM huu/ule · POSS w- · REL -o · class 9: SUBJ i- · ADJ Ø/n- · GEN ya · DEM hii/ile · POSS y- · REL -yo</div><div class=hinweis>Feierabend als siku ya mapumziko umschrieben</div>	A1 SD1 F Feier
Monday is a public holiday.	Jumatatu ni sikukuu.<hr><table class=gloss><tr class=mo><td>Jumatatu</td><td>ni</td><td>sikukuu</td></tr><tr class=la><td>CL9.Monday</td><td>COP</td><td>CL9.holiday</td></tr></table><div class=konkordanz>class 9: SUBJ i- · ADJ Ø/n- · GEN ya · DEM hii/ile · POSS y- · REL -yo</div><div class=hinweis>sikukuu ist ein festes Kompositum</div>	A1 SD1 F Feier
Today we are celebrating my birthday.	Leo tunasherehekea siku yangu ya kuzaliwa.<hr><table class=gloss><tr class=mo><td>leo</td><td>tu-na-sherehek-e-a</td><td>siku</td><td>y-angu</td><td>y-a</td><td>ku-zali-w-a</td></tr><tr class=la><td>today</td><td>1PL-PRS-celebrate-APPL-IND</td><td>CL9.day</td><td>CL9-my</td><td>CL9-GEN</td><td>CL15-bear-PASS-IND</td></tr></table><div class=klassen>siku ya kuzaliwa class 9/10 (Ø/n-) → siku za kuzaliwa [genitive agrees with the head noun]</div><div class=konkordanz>class 9: SUBJ i- · ADJ Ø/n- · GEN ya · DEM hii/ile · POSS y- · REL -yo</div><div class=hinweis>Geburtstag wörtlich &quot;Tag meines Geborenwerdens&quot;</div>	A1 SD1 F feiern
Mr Müller is not here, he has been absent for three days.	Bwana Müller hayupo, hayupo tangu siku tatu.<hr><table class=gloss><tr class=mo><td>bwana</td><td>Müller</td><td>ha-yu-po</td><td>ha-yu-po</td><td>tangu</td><td>siku</td><td>tatu</td></tr><tr class=la><td>CL5/CL1.mister</td><td>Müller</td><td>3SG.NEG-CL1-be.there</td><td>3SG.NEG-CL1-be.there</td><td>since</td><td>CL9.day</td><td>three</td></tr></table><div class=klassen>bwana class 5/6 (ji-/Ø › ma-) → mabwana [person: form class 5/6, agreement class 1/2] · siku ya kuzaliwa class 9/10 (Ø/n-) → siku za kuzaliwa [genitive agrees with the head noun]</div><div class=konkordanz>class 1: SUBJ a- · ADJ m-/mw- · GEN wa · DEM huyu/yule · POSS w- · REL -ye · class 9: SUBJ i- · ADJ Ø/n- · GEN ya · DEM hii/ile · POSS y- · REL -yo</div><div class=hinweis>hayupo ist die Personenform der Negation</div>	A1 SD1 F fehlen
What is the matter with you?	Mnaumwa nini?<hr><table class=gloss><tr class=mo><td>m-na-um-w-a</td><td>nini</td></tr><tr class=la><td>2PL-PRS-hurt-PASS-IND</td><td>what</td></tr></table><div class=hinweis>Krankheit im Passiv: man wird geschmerzt</div>	A1 SD1 F fehlen
I always make this mistake.	Kosa hili nalifanya kila mara.<hr><table class=gloss><tr class=mo><td>kosa</td><td>hili</td><td>na-li-fany-a</td><td>kila</td><td>mara</td></tr><tr class=la><td>CL5.mistake</td><td>CL5.DEM</td><td>1SG.PRS.GNRL-OBJ5-do-IND</td><td>every</td><td>CL9.time</td></tr></table><div class=klassen>kosa class 5/6 (ji-/Ø › ma-) → makosa</div><div class=konkordanz>class 5: SUBJ li- · ADJ ji-/Ø · GEN la · DEM hili/lile · POSS l- · REL -lo</div><div class=hinweis>Objektpräfix -li- greift kosa Kl.5 auf</div>	A1 SD1 F Fehler
Shall we watch television this evening?	Tutazame televisheni leo jioni?<hr><table class=gloss><tr class=mo><td>tu-tazam-e</td><td>televisheni</td><td>leo</td><td>jioni</td></tr><tr class=la><td>1PL-look-SBJV</td><td>CL9.television</td><td>today</td><td>CL9.evening</td></tr></table><div class=konkordanz>class 9: SUBJ i- · ADJ Ø/n- · GEN ya · DEM hii/ile · POSS y- · REL -yo</div><div class=hinweis>Konjunktiv als Vorschlag</div>	A1 SD1 F fernsehen
Are you ready?	Umemaliza?<hr><table class=gloss><tr class=mo><td>u-me-maliz-a</td></tr><tr class=la><td>2SG-PRF-be.ready-IND</td></tr></table><div class=hinweis>Perfekt beschreibt den erreichten Zustand</div>	A1 SD1 F fertig
Is my car ready yet?	Gari langu limekwisha kutengenezwa?<hr><table class=gloss><tr class=mo><td>gari</td><td>l-angu</td><td>li-me-kwish-a</td><td>ku-tengenez-w-a</td></tr><tr class=la><td>CL5.car</td><td>CL5-my</td><td>CL5-PRF-finish-IND</td><td>CL15-repair-PASS-IND</td></tr></table><div class=klassen>gari class 5/6 (ji-/Ø › ma-) → magari</div><div class=konkordanz>class 5: SUBJ li- · ADJ ji-/Ø · GEN la · DEM hili/lile · POSS l- · REL -lo</div><div class=hinweis>kwisha plus Infinitiv heißt &quot;schon fertig&quot;</div>	A1 SD1 F fertig
Do you have a light?	Mnayo moto?<hr><table class=gloss><tr class=mo><td>m-na-yo</td><td>moto</td></tr><tr class=la><td>2PL-have-REL9</td><td>CL3.fire</td></tr></table><div class=klassen>moto class 3/4 (m-/mw- › mi-) → mioto</div><div class=konkordanz>class 3: SUBJ u- · ADJ m-/mw- · GEN wa · DEM huu/ule · POSS w- · REL -o</div><div class=hinweis>moto heißt Feuer und Hitze</div>	A1 SD1 F Feuer
My husband still has a temperature.	Mume wangu bado ana homa.<hr><table class=gloss><tr class=mo><td>mume</td><td>w-angu</td><td>bado</td><td>a-na</td><td>homa</td></tr><tr class=la><td>CL1.husband</td><td>CL1-my</td><td>still</td><td>3SG-have</td><td>CL9.fever</td></tr></table><div class=klassen>homa class 9/10 (Ø/n-) → homa — number shows only in the agreement</div><div class=konkordanz>class 9: SUBJ i- · ADJ Ø/n- · GEN ya · DEM hii/ile · POSS y- · REL -yo</div><div class=hinweis>Fieber haben, nicht fiebrig sein</div>	A1 SD1 F Fieber
I would like to see this film.	Ningependa kuona filamu hii.<hr><table class=gloss><tr class=mo><td>ni-nge-pend-a</td><td>ku-on-a</td><td>filamu</td><td>hii</td></tr><tr class=la><td>1SG-IRR-like-IND</td><td>CL15-see-IND</td><td>CL9.film</td><td>CL9.DEM</td></tr></table><div class=klassen>filamu class 9/10 (Ø/n-) → filamu — number shows only in the agreement [loanword]</div><div class=konkordanz>class 9: SUBJ i- · ADJ Ø/n- · GEN ya · DEM hii/ile · POSS y- · REL -yo</div><div class=hinweis>-nge- bildet die höfliche Wunschform</div>	A1 SD1 F Film
We have to find the key.	Lazima tupate ufunguo.<hr><table class=gloss><tr class=mo><td>lazima</td><td>tu-pat-e</td><td>ufunguo</td></tr><tr class=la><td>must</td><td>1PL-find-SBJV</td><td>CL11.key</td></tr></table><div class=klassen>ufunguo class 11/10 (u- › Ø/n-) → funguo</div><div class=konkordanz>class 11: SUBJ u- · ADJ m-/mw- · GEN wa · DEM huu/ule · POSS w- · REL -o</div><div class=hinweis>ufunguo Kl.11, Plural funguo Kl.10</div>	A1 SD1 F finden
He now works for another company.	Sasa anafanya kazi kwenye kampuni nyingine.<hr><table class=gloss><tr class=mo><td>sasa</td><td>a-na-fany-a</td><td>kazi</td><td>kwenye</td><td>kampuni</td><td>ny-ingine</td></tr><tr class=la><td>now</td><td>3SG-PRS-do-IND</td><td>CL9.work</td><td>at</td><td>CL9.company</td><td>CL9-other</td></tr></table><div class=klassen>kazi class 9/10 (Ø/n-) → kazi — number shows only in the agreement · kampuni class 9/10 (Ø/n-) → kampuni — number shows only in the agreement [loanword]</div><div class=konkordanz>class 9: SUBJ i- · ADJ Ø/n- · GEN ya · DEM hii/ile · POSS y- · REL -yo</div><div class=hinweis>nyingine mit Nasalpräfix der Kl.9</div>	A1 SD1 F Firma
I like eating fish. I do not like meat.	Napenda kula samaki. Nyama sipendi.<hr><table class=gloss><tr class=mo><td>na-pend-a</td><td>ku-l-a</td><td>samaki</td><td>nyama</td><td>si-pend-i</td></tr><tr class=la><td>1SG.PRS.GNRL-like-IND</td><td>CL15-eat-IND</td><td>CL9.fish</td><td>CL9.meat</td><td>1SG.NEG-like-NEG</td></tr></table><div class=klassen>samaki class 9/10 (Ø/n-) → samaki — number shows only in the agreement · nyama class 9/10 (Ø/n-) → nyama — number shows only in the agreement</div><div class=konkordanz>class 9: SUBJ i- · ADJ Ø/n- · GEN ya · DEM hii/ile · POSS y- · REL -yo</div><div class=hinweis>Vorangestelltes Objekt betont den Gegensatz</div>	A1 SD1 F Fisch
A bottle of beer, please.	Chupa moja ya bia, tafadhali.<hr><table class=gloss><tr class=mo><td>chupa</td><td>moja</td><td>y-a</td><td>bia</td><td>tafadhali</td></tr><tr class=la><td>CL9.bottle</td><td>one</td><td>CL9-GEN</td><td>CL9.beer</td><td>please</td></tr></table><div class=klassen>chupa class 9/10 (Ø/n-) → chupa — number shows only in the agreement · bia class 9/10 (Ø/n-) → bia — number shows only in the agreement [loanword]</div><div class=konkordanz>class 9: SUBJ i- · ADJ Ø/n- · GEN ya · DEM hii/ile · POSS y- · REL -yo</div><div class=hinweis>chupa ist Kl.9 und Kl.10 gleich</div>	A1 SD1 F Flasche
I do not like meat.	Nyama sipendi.<hr><table class=gloss><tr class=mo><td>nyama</td><td>si-pend-i</td></tr><tr class=la><td>CL9.meat</td><td>1SG.NEG-like-NEG</td></tr></table><div class=klassen>nyama class 9/10 (Ø/n-) → nyama — number shows only in the agreement</div><div class=konkordanz>class 9: SUBJ i- · ADJ Ø/n- · GEN ya · DEM hii/ile · POSS y- · REL -yo</div><div class=hinweis>Objekt vorangestellt zur Betonung</div>	A1 SD1 F Fleisch
I do not like flying. That is why I travel by train.	Sipendi kusafiri kwa ndege. Kwa hiyo nasafiri kwa treni.<hr><table class=gloss><tr class=mo><td>si-pend-i</td><td>ku-safiri</td><td>kwa</td><td>ndege</td><td>kwa</td><td>hiyo</td><td>na-safiri</td><td>kwa</td><td>treni</td></tr><tr class=la><td>1SG.NEG-like-NEG</td><td>CL15-travel</td><td>with</td><td>CL9.plane</td><td>for</td><td>CL9.DEM</td><td>1SG.PRS.GNRL-travel</td><td>with</td><td>CL9.train</td></tr></table><div class=klassen>ndege class 9/10 (Ø/n-) → ndege — number shows only in the agreement [also &quot;bird&quot;] · treni class 9/10 (Ø/n-) → treni — number shows only in the agreement [loanword]</div><div class=konkordanz>class 9: SUBJ i- · ADJ Ø/n- · GEN ya · DEM hii/ile · POSS y- · REL -yo</div><div class=hinweis>kwa hiyo heißt deshalb</div>	A1 SD1 F fliegen
When does your flight leave?	Unaondoka lini kwa ndege?<hr><table class=gloss><tr class=mo><td>u-na-ondok-a</td><td>lini</td><td>kwa</td><td>ndege</td></tr><tr class=la><td>2SG-PRS-fly.off-IND</td><td>when</td><td>with</td><td>CL9.plane</td></tr></table><div class=klassen>ndege class 9/10 (Ø/n-) → ndege — number shows only in the agreement [also &quot;bird&quot;]</div><div class=konkordanz>class 9: SUBJ i- · ADJ Ø/n- · GEN ya · DEM hii/ile · POSS y- · REL -yo</div><div class=hinweis>kuondoka deckt abfahren und abfliegen ab</div>	A1 SD1 F abfliegen
Departure is at 11.20.	Kuondoka ni saa tano na dakika ishirini.<hr><table class=gloss><tr class=mo><td>ku-ondok-a</td><td>ni</td><td>saa</td><td>tano</td><td>na</td><td>dakika</td><td>ishirini</td></tr><tr class=la><td>CL15-fly.off-IND</td><td>COP</td><td>CL9.hour</td><td>five</td><td>and</td><td>CL9.minute</td><td>twenty</td></tr></table><div class=klassen>kuondoka class 15 (ku-), no number change [verbal noun] · saa class 9/10 (Ø/n-) → saa — number shows only in the agreement [also &quot;clock&quot;]</div><div class=konkordanz>class 15: SUBJ ku- · ADJ ku- · GEN kwa · DEM huku/kule · POSS kw- · REL -ko · class 9: SUBJ i- · ADJ Ø/n- · GEN ya · DEM hii/ile · POSS y- · REL -yo</div><div class=hinweis>saa tano = 11 Uhr, fünfte Stunde nach Sonnenaufgang</div>	A1 SD1 F Abflug
Can you take me to the airport?	Unaweza kunipeleka uwanja wa ndege?<hr><table class=gloss><tr class=mo><td>u-na-wez-a</td><td>ku-ni-pelek-a</td><td>uwanja</td><td>w-a</td><td>ndege</td></tr><tr class=la><td>2SG-PRS-can-IND</td><td>CL15-OBJ1SG-bring-IND</td><td>CL11.place</td><td>CL11-GEN</td><td>CL9.plane</td></tr></table><div class=klassen>uwanja wa ndege class 11/8 (u- › vi-) → viwanja vya ndege [plural shifts to class 8] · ndege class 9/10 (Ø/n-) → ndege — number shows only in the agreement [also &quot;bird&quot;]</div><div class=konkordanz>class 11: SUBJ u- · ADJ m-/mw- · GEN wa · DEM huu/ule · POSS w- · REL -o · class 9: SUBJ i- · ADJ Ø/n- · GEN ya · DEM hii/ile · POSS y- · REL -yo</div><div class=hinweis>Flughafen wörtlich &quot;Platz der Flugzeuge&quot;</div>	A1 SD1 F Flughafen
The plane from Berlin is arriving later today.	Ndege kutoka Berlin inafika kwa kuchelewa leo.<hr><table class=gloss><tr class=mo><td>ndege</td><td>ku-tok-a</td><td>Berlin</td><td>i-na-fik-a</td><td>kwa</td><td>ku-chelew-a</td><td>leo</td></tr><tr class=la><td>CL9.plane</td><td>CL15-come-IND</td><td>Berlin</td><td>CL9-PRS-arrive-IND</td><td>with</td><td>CL15-be.late-IND</td><td>today</td></tr></table><div class=klassen>ndege class 9/10 (Ø/n-) → ndege — number shows only in the agreement [also &quot;bird&quot;]</div><div class=konkordanz>class 9: SUBJ i- · ADJ Ø/n- · GEN ya · DEM hii/ile · POSS y- · REL -yo</div><div class=hinweis>kwa plus Verbalnomen bildet eine Umstandsangabe</div>	A1 SD1 F Flugzeug
You have to fill in this form.	Lazima mjaze fomu hii.<hr><table class=gloss><tr class=mo><td>lazima</td><td>m-jaz-e</td><td>fomu</td><td>hii</td></tr><tr class=la><td>must</td><td>2PL-fill-SBJV</td><td>CL9.form</td><td>CL9.DEM</td></tr></table><div class=klassen>fomu class 9/10 (Ø/n-) → fomu — number shows only in the agreement [loanword]</div><div class=konkordanz>class 9: SUBJ i- · ADJ Ø/n- · GEN ya · DEM hii/ile · POSS y- · REL -yo</div><div class=hinweis>kujaza heißt füllen und ausfüllen</div>	A1 SD1 F Formular
May I take a photo?	Naweza kupiga picha?<hr><table class=gloss><tr class=mo><td>na-wez-a</td><td>ku-pig-a</td><td>picha</td></tr><tr class=la><td>1SG.PRS.GNRL-can-IND</td><td>CL15-hit-IND</td><td>CL9.photo</td></tr></table><div class=klassen>picha class 9/10 (Ø/n-) → picha — number shows only in the agreement [loanword]</div><div class=konkordanz>class 9: SUBJ i- · ADJ Ø/n- · GEN ya · DEM hii/ile · POSS y- · REL -yo</div><div class=hinweis>fotografieren = kupiga picha, &quot;Bild schlagen&quot;</div>	A1 SD1 F Foto
He would like to ask you something. When are you coming?	Anataka kuwauliza kitu. Mnakuja lini?<hr><table class=gloss><tr class=mo><td>a-na-tak-a</td><td>ku-wa-uliz-a</td><td>ki-tu</td><td>m-na-kuj-a</td><td>lini</td></tr><tr class=la><td>3SG-PRS-want-IND</td><td>CL15-OBJ2PL-ask-IND</td><td>CL7-thing</td><td>2PL-PRS-come-IND</td><td>when</td></tr></table><div class=konkordanz>class 15: SUBJ ku- · ADJ ku- · GEN kwa · DEM huku/kule · POSS kw- · REL -ko · class 7: SUBJ ki- · ADJ ki- · GEN cha · DEM hiki/kile · POSS ch- · REL -cho</div><div class=hinweis>Objektpräfix -wa- für höfliches Sie</div>	A1 SD1 F fragen
I have a question.	Nina swali.<hr><table class=gloss><tr class=mo><td>ni-na</td><td>swali</td></tr><tr class=la><td>1SG-have</td><td>CL5.question</td></tr></table><div class=klassen>swali class 5/6 (ji-/Ø › ma-) → maswali</div><div class=konkordanz>class 5: SUBJ li- · ADJ ji-/Ø · GEN la · DEM hili/lile · POSS l- · REL -lo</div><div class=hinweis>swali Kl.5, Plural maswali Kl.6</div>	A1 SD1 F Frage
This is Mrs Becker.	Huyu ni Bibi Becker.<hr><table class=gloss><tr class=mo><td>huyu</td><td>ni</td><td>bibi</td><td>Becker</td></tr><tr class=la><td>CL1.DEM</td><td>COP</td><td>CL5/CL1.woman</td><td>Becker</td></tr></table><div class=klassen>bibi class 5/6 (ji-/Ø › ma-) → mabibi [person: form class 5/6, agreement class 1/2]</div><div class=konkordanz>class 1: SUBJ a- · ADJ m-/mw- · GEN wa · DEM huyu/yule · POSS w- · REL -ye</div><div class=hinweis>bibi als Anrede, mwanamke als Gattungswort</div>	A1 SD1 F Frau
Good afternoon, Mrs Schmitt!	Habari za siku, Bibi Schmitt!<hr><table class=gloss><tr class=mo><td>habari</td><td>z-a</td><td>siku</td><td>bibi</td><td>Schmitt</td></tr><tr class=la><td>CL10.news</td><td>CL10-GEN</td><td>CL9.day</td><td>CL5/CL1.woman</td><td>Schmitt</td></tr></table><div class=klassen>siku ya kuzaliwa class 9/10 (Ø/n-) → siku za kuzaliwa [genitive agrees with the head noun] · bibi class 5/6 (ji-/Ø › ma-) → mabibi [person: form class 5/6, agreement class 1/2]</div><div class=konkordanz>class 9: SUBJ i- · ADJ Ø/n- · GEN ya · DEM hii/ile · POSS y- · REL -yo · class 1: SUBJ a- · ADJ m-/mw- · GEN wa · DEM huyu/yule · POSS w- · REL -ye</div><div class=hinweis>Grußformel fragt wörtlich nach den Nachrichten</div>	A1 SD1 F Frau
More women than men work here.	Hapa wanafanya kazi wanawake wengi kuliko wanaume.<hr><table class=gloss><tr class=mo><td>hapa</td><td>wa-na-fany-a</td><td>kazi</td><td>wanawake</td><td>w-engi</td><td>kuliko</td><td>wanaume</td></tr><tr class=la><td>here</td><td>CL2-PRS-do-IND</td><td>CL9.work</td><td>CL2.woman</td><td>CL2-many</td><td>than</td><td>CL2.man</td></tr></table><div class=klassen>kazi class 9/10 (Ø/n-) → kazi — number shows only in the agreement · mwanamke class 1/2 (m-/mw- › wa-) → wanawake · mwanamume class 1/2 (m-/mw- › wa-) → wanaume</div><div class=konkordanz>class 9: SUBJ i- · ADJ Ø/n- · GEN ya · DEM hii/ile · POSS y- · REL -yo · class 1: SUBJ a- · ADJ m-/mw- · GEN wa · DEM huyu/yule · POSS w- · REL -ye</div><div class=hinweis>kuliko bildet den Vergleich &quot;mehr als&quot;</div>	A1 SD1 F Frau
Is this seat still free?	Nafasi hii ingali wazi?<hr><table class=gloss><tr class=mo><td>nafasi</td><td>hii</td><td>i-ngali</td><td>wazi</td></tr><tr class=la><td>CL9.place</td><td>CL9.DEM</td><td>CL9-still.be</td><td>free</td></tr></table><div class=klassen>nafasi class 9/10 (Ø/n-) → nafasi — number shows only in the agreement [seat; place = &quot;mahali&quot; class 16]</div><div class=konkordanz>class 9: SUBJ i- · ADJ Ø/n- · GEN ya · DEM hii/ile · POSS y- · REL -yo</div><div class=hinweis>ingali heißt &quot;ist noch&quot;</div>	A1 SD1 F frei
In my free time I often play football.	Katika muda wangu wa mapumziko nacheza mpira wa miguu mara nyingi.<hr><table class=gloss><tr class=mo><td>katika</td><td>muda</td><td>w-angu</td><td>w-a</td><td>ma-pumziko</td><td>na-chez-a</td><td>m-pira</td><td>w-a</td><td>mi-guu</td><td>mara</td><td>ny-ingi</td></tr><tr class=la><td>in</td><td>CL3.time</td><td>CL3-my</td><td>CL3-GEN</td><td>CL6-break</td><td>1SG.PRS.GNRL-play-IND</td><td>CL3-ball</td><td>CL3-GEN</td><td>CL4-foot</td><td>CL9.time</td><td>CL10-many</td></tr></table><div class=klassen>muda class 3/10 (m-/mw- › Ø/n-) → nyakati [irregular plural] · mapumziko class 6 (ma-), no number change [plural only] · mpira wa miguu class 3/4 (m-/mw- › mi-) → mipira ya miguu [genitive agrees with the head noun] · mguu class 3/4 (m-/mw- › mi-) → miguu</div><div class=konkordanz>class 3: SUBJ u- · ADJ m-/mw- · GEN wa · DEM huu/ule · POSS w- · REL -o · class 6: SUBJ ya- · ADJ ma- · GEN ya · DEM haya/yale · POSS y- · REL -yo</div><div class=hinweis>Dreifache Kl.3-Kongruenz: wangu, wa, und wa</div>	A1 SD1 F Freizeit
I do not know; I am a stranger here.	Hilo sijui; mimi ni mgeni hapa.<hr><table class=gloss><tr class=mo><td>hilo</td><td>si-ju-i</td><td>mimi</td><td>ni</td><td>m-geni</td><td>hapa</td></tr><tr class=la><td>CL5.DEM</td><td>1SG.NEG-know-NEG</td><td>I</td><td>COP</td><td>CL1-foreign</td><td>here</td></tr></table><div class=klassen>mgeni class 1/2 (m-/mw- › wa-) → wageni [also &quot;guest&quot;]</div><div class=konkordanz>class 1: SUBJ a- · ADJ m-/mw- · GEN wa · DEM huyu/yule · POSS w- · REL -ye</div><div class=hinweis>mgeni heißt Gast, Fremder und Ausländer</div>	A1 SD1 F fremd
I am looking forward to the holiday.	Nafurahia likizo.<hr><table class=gloss><tr class=mo><td>na-furahi-a</td><td>likizo</td></tr><tr class=la><td>1SG.PRS.GNRL-be.glad-IND</td><td>CL9.holiday</td></tr></table><div class=klassen>likizo class 9/10 (Ø/n-) → likizo — number shows only in the agreement</div><div class=konkordanz>class 9: SUBJ i- · ADJ Ø/n- · GEN ya · DEM hii/ile · POSS y- · REL -yo</div><div class=hinweis>kufurahia braucht kein Reflexivpronomen</div>	A1 SD1 F freuen
This is a friend of mine.	Huyu ni rafiki yangu.<hr><table class=gloss><tr class=mo><td>huyu</td><td>ni</td><td>rafiki</td><td>y-angu</td></tr><tr class=la><td>CL1.DEM</td><td>COP</td><td>CL9/CL1.friend</td><td>CL9-my</td></tr></table><div class=klassen>rafiki class 9/10 (Ø/n-) → rafiki — number shows only in the agreement [model case: &quot;rafiki yangu&quot; class 9, but &quot;rafiki anakuja&quot; class 1]</div><div class=konkordanz>class 1: SUBJ a- · ADJ m-/mw- · GEN wa · DEM huyu/yule · POSS w- · REL -ye</div><div class=hinweis>huyu Kl.1, yangu aber Kl.9: der rafiki-Fall</div>	A1 SD1 F Freund
This is my girlfriend.	Huyu ni rafiki yangu wa kike.<hr><table class=gloss><tr class=mo><td>huyu</td><td>ni</td><td>rafiki</td><td>y-angu</td><td>w-a</td><td>ki-ke</td></tr><tr class=la><td>CL1.DEM</td><td>COP</td><td>CL9/CL1.girlfriend</td><td>CL9-my</td><td>CL1-GEN</td><td>CL7-female</td></tr></table><div class=klassen>rafiki class 9/10 (Ø/n-) → rafiki — number shows only in the agreement [model case: &quot;rafiki yangu&quot; class 9, but &quot;rafiki anakuja&quot; class 1]</div><div class=konkordanz>class 1: SUBJ a- · ADJ m-/mw- · GEN wa · DEM huyu/yule · POSS w- · REL -ye</div><div class=hinweis>Geschlecht durch wa kike nachgestellt</div>	A1 SD1 F Freund
We often used to go to the cinema together.	Zamani tulikuwa pamoja sinemani mara nyingi.<hr><table class=gloss><tr class=mo><td>zamani</td><td>tu-li-kuw-a</td><td>pamoja</td><td>sinema-ni</td><td>mara</td><td>ny-ingi</td></tr><tr class=la><td>formerly</td><td>1PL-PST-be-IND</td><td>together</td><td>CL9.cinema-LOC</td><td>CL9.time</td><td>CL10-many</td></tr></table><div class=konkordanz>class 9: SUBJ i- · ADJ Ø/n- · GEN ya · DEM hii/ile · POSS y- · REL -yo · class 10: SUBJ zi- · ADJ Ø/n- · GEN za · DEM hizi/zile · POSS z- · REL -zo</div><div class=hinweis>zamani bezeichnet die ferne Vergangenheit</div>	A1 SD1 F früher
On Sunday I like having breakfast in bed.	Jumapili napenda kula kifungua kinywa kitandani.<hr><table class=gloss><tr class=mo><td>Jumapili</td><td>na-pend-a</td><td>ku-l-a</td><td>ki-fungua</td><td>kinywa</td><td>ki-tanda-ni</td></tr><tr class=la><td>CL9.Sunday</td><td>1SG.PRS.GNRL-like-IND</td><td>CL15-eat-IND</td><td>CL7-open</td><td>CL7.mouth</td><td>CL7-bed-LOC</td></tr></table><div class=klassen>kifungua kinywa class 7/8 (ki- › vi-) → vifungua kinywa [literally &quot;mouth-opener&quot;]</div><div class=konkordanz>class 7: SUBJ ki- · ADJ ki- · GEN cha · DEM hiki/kile · POSS ch- · REL -cho</div><div class=hinweis>Ortssuffix -ni an kitanda Kl.7</div>	A1 SD1 F frühstücken
Would you like an egg for breakfast?	Unataka yai kwa kifungua kinywa?<hr><table class=gloss><tr class=mo><td>u-na-tak-a</td><td>yai</td><td>kwa</td><td>ki-fungua</td><td>kinywa</td></tr><tr class=la><td>2SG-PRS-want-IND</td><td>CL5.egg</td><td>for</td><td>CL7-open</td><td>CL7.mouth</td></tr></table><div class=klassen>yai class 5/6 (ji-/Ø › ma-) → mayai · kifungua kinywa class 7/8 (ki- › vi-) → vifungua kinywa [literally &quot;mouth-opener&quot;]</div><div class=konkordanz>class 5: SUBJ li- · ADJ ji-/Ø · GEN la · DEM hili/lile · POSS l- · REL -lo · class 7: SUBJ ki- · ADJ ki- · GEN cha · DEM hiki/kile · POSS ch- · REL -cho</div><div class=hinweis>kifungua kinywa heißt wörtlich &quot;Mundöffner&quot;</div>	A1 SD1 F Frühstück
The guided tour of the house begins in 3 minutes.	Uongozi katika nyumba unaanza baada ya dakika tatu.<hr><table class=gloss><tr class=mo><td>uongozi</td><td>katika</td><td>nyumba</td><td>u-na-anz-a</td><td>baada</td><td>y-a</td><td>dakika</td><td>tatu</td></tr><tr class=la><td>CL14.guided.tour</td><td>in</td><td>CL9.house</td><td>CL14-PRS-begin-IND</td><td>after</td><td>CL9-GEN</td><td>CL9.minute</td><td>three</td></tr></table><div class=klassen>uongozi class 14 (u-), no number change [abstract noun] · nyumba class 9/10 (Ø/n-) → nyumba — number shows only in the agreement</div><div class=konkordanz>class 14: SUBJ u- · ADJ m-/mw- · GEN wa · DEM huu/ule · POSS w- · REL -o · class 9: SUBJ i- · ADJ Ø/n- · GEN ya · DEM hii/ile · POSS y- · REL -yo</div><div class=hinweis>uongozi Kl.14 nimmt das Subjektpräfix u-</div>	A1 SD1 F Führung
That is for you.	Hii ni kwa ajili yenu.<hr><table class=gloss><tr class=mo><td>hii</td><td>ni</td><td>kwa</td><td>ajili</td><td>y-enu</td></tr><tr class=la><td>CL9.DEM</td><td>COP</td><td>for</td><td>CL9.purpose</td><td>CL9-your</td></tr></table><div class=konkordanz>class 9: SUBJ i- · ADJ Ø/n- · GEN ya · DEM hii/ile · POSS y- · REL -yo</div><div class=hinweis>yenu für höfliches Sie</div>	A1 SD1 F für
That is the key to the front door.	Huu ni ufunguo wa mlango wa nyumba.<hr><table class=gloss><tr class=mo><td>huu</td><td>ni</td><td>ufunguo</td><td>w-a</td><td>m-lango</td><td>w-a</td><td>nyumba</td></tr><tr class=la><td>CL11.DEM</td><td>COP</td><td>CL11.key</td><td>CL11-GEN</td><td>CL3-door</td><td>CL3-GEN</td><td>CL9.house</td></tr></table><div class=klassen>ufunguo class 11/10 (u- › Ø/n-) → funguo · nyumba class 9/10 (Ø/n-) → nyumba — number shows only in the agreement</div><div class=konkordanz>class 11: SUBJ u- · ADJ m-/mw- · GEN wa · DEM huu/ule · POSS w- · REL -o · class 9: SUBJ i- · ADJ Ø/n- · GEN ya · DEM hii/ile · POSS y- · REL -yo</div><div class=hinweis>Zwei Genitive hintereinander, beide mit wa</div>	A1 SD1 F für
That is the bread for tomorrow.	Huu ni mkate wa kesho.<hr><table class=gloss><tr class=mo><td>huu</td><td>ni</td><td>m-kate</td><td>w-a</td><td>kesho</td></tr><tr class=la><td>CL3.DEM</td><td>COP</td><td>CL3-bread</td><td>CL3-GEN</td><td>tomorrow</td></tr></table><div class=klassen>mkate class 3/4 (m-/mw- › mi-) → mikate</div><div class=konkordanz>class 3: SUBJ u- · ADJ m-/mw- · GEN wa · DEM huu/ule · POSS w- · REL -o</div><div class=hinweis>huu und wa kongruieren beide mit Kl.3</div>	A1 SD1 F für
My left foot hurts.	Mguu wangu wa kushoto unaniuma.<hr><table class=gloss><tr class=mo><td>m-guu</td><td>w-angu</td><td>w-a</td><td>ku-shoto</td><td>u-na-ni-um-a</td></tr><tr class=la><td>CL3-foot</td><td>CL3-my</td><td>CL3-GEN</td><td>CL17-left</td><td>CL3-PRS-OBJ1SG-hurt-IND</td></tr></table><div class=klassen>mguu class 3/4 (m-/mw- › mi-) → miguu</div><div class=konkordanz>class 3: SUBJ u- · ADJ m-/mw- · GEN wa · DEM huu/ule · POSS w- · REL -o</div><div class=hinweis>Der Fuß schmerzt mich: Objektpräfix -ni-</div>	A1 SD1 F Fuß
Do you like playing football?	Mnapenda kucheza mpira wa miguu?<hr><table class=gloss><tr class=mo><td>m-na-pend-a</td><td>ku-chez-a</td><td>m-pira</td><td>w-a</td><td>mi-guu</td></tr><tr class=la><td>2PL-PRS-like-IND</td><td>CL15-play-IND</td><td>CL3-ball</td><td>CL3-GEN</td><td>CL4-foot</td></tr></table><div class=klassen>mpira wa miguu class 3/4 (m-/mw- › mi-) → mipira ya miguu [genitive agrees with the head noun] · mguu class 3/4 (m-/mw- › mi-) → miguu</div><div class=konkordanz>class 3: SUBJ u- · ADJ m-/mw- · GEN wa · DEM huu/ule · POSS w- · REL -o</div><div class=hinweis>mpira wa miguu wörtlich &quot;Ball der Füße&quot;</div>	A1 SD1 F Fußball
Unfortunately we do not have a garden.	Kwa bahati mbaya hatuna bustani.<hr><table class=gloss><tr class=mo><td>kwa</td><td>bahati</td><td>m-baya</td><td>hatu-na</td><td>bustani</td></tr><tr class=la><td>for</td><td>CL9.luck</td><td>CL9-bad</td><td>1PL.NEG-have</td><td>CL9.garden</td></tr></table><div class=klassen>bahati class 9/10 (Ø/n-) → bahati — number shows only in the agreement · bustani class 9/10 (Ø/n-) → bustani — number shows only in the agreement</div><div class=konkordanz>class 9: SUBJ i- · ADJ Ø/n- · GEN ya · DEM hii/ile · POSS y- · REL -yo</div><div class=hinweis>hatuna ist die 1PL-Negation von tuna</div>	A1 SD1 G Garten
At the weekend we have several guests.	Mwishoni wa wiki tunakuwa na wageni kadhaa.<hr><table class=gloss><tr class=mo><td>mwisho-ni</td><td>w-a</td><td>wiki</td><td>tu-na-kuw-a</td><td>na</td><td>wa-geni</td><td>kadhaa</td></tr><tr class=la><td>CL3.end-LOC</td><td>CL3-GEN</td><td>CL9.week</td><td>1PL-PRS-be-IND</td><td>with</td><td>CL2-guest</td><td>several</td></tr></table><div class=klassen>mgeni class 1/2 (m-/mw- › wa-) → wageni [also &quot;guest&quot;]</div><div class=konkordanz>class 1: SUBJ a- · ADJ m-/mw- · GEN wa · DEM huyu/yule · POSS w- · REL -ye</div><div class=hinweis>Wochenende als mwishoni wa wiki</div>	A1 SD1 G Gast
Can you give me your pen, please?	Unaweza kunipa kalamu yako tafadhali?<hr><table class=gloss><tr class=mo><td>u-na-wez-a</td><td>ku-ni-p-a</td><td>kalamu</td><td>y-ako</td><td>tafadhali</td></tr><tr class=la><td>2SG-PRS-can-IND</td><td>CL15-OBJ1SG-give-IND</td><td>CL9.pen</td><td>CL9-your</td><td>please</td></tr></table><div class=klassen>kalamu class 9/10 (Ø/n-) → kalamu — number shows only in the agreement</div><div class=konkordanz>class 9: SUBJ i- · ADJ Ø/n- · GEN ya · DEM hii/ile · POSS y- · REL -yo</div><div class=hinweis>kalamu deckt Stift und Kugelschreiber ab</div>	A1 SD1 G geben
There are no tickets left.	Hakuna tiketi tena.<hr><table class=gloss><tr class=mo><td>haku-na</td><td>tiketi</td><td>tena</td></tr><tr class=la><td>CL17.NEG-with</td><td>CL10.ticket</td><td>more</td></tr></table><div class=klassen>tiketi class 9/10 (Ø/n-) → tiketi — number shows only in the agreement [loanword]</div><div class=konkordanz>class 9: SUBJ i- · ADJ Ø/n- · GEN ya · DEM hii/ile · POSS y- · REL -yo</div><div class=hinweis>hakuna ist die Negation von kuna</div>	A1 SD1 G geben
I was born in Zagreb.	Nilizaliwa Zagreb.<hr><table class=gloss><tr class=mo><td>ni-li-zali-w-a</td><td>Zagreb</td></tr><tr class=la><td>1SG-PST-bear-PASS-IND</td><td>Zagreb</td></tr></table><div class=hinweis>geboren sein steht im Passiv Vergangenheit</div>	A1 SD1 G geboren
Your son's year of birth, please?	Mwaka wa kuzaliwa wa mwana wako, tafadhali?<hr><table class=gloss><tr class=mo><td>mw-aka</td><td>w-a</td><td>ku-zali-w-a</td><td>w-a</td><td>mw-ana</td><td>w-ako</td><td>tafadhali</td></tr><tr class=la><td>CL3-year</td><td>CL3-GEN</td><td>CL15-bear-PASS-IND</td><td>CL3-GEN</td><td>CL1-son</td><td>CL1-your</td><td>please</td></tr></table><div class=klassen>mwaka wa kuzaliwa class 3/4 (m-/mw- › mi-) → miaka ya kuzaliwa [genitive agrees with the head noun] · mwana class 1/2 (m-/mw- › wa-) → wana</div><div class=konkordanz>class 3: SUBJ u- · ADJ m-/mw- · GEN wa · DEM huu/ule · POSS w- · REL -o · class 1: SUBJ a- · ADJ m-/mw- · GEN wa · DEM huyu/yule · POSS w- · REL -ye</div><div class=hinweis>Drei Genitive, alle mit wa für Kl.3 und Kl.1</div>	A1 SD1 G Geburtsjahr
Please write your place of birth on the form.	Tafadhali andikeni mahali penu pa kuzaliwa kwenye fomu.<hr><table class=gloss><tr class=mo><td>tafadhali</td><td>andik-eni</td><td>mahali</td><td>p-enu</td><td>p-a</td><td>ku-zali-w-a</td><td>kwenye</td><td>fomu</td></tr><tr class=la><td>please</td><td>write-IMP.PL</td><td>CL16.place</td><td>CL16-your</td><td>CL16-GEN</td><td>CL15-bear-PASS-IND</td><td>at</td><td>CL9.form</td></tr></table><div class=klassen>mahali class 16 (pa-), no number change [locative class] · fomu class 9/10 (Ø/n-) → fomu — number shows only in the agreement [loanword]</div><div class=konkordanz>class 16: SUBJ pa- · ADJ pa- · GEN pa · DEM hapa/pale · POSS p- · REL -po · class 9: SUBJ i- · ADJ Ø/n- · GEN ya · DEM hii/ile · POSS y- · REL -yo</div><div class=hinweis>Ortsklasse 16 hat eigene Formen penu und pa</div>	A1 SD1 G Geburtsort
Happy birthday!	Hongera kwa siku yako ya kuzaliwa!<hr><table class=gloss><tr class=mo><td>hongera</td><td>kwa</td><td>siku</td><td>y-ako</td><td>y-a</td><td>ku-zali-w-a</td></tr><tr class=la><td>CL9.congratulation</td><td>for</td><td>CL9.day</td><td>CL9-your</td><td>CL9-GEN</td><td>CL15-bear-PASS-IND</td></tr></table><div class=klassen>hongera class 9/10 (Ø/n-) → hongera — number shows only in the agreement · siku ya kuzaliwa class 9/10 (Ø/n-) → siku za kuzaliwa [genitive agrees with the head noun]</div><div class=konkordanz>class 9: SUBJ i- · ADJ Ø/n- · GEN ya · DEM hii/ile · POSS y- · REL -yo</div><div class=hinweis>hongera ist die übliche Gratulationsformel</div>	A1 SD1 G Geburtstag
I like that.	Hii inanipendeza.<hr><table class=gloss><tr class=mo><td>hii</td><td>i-na-ni-pendez-a</td></tr><tr class=la><td>CL9.DEM</td><td>CL9-PRS-OBJ1SG-please-IND</td></tr></table><div class=konkordanz>class 9: SUBJ i- · ADJ Ø/n- · GEN ya · DEM hii/ile · POSS y- · REL -yo</div><div class=hinweis>Das Gefallende ist Subjekt, ich bin Objekt</div>	A1 SD1 G gefallen
Do not drive into the tree!	Usiendeshe hadi mtini!<hr><table class=gloss><tr class=mo><td>u-si-endesh-e</td><td>hadi</td><td>m-ti-ni</td></tr><tr class=la><td>2SG-NEG-drive-SBJV</td><td>until</td><td>CL3-tree-LOC</td></tr></table><div class=konkordanz>class 3: SUBJ u- · ADJ m-/mw- · GEN wa · DEM huu/ule · POSS w- · REL -o</div><div class=hinweis>Negativer Imperativ mit -si- und Konjunktiv</div>	A1 SD1 G gegen
I am against this solution.	Mimi ni kinyume cha suluhisho hili.<hr><table class=gloss><tr class=mo><td>mimi</td><td>ni</td><td>ki-nyume</td><td>ch-a</td><td>suluhisho</td><td>hili</td></tr><tr class=la><td>I</td><td>COP</td><td>CL7-opposite</td><td>CL7-GEN</td><td>CL5.solution</td><td>CL5.DEM</td></tr></table><div class=konkordanz>class 7: SUBJ ki- · ADJ ki- · GEN cha · DEM hiki/kile · POSS ch- · REL -cho · class 5: SUBJ li- · ADJ ji-/Ø · GEN la · DEM hili/lile · POSS l- · REL -lo</div><div class=hinweis>gegen etwas sein = kinyume cha</div>	A1 SD1 G gegen
Who is playing against whom?	Nani anacheza na nani?<hr><table class=gloss><tr class=mo><td>nani</td><td>a-na-chez-a</td><td>na</td><td>nani</td></tr><tr class=la><td>who</td><td>CL1-PRS-play-IND</td><td>against</td><td>who</td></tr></table><div class=konkordanz>class 1: SUBJ a- · ADJ m-/mw- · GEN wa · DEM huyu/yule · POSS w- · REL -ye</div><div class=hinweis>na deckt mit und gegen ab</div>	A1 SD1 G gegen
I do not know how that works.	Sijui hii inafanya kazi vipi.<hr><table class=gloss><tr class=mo><td>si-ju-i</td><td>hii</td><td>i-na-fany-a</td><td>kazi</td><td>vipi</td></tr><tr class=la><td>1SG.NEG-know-NEG</td><td>CL9.DEM</td><td>CL9-PRS-do-IND</td><td>CL9.work</td><td>how</td></tr></table><div class=klassen>kazi class 9/10 (Ø/n-) → kazi — number shows only in the agreement</div><div class=konkordanz>class 9: SUBJ i- · ADJ Ø/n- · GEN ya · DEM hii/ile · POSS y- · REL -yo</div><div class=hinweis>funktionieren = kufanya kazi, wie Arbeit tun</div>	A1 SD1 G gehen
How are you?	Habari?<hr><table class=gloss><tr class=mo><td>habari</td></tr><tr class=la><td>CL10.news</td></tr></table><div class=konkordanz>class 10: SUBJ zi- · ADJ Ø/n- · GEN za · DEM hizi/zile · POSS z- · REL -zo</div><div class=hinweis>Begrüßung fragt nach den Nachrichten</div>	A1 SD1 G gehen
Unfortunately I have to go now.	Kwa bahati mbaya lazima niende sasa.<hr><table class=gloss><tr class=mo><td>kwa</td><td>bahati</td><td>m-baya</td><td>lazima</td><td>ni-end-e</td><td>sasa</td></tr><tr class=la><td>for</td><td>CL9.luck</td><td>CL9-bad</td><td>must</td><td>1SG-go-SBJV</td><td>now</td></tr></table><div class=klassen>bahati class 9/10 (Ø/n-) → bahati — number shows only in the agreement</div><div class=konkordanz>class 9: SUBJ i- · ADJ Ø/n- · GEN ya · DEM hii/ile · POSS y- · REL -yo</div><div class=hinweis>lazima plus Konjunktiv für Notwendigkeit</div>	A1 SD1 G gehen
I have to go to the doctor.	Lazima niende kwa daktari.<hr><table class=gloss><tr class=mo><td>lazima</td><td>ni-end-e</td><td>kwa</td><td>daktari</td></tr><tr class=la><td>must</td><td>1SG-go-SBJV</td><td>to</td><td>CL5/CL1.doctor</td></tr></table><div class=klassen>daktari class 5/6 (ji-/Ø › ma-) → madaktari [person: form class 5/6, agreement class 1/2]</div><div class=konkordanz>class 1: SUBJ a- · ADJ m-/mw- · GEN wa · DEM huyu/yule · POSS w- · REL -ye</div><div class=hinweis>kwa für den Weg zu einer Person</div>	A1 SD1 G gehen
That is not possible!	Haiwezekani!<hr><table class=gloss><tr class=mo><td>hai-wezekan-i</td></tr><tr class=la><td>CL9.NEG-be.possible-NEG</td></tr></table><div class=konkordanz>class 9: SUBJ i- · ADJ Ø/n- · GEN ya · DEM hii/ile · POSS y- · REL -yo</div><div class=hinweis>Unpersönliches Subjekt ist Kl.9</div>	A1 SD1 G gehen
Whose is this?	Hii ni ya nani?<hr><table class=gloss><tr class=mo><td>hii</td><td>ni</td><td>y-a</td><td>nani</td></tr><tr class=la><td>CL9.DEM</td><td>COP</td><td>CL9-GEN</td><td>who</td></tr></table><div class=konkordanz>class 9: SUBJ i- · ADJ Ø/n- · GEN ya · DEM hii/ile · POSS y- · REL -yo</div><div class=hinweis>gehören wird mit dem Genitiv ausgedrückt</div>	A1 SD1 G gehören
Do you still have money?	Unayo pesa bado?<hr><table class=gloss><tr class=mo><td>u-na-yo</td><td>pesa</td><td>bado</td></tr><tr class=la><td>2SG-have-REL9</td><td>CL10.money</td><td>still</td></tr></table><div class=klassen>pesa class 9/10 (Ø/n-) → pesa — number shows only in the agreement</div><div class=konkordanz>class 9: SUBJ i- · ADJ Ø/n- · GEN ya · DEM hii/ile · POSS y- · REL -yo</div><div class=hinweis>pesa ist Kl.10, grammatisch Plural</div>	A1 SD1 G Geld
We still need vegetables too.	Mboga tunahitaji pia bado.<hr><table class=gloss><tr class=mo><td>mboga</td><td>tu-na-hitaji</td><td>pia</td><td>bado</td></tr><tr class=la><td>CL9.vegetables</td><td>1PL-PRS-need</td><td>also</td><td>still</td></tr></table><div class=klassen>mboga class 9/10 (Ø/n-) → mboga — number shows only in the agreement</div><div class=konkordanz>class 9: SUBJ i- · ADJ Ø/n- · GEN ya · DEM hii/ile · POSS y- · REL -yo</div><div class=hinweis>Vorangestelltes Objekt als Thema des Satzes</div>	A1 SD1 G Gemüse
Do you want to take your luggage with you?	Mnataka kuchukua mizigo yenu?<hr><table class=gloss><tr class=mo><td>m-na-tak-a</td><td>ku-chuku-a</td><td>mi-zigo</td><td>y-enu</td></tr><tr class=la><td>2PL-PRS-want-IND</td><td>CL15-take-IND</td><td>CL4-luggage</td><td>CL4-your</td></tr></table><div class=klassen>mzigo class 3/4 (m-/mw- › mi-) → mizigo [usually plural &quot;mizigo&quot;]</div><div class=konkordanz>class 3: SUBJ u- · ADJ m-/mw- · GEN wa · DEM huu/ule · POSS w- · REL -o</div><div class=hinweis>mzigo Kl.3, Plural mizigo Kl.4</div>	A1 SD1 G Gepäck
There he comes, just now.	Tazama, anakuja hivi sasa.<hr><table class=gloss><tr class=mo><td>tazam-a</td><td>a-na-kuj-a</td><td>hivi</td><td>sasa</td></tr><tr class=la><td>look-IMP</td><td>3SG-PRS-come-IND</td><td>same</td><td>now</td></tr></table><div class=hinweis>hivi sasa heißt &quot;eben jetzt&quot;</div>	A1 SD1 G gerade
Keep going straight ahead!	Endeleeni moja kwa moja!<hr><table class=gloss><tr class=mo><td>endele-eni</td><td>moja</td><td>kwa</td><td>moja</td></tr><tr class=la><td>continue-IMP.PL</td><td>one</td><td>for</td><td>one</td></tr></table><div class=hinweis>geradeaus wörtlich &quot;eins für eins&quot;</div>	A1 SD1 G geradeaus
I like going shopping.	Napenda kwenda kununua vitu.<hr><table class=gloss><tr class=mo><td>na-pend-a</td><td>kw-end-a</td><td>ku-nunu-a</td><td>vi-tu</td></tr><tr class=la><td>1SG.PRS.GNRL-like-IND</td><td>CL15-go-IND</td><td>CL15-buy-IND</td><td>CL8-thing</td></tr></table><div class=konkordanz>class 15: SUBJ ku- · ADJ ku- · GEN kwa · DEM huku/kule · POSS kw- · REL -ko · class 8: SUBJ vi- · ADJ vi- · GEN vya · DEM hivi/vile · POSS vy- · REL -vyo</div><div class=hinweis>gern wird durch kupenda ausgedrückt</div>	A1 SD1 G gern_e_
The shops close at 18.30.	Maduka yanafunga saa kumi na mbili na nusu.<hr><table class=gloss><tr class=mo><td>ma-duka</td><td>ya-na-fung-a</td><td>saa</td><td>kumi</td><td>na</td><td>mbili</td><td>na</td><td>nusu</td></tr><tr class=la><td>CL6-shop</td><td>CL6-PRS-close-IND</td><td>CL9.hour</td><td>ten</td><td>and</td><td>two</td><td>and</td><td>CL9.half</td></tr></table><div class=klassen>duka class 5/6 (ji-/Ø › ma-) → maduka · saa class 9/10 (Ø/n-) → saa — number shows only in the agreement [also &quot;clock&quot;]</div><div class=konkordanz>class 5: SUBJ li- · ADJ ji-/Ø · GEN la · DEM hili/lile · POSS l- · REL -lo · class 9: SUBJ i- · ADJ Ø/n- · GEN ya · DEM hii/ile · POSS y- · REL -yo</div><div class=hinweis>saa kumi na mbili na nusu = 18.30 Uhr</div>	A1 SD1 G Geschäft
Thank you for the lovely present.	Asante kwa zawadi nzuri.<hr><table class=gloss><tr class=mo><td>asante</td><td>kwa</td><td>zawadi</td><td>n-zuri</td></tr><tr class=la><td>thanks</td><td>for</td><td>CL9.present</td><td>CL9-good</td></tr></table><div class=klassen>zawadi class 9/10 (Ø/n-) → zawadi — number shows only in the agreement</div><div class=konkordanz>class 9: SUBJ i- · ADJ Ø/n- · GEN ya · DEM hii/ile · POSS y- · REL -yo</div><div class=hinweis>nzuri mit Nasalpräfix der Kl.9</div>	A1 SD1 G Geschenk
Unfortunately I have no brothers or sisters.	Kwa bahati mbaya sina ndugu.<hr><table class=gloss><tr class=mo><td>kwa</td><td>bahati</td><td>m-baya</td><td>si-na</td><td>ndugu</td></tr><tr class=la><td>for</td><td>CL9.luck</td><td>CL9-bad</td><td>1SG.NEG-have</td><td>CL9/CL2.siblings</td></tr></table><div class=klassen>bahati class 9/10 (Ø/n-) → bahati — number shows only in the agreement · ndugu class 9/10 (Ø/n-) → ndugu — number shows only in the agreement [person: form class 9/10, agreement class 1/2]</div><div class=konkordanz>class 9: SUBJ i- · ADJ Ø/n- · GEN ya · DEM hii/ile · POSS y- · REL -yo · class 1: SUBJ a- · ADJ m-/mw- · GEN wa · DEM huyu/yule · POSS w- · REL -ye</div><div class=hinweis>ndugu deckt Geschwister und Verwandte ab</div>	A1 SD1 G Geschwister__pl__
The meeting with Mrs Kunz is at 14.00.	Mazungumzo na Bibi Kunz ni saa nane.<hr><table class=gloss><tr class=mo><td>ma-zungumzo</td><td>na</td><td>bibi</td><td>Kunz</td><td>ni</td><td>saa</td><td>nane</td></tr><tr class=la><td>CL6-conversation</td><td>with</td><td>CL5/CL1.woman</td><td>Kunz</td><td>COP</td><td>CL9.hour</td><td>eight</td></tr></table><div class=klassen>mazungumzo class 6 (ma-), no number change [plural only] · bibi class 5/6 (ji-/Ø › ma-) → mabibi [person: form class 5/6, agreement class 1/2] · saa class 9/10 (Ø/n-) → saa — number shows only in the agreement [also &quot;clock&quot;]</div><div class=konkordanz>class 6: SUBJ ya- · ADJ ma- · GEN ya · DEM haya/yale · POSS y- · REL -yo · class 1: SUBJ a- · ADJ m-/mw- · GEN wa · DEM huyu/yule · POSS w- · REL -ye</div><div class=hinweis>saa nane = 14 Uhr, achte Stunde nach Sonnenaufgang</div>	A1 SD1 G Gespräch
Yesterday I was ill.	Jana nilikuwa mgonjwa.<hr><table class=gloss><tr class=mo><td>jana</td><td>ni-li-kuw-a</td><td>m-gonjwa</td></tr><tr class=la><td>yesterday</td><td>1SG-PST-be-IND</td><td>CL1-ill</td></tr></table><div class=konkordanz>class 1: SUBJ a- · ADJ m-/mw- · GEN wa · DEM huyu/yule · POSS w- · REL -ye</div><div class=hinweis>Vergangenheit mit -li-, Zustand mit kuwa</div>	A1 SD1 G gestern
My wife died yesterday.	Mke wangu alifariki jana.<hr><table class=gloss><tr class=mo><td>mke</td><td>w-angu</td><td>a-li-fariki</td><td>jana</td></tr><tr class=la><td>CL1.wife</td><td>CL1-my</td><td>3SG-PST-die</td><td>yesterday</td></tr></table><div class=klassen>mke class 1/2 (m-/mw- › wa-) → wake [husband = &quot;mume&quot; class 1/2]</div><div class=konkordanz>class 1: SUBJ a- · ADJ m-/mw- · GEN wa · DEM huyu/yule · POSS w- · REL -ye</div><div class=hinweis>kufariki ist arabisches Lehnverb auf -i</div>	A1 SD1 G gestorben
My favourite drink is tomato juice.	Kinywaji nikipendacho zaidi ni juisi ya nyanya.<hr><table class=gloss><tr class=mo><td>ki-nywaji</td><td>ni-ki-pend-a-cho</td><td>zaidi</td><td>ni</td><td>juisi</td><td>y-a</td><td>nyanya</td></tr><tr class=la><td>CL7-drink</td><td>1SG-OBJ7-like-IND-REL7</td><td>more</td><td>COP</td><td>CL9.juice</td><td>CL9-GEN</td><td>CL9.tomato</td></tr></table><div class=klassen>kinywaji class 7/8 (ki- › vi-) → vinywaji · juisi class 9/10 (Ø/n-) → juisi — number shows only in the agreement [loanword] · nyanya class 9/10 (Ø/n-) → nyanya — number shows only in the agreement</div><div class=konkordanz>class 7: SUBJ ki- · ADJ ki- · GEN cha · DEM hiki/kile · POSS ch- · REL -cho · class 9: SUBJ i- · ADJ Ø/n- · GEN ya · DEM hii/ile · POSS y- · REL -yo</div><div class=hinweis>Relativsuffix -cho steht am Verbende, Klasse 7</div>	A1 SD1 G Getränk
Under "weight" you write: 62 kilos.	Kwenye "uzito" unaandika: kilo sitini na mbili.<hr><table class=gloss><tr class=mo><td>kwenye</td><td>uzito</td><td>u-na-andik-a</td><td>kilo</td><td>sitini</td><td>na</td><td>mbili</td></tr><tr class=la><td>at</td><td>CL14.weight</td><td>2SG-PRS-write-IND</td><td>CL9.kilo</td><td>sixty</td><td>and</td><td>two</td></tr></table><div class=klassen>uzito class 14 (u-), no number change [abstract noun]</div><div class=konkordanz>class 14: SUBJ u- · ADJ m-/mw- · GEN wa · DEM huu/ule · POSS w- · REL -o</div><div class=hinweis>zweiundsechzig = sitini na mbili</div>	A1 SD1 G Gewicht
Who is winning the game?	Nani anashinda mchezo?<hr><table class=gloss><tr class=mo><td>nani</td><td>a-na-shind-a</td><td>m-chezo</td></tr><tr class=la><td>who</td><td>CL1-PRS-win-IND</td><td>CL3-game</td></tr></table><div class=klassen>mchezo class 3/4 (m-/mw- › mi-) → michezo</div><div class=konkordanz>class 3: SUBJ u- · ADJ m-/mw- · GEN wa · DEM huu/ule · POSS w- · REL -o</div><div class=hinweis>kushinda heißt gewinnen und besiegen</div>	A1 SD1 G gewinnen
Another glass of wine, please!	Tafadhali glasi nyingine ya mvinyo!<hr><table class=gloss><tr class=mo><td>tafadhali</td><td>glasi</td><td>ny-ingine</td><td>y-a</td><td>m-vinyo</td></tr><tr class=la><td>please</td><td>CL9.glass</td><td>CL9-other</td><td>CL9-GEN</td><td>CL3-wine</td></tr></table><div class=klassen>glasi class 9/10 (Ø/n-) → glasi — number shows only in the agreement [loanword] · mvinyo class 3/4 (m-/mw- › mi-) → mivinyo</div><div class=konkordanz>class 9: SUBJ i- · ADJ Ø/n- · GEN ya · DEM hii/ile · POSS y- · REL -yo · class 3: SUBJ u- · ADJ m-/mw- · GEN wa · DEM huu/ule · POSS w- · REL -o</div><div class=hinweis>nyingine heißt &quot;ein weiteres&quot;</div>	A1 SD1 G Glas
We still need three glasses.	Tunahitaji glasi tatu bado.<hr><table class=gloss><tr class=mo><td>tu-na-hitaji</td><td>glasi</td><td>tatu</td><td>bado</td></tr><tr class=la><td>1PL-PRS-need</td><td>CL10.glass</td><td>three</td><td>still</td></tr></table><div class=klassen>glasi class 9/10 (Ø/n-) → glasi — number shows only in the agreement [loanword]</div><div class=konkordanz>class 9: SUBJ i- · ADJ Ø/n- · GEN ya · DEM hii/ile · POSS y- · REL -yo</div><div class=hinweis>glasi ist Kl.9 und Kl.10 gleich</div>	A1 SD1 G Glas
You can believe me, it is true.	Mnaweza kuniamini, ni hivyo.<hr><table class=gloss><tr class=mo><td>m-na-wez-a</td><td>ku-ni-amini</td><td>ni</td><td>hivyo</td></tr><tr class=la><td>2PL-PRS-can-IND</td><td>CL15-OBJ1SG-believe</td><td>COP</td><td>so</td></tr></table><div class=konkordanz>class 15: SUBJ ku- · ADJ ku- · GEN kwa · DEM huku/kule · POSS kw- · REL -ko</div><div class=hinweis>kuamini ist arabisches Lehnverb auf -i</div>	A1 SD1 G glauben
I think he is coming in a moment.	Nadhani anakuja hivi punde.<hr><table class=gloss><tr class=mo><td>na-dhani</td><td>a-na-kuj-a</td><td>hivi</td><td>punde</td></tr><tr class=la><td>1SG.PRS.GNRL-think</td><td>3SG-PRS-come-IND</td><td>same</td><td>at.once</td></tr></table><div class=hinweis>kudhani für Vermutung, kuamini für Vertrauen</div>	A1 SD1 G glauben
It is all the same to me.	Kwangu ni sawa.<hr><table class=gloss><tr class=mo><td>kw-angu</td><td>ni</td><td>sawa</td></tr><tr class=la><td>CL17-my</td><td>COP</td><td>same</td></tr></table><div class=konkordanz>class 17: SUBJ ku- · ADJ ku- · GEN kwa · DEM huku/kule · POSS kw- · REL -ko</div><div class=hinweis>sawa heißt gleich, in Ordnung und einverstanden</div>	A1 SD1 G gleich
That is the same price.	Hii ni bei ile ile.<hr><table class=gloss><tr class=mo><td>hii</td><td>ni</td><td>bei</td><td>ile</td><td>ile</td></tr><tr class=la><td>CL9.DEM</td><td>COP</td><td>CL9.price</td><td>CL9.DEM.dist</td><td>CL9.DEM.dist</td></tr></table><div class=klassen>bei class 9/10 (Ø/n-) → bei — number shows only in the agreement</div><div class=konkordanz>class 9: SUBJ i- · ADJ Ø/n- · GEN ya · DEM hii/ile · POSS y- · REL -yo</div><div class=hinweis>Verdoppeltes Demonstrativ heißt &quot;derselbe&quot;</div>	A1 SD1 G gleich
I am coming right away.	Nakuja hivi punde.<hr><table class=gloss><tr class=mo><td>na-kuj-a</td><td>hivi</td><td>punde</td></tr><tr class=la><td>1SG.PRS.GNRL-come-IND</td><td>same</td><td>at.once</td></tr></table><div class=hinweis>hivi punde für die unmittelbare Zukunft</div>	A1 SD1 G gleich
The express to Berlin stops at platform 12 today.	Treni ya kasi kwenda Berlin leo inasimama jukwaa namba kumi na mbili.<hr><table class=gloss><tr class=mo><td>treni</td><td>y-a</td><td>kasi</td><td>kw-end-a</td><td>Berlin</td><td>leo</td><td>i-na-simam-a</td><td>jukwaa</td><td>namba</td><td>kumi</td><td>na</td><td>mbili</td></tr><tr class=la><td>CL9.train</td><td>CL9-GEN</td><td>CL9.speed</td><td>CL15-go-IND</td><td>Berlin</td><td>today</td><td>CL9-PRS-stop-IND</td><td>CL5.platform</td><td>CL9.number</td><td>ten</td><td>and</td><td>two</td></tr></table><div class=klassen>treni class 9/10 (Ø/n-) → treni — number shows only in the agreement [loanword] · jukwaa class 5/6 (ji-/Ø › ma-) → majukwaa [platform] · namba class 9/10 (Ø/n-) → namba — number shows only in the agreement [loanword]</div><div class=konkordanz>class 9: SUBJ i- · ADJ Ø/n- · GEN ya · DEM hii/ile · POSS y- · REL -yo · class 5: SUBJ li- · ADJ ji-/Ø · GEN la · DEM hili/lile · POSS l- · REL -lo</div><div class=hinweis>zwölf = kumi na mbili</div>	A1 SD1 G Gleis
Good luck!	Bahati njema!<hr><table class=gloss><tr class=mo><td>bahati</td><td>n-jema</td></tr><tr class=la><td>CL9.luck</td><td>CL9-good</td></tr></table><div class=klassen>bahati class 9/10 (Ø/n-) → bahati — number shows only in the agreement</div><div class=konkordanz>class 9: SUBJ i- · ADJ Ø/n- · GEN ya · DEM hii/ile · POSS y- · REL -yo</div><div class=hinweis>njema mit Nasalpräfix der Kl.9</div>	A1 SD1 G Glück
My children are happily married.	Watoto wangu wameoa kwa furaha.<hr><table class=gloss><tr class=mo><td>watoto</td><td>w-angu</td><td>wa-me-o-a</td><td>kwa</td><td>furaha</td></tr><tr class=la><td>CL2.child</td><td>CL2-my</td><td>CL2-PRF-marry-IND</td><td>with</td><td>CL9.joy</td></tr></table><div class=klassen>mtoto class 1/2 (m-/mw- › wa-) → watoto</div><div class=konkordanz>class 1: SUBJ a- · ADJ m-/mw- · GEN wa · DEM huyu/yule · POSS w- · REL -ye</div><div class=hinweis>kuoa heiratet eine Frau, kuolewa einen Mann</div>	A1 SD1 G glücklich
Happy birthday.	Hongera kwa siku yako ya kuzaliwa.<hr><table class=gloss><tr class=mo><td>hongera</td><td>kwa</td><td>siku</td><td>y-ako</td><td>y-a</td><td>ku-zali-w-a</td></tr><tr class=la><td>CL9.congratulation</td><td>for</td><td>CL9.day</td><td>CL9-your</td><td>CL9-GEN</td><td>CL15-bear-PASS-IND</td></tr></table><div class=klassen>hongera class 9/10 (Ø/n-) → hongera — number shows only in the agreement · siku ya kuzaliwa class 9/10 (Ø/n-) → siku za kuzaliwa [genitive agrees with the head noun]</div><div class=konkordanz>class 9: SUBJ i- · ADJ Ø/n- · GEN ya · DEM hii/ile · POSS y- · REL -yo</div><div class=hinweis>Zweifache Kl.9-Kongruenz: yako und ya</div>	A1 SD1 G Glückwunsch
Today we have thirty degrees.	Leo tuna nyuzi joto thelathini.<hr><table class=gloss><tr class=mo><td>leo</td><td>tu-na</td><td>nyuzi</td><td>joto</td><td>thelathini</td></tr><tr class=la><td>today</td><td>1PL-have</td><td>CL10.degree</td><td>CL9.heat</td><td>thirty</td></tr></table><div class=konkordanz>class 10: SUBJ zi- · ADJ Ø/n- · GEN za · DEM hizi/zile · POSS z- · REL -zo · class 9: SUBJ i- · ADJ Ø/n- · GEN ya · DEM hii/ile · POSS y- · REL -yo</div><div class=hinweis>Grad Celsius = nyuzi joto</div>	A1 SD1 G Grad__Celsius_
Congratulations!	Nakupongeza!<hr><table class=gloss><tr class=mo><td>na-ku-pongez-a</td></tr><tr class=la><td>1SG.PRS.GNRL-OBJ2SG-congratulate-IND</td></tr></table><div class=hinweis>Objektpräfix -ku- für dich</div>	A1 SD1 G gratulieren
Today we are having a barbecue in the garden.	Leo tunachoma nyama bustanini.<hr><table class=gloss><tr class=mo><td>leo</td><td>tu-na-chom-a</td><td>nyama</td><td>bustani-ni</td></tr><tr class=la><td>today</td><td>1PL-PRS-barbecue-IND</td><td>CL9.meat</td><td>CL9.garden-LOC</td></tr></table><div class=klassen>nyama class 9/10 (Ø/n-) → nyama — number shows only in the agreement</div><div class=konkordanz>class 9: SUBJ i- · ADJ Ø/n- · GEN ya · DEM hii/ile · POSS y- · REL -yo</div><div class=hinweis>grillen = kuchoma nyama, &quot;Fleisch brennen&quot;</div>	A1 SD1 G grillen
My brother and I are the same height.	Kaka yangu na mimi tuna urefu sawa.<hr><table class=gloss><tr class=mo><td>kaka</td><td>y-angu</td><td>na</td><td>mimi</td><td>tu-na</td><td>urefu</td><td>sawa</td></tr><tr class=la><td>CL9/CL1.brother</td><td>CL9-my</td><td>and</td><td>I</td><td>1PL-have</td><td>CL14.size</td><td>same</td></tr></table><div class=klassen>kaka class 9/10 (Ø/n-) → kaka — number shows only in the agreement [person: form class 9/10, agreement class 1/2]</div><div class=konkordanz>class 1: SUBJ a- · ADJ m-/mw- · GEN wa · DEM huyu/yule · POSS w- · REL -ye</div><div class=hinweis>Größe haben statt groß sein</div>	A1 SD1 G groß
Frankfurt is a big city.	Frankfurt ni mji mkubwa.<hr><table class=gloss><tr class=mo><td>Frankfurt</td><td>ni</td><td>m-ji</td><td>m-kubwa</td></tr><tr class=la><td>Frankfurt</td><td>COP</td><td>CL3-town</td><td>CL3-big</td></tr></table><div class=klassen>mji class 3/4 (m-/mw- › mi-) → miji</div><div class=konkordanz>class 3: SUBJ u- · ADJ m-/mw- · GEN wa · DEM huu/ule · POSS w- · REL -o</div><div class=hinweis>mkubwa kongruiert mit mji Kl.3</div>	A1 SD1 G groß
Do you have this in size 40 as well?	Mnayo hii pia kwa ukubwa arobaini?<hr><table class=gloss><tr class=mo><td>m-na-yo</td><td>hii</td><td>pia</td><td>kwa</td><td>ukubwa</td><td>arobaini</td></tr><tr class=la><td>2PL-have-REL9</td><td>CL9.DEM</td><td>also</td><td>for</td><td>CL14.size</td><td>forty</td></tr></table><div class=klassen>ukubwa class 14 (u-), no number change [abstract noun]</div><div class=konkordanz>class 14: SUBJ u- · ADJ m-/mw- · GEN wa · DEM huu/ule · POSS w- · REL -o</div><div class=hinweis>ukubwa ist Kl.14, ein Abstraktum</div>	A1 SD1 G Größe
My grandparents live in Japan.	Babu na bibi wangu wanakaa Japani.<hr><table class=gloss><tr class=mo><td>babu</td><td>na</td><td>bibi</td><td>w-angu</td><td>wa-na-ka-a</td><td>Japani</td></tr><tr class=la><td>CL9/CL1.grandfather</td><td>and</td><td>CL9/CL1.grandmother</td><td>CL2-my</td><td>CL2-PRS-live-IND</td><td>Japan</td></tr></table><div class=klassen>babu class 9/10 (Ø/n-) → babu — number shows only in the agreement [person: form class 9/10, agreement class 1/2] · bibi class 5/6 (ji-/Ø › ma-) → mabibi [person: form class 5/6, agreement class 1/2]</div><div class=konkordanz>class 1: SUBJ a- · ADJ m-/mw- · GEN wa · DEM huyu/yule · POSS w- · REL -ye</div><div class=hinweis>Großeltern als babu na bibi, Kongruenz Kl.2</div>	A1 SD1 G Großeltern__pl__
My grandmother is called Eva.	Bibi yangu anaitwa Eva.<hr><table class=gloss><tr class=mo><td>bibi</td><td>y-angu</td><td>a-na-it-w-a</td><td>Eva</td></tr><tr class=la><td>CL9/CL1.grandmother</td><td>CL9-my</td><td>3SG-PRS-call-PASS-IND</td><td>Eva</td></tr></table><div class=klassen>bibi class 5/6 (ji-/Ø › ma-) → mabibi [person: form class 5/6, agreement class 1/2]</div><div class=konkordanz>class 1: SUBJ a- · ADJ m-/mw- · GEN wa · DEM huyu/yule · POSS w- · REL -ye</div><div class=hinweis>yangu Kl.9, Verbkongruenz a- aber Kl.1</div>	A1 SD1 G Großmutter
My grandfather is already 80.	Babu yangu ana miaka themanini tayari.<hr><table class=gloss><tr class=mo><td>babu</td><td>y-angu</td><td>a-na</td><td>mi-aka</td><td>themanini</td><td>tayari</td></tr><tr class=la><td>CL9/CL1.grandfather</td><td>CL9-my</td><td>3SG-have</td><td>CL4-year</td><td>eighty</td><td>already</td></tr></table><div class=klassen>babu class 9/10 (Ø/n-) → babu — number shows only in the agreement [person: form class 9/10, agreement class 1/2] · mwaka wa kuzaliwa class 3/4 (m-/mw- › mi-) → miaka ya kuzaliwa [genitive agrees with the head noun]</div><div class=konkordanz>class 1: SUBJ a- · ADJ m-/mw- · GEN wa · DEM huyu/yule · POSS w- · REL -ye · class 3: SUBJ u- · ADJ m-/mw- · GEN wa · DEM huu/ule · POSS w- · REL -o</div><div class=hinweis>Alter durch &quot;Jahre haben&quot;</div>	A1 SD1 G Großvater
The first group begins at 16.00.	Kikundi cha kwanza kinaanza saa kumi.<hr><table class=gloss><tr class=mo><td>ki-kundi</td><td>ch-a</td><td>kwanza</td><td>ki-na-anz-a</td><td>saa</td><td>kumi</td></tr><tr class=la><td>CL7-group</td><td>CL7-GEN</td><td>first</td><td>CL7-PRS-begin-IND</td><td>CL9.hour</td><td>ten</td></tr></table><div class=klassen>kikundi class 7/8 (ki- › vi-) → vikundi · saa class 9/10 (Ø/n-) → saa — number shows only in the agreement [also &quot;clock&quot;]</div><div class=konkordanz>class 7: SUBJ ki- · ADJ ki- · GEN cha · DEM hiki/kile · POSS ch- · REL -cho · class 9: SUBJ i- · ADJ Ø/n- · GEN ya · DEM hii/ile · POSS y- · REL -yo</div><div class=hinweis>saa kumi = 16 Uhr, zehnte Stunde nach Sonnenaufgang</div>	A1 SD1 G Gruppe
Best wishes to your wife.	Salamu nyingi kwa mke wako.<hr><table class=gloss><tr class=mo><td>salamu</td><td>ny-ingi</td><td>kwa</td><td>mke</td><td>w-ako</td></tr><tr class=la><td>CL10.greeting</td><td>CL10-many</td><td>for</td><td>CL1.wife</td><td>CL1-your</td></tr></table><div class=klassen>salamu class 9/10 (Ø/n-) → salamu — number shows only in the agreement · mke class 1/2 (m-/mw- › wa-) → wake [husband = &quot;mume&quot; class 1/2]</div><div class=konkordanz>class 9: SUBJ i- · ADJ Ø/n- · GEN ya · DEM hii/ile · POSS y- · REL -yo · class 1: SUBJ a- · ADJ m-/mw- · GEN wa · DEM huyu/yule · POSS w- · REL -ye</div><div class=hinweis>salamu ist Kl.9 und Kl.10 gleich</div>	A1 SD1 G Gruß
With kind regards	Kwa salamu za heri<hr><table class=gloss><tr class=mo><td>kwa</td><td>salamu</td><td>z-a</td><td>heri</td></tr><tr class=la><td>with</td><td>CL10.greeting</td><td>CL10-GEN</td><td>CL9.blessing</td></tr></table><div class=klassen>salamu class 9/10 (Ø/n-) → salamu — number shows only in the agreement</div><div class=konkordanz>class 9: SUBJ i- · ADJ Ø/n- · GEN ya · DEM hii/ile · POSS y- · REL -yo</div><div class=hinweis>Briefschluss ohne Satzzeichen</div>	A1 SD1 G Gruß
The passport is no longer valid.	Pasipoti haifai tena.<hr><table class=gloss><tr class=mo><td>pasipoti</td><td>hai-fa-i</td><td>tena</td></tr><tr class=la><td>CL9.passport</td><td>CL9.NEG-be.valid-NEG</td><td>more</td></tr></table><div class=klassen>pasipoti class 9/10 (Ø/n-) → pasipoti — number shows only in the agreement [loanword]</div><div class=konkordanz>class 9: SUBJ i- · ADJ Ø/n- · GEN ya · DEM hii/ile · POSS y- · REL -yo</div><div class=hinweis>kufaa heißt taugen, gültig sein</div>	A1 SD1 G gültig
There are good offers there.	Huko kuna ofa nafuu.<hr><table class=gloss><tr class=mo><td>huko</td><td>ku-na</td><td>ofa</td><td>nafuu</td></tr><tr class=la><td>there</td><td>CL17-with</td><td>CL10.offer</td><td>good.value</td></tr></table><div class=klassen>ofa class 9/10 (Ø/n-) → ofa — number shows only in the agreement [loanword]</div><div class=konkordanz>class 9: SUBJ i- · ADJ Ø/n- · GEN ya · DEM hii/ile · POSS y- · REL -yo</div><div class=hinweis>nafuu bleibt unverändert</div>	A1 SD1 G günstig
I think that is good.	Hii naiona nzuri.<hr><table class=gloss><tr class=mo><td>hii</td><td>na-i-on-a</td><td>n-zuri</td></tr><tr class=la><td>CL9.DEM</td><td>1SG.PRS.GNRL-OBJ9-see-IND</td><td>CL9-good</td></tr></table><div class=konkordanz>class 9: SUBJ i- · ADJ Ø/n- · GEN ya · DEM hii/ile · POSS y- · REL -yo</div><div class=hinweis>finden = kuona, wörtlich sehen</div>	A1 SD1 G gut
I will come at 13.00. - Good!	Nakuja saa saba. - Vizuri!<hr><table class=gloss><tr class=mo><td>na-kuj-a</td><td>saa</td><td>saba</td><td>vi-zuri</td></tr><tr class=la><td>1SG.PRS.GNRL-come-IND</td><td>CL9.hour</td><td>seven</td><td>CL8-good</td></tr></table><div class=klassen>saa class 9/10 (Ø/n-) → saa — number shows only in the agreement [also &quot;clock&quot;]</div><div class=konkordanz>class 9: SUBJ i- · ADJ Ø/n- · GEN ya · DEM hii/ile · POSS y- · REL -yo</div><div class=hinweis>saa saba = 13 Uhr, siebte Stunde</div>	A1 SD1 G gut
Good morning!	Habari za asubuhi!<hr><table class=gloss><tr class=mo><td>habari</td><td>z-a</td><td>asubuhi</td></tr><tr class=la><td>CL10.news</td><td>CL10-GEN</td><td>CL9.morning</td></tr></table><div class=konkordanz>class 10: SUBJ zi- · ADJ Ø/n- · GEN za · DEM hizi/zile · POSS z- · REL -zo · class 9: SUBJ i- · ADJ Ø/n- · GEN ya · DEM hii/ile · POSS y- · REL -yo</div><div class=hinweis>Gruß fragt nach den Nachrichten des Morgens</div>	A1 SD1 G gut
Happy New Year!	Mwaka mpya mwema!<hr><table class=gloss><tr class=mo><td>mw-aka</td><td>m-pya</td><td>mw-ema</td></tr><tr class=la><td>CL3-year</td><td>CL3-new</td><td>CL3-good</td></tr></table><div class=klassen>mwaka wa kuzaliwa class 3/4 (m-/mw- › mi-) → miaka ya kuzaliwa [genitive agrees with the head noun]</div><div class=konkordanz>class 3: SUBJ u- · ADJ m-/mw- · GEN wa · DEM huu/ule · POSS w- · REL -o</div><div class=hinweis>Dreifache Kl.3-Kongruenz in drei Wörtern</div>	A1 SD1 G gut
Enjoy your meal!	Karibu chakula!<hr><table class=gloss><tr class=mo><td>karibu</td><td>chakula</td></tr><tr class=la><td>welcome</td><td>CL7.food</td></tr></table><div class=klassen>chakula class 7/8 (ki- › vi-) → vyakula</div><div class=konkordanz>class 7: SUBJ ki- · ADJ ki- · GEN cha · DEM hiki/kile · POSS ch- · REL -cho</div><div class=hinweis>karibu lädt ein, es ist kein Wunsch</div>	A1 SD1 G gut
She has long hair.	Ana nywele ndefu.<hr><table class=gloss><tr class=mo><td>a-na</td><td>nywele</td><td>n-defu</td></tr><tr class=la><td>3SG-have</td><td>CL10.hair</td><td>CL10-long</td></tr></table><div class=klassen>unywele class 11/10 (u- › Ø/n-) → nywele [usually plural &quot;nywele&quot;]</div><div class=konkordanz>class 11: SUBJ u- · ADJ m-/mw- · GEN wa · DEM huu/ule · POSS w- · REL -o</div><div class=hinweis>nywele Kl.10, Singular unywele Kl.11</div>	A1 SD1 H Haar
I have a new car.	Nina gari jipya.<hr><table class=gloss><tr class=mo><td>ni-na</td><td>gari</td><td>ji-pya</td></tr><tr class=la><td>1SG-have</td><td>CL5.car</td><td>CL5-new</td></tr></table><div class=klassen>gari class 5/6 (ji-/Ø › ma-) → magari</div><div class=konkordanz>class 5: SUBJ li- · ADJ ji-/Ø · GEN la · DEM hili/lile · POSS l- · REL -lo</div><div class=hinweis>jipya mit ji-Präfix der Kl.5</div>	A1 SD1 H haben
Chicken and chips, please!	Kuku mmoja na chipsi tafadhali!<hr><table class=gloss><tr class=mo><td>kuku</td><td>m-moja</td><td>na</td><td>chipsi</td><td>tafadhali</td></tr><tr class=la><td>CL9.chicken</td><td>CL1-one</td><td>and</td><td>CL10.chips</td><td>please</td></tr></table><div class=klassen>kuku class 9/10 (Ø/n-) → kuku — number shows only in the agreement · chipsi class 10 (Ø/n-), no number change [plural only, loanword]</div><div class=konkordanz>class 9: SUBJ i- · ADJ Ø/n- · GEN ya · DEM hii/ile · POSS y- · REL -yo · class 10: SUBJ zi- · ADJ Ø/n- · GEN za · DEM hizi/zile · POSS z- · REL -zo</div><div class=hinweis>Tiere nehmen oft die Personenkongruenz</div>	A1 SD1 H Hähnchen
Would you like full board or half board?	Mnataka malazi na chakula chote au chakula kimoja?<hr><table class=gloss><tr class=mo><td>m-na-tak-a</td><td>ma-lazi</td><td>na</td><td>chakula</td><td>ch-ote</td><td>au</td><td>chakula</td><td>ki-moja</td></tr><tr class=la><td>2PL-PRS-want-IND</td><td>CL6-accommodation</td><td>and</td><td>CL7.food</td><td>CL7-all</td><td>or</td><td>CL7.food</td><td>CL7-one</td></tr></table><div class=klassen>malazi na chakula kimoja class 6 (ma-), no number change [fixed expression] · chakula class 7/8 (ki- › vi-) → vyakula</div><div class=konkordanz>class 6: SUBJ ya- · ADJ ma- · GEN ya · DEM haya/yale · POSS y- · REL -yo · class 7: SUBJ ki- · ADJ ki- · GEN cha · DEM hiki/kile · POSS ch- · REL -cho</div><div class=hinweis>chote und kimoja kongruieren mit chakula Kl.7</div>	A1 SD1 H Halbpension
We are meeting in hall B	Tunakutana ukumbi B<hr><table class=gloss><tr class=mo><td>tu-na-kut-an-a</td><td>ukumbi</td><td>B</td></tr><tr class=la><td>1PL-PRS-meet-RECP-IND</td><td>CL11.hall</td><td>B</td></tr></table><div class=klassen>ukumbi class 11/10 (u- › Ø/n-) → kumbi</div><div class=konkordanz>class 11: SUBJ u- · ADJ m-/mw- · GEN wa · DEM huu/ule · POSS w- · REL -o</div><div class=hinweis>ukumbi Kl.11, Plural kumbi Kl.10</div>	A1 SD1 H Halle
Hello Inge! How are you?	Hujambo Inge! Habari?<hr><table class=gloss><tr class=mo><td>hu-jambo</td><td>Inge</td><td>habari</td></tr><tr class=la><td>2SG.NEG-matter</td><td>Inge</td><td>CL10.news</td></tr></table><div class=konkordanz>class 10: SUBJ zi- · ADJ Ø/n- · GEN za · DEM hizi/zile · POSS z- · REL -zo</div><div class=hinweis>hujambo heißt wörtlich &quot;du hast keine Sache&quot;</div>	A1 SD1 H hallo
This train does not stop in Rüdesheim.	Treni hii haisimami Rüdesheim.<hr><table class=gloss><tr class=mo><td>treni</td><td>hii</td><td>hai-simam-i</td><td>Rüdesheim</td></tr><tr class=la><td>CL9.train</td><td>CL9.DEM</td><td>CL9.NEG-stop-NEG</td><td>Rüdesheim</td></tr></table><div class=klassen>treni class 9/10 (Ø/n-) → treni — number shows only in the agreement [loanword]</div><div class=konkordanz>class 9: SUBJ i- · ADJ Ø/n- · GEN ya · DEM hii/ile · POSS y- · REL -yo</div><div class=hinweis>haisimami: Kl.9-Negation plus Endvokal -i</div>	A1 SD1 H halten
You have to get off at the next stop.	Kituo kinachofuata lazima mshuke.<hr><table class=gloss><tr class=mo><td>ki-tuo</td><td>ki-na-cho-fuat-a</td><td>lazima</td><td>m-shuk-e</td></tr><tr class=la><td>CL7-stop</td><td>CL7-PRS-REL7-follow-IND</td><td>must</td><td>2PL-get.off-SBJV</td></tr></table><div class=klassen>kituo class 7/8 (ki- › vi-) → vituo</div><div class=konkordanz>class 7: SUBJ ki- · ADJ ki- · GEN cha · DEM hiki/kile · POSS ch- · REL -cho</div><div class=hinweis>Relativinfix -cho- für Kl.7</div>	A1 SD1 H Haltestelle
He shakes my hand.	Ananipa mkono.<hr><table class=gloss><tr class=mo><td>a-na-ni-p-a</td><td>m-kono</td></tr><tr class=la><td>3SG-PRS-OBJ1SG-give-IND</td><td>CL3-hand</td></tr></table><div class=klassen>mkono class 3/4 (m-/mw- › mi-) → mikono</div><div class=konkordanz>class 3: SUBJ u- · ADJ m-/mw- · GEN wa · DEM huu/ule · POSS w- · REL -o</div><div class=hinweis>mkono heißt Hand und Arm</div>	A1 SD1 H Hand
Please switch off your mobiles at school!	Shuleni tafadhali zimeni simu za mkononi!<hr><table class=gloss><tr class=mo><td>shule-ni</td><td>tafadhali</td><td>zim-eni</td><td>simu</td><td>z-a</td><td>m-kono-ni</td></tr><tr class=la><td>CL9.school-LOC</td><td>please</td><td>switch.off-IMP.PL</td><td>CL10.phone</td><td>CL10-GEN</td><td>CL3-hand-LOC</td></tr></table><div class=klassen>simu class 9/10 (Ø/n-) → simu — number shows only in the agreement</div><div class=konkordanz>class 9: SUBJ i- · ADJ Ø/n- · GEN ya · DEM hii/ile · POSS y- · REL -yo</div><div class=hinweis>Handy wörtlich &quot;Telefon der Hand&quot;</div>	A1 SD1 H Handy
Which house do you live in?	Unakaa nyumba ipi?<hr><table class=gloss><tr class=mo><td>u-na-ka-a</td><td>nyumba</td><td>ipi</td></tr><tr class=la><td>2SG-PRS-live-IND</td><td>CL9.house</td><td>CL9.which</td></tr></table><div class=klassen>nyumba class 9/10 (Ø/n-) → nyumba — number shows only in the agreement</div><div class=konkordanz>class 9: SUBJ i- · ADJ Ø/n- · GEN ya · DEM hii/ile · POSS y- · REL -yo</div><div class=hinweis>Fragewort ipi kongruiert mit nyumba Kl.9</div>	A1 SD1 H Haus
I am going home now.	Sasa naenda nyumbani.<hr><table class=gloss><tr class=mo><td>sasa</td><td>na-end-a</td><td>nyumbani</td></tr><tr class=la><td>now</td><td>1SG.PRS.GNRL-go-IND</td><td>CL9.house.LOC</td></tr></table><div class=konkordanz>class 9: SUBJ i- · ADJ Ø/n- · GEN ya · DEM hii/ile · POSS y- · REL -yo</div><div class=hinweis>nyumbani deckt &quot;nach Hause&quot; und &quot;zu Hause&quot; ab</div>	A1 SD1 H Haus
Paul is not at home.	Paul hayupo nyumbani.<hr><table class=gloss><tr class=mo><td>Paul</td><td>ha-yu-po</td><td>nyumbani</td></tr><tr class=la><td>Paul</td><td>3SG.NEG-CL1-be.there</td><td>CL9.house.LOC</td></tr></table><div class=konkordanz>class 1: SUBJ a- · ADJ m-/mw- · GEN wa · DEM huyu/yule · POSS w- · REL -ye · class 9: SUBJ i- · ADJ Ø/n- · GEN ya · DEM hii/ile · POSS y- · REL -yo</div><div class=hinweis>hayupo ist die Personenform von hakuna</div>	A1 SD1 H Haus
Can you help me with my homework?	Unaweza kunisaidia kwa kazi za nyumbani?<hr><table class=gloss><tr class=mo><td>u-na-wez-a</td><td>ku-ni-saidi-a</td><td>kwa</td><td>kazi</td><td>z-a</td><td>nyumbani</td></tr><tr class=la><td>2SG-PRS-can-IND</td><td>CL15-OBJ1SG-help-IND</td><td>at</td><td>CL10.task</td><td>CL10-GEN</td><td>CL9.house.LOC</td></tr></table><div class=klassen>kazi class 9/10 (Ø/n-) → kazi — number shows only in the agreement</div><div class=konkordanz>class 9: SUBJ i- · ADJ Ø/n- · GEN ya · DEM hii/ile · POSS y- · REL -yo</div><div class=hinweis>Hausaufgaben als kazi za nyumbani</div>	A1 SD1 H Hausaufgabe
The homemaker washes, cooks and shops.	Mama wa nyumbani anafua, anapika na ananunua vitu.<hr><table class=gloss><tr class=mo><td>mama</td><td>w-a</td><td>nyumbani</td><td>a-na-fu-a</td><td>a-na-pik-a</td><td>na</td><td>a-na-nunu-a</td><td>vi-tu</td></tr><tr class=la><td>CL9/CL1.housewife</td><td>CL1-GEN</td><td>CL9.house.LOC</td><td>3SG-PRS-wash-IND</td><td>3SG-PRS-cook-IND</td><td>and</td><td>3SG-PRS-buy-IND</td><td>CL8-thing</td></tr></table><div class=klassen>mama class 9/10 (Ø/n-) → mama — number shows only in the agreement [person: form class 9/10, agreement class 1/2]</div><div class=konkordanz>class 1: SUBJ a- · ADJ m-/mw- · GEN wa · DEM huyu/yule · POSS w- · REL -ye</div><div class=hinweis>kufua wäscht Wäsche, kuosha wäscht Geschirr</div>	A1 SD1 H Hausfrau
I come from Switzerland. That is my home country.	Natoka Uswisi. Hiyo ni nchi yangu ya asili.<hr><table class=gloss><tr class=mo><td>na-tok-a</td><td>Uswisi</td><td>hiyo</td><td>ni</td><td>nchi</td><td>y-angu</td><td>y-a</td><td>asili</td></tr><tr class=la><td>1SG.PRS.GNRL-come-IND</td><td>Switzerland</td><td>CL9.DEM</td><td>COP</td><td>CL9.country</td><td>CL9-my</td><td>CL9-GEN</td><td>CL9.origin</td></tr></table><div class=klassen>nchi class 9/10 (Ø/n-) → nchi — number shows only in the agreement</div><div class=konkordanz>class 9: SUBJ i- · ADJ Ø/n- · GEN ya · DEM hii/ile · POSS y- · REL -yo</div><div class=hinweis>Ländernamen tragen oft das u- der Kl.11</div>	A1 SD1 H Heimat
My sister is marrying a Japanese man.	Dada yangu anaolewa na Mjapani.<hr><table class=gloss><tr class=mo><td>dada</td><td>y-angu</td><td>a-na-ol-ew-a</td><td>na</td><td>M-japani</td></tr><tr class=la><td>CL9/CL1.sister</td><td>CL9-my</td><td>3SG-PRS-marry-PASS-IND</td><td>with</td><td>CL1-Japanese</td></tr></table><div class=klassen>dada class 9/10 (Ø/n-) → dada — number shows only in the agreement [person: form class 9/10, agreement class 1/2]</div><div class=konkordanz>class 1: SUBJ a- · ADJ m-/mw- · GEN wa · DEM huyu/yule · POSS w- · REL -ye</div><div class=hinweis>Die Frau heiratet im Passiv: kuolewa</div>	A1 SD1 H heiraten
My name is Charlotte Meier.	Naitwa Charlotte Meier.<hr><table class=gloss><tr class=mo><td>na-it-w-a</td><td>Charlotte</td><td>Meier</td></tr><tr class=la><td>1SG.PRS.GNRL-call-PASS-IND</td><td>Charlotte</td><td>Meier</td></tr></table><div class=hinweis>heißen steht stets im Passiv</div>	A1 SD1 H heißen
What is this called in German?	Hii inaitwaje kwa Kijerumani?<hr><table class=gloss><tr class=mo><td>hii</td><td>i-na-it-w-a-je</td><td>kwa</td><td>Ki-jerumani</td></tr><tr class=la><td>CL9.DEM</td><td>CL9-PRS-call-PASS-IND-how</td><td>for</td><td>CL7-German</td></tr></table><div class=konkordanz>class 9: SUBJ i- · ADJ Ø/n- · GEN ya · DEM hii/ile · POSS y- · REL -yo · class 7: SUBJ ki- · ADJ ki- · GEN cha · DEM hiki/kile · POSS ch- · REL -cho</div><div class=hinweis>Fragesuffix -je tritt an das Verbende</div>	A1 SD1 H heißen
Can you help me, please?	Mnaweza kunisaidia, tafadhali?<hr><table class=gloss><tr class=mo><td>m-na-wez-a</td><td>ku-ni-saidi-a</td><td>tafadhali</td></tr><tr class=la><td>2PL-PRS-can-IND</td><td>CL15-OBJ1SG-help-IND</td><td>please</td></tr></table><div class=konkordanz>class 15: SUBJ ku- · ADJ ku- · GEN kwa · DEM huku/kule · POSS kw- · REL -ko</div><div class=hinweis>Objektpräfix -ni- für mir</div>	A1 SD1 H helfen
In summer it is light until 21.00.	Kiangazi kuna mwanga hadi saa tatu usiku.<hr><table class=gloss><tr class=mo><td>ki-angazi</td><td>ku-na</td><td>mw-anga</td><td>hadi</td><td>saa</td><td>tatu</td><td>usiku</td></tr><tr class=la><td>CL7-summer</td><td>CL17-with</td><td>CL3-light</td><td>until</td><td>CL9.hour</td><td>three</td><td>CL11.night</td></tr></table><div class=klassen>mwanga class 3/4 (m-/mw- › mi-) → mianga [lamp = &quot;taa&quot; class 9/10] · saa class 9/10 (Ø/n-) → saa — number shows only in the agreement [also &quot;clock&quot;]</div><div class=konkordanz>class 3: SUBJ u- · ADJ m-/mw- · GEN wa · DEM huu/ule · POSS w- · REL -o · class 9: SUBJ i- · ADJ Ø/n- · GEN ya · DEM hii/ile · POSS y- · REL -yo</div><div class=hinweis>saa tatu usiku = 21 Uhr, dritte Stunde der Nacht</div>	A1 SD1 H hell
The cooker is still missing in the new kitchen.	Jikoni jipya hakuna jiko bado.<hr><table class=gloss><tr class=mo><td>jiko-ni</td><td>ji-pya</td><td>haku-na</td><td>jiko</td><td>bado</td></tr><tr class=la><td>CL5.kitchen-LOC</td><td>CL5-new</td><td>CL17.NEG-with</td><td>CL5.cooker</td><td>still</td></tr></table><div class=klassen>jiko class 5/6 (ji-/Ø › ma-) → majiko</div><div class=konkordanz>class 5: SUBJ li- · ADJ ji-/Ø · GEN la · DEM hili/lile · POSS l- · REL -lo</div><div class=hinweis>jiko heißt Küche und Herd zugleich; jipya kongruiert mit Kl.5</div>	A1 SD1 H Herd
Good afternoon, Mr Sommer!	Habari za siku, Bwana Sommer!<hr><table class=gloss><tr class=mo><td>habari</td><td>z-a</td><td>siku</td><td>bwana</td><td>Sommer</td></tr><tr class=la><td>CL10.news</td><td>CL10-GEN</td><td>CL9.day</td><td>CL5/CL1.mister</td><td>summer</td></tr></table><div class=klassen>siku ya kuzaliwa class 9/10 (Ø/n-) → siku za kuzaliwa [genitive agrees with the head noun] · bwana class 5/6 (ji-/Ø › ma-) → mabwana [person: form class 5/6, agreement class 1/2]</div><div class=konkordanz>class 9: SUBJ i- · ADJ Ø/n- · GEN ya · DEM hii/ile · POSS y- · REL -yo · class 1: SUBJ a- · ADJ m-/mw- · GEN wa · DEM huyu/yule · POSS w- · REL -ye</div><div class=hinweis>bwana ist Kl.5, kongruiert als Person Kl.1</div>	A1 SD1 H Herr
Heartfelt congratulations!	Hongera za moyo!<hr><table class=gloss><tr class=mo><td>hongera</td><td>z-a</td><td>moyo</td></tr><tr class=la><td>CL10.congratulation</td><td>CL10-GEN</td><td>CL3.heart</td></tr></table><div class=klassen>hongera class 9/10 (Ø/n-) → hongera — number shows only in the agreement</div><div class=konkordanz>class 9: SUBJ i- · ADJ Ø/n- · GEN ya · DEM hii/ile · POSS y- · REL -yo</div><div class=hinweis>za moyo heißt wörtlich &quot;des Herzens&quot;</div>	A1 SD1 H herzlich
Today is a lovely day.	Leo ni siku nzuri.<hr><table class=gloss><tr class=mo><td>leo</td><td>ni</td><td>siku</td><td>n-zuri</td></tr><tr class=la><td>today</td><td>COP</td><td>CL9.day</td><td>CL9-good</td></tr></table><div class=klassen>siku ya kuzaliwa class 9/10 (Ø/n-) → siku za kuzaliwa [genitive agrees with the head noun]</div><div class=konkordanz>class 9: SUBJ i- · ADJ Ø/n- · GEN ya · DEM hii/ile · POSS y- · REL -yo</div><div class=hinweis>nzuri mit Nasalpräfix der Kl.9</div>	A1 SD1 H heute
This is 06131-553221, Pamela Linke.	Hapa ni 06131-553221, Pamela Linke.<hr><table class=gloss><tr class=mo><td>hapa</td><td>ni</td><td>Pamela</td><td>Linke</td></tr><tr class=la><td>here</td><td>COP</td><td>Pamela</td><td>Linke</td></tr></table><div class=hinweis>Am Telefon nennt man sich mit hapa ni</div>	A1 SD1 H hier
This is where I live.	Nakaa hapa.<hr><table class=gloss><tr class=mo><td>na-ka-a</td><td>hapa</td></tr><tr class=la><td>1SG.PRS.GNRL-live-IND</td><td>here</td></tr></table><div class=hinweis>hapa ist ein Ortswort der Kl.16</div>	A1 SD1 H hier
Help! Please help me!	Msaada! Tafadhali nisaidieni!<hr><table class=gloss><tr class=mo><td>m-saada</td><td>tafadhali</td><td>ni-saidi-eni</td></tr><tr class=la><td>CL3-help</td><td>please</td><td>OBJ1SG-help-IMP.PL</td></tr></table><div class=klassen>msaada class 3/4 (m-/mw- › mi-) → misaada</div><div class=konkordanz>class 3: SUBJ u- · ADJ m-/mw- · GEN wa · DEM huu/ule · POSS w- · REL -o</div><div class=hinweis>Objektpräfix ni- vor dem Imperativ Plural</div>	A1 SD1 H Hilfe
Do you need my help?	Mnahitaji msaada wangu?<hr><table class=gloss><tr class=mo><td>m-na-hitaji</td><td>m-saada</td><td>w-angu</td></tr><tr class=la><td>2PL-PRS-need</td><td>CL3-help</td><td>CL3-my</td></tr></table><div class=klassen>msaada class 3/4 (m-/mw- › mi-) → misaada</div><div class=konkordanz>class 3: SUBJ u- · ADJ m-/mw- · GEN wa · DEM huu/ule · POSS w- · REL -o</div><div class=hinweis>msaada Kl.3 nimmt wangu</div>	A1 SD1 H Hilfe
The door for getting off is at the back.	Mlango wa kushuka uko nyuma.<hr><table class=gloss><tr class=mo><td>m-lango</td><td>w-a</td><td>ku-shuk-a</td><td>u-ko</td><td>nyuma</td></tr><tr class=la><td>CL3-door</td><td>CL3-GEN</td><td>CL15-get.off-IND</td><td>CL3-be.there</td><td>behind</td></tr></table><div class=konkordanz>class 3: SUBJ u- · ADJ m-/mw- · GEN wa · DEM huu/ule · POSS w- · REL -o · class 15: SUBJ ku- · ADJ ku- · GEN kwa · DEM huku/kule · POSS kw- · REL -ko</div><div class=hinweis>Dreifache Kl.3-Kongruenz: wa, u-, und mlango</div>	A1 SD1 H hinten
My hobbies are hiking and swimming.	Burudani zangu ni kutembea na kuogelea.<hr><table class=gloss><tr class=mo><td>burudani</td><td>z-angu</td><td>ni</td><td>ku-tembe-a</td><td>na</td><td>ku-ogele-a</td></tr><tr class=la><td>CL10.hobby</td><td>CL10-my</td><td>COP</td><td>CL15-hike-IND</td><td>and</td><td>CL15-swim-IND</td></tr></table><div class=klassen>burudani class 9/10 (Ø/n-) → burudani — number shows only in the agreement</div><div class=konkordanz>class 9: SUBJ i- · ADJ Ø/n- · GEN ya · DEM hii/ile · POSS y- · REL -yo</div><div class=hinweis>Verbalnomen der Kl.15 dienen als Nomen</div>	A1 SD1 H Hobby
Mount Everest is 8,880 metres high.	Mount Everest una urefu wa mita elfu nane mia nane themanini.<hr><table class=gloss><tr class=mo><td>Mount</td><td>Everest</td><td>u-na</td><td>urefu</td><td>w-a</td><td>mita</td><td>elfu</td><td>nane</td><td>mia</td><td>nane</td><td>themanini</td></tr><tr class=la><td>Mount</td><td>Everest</td><td>CL3-have</td><td>CL14.height</td><td>CL14-GEN</td><td>CL9.metre</td><td>CL9.thousand</td><td>eight</td><td>CL9.hundred</td><td>eight</td><td>eighty</td></tr></table><div class=konkordanz>class 3: SUBJ u- · ADJ m-/mw- · GEN wa · DEM huu/ule · POSS w- · REL -o · class 14: SUBJ u- · ADJ m-/mw- · GEN wa · DEM huu/ule · POSS w- · REL -o</div><div class=hinweis>Höhe haben statt hoch sein</div>	A1 SD1 H hoch
More than fifty guests are coming to this wedding.	Kwenye harusi hii wanakuja wageni zaidi ya hamsini.<hr><table class=gloss><tr class=mo><td>kwenye</td><td>harusi</td><td>hii</td><td>wa-na-kuj-a</td><td>wa-geni</td><td>zaidi</td><td>y-a</td><td>hamsini</td></tr><tr class=la><td>at</td><td>CL9.wedding</td><td>CL9.DEM</td><td>CL2-PRS-come-IND</td><td>CL2-guest</td><td>more</td><td>CL9-GEN</td><td>fifty</td></tr></table><div class=klassen>harusi class 9/10 (Ø/n-) → harusi — number shows only in the agreement · mgeni class 1/2 (m-/mw- › wa-) → wageni [also &quot;guest&quot;]</div><div class=konkordanz>class 9: SUBJ i- · ADJ Ø/n- · GEN ya · DEM hii/ile · POSS y- · REL -yo · class 1: SUBJ a- · ADJ m-/mw- · GEN wa · DEM huyu/yule · POSS w- · REL -ye</div><div class=hinweis>zaidi ya für &quot;mehr als&quot;</div>	A1 SD1 H Hochzeit
I will get two bottles of water from the kitchen.	Nachukua chupa mbili za maji kutoka jikoni.<hr><table class=gloss><tr class=mo><td>na-chuku-a</td><td>chupa</td><td>mbili</td><td>z-a</td><td>maji</td><td>ku-tok-a</td><td>jiko-ni</td></tr><tr class=la><td>1SG.PRS.GNRL-fetch-IND</td><td>CL10.bottle</td><td>two</td><td>CL10-GEN</td><td>CL6.water</td><td>CL15-come-IND</td><td>CL5.kitchen-LOC</td></tr></table><div class=klassen>chupa class 9/10 (Ø/n-) → chupa — number shows only in the agreement · maji class 6 (ma-), no number change [plural only]</div><div class=konkordanz>class 9: SUBJ i- · ADJ Ø/n- · GEN ya · DEM hii/ile · POSS y- · REL -yo · class 6: SUBJ ya- · ADJ ma- · GEN ya · DEM haya/yale · POSS y- · REL -yo</div><div class=hinweis>kutoka dient als Präposition &quot;aus&quot;</div>	A1 SD1 H holen
Listen! What is that?	Sikiliza! Ni nini hii?<hr><table class=gloss><tr class=mo><td>sikiliz-a</td><td>ni</td><td>nini</td><td>hii</td></tr><tr class=la><td>listen-IMP</td><td>COP</td><td>what</td><td>CL9.DEM</td></tr></table><div class=konkordanz>class 9: SUBJ i- · ADJ Ø/n- · GEN ya · DEM hii/ile · POSS y- · REL -yo</div><div class=hinweis>kusikiliza hört zu, kusikia hört wahr</div>	A1 SD1 H hören
I have heard this song before.	Nimekwisha kusikia wimbo huu.<hr><table class=gloss><tr class=mo><td>ni-me-kwish-a</td><td>ku-siki-a</td><td>wimbo</td><td>huu</td></tr><tr class=la><td>1SG-PRF-finish-IND</td><td>CL15-hear-IND</td><td>CL11.song</td><td>CL11.DEM</td></tr></table><div class=klassen>wimbo class 11/10 (u- › Ø/n-) → nyimbo</div><div class=konkordanz>class 11: SUBJ u- · ADJ m-/mw- · GEN wa · DEM huu/ule · POSS w- · REL -o</div><div class=hinweis>kwisha plus Infinitiv heißt &quot;schon einmal&quot;</div>	A1 SD1 H hören
On holiday we stay in a hotel by the sea.	Likizoni tunakaa kwenye hoteli baharini.<hr><table class=gloss><tr class=mo><td>likizo-ni</td><td>tu-na-ka-a</td><td>kwenye</td><td>hoteli</td><td>bahari-ni</td></tr><tr class=la><td>CL9.holiday-LOC</td><td>1PL-PRS-live-IND</td><td>at</td><td>CL9.hotel</td><td>CL9.sea-LOC</td></tr></table><div class=klassen>hoteli class 9/10 (Ø/n-) → hoteli — number shows only in the agreement [loanword]</div><div class=konkordanz>class 9: SUBJ i- · ADJ Ø/n- · GEN ya · DEM hii/ile · POSS y- · REL -yo</div><div class=hinweis>Zwei Ortsangaben mit -ni im selben Satz</div>	A1 SD1 H Hotel
The dog is still young.	Mbwa bado ni mdogo.<hr><table class=gloss><tr class=mo><td>mbwa</td><td>bado</td><td>ni</td><td>m-dogo</td></tr><tr class=la><td>CL9.dog</td><td>still</td><td>COP</td><td>CL1-young</td></tr></table><div class=klassen>mbwa class 9/10 (Ø/n-) → mbwa — number shows only in the agreement</div><div class=konkordanz>class 9: SUBJ i- · ADJ Ø/n- · GEN ya · DEM hii/ile · POSS y- · REL -yo</div><div class=hinweis>Tiere nehmen oft die Personenkongruenz</div>	A1 SD1 H Hund
I am hungry! When will the food be ready?	Nina njaa! Chakula kitakuwa tayari lini?<hr><table class=gloss><tr class=mo><td>ni-na</td><td>njaa</td><td>chakula</td><td>ki-ta-kuw-a</td><td>tayari</td><td>lini</td></tr><tr class=la><td>1SG-have</td><td>CL9.hunger</td><td>CL7.food</td><td>CL7-FUT-be-IND</td><td>ready</td><td>when</td></tr></table><div class=klassen>njaa class 9 (Ø/n-), no number change [no plural] · chakula class 7/8 (ki- › vi-) → vyakula</div><div class=konkordanz>class 9: SUBJ i- · ADJ Ø/n- · GEN ya · DEM hii/ile · POSS y- · REL -yo · class 7: SUBJ ki- · ADJ ki- · GEN cha · DEM hiki/kile · POSS ch- · REL -cho</div><div class=hinweis>Hunger haben, nicht hungrig sein</div>	A1 SD1 H Hunger
My name is Veronika.	Naitwa Veronika.<hr><table class=gloss><tr class=mo><td>na-it-w-a</td><td>Veronika</td></tr><tr class=la><td>1SG.PRS.GNRL-call-PASS-IND</td><td>Veronika</td></tr></table><div class=hinweis>Passiv auch bei der eigenen Vorstellung</div>	A1 SD1 I ich
Please give her the book.	Tafadhali mpe kitabu.<hr><table class=gloss><tr class=mo><td>tafadhali</td><td>m-p-e</td><td>ki-tabu</td></tr><tr class=la><td>please</td><td>OBJ1-give-SBJV</td><td>CL7-book</td></tr></table><div class=klassen>kitabu class 7/8 (ki- › vi-) → vitabu</div><div class=konkordanz>class 7: SUBJ ki- · ADJ ki- · GEN cha · DEM hiki/kile · POSS ch- · REL -cho</div><div class=hinweis>Ein Objektpräfix -m- für ihr und ihm</div>	A1 SD1 I ihr/ihm/ihn
Please give him a call.	Tafadhali mpigie simu.<hr><table class=gloss><tr class=mo><td>tafadhali</td><td>m-pig-i-e</td><td>simu</td></tr><tr class=la><td>please</td><td>OBJ1-hit-APPL-SBJV</td><td>CL9.phone</td></tr></table><div class=klassen>simu class 9/10 (Ø/n-) → simu — number shows only in the agreement</div><div class=konkordanz>class 9: SUBJ i- · ADJ Ø/n- · GEN ya · DEM hii/ile · POSS y- · REL -yo</div><div class=hinweis>Applikativ plus Objektpräfix für &quot;ihn anrufen&quot;</div>	A1 SD1 I ihr/ihm/ihn
Mrs Bast is always late.	Bibi Bast anafika kwa kuchelewa kila mara.<hr><table class=gloss><tr class=mo><td>bibi</td><td>Bast</td><td>a-na-fik-a</td><td>kwa</td><td>ku-chelew-a</td><td>kila</td><td>mara</td></tr><tr class=la><td>CL5/CL1.woman</td><td>Bast</td><td>3SG-PRS-arrive-IND</td><td>with</td><td>CL15-be.late-IND</td><td>every</td><td>CL9.time</td></tr></table><div class=klassen>bibi class 5/6 (ji-/Ø › ma-) → mabibi [person: form class 5/6, agreement class 1/2]</div><div class=konkordanz>class 1: SUBJ a- · ADJ m-/mw- · GEN wa · DEM huyu/yule · POSS w- · REL -ye</div><div class=hinweis>zu spät kommen als kwa kuchelewa</div>	A1 SD1 I immer
I live in Wiesbaden.	Nakaa Wiesbaden.<hr><table class=gloss><tr class=mo><td>na-ka-a</td><td>Wiesbaden</td></tr><tr class=la><td>1SG.PRS.GNRL-live-IND</td><td>Wiesbaden</td></tr></table><div class=hinweis>Ortsnamen brauchen keine Präposition</div>	A1 SD1 I in
The train comes in five minutes.	Treni inakuja baada ya dakika tano.<hr><table class=gloss><tr class=mo><td>treni</td><td>i-na-kuj-a</td><td>baada</td><td>y-a</td><td>dakika</td><td>tano</td></tr><tr class=la><td>CL9.train</td><td>CL9-PRS-come-IND</td><td>after</td><td>CL9-GEN</td><td>CL9.minute</td><td>five</td></tr></table><div class=klassen>treni class 9/10 (Ø/n-) → treni — number shows only in the agreement [loanword]</div><div class=konkordanz>class 9: SUBJ i- · ADJ Ø/n- · GEN ya · DEM hii/ile · POSS y- · REL -yo</div><div class=hinweis>baada ya verlangt den Genitiv</div>	A1 SD1 I in
Mrs Rausch works in a shop.	Bibi Rausch anafanya kazi kwenye duka.<hr><table class=gloss><tr class=mo><td>bibi</td><td>Rausch</td><td>a-na-fany-a</td><td>kazi</td><td>kwenye</td><td>duka</td></tr><tr class=la><td>CL5/CL1.woman</td><td>Rausch</td><td>3SG-PRS-do-IND</td><td>CL9.work</td><td>at</td><td>CL5.shop</td></tr></table><div class=klassen>bibi class 5/6 (ji-/Ø › ma-) → mabibi [person: form class 5/6, agreement class 1/2] · kazi class 9/10 (Ø/n-) → kazi — number shows only in the agreement · duka class 5/6 (ji-/Ø › ma-) → maduka</div><div class=konkordanz>class 1: SUBJ a- · ADJ m-/mw- · GEN wa · DEM huyu/yule · POSS w- · REL -ye · class 9: SUBJ i- · ADJ Ø/n- · GEN ya · DEM hii/ile · POSS y- · REL -yo</div><div class=hinweis>kwenye für Orte und Institutionen</div>	A1 SD1 I in
Come on, let us go to the cinema.	Njoo, tunaenda sinemani.<hr><table class=gloss><tr class=mo><td>njoo</td><td>tu-na-end-a</td><td>sinema-ni</td></tr><tr class=la><td>come</td><td>1PL-PRS-go-IND</td><td>CL9.cinema-LOC</td></tr></table><div class=konkordanz>class 9: SUBJ i- · ADJ Ø/n- · GEN ya · DEM hii/ile · POSS y- · REL -yo</div><div class=hinweis>njoo ist der unregelmäßige Imperativ von kuja</div>	A1 SD1 I in
If you have questions, go to the information desk.	Kama mnayo maswali, nendeni kwenye taarifa.<hr><table class=gloss><tr class=mo><td>kama</td><td>m-na-yo</td><td>ma-swali</td><td>nend-eni</td><td>kwenye</td><td>taarifa</td></tr><tr class=la><td>if</td><td>2PL-have-REL9</td><td>CL6-question</td><td>go-IMP.PL</td><td>at</td><td>CL9.information</td></tr></table><div class=klassen>swali class 5/6 (ji-/Ø › ma-) → maswali · taarifa class 9/10 (Ø/n-) → taarifa — number shows only in the agreement</div><div class=konkordanz>class 5: SUBJ li- · ADJ ji-/Ø · GEN la · DEM hili/lile · POSS l- · REL -lo · class 9: SUBJ i- · ADJ Ø/n- · GEN ya · DEM hii/ile · POSS y- · REL -yo</div><div class=hinweis>kama leitet den Bedingungssatz ein</div>	A1 SD1 I Information
We have important information for you here.	Tunayo taarifa muhimu kwa ajili yenu hapa.<hr><table class=gloss><tr class=mo><td>tu-na-yo</td><td>taarifa</td><td>muhimu</td><td>kwa</td><td>ajili</td><td>y-enu</td><td>hapa</td></tr><tr class=la><td>1PL-have-REL9</td><td>CL10.information</td><td>important</td><td>for</td><td>CL9.purpose</td><td>CL9-your</td><td>here</td></tr></table><div class=klassen>taarifa class 9/10 (Ø/n-) → taarifa — number shows only in the agreement</div><div class=konkordanz>class 9: SUBJ i- · ADJ Ø/n- · GEN ya · DEM hii/ile · POSS y- · REL -yo</div><div class=hinweis>muhimu bleibt unverändert</div>	A1 SD1 I Information
Our German course is international: Silvana is from Italy, Conchi from Spain, Yin from China ...	Kozi yetu ya Kijerumani ni ya kimataifa: Silvana anatoka Italia, Conchi kutoka Hispania, Yin kutoka China ...<hr><table class=gloss><tr class=mo><td>kozi</td><td>y-etu</td><td>y-a</td><td>Ki-jerumani</td><td>ni</td><td>y-a</td><td>ki-mataifa</td><td>Silvana</td><td>a-na-tok-a</td><td>Italia</td><td>Conchi</td><td>ku-tok-a</td><td>Hispania</td><td>Yin</td><td>ku-tok-a</td><td>China</td></tr><tr class=la><td>CL9.course</td><td>CL9-our</td><td>CL9-GEN</td><td>CL7-German</td><td>COP</td><td>CL9-GEN</td><td>CL7-international</td><td>Silvana</td><td>3SG-PRS-come-IND</td><td>Italy</td><td>Conchi</td><td>CL15-come-IND</td><td>Spain</td><td>Yin</td><td>CL15-come-IND</td><td>China</td></tr></table><div class=klassen>kozi class 9/10 (Ø/n-) → kozi — number shows only in the agreement [loanword]</div><div class=konkordanz>class 9: SUBJ i- · ADJ Ø/n- · GEN ya · DEM hii/ile · POSS y- · REL -yo</div><div class=hinweis>ki- bildet Adjektive der Art: kimataifa</div>	A1 SD1 I international
You will find that on the internet.	Hii unaipata kwenye mtandao.<hr><table class=gloss><tr class=mo><td>hii</td><td>u-na-i-pat-a</td><td>kwenye</td><td>m-tandao</td></tr><tr class=la><td>CL9.DEM</td><td>2SG-PRS-OBJ9-find-IND</td><td>at</td><td>CL3-internet</td></tr></table><div class=klassen>mtandao class 3/4 (m-/mw- › mi-) → mitandao</div><div class=konkordanz>class 3: SUBJ u- · ADJ m-/mw- · GEN wa · DEM huu/ule · POSS w- · REL -o</div><div class=hinweis>mtandao Kl.3 heißt Netz und Internet</div>	A1 SD1 I Internet
Are you Mr Watanabe? - Yes.	Nyinyi ni Bwana Watanabe? - Ndiyo.<hr><table class=gloss><tr class=mo><td>nyinyi</td><td>ni</td><td>bwana</td><td>Watanabe</td><td>ndiyo</td></tr><tr class=la><td>her</td><td>COP</td><td>CL5/CL1.mister</td><td>Watanabe</td><td>yes</td></tr></table><div class=klassen>bwana class 5/6 (ji-/Ø › ma-) → mabwana [person: form class 5/6, agreement class 1/2]</div><div class=konkordanz>class 1: SUBJ a- · ADJ m-/mw- · GEN wa · DEM huyu/yule · POSS w- · REL -ye</div><div class=hinweis>ndiyo bejaht einen Satz, ndio bestätigt ein Nomen</div>	A1 SD1 J ja
Put on a jacket. It is cold.	Vaa koti. Kuna baridi.<hr><table class=gloss><tr class=mo><td>va-a</td><td>koti</td><td>ku-na</td><td>baridi</td></tr><tr class=la><td>put.on-IMP</td><td>CL5.jacket</td><td>CL17-with</td><td>CL9.cold</td></tr></table><div class=klassen>koti class 5/6 (ji-/Ø › ma-) → makoti</div><div class=konkordanz>class 5: SUBJ li- · ADJ ji-/Ø · GEN la · DEM hili/lile · POSS l- · REL -lo</div><div class=hinweis>Wetter mit kuna: es gibt Kälte</div>	A1 SD1 J Jacke
You can buy flowers at any station.	Maua unaweza kuyanunua kwenye stesheni yoyote.<hr><table class=gloss><tr class=mo><td>ma-ua</td><td>u-na-wez-a</td><td>ku-ya-nunu-a</td><td>kwenye</td><td>stesheni</td><td>y-oyote</td></tr><tr class=la><td>CL6-flower</td><td>2SG-PRS-can-IND</td><td>CL15-OBJ6-buy-IND</td><td>at</td><td>CL9.station</td><td>CL9-every</td></tr></table><div class=klassen>ua class 5/6 (ji-/Ø › ma-) → maua [zero prefix in the singular] · stesheni class 9/10 (Ø/n-) → stesheni — number shows only in the agreement [loanword]</div><div class=konkordanz>class 5: SUBJ li- · ADJ ji-/Ø · GEN la · DEM hili/lile · POSS l- · REL -lo · class 9: SUBJ i- · ADJ Ø/n- · GEN ya · DEM hii/ile · POSS y- · REL -yo</div><div class=hinweis>yoyote kongruiert mit stesheni Kl.9</div>	A1 SD1 J jed
Now we are taking a break.	Sasa tunachukua mapumziko.<hr><table class=gloss><tr class=mo><td>sasa</td><td>tu-na-chuku-a</td><td>ma-pumziko</td></tr><tr class=la><td>now</td><td>1PL-PRS-take-IND</td><td>CL6-break</td></tr></table><div class=klassen>mapumziko class 6 (ma-), no number change [plural only]</div><div class=konkordanz>class 6: SUBJ ya- · ADJ ma- · GEN ya · DEM haya/yale · POSS y- · REL -yo</div><div class=hinweis>mapumziko ist Kl.6 und hat keinen Singular</div>	A1 SD1 J jetzt
Jenny has a new job at the post office.	Jenny ana kazi mpya kwenye posta.<hr><table class=gloss><tr class=mo><td>Jenny</td><td>a-na</td><td>kazi</td><td>m-pya</td><td>kwenye</td><td>posta</td></tr><tr class=la><td>Jenny</td><td>3SG-have</td><td>CL9.work</td><td>CL9-new</td><td>at</td><td>CL9.post</td></tr></table><div class=klassen>kazi class 9/10 (Ø/n-) → kazi — number shows only in the agreement · posta class 9/10 (Ø/n-) → posta — number shows only in the agreement [loanword]</div><div class=konkordanz>class 9: SUBJ i- · ADJ Ø/n- · GEN ya · DEM hii/ile · POSS y- · REL -yo</div><div class=hinweis>kazi deckt Arbeit, Beruf und Job ab</div>	A1 SD1 J Job
Many young people like shopping.	Vijana wengi wanapenda kununua vitu.<hr><table class=gloss><tr class=mo><td>vi-jana</td><td>w-engi</td><td>wa-na-pend-a</td><td>ku-nunu-a</td><td>vi-tu</td></tr><tr class=la><td>CL8-young.person</td><td>CL2-many</td><td>CL2-PRS-like-IND</td><td>CL15-buy-IND</td><td>CL8-thing</td></tr></table><div class=klassen>kijana class 7/8 (ki- › vi-) → vijana [person: form class 7/8, agreement class 1/2]</div><div class=konkordanz>class 1: SUBJ a- · ADJ m-/mw- · GEN wa · DEM huyu/yule · POSS w- · REL -ye</div><div class=hinweis>vijana ist Kl.8, kongruiert als Person aber Kl.2</div>	A1 SD1 J Jugendliche
Claudia is 21. - What? So young?	Claudia ana miaka ishirini na moja. - Nini? Mdogo hivyo bado?<hr><table class=gloss><tr class=mo><td>Claudia</td><td>a-na</td><td>mi-aka</td><td>ishirini</td><td>na</td><td>moja</td><td>nini</td><td>m-dogo</td><td>hivyo</td><td>bado</td></tr><tr class=la><td>Claudia</td><td>3SG-have</td><td>CL4-year</td><td>twenty</td><td>and</td><td>one</td><td>what</td><td>CL1-young</td><td>so</td><td>still</td></tr></table><div class=klassen>mwaka wa kuzaliwa class 3/4 (m-/mw- › mi-) → miaka ya kuzaliwa [genitive agrees with the head noun]</div><div class=konkordanz>class 3: SUBJ u- · ADJ m-/mw- · GEN wa · DEM huu/ule · POSS w- · REL -o</div><div class=hinweis>einundzwanzig = ishirini na moja</div>	A1 SD1 J jung
I have two children. A boy and a girl.	Nina watoto wawili. Mvulana mmoja na msichana mmoja.<hr><table class=gloss><tr class=mo><td>ni-na</td><td>watoto</td><td>w-awili</td><td>m-vulana</td><td>m-moja</td><td>na</td><td>m-sichana</td><td>m-moja</td></tr><tr class=la><td>1SG-have</td><td>CL2.child</td><td>CL2-two</td><td>CL1-boy</td><td>CL1-one</td><td>and</td><td>CL1-girl</td><td>CL1-one</td></tr></table><div class=klassen>mtoto class 1/2 (m-/mw- › wa-) → watoto · mvulana class 1/2 (m-/mw- › wa-) → wavulana · msichana class 1/2 (m-/mw- › wa-) → wasichana</div><div class=konkordanz>class 1: SUBJ a- · ADJ m-/mw- · GEN wa · DEM huyu/yule · POSS w- · REL -ye</div><div class=hinweis>mmoja kongruiert dreimal mit Kl.1 und Kl.2</div>	A1 SD1 J Junge
For breakfast I always drink coffee.	Kwa kifungua kinywa nanywa kahawa kila mara.<hr><table class=gloss><tr class=mo><td>kwa</td><td>ki-fungua</td><td>kinywa</td><td>na-nyw-a</td><td>kahawa</td><td>kila</td><td>mara</td></tr><tr class=la><td>for</td><td>CL7-open</td><td>CL7.mouth</td><td>1SG.PRS.GNRL-drink-IND</td><td>CL9.coffee</td><td>every</td><td>CL9.time</td></tr></table><div class=klassen>kifungua kinywa class 7/8 (ki- › vi-) → vifungua kinywa [literally &quot;mouth-opener&quot;] · kahawa class 9/10 (Ø/n-) → kahawa — number shows only in the agreement</div><div class=konkordanz>class 7: SUBJ ki- · ADJ ki- · GEN cha · DEM hiki/kile · POSS ch- · REL -cho · class 9: SUBJ i- · ADJ Ø/n- · GEN ya · DEM hii/ile · POSS y- · REL -yo</div><div class=hinweis>kunywa hat den unregelmäßigen Stamm nyw-</div>	A1 SD1 K Kaffee
The glass was expensive. It breaks very easily.	Glasi ilikuwa ghali. Inavunjika kwa urahisi sana.<hr><table class=gloss><tr class=mo><td>glasi</td><td>i-li-kuw-a</td><td>ghali</td><td>i-na-vunjik-a</td><td>kwa</td><td>urahisi</td><td>sana</td></tr><tr class=la><td>CL9.glass</td><td>CL9-PST-be-IND</td><td>expensive</td><td>CL9-PRS-break-IND</td><td>with</td><td>CL14.ease</td><td>very</td></tr></table><div class=klassen>glasi class 9/10 (Ø/n-) → glasi — number shows only in the agreement [loanword]</div><div class=konkordanz>class 9: SUBJ i- · ADJ Ø/n- · GEN ya · DEM hii/ile · POSS y- · REL -yo</div><div class=hinweis>Stativ -ik- macht aus zerbrechen &quot;kaputtgehen&quot;</div>	A1 SD1 K kaputt
I am writing a card to my friends from my holiday.	Naandikia watu niwafahamu kadi kutoka likizoni.<hr><table class=gloss><tr class=mo><td>na-andik-i-a</td><td>watu</td><td>ni-wa-fahamu</td><td>kadi</td><td>ku-tok-a</td><td>likizo-ni</td></tr><tr class=la><td>1SG.PRS.GNRL-write-APPL-IND</td><td>CL2.acquaintance</td><td>1SG-OBJ2-know</td><td>CL9.card</td><td>CL15-come-IND</td><td>CL9.holiday-LOC</td></tr></table><div class=klassen>mtu class 1/2 (m-/mw- › wa-) → watu [model word for class 1/2] · kadi class 9/10 (Ø/n-) → kadi — number shows only in the agreement [menu = &quot;menyu&quot; class 9]</div><div class=konkordanz>class 1: SUBJ a- · ADJ m-/mw- · GEN wa · DEM huyu/yule · POSS w- · REL -ye · class 9: SUBJ i- · ADJ Ø/n- · GEN ya · DEM hii/ile · POSS y- · REL -yo</div><div class=hinweis>Applikativ -i- nennt die Empfänger</div>	A1 SD1 K Karte
Shall we play cards?	Tucheze karata?<hr><table class=gloss><tr class=mo><td>tu-chez-e</td><td>karata</td></tr><tr class=la><td>1PL-play-SBJV</td><td>CL10.playing.card</td></tr></table><div class=konkordanz>class 10: SUBJ zi- · ADJ Ø/n- · GEN za · DEM hizi/zile · POSS z- · REL -zo</div><div class=hinweis>Spielkarte ist karata, Postkarte kadi</div>	A1 SD1 K Karte
I would like something to eat too. Please bring me the menu.	Nataka kula kitu pia. Tafadhali niletee menyu.<hr><table class=gloss><tr class=mo><td>na-tak-a</td><td>ku-l-a</td><td>ki-tu</td><td>pia</td><td>tafadhali</td><td>ni-let-e-e</td><td>menyu</td></tr><tr class=la><td>1SG.PRS.GNRL-want-IND</td><td>CL15-eat-IND</td><td>CL7-thing</td><td>also</td><td>please</td><td>OBJ1SG-bring-APPL-SBJV</td><td>CL9.menu</td></tr></table><div class=klassen>menyu class 9/10 (Ø/n-) → menyu — number shows only in the agreement [loanword]</div><div class=konkordanz>class 9: SUBJ i- · ADJ Ø/n- · GEN ya · DEM hii/ile · POSS y- · REL -yo</div><div class=hinweis>Speisekarte ist menyu, nicht kadi</div>	A1 SD1 K Karte
Can I pay by card as well?	Naweza kulipa kwa kadi pia?<hr><table class=gloss><tr class=mo><td>na-wez-a</td><td>ku-lip-a</td><td>kwa</td><td>kadi</td><td>pia</td></tr><tr class=la><td>1SG.PRS.GNRL-can-IND</td><td>CL15-pay-IND</td><td>with</td><td>CL9.card</td><td>also</td></tr></table><div class=klassen>kadi class 9/10 (Ø/n-) → kadi — number shows only in the agreement [menu = &quot;menyu&quot; class 9]</div><div class=konkordanz>class 9: SUBJ i- · ADJ Ø/n- · GEN ya · DEM hii/ile · POSS y- · REL -yo</div><div class=hinweis>kwa bezeichnet das Zahlungsmittel</div>	A1 SD1 K _Kredit_
For chips you need potatoes.	Kwa chipsi unahitaji viazi.<hr><table class=gloss><tr class=mo><td>kwa</td><td>chipsi</td><td>u-na-hitaji</td><td>vi-azi</td></tr><tr class=la><td>for</td><td>CL10.chips</td><td>2SG-PRS-need</td><td>CL8-potato</td></tr></table><div class=klassen>chipsi class 10 (Ø/n-), no number change [plural only, loanword] · kiazi class 7/8 (ki- › vi-) → viazi</div><div class=konkordanz>class 10: SUBJ zi- · ADJ Ø/n- · GEN za · DEM hizi/zile · POSS z- · REL -zo · class 7: SUBJ ki- · ADJ ki- · GEN cha · DEM hiki/kile · POSS ch- · REL -cho</div><div class=hinweis>kiazi Kl.7, Plural viazi Kl.8</div>	A1 SD1 K Kartoffel
Please pay at the till.	Tafadhali lipeni kwenye kaunta ya kulipia.<hr><table class=gloss><tr class=mo><td>tafadhali</td><td>lip-eni</td><td>kwenye</td><td>kaunta</td><td>y-a</td><td>ku-lip-i-a</td></tr><tr class=la><td>please</td><td>pay-IMP.PL</td><td>at</td><td>CL9.till</td><td>CL9-GEN</td><td>CL15-pay-APPL-IND</td></tr></table><div class=klassen>kaunta class 9/10 (Ø/n-) → kaunta — number shows only in the agreement [loanword]</div><div class=konkordanz>class 9: SUBJ i- · ADJ Ø/n- · GEN ya · DEM hii/ile · POSS y- · REL -yo</div><div class=hinweis>Kasse als kaunta ya kulipia umschrieben</div>	A1 SD1 K Kasse
Tim is buying himself a new car.	Tim anajinunulia gari jipya.<hr><table class=gloss><tr class=mo><td>Tim</td><td>a-na-ji-nunu-li-a</td><td>gari</td><td>ji-pya</td></tr><tr class=la><td>Tim</td><td>3SG-PRS-REFL-buy-APPL-IND</td><td>CL5.car</td><td>CL5-new</td></tr></table><div class=klassen>gari class 5/6 (ji-/Ø › ma-) → magari</div><div class=konkordanz>class 5: SUBJ li- · ADJ ji-/Ø · GEN la · DEM hili/lile · POSS l- · REL -lo</div><div class=hinweis>Reflexiv -ji- plus Applikativ: für sich kaufen</div>	A1 SD1 K kaufen
There are no more admission tickets.	Hakuna tiketi za kiingilio tena.<hr><table class=gloss><tr class=mo><td>haku-na</td><td>tiketi</td><td>z-a</td><td>ki-ingilio</td><td>tena</td></tr><tr class=la><td>CL17.NEG-with</td><td>CL10.ticket</td><td>CL10-GEN</td><td>CL7-admission</td><td>more</td></tr></table><div class=klassen>tiketi class 9/10 (Ø/n-) → tiketi — number shows only in the agreement [loanword] · kiingilio class 7/8 (ki- › vi-) → viingilio</div><div class=konkordanz>class 9: SUBJ i- · ADJ Ø/n- · GEN ya · DEM hii/ile · POSS y- · REL -yo · class 7: SUBJ ki- · ADJ ki- · GEN cha · DEM hiki/kile · POSS ch- · REL -cho</div><div class=hinweis>hakuna verneint das Vorhandensein</div>	A1 SD1 K kein
Do you know this woman? - No, unfortunately not.	Mnamfahamu mwanamke huyu? - Hapana, kwa bahati mbaya.<hr><table class=gloss><tr class=mo><td>m-na-m-fahamu</td><td>mw-anamke</td><td>huyu</td><td>hapana</td><td>kwa</td><td>bahati</td><td>m-baya</td></tr><tr class=la><td>2PL-PRS-OBJ1-know</td><td>CL1-woman</td><td>CL1.DEM</td><td>no</td><td>for</td><td>CL9.luck</td><td>CL9-bad</td></tr></table><div class=klassen>mwanamke class 1/2 (m-/mw- › wa-) → wanawake · bahati class 9/10 (Ø/n-) → bahati — number shows only in the agreement</div><div class=konkordanz>class 1: SUBJ a- · ADJ m-/mw- · GEN wa · DEM huyu/yule · POSS w- · REL -ye · class 9: SUBJ i- · ADJ Ø/n- · GEN ya · DEM hii/ile · POSS y- · REL -yo</div><div class=hinweis>Objektpräfix -m- für Personen der Kl.1</div>	A1 SD1 K kennen
We are new here. We would like to get to know you.	Tu wageni hapa. Tungependa kufahamiana nanyi.<hr><table class=gloss><tr class=mo><td>tu</td><td>wa-geni</td><td>hapa</td><td>tu-nge-pend-a</td><td>ku-fahami-an-a</td><td>nanyi</td></tr><tr class=la><td>1PL.COP</td><td>CL2-new</td><td>here</td><td>1PL-IRR-like-IND</td><td>CL15-know-RECP-IND</td><td>with.you</td></tr></table><div class=klassen>mgeni class 1/2 (m-/mw- › wa-) → wageni [also &quot;guest&quot;]</div><div class=konkordanz>class 1: SUBJ a- · ADJ m-/mw- · GEN wa · DEM huyu/yule · POSS w- · REL -ye</div><div class=hinweis>Reziprok -an-: einander kennenlernen</div>	A1 SD1 K kennenlernen
How many children do you have?	Mna watoto wangapi?<hr><table class=gloss><tr class=mo><td>m-na</td><td>watoto</td><td>w-angapi</td></tr><tr class=la><td>2PL-have</td><td>CL2.child</td><td>CL2-how.many</td></tr></table><div class=klassen>mtoto class 1/2 (m-/mw- › wa-) → watoto</div><div class=konkordanz>class 1: SUBJ a- · ADJ m-/mw- · GEN wa · DEM huyu/yule · POSS w- · REL -ye</div><div class=hinweis>wangapi kongruiert mit watoto Kl.2</div>	A1 SD1 K Kind
Little Laura already goes to nursery school.	Laura mdogo anaenda shule ya awali tayari.<hr><table class=gloss><tr class=mo><td>Laura</td><td>m-dogo</td><td>a-na-end-a</td><td>shule</td><td>y-a</td><td>awali</td><td>tayari</td></tr><tr class=la><td>Laura</td><td>CL1-small</td><td>3SG-PRS-go-IND</td><td>CL9.school</td><td>CL9-GEN</td><td>CL9.beginning</td><td>already</td></tr></table><div class=klassen>shule class 9/10 (Ø/n-) → shule — number shows only in the agreement</div><div class=konkordanz>class 9: SUBJ i- · ADJ Ø/n- · GEN ya · DEM hii/ile · POSS y- · REL -yo</div><div class=hinweis>Kindergarten als shule ya awali</div>	A1 SD1 K Kindergarten
This evening we are seeing a nice film at the cinema.	Leo jioni tunaona filamu nzuri sinemani.<hr><table class=gloss><tr class=mo><td>leo</td><td>jioni</td><td>tu-na-on-a</td><td>filamu</td><td>n-zuri</td><td>sinema-ni</td></tr><tr class=la><td>today</td><td>CL9.evening</td><td>1PL-PRS-see-IND</td><td>CL9.film</td><td>CL9-good</td><td>CL9.cinema-LOC</td></tr></table><div class=klassen>filamu class 9/10 (Ø/n-) → filamu — number shows only in the agreement [loanword]</div><div class=konkordanz>class 9: SUBJ i- · ADJ Ø/n- · GEN ya · DEM hii/ile · POSS y- · REL -yo</div><div class=hinweis>nzuri mit Nasalpräfix der Kl.9</div>	A1 SD1 K Kino
At the kiosk you can get drinks, cigarettes and newspapers.	Kwenye kibanda mnapata vinywaji, sigara na magazeti.<hr><table class=gloss><tr class=mo><td>kwenye</td><td>ki-banda</td><td>m-na-pat-a</td><td>vi-nywaji</td><td>sigara</td><td>na</td><td>ma-gazeti</td></tr><tr class=la><td>at</td><td>CL7-kiosk</td><td>2PL-PRS-get-IND</td><td>CL8-drink</td><td>CL10.cigarette</td><td>and</td><td>CL6-newspaper</td></tr></table><div class=klassen>kibanda class 7/8 (ki- › vi-) → vibanda · kinywaji class 7/8 (ki- › vi-) → vinywaji · sigara class 9/10 (Ø/n-) → sigara — number shows only in the agreement [loanword] · gazeti class 5/6 (ji-/Ø › ma-) → magazeti</div><div class=konkordanz>class 7: SUBJ ki- · ADJ ki- · GEN cha · DEM hiki/kile · POSS ch- · REL -cho · class 9: SUBJ i- · ADJ Ø/n- · GEN ya · DEM hii/ile · POSS y- · REL -yo</div><div class=hinweis>Drei Klassen in einer Aufzählung: 8, 10, 6</div>	A1 SD1 K Kiosk
Are you coming along? - Of course!	Unakuja pamoja? - Bila shaka!<hr><table class=gloss><tr class=mo><td>u-na-kuj-a</td><td>pamoja</td><td>bila</td><td>shaka</td></tr><tr class=la><td>2SG-PRS-come-IND</td><td>together</td><td>without</td><td>CL9.doubt</td></tr></table><div class=konkordanz>class 9: SUBJ i- · ADJ Ø/n- · GEN ya · DEM hii/ile · POSS y- · REL -yo</div><div class=hinweis>bila shaka heißt wörtlich &quot;ohne Zweifel&quot;</div>	A1 SD1 K klar
There are twenty-five pupils in our class.	Katika darasa letu kuna wanafunzi ishirini na watano.<hr><table class=gloss><tr class=mo><td>katika</td><td>darasa</td><td>l-etu</td><td>ku-na</td><td>wanafunzi</td><td>ishirini</td><td>na</td><td>wa-tano</td></tr><tr class=la><td>in</td><td>CL5.class</td><td>CL5-our</td><td>CL17-with</td><td>CL2.pupil</td><td>twenty</td><td>and</td><td>CL2-five</td></tr></table><div class=klassen>darasa class 5/6 (ji-/Ø › ma-) → madarasa · mwanafunzi class 1/2 (m-/mw- › wa-) → wanafunzi</div><div class=konkordanz>class 5: SUBJ li- · ADJ ji-/Ø · GEN la · DEM hili/lile · POSS l- · REL -lo · class 1: SUBJ a- · ADJ m-/mw- · GEN wa · DEM huyu/yule · POSS w- · REL -ye</div><div class=hinweis>watano trägt das Kl.2-Präfix, ishirini nicht</div>	A1 SD1 K Klasse
On the train I always travel second class.	Kwenye treni nasafiri daraja la pili kila mara.<hr><table class=gloss><tr class=mo><td>kwenye</td><td>treni</td><td>na-safiri</td><td>daraja</td><td>l-a</td><td>pili</td><td>kila</td><td>mara</td></tr><tr class=la><td>at</td><td>CL9.train</td><td>1SG.PRS.GNRL-travel</td><td>CL5.class</td><td>CL5-GEN</td><td>second</td><td>every</td><td>CL9.time</td></tr></table><div class=klassen>treni class 9/10 (Ø/n-) → treni — number shows only in the agreement [loanword]</div><div class=konkordanz>class 9: SUBJ i- · ADJ Ø/n- · GEN ya · DEM hii/ile · POSS y- · REL -yo</div><div class=hinweis>daraja Kl.5 für Rang und Klasse</div>	A1 SD1 K Klasse
Where do I find clothes? - Jackets on the first floor, jeans on the second.	Nguo nazipata wapi? - Makoti ghorofa ya kwanza, jinsi ghorofa ya pili.<hr><table class=gloss><tr class=mo><td>nguo</td><td>na-zi-pat-a</td><td>wapi</td><td>ma-koti</td><td>ghorofa</td><td>y-a</td><td>kwanza</td><td>jinsi</td><td>ghorofa</td><td>y-a</td><td>pili</td></tr><tr class=la><td>CL10.clothing</td><td>1SG.PRS.GNRL-OBJ10-find-IND</td><td>where</td><td>CL6-jacket</td><td>CL9.floor</td><td>CL9-GEN</td><td>first</td><td>CL10.jeans</td><td>CL9.floor</td><td>CL9-GEN</td><td>second</td></tr></table><div class=klassen>nguo class 9/10 (Ø/n-) → nguo — number shows only in the agreement [usually plural] · koti class 5/6 (ji-/Ø › ma-) → makoti · ghorofa class 9/10 (Ø/n-) → ghorofa — number shows only in the agreement [storey]</div><div class=konkordanz>class 9: SUBJ i- · ADJ Ø/n- · GEN ya · DEM hii/ile · POSS y- · REL -yo · class 5: SUBJ li- · ADJ ji-/Ø · GEN la · DEM hili/lile · POSS l- · REL -lo</div><div class=hinweis>Objektpräfix -zi- greift nguo Kl.10 auf</div>	A1 SD1 K Kleidung
Eltville is a small town on the Rhine.	Eltville ni mji mdogo kwenye mto Rhein.<hr><table class=gloss><tr class=mo><td>Eltville</td><td>ni</td><td>m-ji</td><td>m-dogo</td><td>kwenye</td><td>mto</td><td>Rhein</td></tr><tr class=la><td>Eltville</td><td>COP</td><td>CL3-town</td><td>CL3-small</td><td>at</td><td>CL3.river</td><td>Rhine</td></tr></table><div class=klassen>mji class 3/4 (m-/mw- › mi-) → miji</div><div class=konkordanz>class 3: SUBJ u- · ADJ m-/mw- · GEN wa · DEM huu/ule · POSS w- · REL -o</div><div class=hinweis>mdogo kongruiert mit mji Kl.3</div>	A1 SD1 K klein
Mr Georgi can cook well.	Bwana Georgi anaweza kupika vizuri.<hr><table class=gloss><tr class=mo><td>bwana</td><td>Georgi</td><td>a-na-wez-a</td><td>ku-pik-a</td><td>vi-zuri</td></tr><tr class=la><td>CL5/CL1.mister</td><td>Georgi</td><td>3SG-PRS-can-IND</td><td>CL15-cook-IND</td><td>CL8-good</td></tr></table><div class=klassen>bwana class 5/6 (ji-/Ø › ma-) → mabwana [person: form class 5/6, agreement class 1/2]</div><div class=konkordanz>class 1: SUBJ a- · ADJ m-/mw- · GEN wa · DEM huyu/yule · POSS w- · REL -ye</div><div class=hinweis>vizuri ist das Adverb mit Kl.8-Präfix</div>	A1 SD1 K kochen
Is that your suitcase?	Hili ni sanduku lako?<hr><table class=gloss><tr class=mo><td>hili</td><td>ni</td><td>sanduku</td><td>l-ako</td></tr><tr class=la><td>CL5.DEM</td><td>COP</td><td>CL5.suitcase</td><td>CL5-your</td></tr></table><div class=klassen>sanduku class 5/6 (ji-/Ø › ma-) → masanduku</div><div class=konkordanz>class 5: SUBJ li- · ADJ ji-/Ø · GEN la · DEM hili/lile · POSS l- · REL -lo</div><div class=hinweis>hili und lako kongruieren beide mit Kl.5</div>	A1 SD1 K Koffer
What is the new colleague called?	Mwenzi mpya anaitwa nani?<hr><table class=gloss><tr class=mo><td>mw-enzi</td><td>m-pya</td><td>a-na-it-w-a</td><td>nani</td></tr><tr class=la><td>CL1-colleague</td><td>CL1-new</td><td>3SG-PRS-call-PASS-IND</td><td>who</td></tr></table><div class=klassen>mwenzi class 1/2 (m-/mw- › wa-) → wenzi</div><div class=konkordanz>class 1: SUBJ a- · ADJ m-/mw- · GEN wa · DEM huyu/yule · POSS w- · REL -ye</div><div class=hinweis>mwenzi Kl.1, Plural wenzi Kl.2</div>	A1 SD1 K Kollege
Where do you come from? - From France.	Mnatoka wapi? - Kutoka Ufaransa.<hr><table class=gloss><tr class=mo><td>m-na-tok-a</td><td>wapi</td><td>ku-tok-a</td><td>Ufaransa</td></tr><tr class=la><td>2PL-PRS-come-IND</td><td>where</td><td>CL15-come-IND</td><td>France</td></tr></table><div class=konkordanz>class 15: SUBJ ku- · ADJ ku- · GEN kwa · DEM huku/kule · POSS kw- · REL -ko</div><div class=hinweis>Ländernamen mit u- der Kl.11: Ufaransa</div>	A1 SD1 K kommen
Are you coming to the swimming pool?	Unakuja pamoja bwawani la kuogelea?<hr><table class=gloss><tr class=mo><td>u-na-kuj-a</td><td>pamoja</td><td>bwawa-ni</td><td>l-a</td><td>ku-ogele-a</td></tr><tr class=la><td>2SG-PRS-come-IND</td><td>together</td><td>CL5.pool-LOC</td><td>CL5-GEN</td><td>CL15-swim-IND</td></tr></table><div class=konkordanz>class 5: SUBJ li- · ADJ ji-/Ø · GEN la · DEM hili/lile · POSS l- · REL -lo · class 15: SUBJ ku- · ADJ ku- · GEN kwa · DEM huku/kule · POSS kw- · REL -ko</div><div class=hinweis>Schwimmbad als bwawa la kuogelea</div>	A1 SD1 K kommen
I know German and Russian.	Najua Kijerumani na Kirusi.<hr><table class=gloss><tr class=mo><td>na-ju-a</td><td>Ki-jerumani</td><td>na</td><td>Ki-rusi</td></tr><tr class=la><td>1SG.PRS.GNRL-know-IND</td><td>CL7-German</td><td>and</td><td>CL7-Russian</td></tr></table><div class=konkordanz>class 7: SUBJ ki- · ADJ ki- · GEN cha · DEM hiki/kile · POSS ch- · REL -cho</div><div class=hinweis>Sprachen tragen das ki- der Kl.7</div>	A1 SD1 K können
Can you help me?	Mnaweza kunisaidia?<hr><table class=gloss><tr class=mo><td>m-na-wez-a</td><td>ku-ni-saidi-a</td></tr><tr class=la><td>2PL-PRS-can-IND</td><td>CL15-OBJ1SG-help-IND</td></tr></table><div class=konkordanz>class 15: SUBJ ku- · ADJ ku- · GEN kwa · DEM huku/kule · POSS kw- · REL -ko</div><div class=hinweis>kuweza für Fähigkeit, kujua für Kenntnis</div>	A1 SD1 K können
We will transfer the money to your account on 1 March.	Pesa tutazituma kwenye akaunti yako tarehe mosi Machi.<hr><table class=gloss><tr class=mo><td>pesa</td><td>tu-ta-zi-tum-a</td><td>kwenye</td><td>akaunti</td><td>y-ako</td><td>tarehe</td><td>mosi</td><td>Machi</td></tr><tr class=la><td>CL10.money</td><td>1PL-FUT-OBJ10-send-IND</td><td>at</td><td>CL9.account</td><td>CL9-your</td><td>CL9.date</td><td>first</td><td>March</td></tr></table><div class=klassen>pesa class 9/10 (Ø/n-) → pesa — number shows only in the agreement · akaunti class 9/10 (Ø/n-) → akaunti — number shows only in the agreement [loanword] · tarehe class 9/10 (Ø/n-) → tarehe — number shows only in the agreement</div><div class=konkordanz>class 9: SUBJ i- · ADJ Ø/n- · GEN ya · DEM hii/ile · POSS y- · REL -yo</div><div class=hinweis>tarehe mosi ist der erste Tag des Monats</div>	A1 SD1 K Konto
My head hurts!	Kichwa changu kinaniuma!<hr><table class=gloss><tr class=mo><td>ki-chwa</td><td>ch-angu</td><td>ki-na-ni-um-a</td></tr><tr class=la><td>CL7-head</td><td>CL7-my</td><td>CL7-PRS-OBJ1SG-hurt-IND</td></tr></table><div class=klassen>kichwa class 7/8 (ki- › vi-) → vichwa</div><div class=konkordanz>class 7: SUBJ ki- · ADJ ki- · GEN cha · DEM hiki/kile · POSS ch- · REL -cho</div><div class=hinweis>Dreifache Kl.7-Kongruenz: changu, ki-, kichwa</div>	A1 SD1 K Kopf
How much does that cost? - 10 euros.	Hii inagharimu kiasi gani? - Euro kumi.<hr><table class=gloss><tr class=mo><td>hii</td><td>i-na-gharimu</td><td>kiasi</td><td>gani</td><td>Euro</td><td>kumi</td></tr><tr class=la><td>CL9.DEM</td><td>CL9-PRS-cost</td><td>CL9.amount</td><td>which</td><td>euro</td><td>ten</td></tr></table><div class=konkordanz>class 9: SUBJ i- · ADJ Ø/n- · GEN ya · DEM hii/ile · POSS y- · REL -yo</div><div class=hinweis>kiasi gani fragt nach der Menge</div>	A1 SD1 K kosten
I cannot come to work today, I am ill and in bed.	Siwezi kuja kazini leo, mimi ni mgonjwa na nalala kitandani.<hr><table class=gloss><tr class=mo><td>si-wez-i</td><td>ku-j-a</td><td>kazi-ni</td><td>leo</td><td>mimi</td><td>ni</td><td>m-gonjwa</td><td>na</td><td>na-lal-a</td><td>ki-tanda-ni</td></tr><tr class=la><td>1SG.NEG-can-NEG</td><td>CL15-come-IND</td><td>CL9.work-LOC</td><td>today</td><td>I</td><td>COP</td><td>CL1-ill</td><td>and</td><td>1SG.PRS.GNRL-lie-IND</td><td>CL7-bed-LOC</td></tr></table><div class=konkordanz>class 15: SUBJ ku- · ADJ ku- · GEN kwa · DEM huku/kule · POSS kw- · REL -ko · class 9: SUBJ i- · ADJ Ø/n- · GEN ya · DEM hii/ile · POSS y- · REL -yo</div><div class=hinweis>Zwei Ortsangaben mit -ni: kazini und kitandani</div>	A1 SD1 K krank
I get 15 euros an hour for my work.	Napata Euro kumi na tano kwa saa kwa kazi yangu.<hr><table class=gloss><tr class=mo><td>na-pat-a</td><td>Euro</td><td>kumi</td><td>na</td><td>tano</td><td>kwa</td><td>saa</td><td>kwa</td><td>kazi</td><td>y-angu</td></tr><tr class=la><td>1SG.PRS.GNRL-get-IND</td><td>euro</td><td>ten</td><td>and</td><td>five</td><td>per</td><td>CL9.hour</td><td>for</td><td>CL9.work</td><td>CL9-my</td></tr></table><div class=klassen>saa class 9/10 (Ø/n-) → saa — number shows only in the agreement [also &quot;clock&quot;] · kazi class 9/10 (Ø/n-) → kazi — number shows only in the agreement</div><div class=konkordanz>class 9: SUBJ i- · ADJ Ø/n- · GEN ya · DEM hii/ile · POSS y- · REL -yo</div><div class=hinweis>kwa dient als &quot;pro&quot; und als &quot;für&quot;</div>	A1 SD1 K kriegen
The new cooker goes in the kitchen.	Jiko jipya linakwenda jikoni.<hr><table class=gloss><tr class=mo><td>jiko</td><td>ji-pya</td><td>li-na-kwend-a</td><td>jiko-ni</td></tr><tr class=la><td>CL5.cooker</td><td>CL5-new</td><td>CL5-PRS-go-IND</td><td>CL5.kitchen-LOC</td></tr></table><div class=klassen>jiko class 5/6 (ji-/Ø › ma-) → majiko</div><div class=konkordanz>class 5: SUBJ li- · ADJ ji-/Ø · GEN la · DEM hili/lile · POSS l- · REL -lo</div><div class=hinweis>jiko ist Herd und Küche; nur -ni unterscheidet</div>	A1 SD1 K Küche
I will have a piece of cake.	Nachukua kipande cha keki.<hr><table class=gloss><tr class=mo><td>na-chuku-a</td><td>ki-pande</td><td>ch-a</td><td>keki</td></tr><tr class=la><td>1SG.PRS.GNRL-take-IND</td><td>CL7-piece</td><td>CL7-GEN</td><td>CL9.cake</td></tr></table><div class=klassen>keki class 9/10 (Ø/n-) → keki — number shows only in the agreement [loanword]</div><div class=konkordanz>class 9: SUBJ i- · ADJ Ø/n- · GEN ya · DEM hii/ile · POSS y- · REL -yo</div><div class=hinweis>kipande Kl.7 nimmt den Genitiv cha</div>	A1 SD1 K Kuchen
Do you have a pen for me?	Unayo kalamu kwa ajili yangu?<hr><table class=gloss><tr class=mo><td>u-na-yo</td><td>kalamu</td><td>kwa</td><td>ajili</td><td>y-angu</td></tr><tr class=la><td>2SG-have-REL9</td><td>CL9.pen</td><td>for</td><td>CL9.purpose</td><td>CL9-my</td></tr></table><div class=klassen>kalamu class 9/10 (Ø/n-) → kalamu — number shows only in the agreement</div><div class=konkordanz>class 9: SUBJ i- · ADJ Ø/n- · GEN ya · DEM hii/ile · POSS y- · REL -yo</div><div class=hinweis>kalamu deckt Stift und Kugelschreiber ab</div>	A1 SD1 K Kugelschreiber
Do we still have milk? - Yes, in the fridge.	Tunayo maziwa bado? - Ndiyo, kwenye friji.<hr><table class=gloss><tr class=mo><td>tu-na-yo</td><td>maziwa</td><td>bado</td><td>ndiyo</td><td>kwenye</td><td>friji</td></tr><tr class=la><td>1PL-have-REL9</td><td>CL6.milk</td><td>still</td><td>yes</td><td>at</td><td>CL9.fridge</td></tr></table><div class=klassen>maziwa class 6 (ma-), no number change [plural only] · friji class 9/10 (Ø/n-) → friji — number shows only in the agreement [loanword]</div><div class=konkordanz>class 6: SUBJ ya- · ADJ ma- · GEN ya · DEM haya/yale · POSS y- · REL -yo · class 9: SUBJ i- · ADJ Ø/n- · GEN ya · DEM hii/ile · POSS y- · REL -yo</div><div class=hinweis>maziwa ist Kl.6 und heißt Milch und Seen</div>	A1 SD1 K Kühlschrank
I am interested in culture. I often go to the museum.	Nina hamu ya kitamaduni. Naenda jumba la makumbusho mara nyingi.<hr><table class=gloss><tr class=mo><td>ni-na</td><td>hamu</td><td>y-a</td><td>ki-tamaduni</td><td>na-end-a</td><td>jumba</td><td>l-a</td><td>ma-kumbusho</td><td>mara</td><td>ny-ingi</td></tr><tr class=la><td>1SG-have</td><td>CL9.desire</td><td>CL9-GEN</td><td>CL7-cultural</td><td>1SG.PRS.GNRL-go-IND</td><td>CL5.hall</td><td>CL5-GEN</td><td>CL6-memory</td><td>CL9.time</td><td>CL10-many</td></tr></table><div class=klassen>hamu ya kula class 9 (Ø/n-), no number change [genitive construction]</div><div class=konkordanz>class 9: SUBJ i- · ADJ Ø/n- · GEN ya · DEM hii/ile · POSS y- · REL -yo</div><div class=hinweis>ki- bildet Adjektive der Art: kitamaduni</div>	A1 SD1 K kulturell
Every mother looks after her small children.	Kila mama anawajali watoto wake wadogo.<hr><table class=gloss><tr class=mo><td>kila</td><td>mama</td><td>a-na-wa-jali</td><td>watoto</td><td>w-ake</td><td>w-adogo</td></tr><tr class=la><td>every</td><td>CL9/CL1.mother</td><td>3SG-PRS-OBJ2-care</td><td>CL2.child</td><td>CL2-be</td><td>CL2-small</td></tr></table><div class=klassen>mama class 9/10 (Ø/n-) → mama — number shows only in the agreement [person: form class 9/10, agreement class 1/2] · mtoto class 1/2 (m-/mw- › wa-) → watoto · mke class 1/2 (m-/mw- › wa-) → wake [husband = &quot;mume&quot; class 1/2]</div><div class=konkordanz>class 1: SUBJ a- · ADJ m-/mw- · GEN wa · DEM huyu/yule · POSS w- · REL -ye</div><div class=hinweis>kujali braucht kein Reflexivpronomen</div>	A1 SD1 K sich_kümmern
One moment, please. I have a customer.	Dakika moja, tafadhali. Nina mteja.<hr><table class=gloss><tr class=mo><td>dakika</td><td>moja</td><td>tafadhali</td><td>ni-na</td><td>m-teja</td></tr><tr class=la><td>CL9.minute</td><td>one</td><td>please</td><td>1SG-have</td><td>CL1-customer</td></tr></table><div class=klassen>mteja class 1/2 (m-/mw- › wa-) → wateja</div><div class=konkordanz>class 1: SUBJ a- · ADJ m-/mw- · GEN wa · DEM huyu/yule · POSS w- · REL -ye</div><div class=hinweis>mteja Kl.1, Plural wateja Kl.2</div>	A1 SD1 K Kunde
The German course runs until the summer.	Kozi ya Kijerumani inaendelea hadi kiangazi.<hr><table class=gloss><tr class=mo><td>kozi</td><td>y-a</td><td>Ki-jerumani</td><td>i-na-endele-a</td><td>hadi</td><td>ki-angazi</td></tr><tr class=la><td>CL9.course</td><td>CL9-GEN</td><td>CL7-German</td><td>CL9-PRS-continue-IND</td><td>until</td><td>CL7-summer</td></tr></table><div class=klassen>kozi class 9/10 (Ø/n-) → kozi — number shows only in the agreement [loanword]</div><div class=konkordanz>class 9: SUBJ i- · ADJ Ø/n- · GEN ya · DEM hii/ile · POSS y- · REL -yo</div><div class=hinweis>Jahreszeiten tragen oft das ki- der Kl.7</div>	A1 SD1 K Kurs
Ricardo has short hair.	Ricardo ana nywele fupi.<hr><table class=gloss><tr class=mo><td>Ricardo</td><td>a-na</td><td>nywele</td><td>fupi</td></tr><tr class=la><td>Ricardo</td><td>3SG-have</td><td>CL10.hair</td><td>short</td></tr></table><div class=klassen>unywele class 11/10 (u- › Ø/n-) → nywele [usually plural &quot;nywele&quot;]</div><div class=konkordanz>class 11: SUBJ u- · ADJ m-/mw- · GEN wa · DEM huu/ule · POSS w- · REL -o</div><div class=hinweis>fupi bleibt in Kl.10 ohne Präfix</div>	A1 SD1 K kurz
The children laugh a lot.	Watoto wanacheka sana.<hr><table class=gloss><tr class=mo><td>watoto</td><td>wa-na-chek-a</td><td>sana</td></tr><tr class=la><td>CL2.child</td><td>CL2-PRS-laugh-IND</td><td>very</td></tr></table><div class=klassen>mtoto class 1/2 (m-/mw- › wa-) → watoto</div><div class=konkordanz>class 1: SUBJ a- · ADJ m-/mw- · GEN wa · DEM huyu/yule · POSS w- · REL -ye</div><div class=hinweis>sana verstärkt das Verb</div>	A1 SD1 L lachen
At the bookshop you can buy books.	Kwenye duka la vitabu mnaweza kununua vitabu.<hr><table class=gloss><tr class=mo><td>kwenye</td><td>duka</td><td>l-a</td><td>vi-tabu</td><td>m-na-wez-a</td><td>ku-nunu-a</td><td>vi-tabu</td></tr><tr class=la><td>at</td><td>CL5.shop</td><td>CL5-GEN</td><td>CL8-book</td><td>2PL-PRS-can-IND</td><td>CL15-buy-IND</td><td>CL8-book</td></tr></table><div class=klassen>duka class 5/6 (ji-/Ø › ma-) → maduka · kitabu class 7/8 (ki- › vi-) → vitabu</div><div class=konkordanz>class 5: SUBJ li- · ADJ ji-/Ø · GEN la · DEM hili/lile · POSS l- · REL -lo · class 7: SUBJ ki- · ADJ ki- · GEN cha · DEM hiki/kile · POSS ch- · REL -cho</div><div class=hinweis>duka la vitabu heißt wörtlich &quot;Laden der Bücher&quot;</div>	A1 SD1 L Laden
Italy is a beautiful country.	Italia ni nchi nzuri.<hr><table class=gloss><tr class=mo><td>Italia</td><td>ni</td><td>nchi</td><td>n-zuri</td></tr><tr class=la><td>Italy</td><td>COP</td><td>CL9.country</td><td>CL9-good</td></tr></table><div class=klassen>nchi class 9/10 (Ø/n-) → nchi — number shows only in the agreement</div><div class=konkordanz>class 9: SUBJ i- · ADJ Ø/n- · GEN ya · DEM hii/ile · POSS y- · REL -yo</div><div class=hinweis>nzuri mit Nasalpräfix der Kl.9</div>	A1 SD1 L Land
The jeans are too long.	Jinsi ni ndefu mno.<hr><table class=gloss><tr class=mo><td>jinsi</td><td>ni</td><td>n-defu</td><td>mno</td></tr><tr class=la><td>CL10.jeans</td><td>COP</td><td>CL10-long</td><td>to</td></tr></table><div class=konkordanz>class 10: SUBJ zi- · ADJ Ø/n- · GEN za · DEM hizi/zile · POSS z- · REL -zo</div><div class=hinweis>mno heißt &quot;allzu&quot;, sana heißt &quot;sehr&quot;</div>	A1 SD1 L lang
How long does the train take from Hamburg to Berlin?	Treni inachukua muda gani kutoka Hamburg hadi Berlin?<hr><table class=gloss><tr class=mo><td>treni</td><td>i-na-chuku-a</td><td>muda</td><td>gani</td><td>ku-tok-a</td><td>Hamburg</td><td>hadi</td><td>Berlin</td></tr><tr class=la><td>CL9.train</td><td>CL9-PRS-take-IND</td><td>CL3.time</td><td>which</td><td>CL15-come-IND</td><td>Hamburg</td><td>until</td><td>Berlin</td></tr></table><div class=klassen>treni class 9/10 (Ø/n-) → treni — number shows only in the agreement [loanword] · muda class 3/10 (m-/mw- › Ø/n-) → nyakati [irregular plural]</div><div class=konkordanz>class 9: SUBJ i- · ADJ Ø/n- · GEN ya · DEM hii/ile · POSS y- · REL -yo · class 3: SUBJ u- · ADJ m-/mw- · GEN wa · DEM huu/ule · POSS w- · REL -o</div><div class=hinweis>Dauer wird mit kuchukua muda ausgedrückt</div>	A1 SD1 L lange
Could you please speak a little more slowly?	Mngeweza kusema polepole zaidi, tafadhali?<hr><table class=gloss><tr class=mo><td>m-nge-wez-a</td><td>ku-sem-a</td><td>polepole</td><td>zaidi</td><td>tafadhali</td></tr><tr class=la><td>2PL-IRR-can-IND</td><td>CL15-speak-IND</td><td>slow</td><td>more</td><td>please</td></tr></table><div class=konkordanz>class 15: SUBJ ku- · ADJ ku- · GEN kwa · DEM huku/kule · POSS kw- · REL -ko</div><div class=hinweis>-nge- bildet die Höflichkeitsform &quot;könnten Sie&quot;</div>	A1 SD1 L langsam
I do not want to drive, I want to walk.	Sitaki kuendesha gari, nataka kutembea.<hr><table class=gloss><tr class=mo><td>si-tak-i</td><td>ku-endesh-a</td><td>gari</td><td>na-tak-a</td><td>ku-tembe-a</td></tr><tr class=la><td>1SG.NEG-want-NEG</td><td>CL15-drive-IND</td><td>CL5.car</td><td>1SG.PRS.GNRL-want-IND</td><td>CL15-go-IND</td></tr></table><div class=klassen>gari class 5/6 (ji-/Ø › ma-) → magari</div><div class=konkordanz>class 5: SUBJ li- · ADJ ji-/Ø · GEN la · DEM hili/lile · POSS l- · REL -lo</div><div class=hinweis>kutembea heißt gehen, wandern und spazieren</div>	A1 SD1 L laufen
Not so loud! The baby is asleep.	Si kwa sauti kubwa hivyo! Mtoto mchanga analala.<hr><table class=gloss><tr class=mo><td>si</td><td>kwa</td><td>sauti</td><td>kubwa</td><td>hivyo</td><td>m-toto</td><td>m-changa</td><td>a-na-lal-a</td></tr><tr class=la><td>NEG</td><td>with</td><td>CL9.voice</td><td>big</td><td>so</td><td>CL1-child</td><td>CL1-young</td><td>3SG-PRS-sleep-IND</td></tr></table><div class=klassen>mtoto class 1/2 (m-/mw- › wa-) → watoto</div><div class=konkordanz>class 1: SUBJ a- · ADJ m-/mw- · GEN wa · DEM huyu/yule · POSS w- · REL -ye</div><div class=hinweis>laut = kwa sauti kubwa, &quot;mit großer Stimme&quot;</div>	A1 SD1 L laut
She lives with her sister.	Anakaa kwa dada yake.<hr><table class=gloss><tr class=mo><td>a-na-ka-a</td><td>kwa</td><td>dada</td><td>y-ake</td></tr><tr class=la><td>3SG-PRS-live-IND</td><td>at</td><td>CL9/CL1.sister</td><td>CL9-be</td></tr></table><div class=klassen>dada class 9/10 (Ø/n-) → dada — number shows only in the agreement [person: form class 9/10, agreement class 1/2]</div><div class=konkordanz>class 1: SUBJ a- · ADJ m-/mw- · GEN wa · DEM huyu/yule · POSS w- · REL -ye</div><div class=hinweis>kwa bezeichnet den Aufenthalt bei Personen</div>	A1 SD1 L leben
Her parents are no longer alive.	Wazazi wake hawapo tena hai.<hr><table class=gloss><tr class=mo><td>wazazi</td><td>w-ake</td><td>hawa-po</td><td>tena</td><td>hai</td></tr><tr class=la><td>CL2.parents</td><td>CL2-be</td><td>3PL.NEG-be.there</td><td>more</td><td>alive</td></tr></table><div class=klassen>mzazi class 1/2 (m-/mw- › wa-) → wazazi [German has plural only] · mke class 1/2 (m-/mw- › wa-) → wake [husband = &quot;mume&quot; class 1/2]</div><div class=konkordanz>class 1: SUBJ a- · ADJ m-/mw- · GEN wa · DEM huyu/yule · POSS w- · REL -ye</div><div class=hinweis>hai bleibt unverändert</div>	A1 SD1 L leben
Life in this country is expensive.	Maisha katika nchi hii ni ghali.<hr><table class=gloss><tr class=mo><td>maisha</td><td>katika</td><td>nchi</td><td>hii</td><td>ni</td><td>ghali</td></tr><tr class=la><td>CL6.life</td><td>in</td><td>CL9.country</td><td>CL9.DEM</td><td>COP</td><td>expensive</td></tr></table><div class=klassen>maisha class 6 (ma-), no number change [plural only] · nchi class 9/10 (Ø/n-) → nchi — number shows only in the agreement</div><div class=konkordanz>class 6: SUBJ ya- · ADJ ma- · GEN ya · DEM haya/yale · POSS y- · REL -yo · class 9: SUBJ i- · ADJ Ø/n- · GEN ya · DEM hii/ile · POSS y- · REL -yo</div><div class=hinweis>maisha ist Kl.6 und hat keinen Singular</div>	A1 SD1 L Leben
You can get groceries at the supermarket.	Chakula mnapata kwenye duka kuu.<hr><table class=gloss><tr class=mo><td>chakula</td><td>m-na-pat-a</td><td>kwenye</td><td>duka</td><td>kuu</td></tr><tr class=la><td>CL7.food</td><td>2PL-PRS-get-IND</td><td>at</td><td>CL5.shop</td><td>big</td></tr></table><div class=klassen>chakula class 7/8 (ki- › vi-) → vyakula · duka class 5/6 (ji-/Ø › ma-) → maduka</div><div class=konkordanz>class 7: SUBJ ki- · ADJ ki- · GEN cha · DEM hiki/kile · POSS ch- · REL -cho · class 5: SUBJ li- · ADJ ji-/Ø · GEN la · DEM hili/lile · POSS l- · REL -lo</div><div class=hinweis>Supermarkt als duka kuu</div>	A1 SD1 L Lebensmittel__pl__
Are you married? - No. Single.	Mmeoa? - Hapana. Sijaoa.<hr><table class=gloss><tr class=mo><td>m-me-o-a</td><td>hapana</td><td>si-ja-o-a</td></tr><tr class=la><td>2PL-PRF-marry-IND</td><td>no</td><td>1SG.NEG-PRF.NEG-marry-IND</td></tr></table><div class=hinweis>ledig wörtlich &quot;ich habe noch nicht geheiratet&quot;</div>	A1 SD1 L ledig
Put the book on the table.	Wekeni kitabu mezani.<hr><table class=gloss><tr class=mo><td>wek-eni</td><td>ki-tabu</td><td>meza-ni</td></tr><tr class=la><td>lay-IMP.PL</td><td>CL7-book</td><td>CL9.table-LOC</td></tr></table><div class=klassen>kitabu class 7/8 (ki- › vi-) → vitabu</div><div class=konkordanz>class 7: SUBJ ki- · ADJ ki- · GEN cha · DEM hiki/kile · POSS ch- · REL -cho</div><div class=hinweis>Ortssuffix -ni ersetzt die Präposition auf</div>	A1 SD1 L legen
Our German teacher is called Mrs Müller.	Mwalimu wetu wa Kijerumani anaitwa Bibi Müller.<hr><table class=gloss><tr class=mo><td>mw-alimu</td><td>w-etu</td><td>w-a</td><td>Ki-jerumani</td><td>a-na-it-w-a</td><td>bibi</td><td>Müller</td></tr><tr class=la><td>CL1-teacher</td><td>CL1-our</td><td>CL1-GEN</td><td>CL7-German</td><td>3SG-PRS-call-PASS-IND</td><td>CL5/CL1.woman</td><td>Müller</td></tr></table><div class=klassen>mwalimu class 1/2 (m-/mw- › wa-) → walimu [model word for class 1/2] · bibi class 5/6 (ji-/Ø › ma-) → mabibi [person: form class 5/6, agreement class 1/2]</div><div class=konkordanz>class 1: SUBJ a- · ADJ m-/mw- · GEN wa · DEM huyu/yule · POSS w- · REL -ye</div><div class=hinweis>mwalimu Kl.1, Plural walimu Kl.2</div>	A1 SD1 L Lehrer
The suitcase is light.	Sanduku ni jepesi.<hr><table class=gloss><tr class=mo><td>sanduku</td><td>ni</td><td>je-pesi</td></tr><tr class=la><td>CL5.suitcase</td><td>COP</td><td>CL5-light</td></tr></table><div class=klassen>sanduku class 5/6 (ji-/Ø › ma-) → masanduku</div><div class=konkordanz>class 5: SUBJ li- · ADJ ji-/Ø · GEN la · DEM hili/lile · POSS l- · REL -lo</div><div class=hinweis>jepesi mit ji-Präfix der Kl.5</div>	A1 SD1 L leicht
German is not easy.	Kijerumani si rahisi.<hr><table class=gloss><tr class=mo><td>Ki-jerumani</td><td>si</td><td>rahisi</td></tr><tr class=la><td>CL7-German</td><td>NEG.COP</td><td>easy</td></tr></table><div class=konkordanz>class 7: SUBJ ki- · ADJ ki- · GEN cha · DEM hiki/kile · POSS ch- · REL -cho</div><div class=hinweis>rahisi heißt einfach und billig</div>	A1 SD1 L leicht
Unfortunately I cannot come. I have to go to the doctor.	Kwa bahati mbaya siwezi kuja. Lazima niende kwa daktari.<hr><table class=gloss><tr class=mo><td>kwa</td><td>bahati</td><td>m-baya</td><td>si-wez-i</td><td>ku-j-a</td><td>lazima</td><td>ni-end-e</td><td>kwa</td><td>daktari</td></tr><tr class=la><td>for</td><td>CL9.luck</td><td>CL9-bad</td><td>1SG.NEG-can-NEG</td><td>CL15-come-IND</td><td>must</td><td>1SG-go-SBJV</td><td>to</td><td>CL5/CL1.doctor</td></tr></table><div class=klassen>bahati class 9/10 (Ø/n-) → bahati — number shows only in the agreement · daktari class 5/6 (ji-/Ø › ma-) → madaktari [person: form class 5/6, agreement class 1/2]</div><div class=konkordanz>class 9: SUBJ i- · ADJ Ø/n- · GEN ya · DEM hii/ile · POSS y- · REL -yo · class 1: SUBJ a- · ADJ m-/mw- · GEN wa · DEM huyu/yule · POSS w- · REL -ye</div><div class=hinweis>kwa bahati mbaya ist die feste Wendung für leider</div>	A1 SD1 L leider
Be quiet. The others are already asleep.	Kuwa watulivu. Wengine wanalala tayari.<hr><table class=gloss><tr class=mo><td>ku-w-a</td><td>wa-tulivu</td><td>w-engine</td><td>wa-na-lal-a</td><td>tayari</td></tr><tr class=la><td>CL15-be-IND</td><td>CL2-quiet</td><td>CL2-other</td><td>CL2-PRS-sleep-IND</td><td>already</td></tr></table><div class=konkordanz>class 15: SUBJ ku- · ADJ ku- · GEN kwa · DEM huku/kule · POSS kw- · REL -ko · class 2: SUBJ wa- · ADJ wa- · GEN wa · DEM hawa/wale · POSS w- · REL -o</div><div class=hinweis>Infinitiv dient als höflicher Imperativ</div>	A1 SD1 L leise
How long have you been learning German?	Mnasoma Kijerumani kwa muda gani tayari?<hr><table class=gloss><tr class=mo><td>m-na-som-a</td><td>Ki-jerumani</td><td>kwa</td><td>muda</td><td>gani</td><td>tayari</td></tr><tr class=la><td>2PL-PRS-learn-IND</td><td>CL7-German</td><td>for</td><td>CL3.time</td><td>which</td><td>already</td></tr></table><div class=klassen>muda class 3/10 (m-/mw- › Ø/n-) → nyakati [irregular plural]</div><div class=konkordanz>class 3: SUBJ u- · ADJ m-/mw- · GEN wa · DEM huu/ule · POSS w- · REL -o</div><div class=hinweis>kusoma heißt lesen, lernen und studieren</div>	A1 SD1 L lernen
I am reading a book by García Márquez.	Nasoma kitabu cha García Márquez.<hr><table class=gloss><tr class=mo><td>na-som-a</td><td>ki-tabu</td><td>ch-a</td><td>García</td><td>Márquez</td></tr><tr class=la><td>1SG.PRS.GNRL-read-IND</td><td>CL7-book</td><td>CL7-GEN</td><td>García</td><td>Márquez</td></tr></table><div class=klassen>kitabu class 7/8 (ki- › vi-) → vitabu</div><div class=konkordanz>class 7: SUBJ ki- · ADJ ki- · GEN cha · DEM hiki/kile · POSS ch- · REL -cho</div><div class=hinweis>Genitiv cha nach kitabu Kl.7</div>	A1 SD1 L lesen
Tomorrow is the last day of the course.	Kesho ni siku ya mwisho ya kozi.<hr><table class=gloss><tr class=mo><td>kesho</td><td>ni</td><td>siku</td><td>y-a</td><td>mwisho</td><td>y-a</td><td>kozi</td></tr><tr class=la><td>tomorrow</td><td>COP</td><td>CL9.day</td><td>CL9-GEN</td><td>CL3.end</td><td>CL9-GEN</td><td>CL9.course</td></tr></table><div class=klassen>siku ya kuzaliwa class 9/10 (Ø/n-) → siku za kuzaliwa [genitive agrees with the head noun] · mwisho class 3/4 (m-/mw- › mi-) → miisho · kozi class 9/10 (Ø/n-) → kozi — number shows only in the agreement [loanword]</div><div class=konkordanz>class 9: SUBJ i- · ADJ Ø/n- · GEN ya · DEM hii/ile · POSS y- · REL -yo · class 3: SUBJ u- · ADJ m-/mw- · GEN wa · DEM huu/ule · POSS w- · REL -o</div><div class=hinweis>Zwei Genitive ya hintereinander</div>	A1 SD1 L letzt
There are a lot of people at the disco.	Diskoni kuna watu wengi.<hr><table class=gloss><tr class=mo><td>disko-ni</td><td>ku-na</td><td>watu</td><td>w-engi</td></tr><tr class=la><td>CL9.disco-LOC</td><td>CL17-with</td><td>CL2.people</td><td>CL2-many</td></tr></table><div class=klassen>mtu class 1/2 (m-/mw- › wa-) → watu [model word for class 1/2]</div><div class=konkordanz>class 1: SUBJ a- · ADJ m-/mw- · GEN wa · DEM huyu/yule · POSS w- · REL -ye</div><div class=hinweis>kuna nimmt die Ortsklasse 17</div>	A1 SD1 L Leute__pl__
Where do you turn on the light here?	Taa inawashwa wapi hapa?<hr><table class=gloss><tr class=mo><td>taa</td><td>i-na-wash-w-a</td><td>wapi</td><td>hapa</td></tr><tr class=la><td>CL9.lamp</td><td>CL9-PRS-switch.on-PASS-IND</td><td>where</td><td>here</td></tr></table><div class=konkordanz>class 9: SUBJ i- · ADJ Ø/n- · GEN ya · DEM hii/ile · POSS y- · REL -yo</div><div class=hinweis>Unpersönliches &quot;man&quot; wird durch das Passiv ersetzt</div>	A1 SD1 L Licht
Dear Susanne, dear Hans,	Susanne mpendwa, Hans mpendwa,<hr><table class=gloss><tr class=mo><td>Susanne</td><td>m-pendwa</td><td>Hans</td><td>m-pendwa</td></tr><tr class=la><td>Susanne</td><td>CL1-dear</td><td>Hans</td><td>CL1-dear</td></tr></table><div class=konkordanz>class 1: SUBJ a- · ADJ m-/mw- · GEN wa · DEM huyu/yule · POSS w- · REL -ye</div><div class=hinweis>mpendwa ist ein Passivpartizip: der Geliebte</div>	A1 SD1 L lieb
I love you!	Nakupenda!<hr><table class=gloss><tr class=mo><td>na-ku-pend-a</td></tr><tr class=la><td>1SG.PRS.GNRL-OBJ2SG-love-IND</td></tr></table><div class=hinweis>Objektpräfix -ku- für dich</div>	A1 SD1 L lieben
She prefers to travel by train.	Anapenda kusafiri kwa treni zaidi.<hr><table class=gloss><tr class=mo><td>a-na-pend-a</td><td>ku-safiri</td><td>kwa</td><td>treni</td><td>zaidi</td></tr><tr class=la><td>3SG-PRS-like-IND</td><td>CL15-travel</td><td>with</td><td>CL9.train</td><td>more</td></tr></table><div class=klassen>treni class 9/10 (Ø/n-) → treni — number shows only in the agreement [loanword]</div><div class=konkordanz>class 9: SUBJ i- · ADJ Ø/n- · GEN ya · DEM hii/ile · POSS y- · REL -yo</div><div class=hinweis>lieber = kupenda zaidi</div>	A1 SD1 L lieber
My favourite film is "Dark Eyes".	Filamu nipendayo zaidi ni "Macho Meusi".<hr><table class=gloss><tr class=mo><td>filamu</td><td>ni-pend-a-yo</td><td>zaidi</td><td>ni</td><td>macho</td><td>m-eusi</td></tr><tr class=la><td>CL9.film</td><td>1SG-like-IND-REL9</td><td>more</td><td>COP</td><td>CL6.eye</td><td>CL6-black</td></tr></table><div class=klassen>filamu class 9/10 (Ø/n-) → filamu — number shows only in the agreement [loanword] · jicho class 5/6 (ji-/Ø › ma-) → macho [zero prefix in the singular]</div><div class=konkordanz>class 9: SUBJ i- · ADJ Ø/n- · GEN ya · DEM hii/ile · POSS y- · REL -yo · class 5: SUBJ li- · ADJ ji-/Ø · GEN la · DEM hili/lile · POSS l- · REL -lo</div><div class=hinweis>Relativsuffix -yo am Verbende, Klasse 9</div>	A1 SD1 L Lieblings
Which is your favourite song?	Wimbo upi ni unaoupenda zaidi?<hr><table class=gloss><tr class=mo><td>wimbo</td><td>upi</td><td>ni</td><td>u-na-o-u-pend-a</td><td>zaidi</td></tr><tr class=la><td>CL11.song</td><td>CL11.which</td><td>COP</td><td>CL11-PRS-REL11-OBJ11-like-IND</td><td>more</td></tr></table><div class=klassen>wimbo class 11/10 (u- › Ø/n-) → nyimbo</div><div class=konkordanz>class 11: SUBJ u- · ADJ m-/mw- · GEN wa · DEM huu/ule · POSS w- · REL -o</div><div class=hinweis>Relativ -o- und Objekt -u- beide für Kl.11</div>	A1 SD1 L Lied
At nine o'clock Judith is still in bed.	Saa tatu Judith angali kitandani.<hr><table class=gloss><tr class=mo><td>saa</td><td>tatu</td><td>Judith</td><td>a-ngali</td><td>ki-tanda-ni</td></tr><tr class=la><td>CL9.hour</td><td>three</td><td>Judith</td><td>3SG-still.be</td><td>CL7-bed-LOC</td></tr></table><div class=klassen>saa class 9/10 (Ø/n-) → saa — number shows only in the agreement [also &quot;clock&quot;]</div><div class=konkordanz>class 9: SUBJ i- · ADJ Ø/n- · GEN ya · DEM hii/ile · POSS y- · REL -yo</div><div class=hinweis>saa tatu = 9 Uhr, dritte Stunde nach Sonnenaufgang</div>	A1 SD1 L liegen
Frankfurt is on the Main.	Frankfurt iko kwenye mto Main.<hr><table class=gloss><tr class=mo><td>Frankfurt</td><td>i-ko</td><td>kwenye</td><td>mto</td><td>Main</td></tr><tr class=la><td>Frankfurt</td><td>CL9-be.there</td><td>at</td><td>CL3.river</td><td>Main</td></tr></table><div class=konkordanz>class 9: SUBJ i- · ADJ Ø/n- · GEN ya · DEM hii/ile · POSS y- · REL -yo · class 3: SUBJ u- · ADJ m-/mw- · GEN wa · DEM huu/ule · POSS w- · REL -o</div><div class=hinweis>iko gibt die Lage an, ni die Identität</div>	A1 SD1 L liegen
Take the next street on the left.	Nendeni barabara inayofuata kushoto.<hr><table class=gloss><tr class=mo><td>nend-eni</td><td>barabara</td><td>i-na-yo-fuat-a</td><td>ku-shoto</td></tr><tr class=la><td>go-IMP.PL</td><td>CL9.street</td><td>CL9-PRS-REL9-follow-IND</td><td>CL17-left</td></tr></table><div class=klassen>barabara class 9/10 (Ø/n-) → barabara — number shows only in the agreement</div><div class=konkordanz>class 9: SUBJ i- · ADJ Ø/n- · GEN ya · DEM hii/ile · POSS y- · REL -yo</div><div class=hinweis>kushoto und kulia sind Ortswörter der Kl.17</div>	A1 SD1 L links
This lorry is very big.	Lori hili ni kubwa sana.<hr><table class=gloss><tr class=mo><td>lori</td><td>hili</td><td>ni</td><td>kubwa</td><td>sana</td></tr><tr class=la><td>CL5.lorry</td><td>CL5.DEM</td><td>COP</td><td>big</td><td>very</td></tr></table><div class=klassen>lori class 5/6 (ji-/Ø › ma-) → malori</div><div class=konkordanz>class 5: SUBJ li- · ADJ ji-/Ø · GEN la · DEM hili/lile · POSS l- · REL -lo</div><div class=hinweis>kubwa bleibt in Kl.5 ohne Präfix</div>	A1 SD1 L Lkw
There is a new pub in our street.	Katika barabara yetu kuna baa mpya.<hr><table class=gloss><tr class=mo><td>katika</td><td>barabara</td><td>y-etu</td><td>ku-na</td><td>baa</td><td>m-pya</td></tr><tr class=la><td>in</td><td>CL9.street</td><td>CL9-our</td><td>CL17-with</td><td>CL9.pub</td><td>CL9-new</td></tr></table><div class=klassen>barabara class 9/10 (Ø/n-) → barabara — number shows only in the agreement · baa class 9/10 (Ø/n-) → baa — number shows only in the agreement [loanword]</div><div class=konkordanz>class 9: SUBJ i- · ADJ Ø/n- · GEN ya · DEM hii/ile · POSS y- · REL -yo</div><div class=hinweis>kuna steht unabhängig von der Klasse des Nomens</div>	A1 SD1 L Lokal
The solution is quite simple.	Suluhisho ni rahisi kabisa.<hr><table class=gloss><tr class=mo><td>suluhisho</td><td>ni</td><td>rahisi</td><td>kabisa</td></tr><tr class=la><td>CL5.solution</td><td>COP</td><td>easy</td><td>quite</td></tr></table><div class=konkordanz>class 5: SUBJ li- · ADJ ji-/Ø · GEN la · DEM hili/lile · POSS l- · REL -lo</div><div class=hinweis>suluhisho Kl.5, Plural masuluhisho Kl.6</div>	A1 SD1 L Lösung
Mrs Mertens is funny. She is always laughing.	Bibi Mertens ni mchekeshaji. Anacheka kila mara.<hr><table class=gloss><tr class=mo><td>bibi</td><td>Mertens</td><td>ni</td><td>m-chekeshaji</td><td>a-na-chek-a</td><td>kila</td><td>mara</td></tr><tr class=la><td>CL5/CL1.woman</td><td>Mertens</td><td>COP</td><td>CL1-joker</td><td>3SG-PRS-laugh-IND</td><td>every</td><td>CL9.time</td></tr></table><div class=klassen>bibi class 5/6 (ji-/Ø › ma-) → mabibi [person: form class 5/6, agreement class 1/2]</div><div class=konkordanz>class 1: SUBJ a- · ADJ m-/mw- · GEN wa · DEM huyu/yule · POSS w- · REL -ye</div><div class=hinweis>Kausativ -esh- bildet aus lachen &quot;lachen machen&quot;</div>	A1 SD1 L lustig
What are you doing this evening?	Unafanya nini leo jioni?<hr><table class=gloss><tr class=mo><td>u-na-fany-a</td><td>nini</td><td>leo</td><td>jioni</td></tr><tr class=la><td>2SG-PRS-do-IND</td><td>what</td><td>today</td><td>CL9.evening</td></tr></table><div class=konkordanz>class 9: SUBJ i- · ADJ Ø/n- · GEN ya · DEM hii/ile · POSS y- · REL -yo</div><div class=hinweis>kufanya für Tätigkeiten allgemein</div>	A1 SD1 M machen
I have to make the food now.	Sasa lazima nipike chakula.<hr><table class=gloss><tr class=mo><td>sasa</td><td>lazima</td><td>ni-pik-e</td><td>chakula</td></tr><tr class=la><td>now</td><td>must</td><td>1SG-cook-SBJV</td><td>CL7.food</td></tr></table><div class=klassen>chakula class 7/8 (ki- › vi-) → vyakula</div><div class=konkordanz>class 7: SUBJ ki- · ADJ ki- · GEN cha · DEM hiki/kile · POSS ch- · REL -cho</div><div class=hinweis>Essen machen heißt kupika, nicht kufanya</div>	A1 SD1 M machen
That comes to 5 euros 95.	Hiyo ni Euro tano na senti tisini na tano.<hr><table class=gloss><tr class=mo><td>hiyo</td><td>ni</td><td>Euro</td><td>tano</td><td>na</td><td>senti</td><td>tisini</td><td>na</td><td>tano</td></tr><tr class=la><td>CL9.DEM</td><td>COP</td><td>euro</td><td>five</td><td>and</td><td>CL9.cent</td><td>ninety</td><td>and</td><td>five</td></tr></table><div class=konkordanz>class 9: SUBJ i- · ADJ Ø/n- · GEN ya · DEM hii/ile · POSS y- · REL -yo</div><div class=hinweis>fünfundneunzig = tisini na tano</div>	A1 SD1 M machen
That does not matter.	Haidhuru.<hr><table class=gloss><tr class=mo><td>hai-dhuru</td></tr><tr class=la><td>CL9.NEG-harm</td></tr></table><div class=konkordanz>class 9: SUBJ i- · ADJ Ø/n- · GEN ya · DEM hii/ile · POSS y- · REL -yo</div><div class=hinweis>wörtlich &quot;es schadet nicht&quot;</div>	A1 SD1 M machen
The Kurz family is having a baby. - Boy or girl?	Familia Kurz inapata mtoto. - Mvulana au msichana?<hr><table class=gloss><tr class=mo><td>familia</td><td>Kurz</td><td>i-na-pat-a</td><td>m-toto</td><td>m-vulana</td><td>au</td><td>m-sichana</td></tr><tr class=la><td>CL9.family</td><td>Kurz</td><td>CL9-PRS-get-IND</td><td>CL1-child</td><td>CL1-boy</td><td>or</td><td>CL1-girl</td></tr></table><div class=klassen>familia class 9/10 (Ø/n-) → familia — number shows only in the agreement [loanword] · mtoto class 1/2 (m-/mw- › wa-) → watoto · mvulana class 1/2 (m-/mw- › wa-) → wavulana · msichana class 1/2 (m-/mw- › wa-) → wasichana</div><div class=konkordanz>class 9: SUBJ i- · ADJ Ø/n- · GEN ya · DEM hii/ile · POSS y- · REL -yo · class 1: SUBJ a- · ADJ m-/mw- · GEN wa · DEM huyu/yule · POSS w- · REL -ye</div><div class=hinweis>Alle drei Personenwörter tragen das m- der Kl.1</div>	A1 SD1 M Mädchen
Smoking is not allowed here.	Hapa hairuhusiwi kuvuta sigara.<hr><table class=gloss><tr class=mo><td>hapa</td><td>hai-ruhus-iw-i</td><td>ku-vut-a</td><td>sigara</td></tr><tr class=la><td>here</td><td>CL9.NEG-allow-PASS-NEG</td><td>CL15-pull-IND</td><td>CL9.cigarette</td></tr></table><div class=klassen>sigara class 9/10 (Ø/n-) → sigara — number shows only in the agreement [loanword]</div><div class=konkordanz>class 9: SUBJ i- · ADJ Ø/n- · GEN ya · DEM hii/ile · POSS y- · REL -yo</div><div class=hinweis>Unpersönliches &quot;man&quot; wird zum Passiv der Kl.9</div>	A1 SD1 M man
My husband works for the police.	Mume wangu anafanya kazi kwenye polisi.<hr><table class=gloss><tr class=mo><td>mume</td><td>w-angu</td><td>a-na-fany-a</td><td>kazi</td><td>kwenye</td><td>polisi</td></tr><tr class=la><td>CL1.husband</td><td>CL1-my</td><td>3SG-PRS-do-IND</td><td>CL9.work</td><td>at</td><td>CL9.police</td></tr></table><div class=klassen>kazi class 9/10 (Ø/n-) → kazi — number shows only in the agreement · polisi class 9/10 (Ø/n-) → polisi — number shows only in the agreement [agreement class 1/2 for people]</div><div class=konkordanz>class 9: SUBJ i- · ADJ Ø/n- · GEN ya · DEM hii/ile · POSS y- · REL -yo</div><div class=hinweis>mume Kl.1, Plural waume Kl.2</div>	A1 SD1 M Mann
Please tick: "female" or "male".	Tafadhali tieni alama: "mwanamke" au "mwanamume".<hr><table class=gloss><tr class=mo><td>tafadhali</td><td>ti-eni</td><td>alama</td><td>mw-anamke</td><td>au</td><td>mw-anamume</td></tr><tr class=la><td>please</td><td>put-IMP.PL</td><td>CL9.mark</td><td>CL1-woman</td><td>or</td><td>CL1-man</td></tr></table><div class=klassen>alama class 9/10 (Ø/n-) → alama — number shows only in the agreement · mwanamke class 1/2 (m-/mw- › wa-) → wanawake · mwanamume class 1/2 (m-/mw- › wa-) → wanaume</div><div class=konkordanz>class 9: SUBJ i- · ADJ Ø/n- · GEN ya · DEM hii/ile · POSS y- · REL -yo · class 1: SUBJ a- · ADJ m-/mw- · GEN wa · DEM huyu/yule · POSS w- · REL -ye</div><div class=hinweis>Geschlecht als Nomen, nicht als Adjektiv</div>	A1 SD1 M männlich
The washing machine is good value.	Mashine ya kufua ni nafuu.<hr><table class=gloss><tr class=mo><td>mashine</td><td>y-a</td><td>ku-fu-a</td><td>ni</td><td>nafuu</td></tr><tr class=la><td>CL9.machine</td><td>CL9-GEN</td><td>CL15-wash-IND</td><td>COP</td><td>good.value</td></tr></table><div class=klassen>mashine class 9/10 (Ø/n-) → mashine — number shows only in the agreement</div><div class=konkordanz>class 9: SUBJ i- · ADJ Ø/n- · GEN ya · DEM hii/ile · POSS y- · REL -yo</div><div class=hinweis>Waschmaschine wörtlich &quot;Maschine des Waschens&quot;</div>	A1 SD1 M Maschine
We are holidaying at the seaside.	Tunafanya likizo baharini.<hr><table class=gloss><tr class=mo><td>tu-na-fany-a</td><td>likizo</td><td>bahari-ni</td></tr><tr class=la><td>1PL-PRS-do-IND</td><td>CL9.holiday</td><td>CL9.sea-LOC</td></tr></table><div class=klassen>likizo class 9/10 (Ø/n-) → likizo — number shows only in the agreement</div><div class=konkordanz>class 9: SUBJ i- · ADJ Ø/n- · GEN ya · DEM hii/ile · POSS y- · REL -yo</div><div class=hinweis>Ortssuffix -ni an bahari Kl.9</div>	A1 SD1 M Meer
This car costs 1,000 euros more than the other one.	Gari hili linagharimu Euro elfu moja zaidi ya lile lingine.<hr><table class=gloss><tr class=mo><td>gari</td><td>hili</td><td>li-na-gharimu</td><td>Euro</td><td>elfu</td><td>moja</td><td>zaidi</td><td>y-a</td><td>lile</td><td>li-ngine</td></tr><tr class=la><td>CL5.car</td><td>CL5.DEM</td><td>CL5-PRS-cost</td><td>euro</td><td>CL9.thousand</td><td>one</td><td>more</td><td>CL9-GEN</td><td>CL5.DEM.dist</td><td>CL5-other</td></tr></table><div class=klassen>gari class 5/6 (ji-/Ø › ma-) → magari</div><div class=konkordanz>class 5: SUBJ li- · ADJ ji-/Ø · GEN la · DEM hili/lile · POSS l- · REL -lo</div><div class=hinweis>zaidi ya bildet den Vergleich</div>	A1 SD1 M mehr
My father is a doctor.	Baba yangu ni daktari.<hr><table class=gloss><tr class=mo><td>baba</td><td>y-angu</td><td>ni</td><td>daktari</td></tr><tr class=la><td>CL9/CL1.father</td><td>CL9-my</td><td>COP</td><td>CL5/CL1.doctor</td></tr></table><div class=klassen>baba class 9/10 (Ø/n-) → baba — number shows only in the agreement [person: form class 9/10, agreement class 1/2] · daktari class 5/6 (ji-/Ø › ma-) → madaktari [person: form class 5/6, agreement class 1/2]</div><div class=konkordanz>class 1: SUBJ a- · ADJ m-/mw- · GEN wa · DEM huyu/yule · POSS w- · REL -ye</div><div class=hinweis>Zwei Wörter mit Formklasse 9 bzw. 5, Kongruenz Kl.1</div>	A1 SD1 M mein
Most north Germans are very tall.	Wajerumani wengi wa kaskazini ni warefu sana.<hr><table class=gloss><tr class=mo><td>Wa-jerumani</td><td>w-engi</td><td>w-a</td><td>kaskazini</td><td>ni</td><td>wa-refu</td><td>sana</td></tr><tr class=la><td>CL2-German</td><td>CL2-many</td><td>CL2-GEN</td><td>CL9.north</td><td>COP</td><td>CL2-big</td><td>very</td></tr></table><div class=konkordanz>class 2: SUBJ wa- · ADJ wa- · GEN wa · DEM hawa/wale · POSS w- · REL -o · class 9: SUBJ i- · ADJ Ø/n- · GEN ya · DEM hii/ile · POSS y- · REL -yo</div><div class=hinweis>Vierfache Kl.2-Kongruenz in einem Satz</div>	A1 SD1 M meist
The people here are different from where we come from.	Watu hapa ni tofauti kuliko kwetu.<hr><table class=gloss><tr class=mo><td>watu</td><td>hapa</td><td>ni</td><td>tofauti</td><td>kuliko</td><td>kwetu</td></tr><tr class=la><td>CL2.person</td><td>here</td><td>COP</td><td>different</td><td>than</td><td>at.our.place</td></tr></table><div class=klassen>mtu class 1/2 (m-/mw- › wa-) → watu [model word for class 1/2]</div><div class=konkordanz>class 1: SUBJ a- · ADJ m-/mw- · GEN wa · DEM huyu/yule · POSS w- · REL -ye</div><div class=hinweis>kuliko für den Vergleich &quot;als&quot;</div>	A1 SD1 M Mensch
I would like to hire a car.	Ningependa kupanga gari.<hr><table class=gloss><tr class=mo><td>ni-nge-pend-a</td><td>ku-pang-a</td><td>gari</td></tr><tr class=la><td>1SG-IRR-like-IND</td><td>CL15-rent-IND</td><td>CL5.car</td></tr></table><div class=klassen>gari class 5/6 (ji-/Ø › ma-) → magari</div><div class=konkordanz>class 5: SUBJ li- · ADJ ji-/Ø · GEN la · DEM hili/lile · POSS l- · REL -lo</div><div class=hinweis>kupanga heißt mieten und ordnen</div>	A1 SD1 M mieten
The rent for this flat is 600 euros.	Kodi ya nyumba hii ni Euro mia sita.<hr><table class=gloss><tr class=mo><td>kodi</td><td>y-a</td><td>nyumba</td><td>hii</td><td>ni</td><td>Euro</td><td>mia</td><td>sita</td></tr><tr class=la><td>CL9.rent</td><td>CL9-GEN</td><td>CL9.house</td><td>CL9.DEM</td><td>COP</td><td>euro</td><td>CL9.hundred</td><td>six</td></tr></table><div class=klassen>kodi class 9/10 (Ø/n-) → kodi — number shows only in the agreement · nyumba class 9/10 (Ø/n-) → nyumba — number shows only in the agreement</div><div class=konkordanz>class 9: SUBJ i- · ADJ Ø/n- · GEN ya · DEM hii/ile · POSS y- · REL -yo</div><div class=hinweis>sechshundert = mia sita</div>	A1 SD1 M Miete
The milk is in the fridge.	Maziwa yako kwenye friji.<hr><table class=gloss><tr class=mo><td>maziwa</td><td>ya-ko</td><td>kwenye</td><td>friji</td></tr><tr class=la><td>CL6.milk</td><td>CL6-be.there</td><td>at</td><td>CL9.fridge</td></tr></table><div class=klassen>maziwa class 6 (ma-), no number change [plural only] · friji class 9/10 (Ø/n-) → friji — number shows only in the agreement [loanword]</div><div class=konkordanz>class 6: SUBJ ya- · ADJ ma- · GEN ya · DEM haya/yale · POSS y- · REL -yo · class 9: SUBJ i- · ADJ Ø/n- · GEN ya · DEM hii/ile · POSS y- · REL -yo</div><div class=hinweis>maziwa Kl.6 nimmt das Subjektpräfix ya-</div>	A1 SD1 M Milch
Do you take milk in your coffee?	Mnanywa kahawa na maziwa?<hr><table class=gloss><tr class=mo><td>m-na-nyw-a</td><td>kahawa</td><td>na</td><td>maziwa</td></tr><tr class=la><td>2PL-PRS-drink-IND</td><td>CL9.coffee</td><td>with</td><td>CL6.milk</td></tr></table><div class=klassen>kahawa class 9/10 (Ø/n-) → kahawa — number shows only in the agreement · maziwa class 6 (ma-), no number change [plural only]</div><div class=konkordanz>class 9: SUBJ i- · ADJ Ø/n- · GEN ya · DEM hii/ile · POSS y- · REL -yo · class 6: SUBJ ya- · ADJ ma- · GEN ya · DEM haya/yale · POSS y- · REL -yo</div><div class=hinweis>na dient als &quot;mit&quot; und als &quot;und&quot;</div>	A1 SD1 M mit
I am going shopping. Shall I bring you something?	Naenda kununua vitu. Nikuletee kitu?<hr><table class=gloss><tr class=mo><td>na-end-a</td><td>ku-nunu-a</td><td>vi-tu</td><td>ni-ku-let-e-e</td><td>ki-tu</td></tr><tr class=la><td>1SG.PRS.GNRL-go-IND</td><td>CL15-buy-IND</td><td>CL8-thing</td><td>1SG-OBJ2SG-bring-APPL-SBJV</td><td>CL7-thing</td></tr></table><div class=konkordanz>class 15: SUBJ ku- · ADJ ku- · GEN kwa · DEM huku/kule · POSS kw- · REL -ko · class 8: SUBJ vi- · ADJ vi- · GEN vya · DEM hivi/vile · POSS vy- · REL -vyo</div><div class=hinweis>Applikativ plus Konjunktiv für ein Angebot</div>	A1 SD1 M mitbringen
I am going to the cinema. Are you coming along?	Naenda sinemani. Unakuja pamoja?<hr><table class=gloss><tr class=mo><td>na-end-a</td><td>sinema-ni</td><td>u-na-kuj-a</td><td>pamoja</td></tr><tr class=la><td>1SG.PRS.GNRL-go-IND</td><td>CL9.cinema-LOC</td><td>2SG-PRS-come-IND</td><td>together</td></tr></table><div class=konkordanz>class 9: SUBJ i- · ADJ Ø/n- · GEN ya · DEM hii/ile · POSS y- · REL -yo</div><div class=hinweis>mitkommen = kuja pamoja</div>	A1 SD1 M mitkommen
Why are you not joining in?	Kwa nini hamshiriki?<hr><table class=gloss><tr class=mo><td>kwa</td><td>nini</td><td>ham-shiriki</td></tr><tr class=la><td>for</td><td>what</td><td>2PL.NEG-take.part</td></tr></table><div class=hinweis>kushiriki ist arabisches Lehnverb auf -i</div>	A1 SD1 M mitmachen
Shall we take my sister along to the cinema?	Tumchukue dada yangu pamoja sinemani?<hr><table class=gloss><tr class=mo><td>tu-m-chuku-e</td><td>dada</td><td>y-angu</td><td>pamoja</td><td>sinema-ni</td></tr><tr class=la><td>1PL-OBJ1-take-SBJV</td><td>CL9/CL1.sister</td><td>CL9-my</td><td>together</td><td>CL9.cinema-LOC</td></tr></table><div class=klassen>dada class 9/10 (Ø/n-) → dada — number shows only in the agreement [person: form class 9/10, agreement class 1/2]</div><div class=konkordanz>class 1: SUBJ a- · ADJ m-/mw- · GEN wa · DEM huyu/yule · POSS w- · REL -ye</div><div class=hinweis>Objektpräfix -m- Kl.1, Possessiv yangu Kl.9</div>	A1 SD1 M mitnehmen
The teacher stands in the middle of the classroom.	Mwalimu anasimama katikati ya darasa.<hr><table class=gloss><tr class=mo><td>mw-alimu</td><td>a-na-simam-a</td><td>katikati</td><td>y-a</td><td>darasa</td></tr><tr class=la><td>CL1-teacher</td><td>3SG-PRS-stand-IND</td><td>middle</td><td>CL9-GEN</td><td>CL5.classroom</td></tr></table><div class=klassen>mwalimu class 1/2 (m-/mw- › wa-) → walimu [model word for class 1/2] · darasa class 5/6 (ji-/Ø › ma-) → madarasa</div><div class=konkordanz>class 1: SUBJ a- · ADJ m-/mw- · GEN wa · DEM huyu/yule · POSS w- · REL -ye · class 5: SUBJ li- · ADJ ji-/Ø · GEN la · DEM hili/lile · POSS l- · REL -lo</div><div class=hinweis>katikati ya verlangt den Genitiv</div>	A1 SD1 M Mitte
Is the furniture new?	Samani ni mpya?<hr><table class=gloss><tr class=mo><td>samani</td><td>ni</td><td>m-pya</td></tr><tr class=la><td>CL10.furniture</td><td>COP</td><td>CL10-new</td></tr></table><div class=klassen>samani class 9/10 (Ø/n-) → samani — number shows only in the agreement [German has plural only]</div><div class=konkordanz>class 9: SUBJ i- · ADJ Ø/n- · GEN ya · DEM hii/ile · POSS y- · REL -yo</div><div class=hinweis>samani ist Kl.9 und Kl.10 gleich</div>	A1 SD1 M Möbel__pl__
What would you like to drink?	Mnataka kunywa nini?<hr><table class=gloss><tr class=mo><td>m-na-tak-a</td><td>ku-nyw-a</td><td>nini</td></tr><tr class=la><td>2PL-PRS-want-IND</td><td>CL15-drink-IND</td><td>what</td></tr></table><div class=konkordanz>class 15: SUBJ ku- · ADJ ku- · GEN kwa · DEM huku/kule · POSS kw- · REL -ko</div><div class=hinweis>kutaka deckt wollen und möchten ab</div>	A1 SD1 M möchten
Do you like coffee or tea?	Unapenda kahawa au chai?<hr><table class=gloss><tr class=mo><td>u-na-pend-a</td><td>kahawa</td><td>au</td><td>chai</td></tr><tr class=la><td>2SG-PRS-like-IND</td><td>CL9.coffee</td><td>or</td><td>CL9.tea</td></tr></table><div class=klassen>kahawa class 9/10 (Ø/n-) → kahawa — number shows only in the agreement · chai class 9/10 (Ø/n-) → chai — number shows only in the agreement</div><div class=konkordanz>class 9: SUBJ i- · ADJ Ø/n- · GEN ya · DEM hii/ile · POSS y- · REL -yo</div><div class=hinweis>kupenda für mögen und lieben</div>	A1 SD1 M mögen
With this ticket the journey is possible from 9.00.	Kwa tiketi hii safari inawezekana kuanzia saa tatu.<hr><table class=gloss><tr class=mo><td>kwa</td><td>tiketi</td><td>hii</td><td>safari</td><td>i-na-wezekan-a</td><td>ku-anz-i-a</td><td>saa</td><td>tatu</td></tr><tr class=la><td>with</td><td>CL9.ticket</td><td>CL9.DEM</td><td>CL9.journey</td><td>CL9-PRS-be.possible-IND</td><td>CL15-begin-APPL-IND</td><td>CL9.hour</td><td>three</td></tr></table><div class=klassen>tiketi class 9/10 (Ø/n-) → tiketi — number shows only in the agreement [loanword] · safari class 9/10 (Ø/n-) → safari — number shows only in the agreement · saa class 9/10 (Ø/n-) → saa — number shows only in the agreement [also &quot;clock&quot;]</div><div class=konkordanz>class 9: SUBJ i- · ADJ Ø/n- · GEN ya · DEM hii/ile · POSS y- · REL -yo</div><div class=hinweis>saa tatu = 9 Uhr, dritte Stunde nach Sonnenaufgang</div>	A1 SD1 M möglich
Just a moment, please!	Dakika moja tafadhali!<hr><table class=gloss><tr class=mo><td>dakika</td><td>moja</td><td>tafadhali</td></tr><tr class=la><td>CL9.minute</td><td>one</td><td>please</td></tr></table><div class=konkordanz>class 9: SUBJ i- · ADJ Ø/n- · GEN ya · DEM hii/ile · POSS y- · REL -yo</div><div class=hinweis>Moment wird als &quot;eine Minute&quot; ausgedrückt</div>	A1 SD1 M Moment
One moment, please.	Dakika moja tafadhali.<hr><table class=gloss><tr class=mo><td>dakika</td><td>moja</td><td>tafadhali</td></tr><tr class=la><td>CL9.minute</td><td>one</td><td>please</td></tr></table><div class=konkordanz>class 9: SUBJ i- · ADJ Ø/n- · GEN ya · DEM hii/ile · POSS y- · REL -yo</div><div class=hinweis>dakika ist Kl.9 und Kl.10 gleich</div>	A1 SD1 M Moment
Tomorrow school starts at 10.00.	Kesho shule inaanza saa nne.<hr><table class=gloss><tr class=mo><td>kesho</td><td>shule</td><td>i-na-anz-a</td><td>saa</td><td>nne</td></tr><tr class=la><td>tomorrow</td><td>CL9.school</td><td>CL9-PRS-begin-IND</td><td>CL9.hour</td><td>four</td></tr></table><div class=klassen>shule class 9/10 (Ø/n-) → shule — number shows only in the agreement · saa class 9/10 (Ø/n-) → saa — number shows only in the agreement [also &quot;clock&quot;]</div><div class=konkordanz>class 9: SUBJ i- · ADJ Ø/n- · GEN ya · DEM hii/ile · POSS y- · REL -yo</div><div class=hinweis>saa nne = 10 Uhr, vierte Stunde nach Sonnenaufgang</div>	A1 SD1 M morgen
I am tired. I am going to bed.	Nina uchovu. Naenda kulala.<hr><table class=gloss><tr class=mo><td>ni-na</td><td>uchovu</td><td>na-end-a</td><td>ku-lal-a</td></tr><tr class=la><td>1SG-have</td><td>CL14.tiredness</td><td>1SG.PRS.GNRL-go-IND</td><td>CL15-sleep-IND</td></tr></table><div class=konkordanz>class 14: SUBJ u- · ADJ m-/mw- · GEN wa · DEM huu/ule · POSS w- · REL -o · class 15: SUBJ ku- · ADJ ku- · GEN kwa · DEM huku/kule · POSS kw- · REL -ko</div><div class=hinweis>Müdigkeit haben statt müde sein</div>	A1 SD1 M müde
Open your mouth.	Fungueni mdomo.<hr><table class=gloss><tr class=mo><td>fungu-eni</td><td>m-domo</td></tr><tr class=la><td>open-IMP.PL</td><td>CL3-mouth</td></tr></table><div class=klassen>mdomo class 3/4 (m-/mw- › mi-) → midomo</div><div class=konkordanz>class 3: SUBJ u- · ADJ m-/mw- · GEN wa · DEM huu/ule · POSS w- · REL -o</div><div class=hinweis>mdomo Kl.3, Plural midomo Kl.4</div>	A1 SD1 M Mund
I have to work every day from 8.00 to 18.00.	Lazima nifanye kazi kila siku kuanzia saa mbili hadi saa kumi na mbili.<hr><table class=gloss><tr class=mo><td>lazima</td><td>ni-fany-e</td><td>kazi</td><td>kila</td><td>siku</td><td>ku-anz-i-a</td><td>saa</td><td>mbili</td><td>hadi</td><td>saa</td><td>kumi</td><td>na</td><td>mbili</td></tr><tr class=la><td>must</td><td>1SG-do-SBJV</td><td>CL9.work</td><td>every</td><td>CL9.day</td><td>CL15-begin-APPL-IND</td><td>CL9.hour</td><td>two</td><td>until</td><td>CL9.hour</td><td>ten</td><td>and</td><td>two</td></tr></table><div class=klassen>kazi class 9/10 (Ø/n-) → kazi — number shows only in the agreement · siku ya kuzaliwa class 9/10 (Ø/n-) → siku za kuzaliwa [genitive agrees with the head noun] · saa class 9/10 (Ø/n-) → saa — number shows only in the agreement [also &quot;clock&quot;]</div><div class=konkordanz>class 9: SUBJ i- · ADJ Ø/n- · GEN ya · DEM hii/ile · POSS y- · REL -yo</div><div class=hinweis>saa mbili = 8 Uhr, saa kumi na mbili = 18 Uhr</div>	A1 SD1 M müssen
Mrs Berghäuser is Michaela's mother.	Bibi Berghäuser ni mama wa Michaela.<hr><table class=gloss><tr class=mo><td>bibi</td><td>Berghäuser</td><td>ni</td><td>mama</td><td>w-a</td><td>Michaela</td></tr><tr class=la><td>CL5/CL1.woman</td><td>Berghäuser</td><td>COP</td><td>CL9/CL1.mother</td><td>CL1-GEN</td><td>Michaela</td></tr></table><div class=klassen>bibi class 5/6 (ji-/Ø › ma-) → mabibi [person: form class 5/6, agreement class 1/2] · mama class 9/10 (Ø/n-) → mama — number shows only in the agreement [person: form class 9/10, agreement class 1/2]</div><div class=konkordanz>class 1: SUBJ a- · ADJ m-/mw- · GEN wa · DEM huyu/yule · POSS w- · REL -ye</div><div class=hinweis>mama nimmt den Genitiv wa der Kl.1</div>	A1 SD1 M Mutter
I am going home now.	Sasa naenda nyumbani.<hr><table class=gloss><tr class=mo><td>sasa</td><td>na-end-a</td><td>nyumbani</td></tr><tr class=la><td>now</td><td>1SG.PRS.GNRL-go-IND</td><td>CL9.house.LOC</td></tr></table><div class=konkordanz>class 9: SUBJ i- · ADJ Ø/n- · GEN ya · DEM hii/ile · POSS y- · REL -yo</div><div class=hinweis>nyumbani braucht keine Präposition</div>	A1 SD1 N nach
I am flying to Munich.	Nasafiri kwa ndege kwenda München.<hr><table class=gloss><tr class=mo><td>na-safiri</td><td>kwa</td><td>ndege</td><td>kw-end-a</td><td>München</td></tr><tr class=la><td>1SG.PRS.GNRL-travel</td><td>with</td><td>CL9.plane</td><td>CL15-go-IND</td><td>Munich</td></tr></table><div class=klassen>ndege class 9/10 (Ø/n-) → ndege — number shows only in the agreement [also &quot;bird&quot;]</div><div class=konkordanz>class 9: SUBJ i- · ADJ Ø/n- · GEN ya · DEM hii/ile · POSS y- · REL -yo</div><div class=hinweis>Richtung durch den Infinitiv kwenda</div>	A1 SD1 N nach
It is already 5 past 12.	Ni saa sita na dakika tano tayari.<hr><table class=gloss><tr class=mo><td>ni</td><td>saa</td><td>sita</td><td>na</td><td>dakika</td><td>tano</td><td>tayari</td></tr><tr class=la><td>COP</td><td>CL9.hour</td><td>six</td><td>and</td><td>CL9.minute</td><td>five</td><td>already</td></tr></table><div class=klassen>saa class 9/10 (Ø/n-) → saa — number shows only in the agreement [also &quot;clock&quot;]</div><div class=konkordanz>class 9: SUBJ i- · ADJ Ø/n- · GEN ya · DEM hii/ile · POSS y- · REL -yo</div><div class=hinweis>saa sita = 12 Uhr, nicht 6 Uhr</div>	A1 SD1 N nach
Shall we see each other next week?	Tutaonana wiki ijayo?<hr><table class=gloss><tr class=mo><td>tu-ta-on-an-a</td><td>wiki</td><td>i-ja-yo</td></tr><tr class=la><td>1PL-FUT-see-RECP-IND</td><td>CL9.week</td><td>CL9-come-REL9</td></tr></table><div class=konkordanz>class 9: SUBJ i- · ADJ Ø/n- · GEN ya · DEM hii/ile · POSS y- · REL -yo</div><div class=hinweis>Reziprok -an-: einander sehen</div>	A1 SD1 N nächst
My name is Thomas Schmidt.	Jina langu ni Thomas Schmidt.<hr><table class=gloss><tr class=mo><td>jina</td><td>l-angu</td><td>ni</td><td>Thomas</td><td>Schmidt</td></tr><tr class=la><td>CL5.name</td><td>CL5-my</td><td>COP</td><td>Thomas</td><td>Schmidt</td></tr></table><div class=klassen>jina class 5/6 (ji-/Ø › ma-) → majina</div><div class=konkordanz>class 5: SUBJ li- · ADJ ji-/Ø · GEN la · DEM hili/lile · POSS l- · REL -lo</div><div class=hinweis>jina Kl.5 nimmt langu</div>	A1 SD1 N Name
My first name is Thomas; Schmidt is the surname.	Jina langu la kwanza ni Thomas; Schmidt ni jina la familia.<hr><table class=gloss><tr class=mo><td>jina</td><td>l-angu</td><td>l-a</td><td>kwanza</td><td>ni</td><td>Thomas</td><td>Schmidt</td><td>ni</td><td>jina</td><td>l-a</td><td>familia</td></tr><tr class=la><td>CL5.name</td><td>CL5-my</td><td>CL5-GEN</td><td>first</td><td>COP</td><td>Thomas</td><td>Schmidt</td><td>COP</td><td>CL5.name</td><td>CL5-GEN</td><td>CL9.family</td></tr></table><div class=klassen>jina class 5/6 (ji-/Ø › ma-) → majina · familia class 9/10 (Ø/n-) → familia — number shows only in the agreement [loanword]</div><div class=konkordanz>class 5: SUBJ li- · ADJ ji-/Ø · GEN la · DEM hili/lile · POSS l- · REL -lo · class 9: SUBJ i- · ADJ Ø/n- · GEN ya · DEM hii/ile · POSS y- · REL -yo</div><div class=hinweis>Dreimal die Kl.5-Konkordanz l-</div>	A1 SD1 N Name
Today there is chicken. I will have that.	Leo kuna kuku. Hiyo nachukua.<hr><table class=gloss><tr class=mo><td>leo</td><td>ku-na</td><td>kuku</td><td>hiyo</td><td>na-chuku-a</td></tr><tr class=la><td>today</td><td>CL17-with</td><td>CL9.chicken</td><td>CL9.DEM</td><td>1SG.PRS.GNRL-take-IND</td></tr></table><div class=klassen>kuku class 9/10 (Ø/n-) → kuku — number shows only in the agreement</div><div class=konkordanz>class 9: SUBJ i- · ADJ Ø/n- · GEN ya · DEM hii/ile · POSS y- · REL -yo</div><div class=hinweis>Vorangestelltes Objekt betont die Wahl</div>	A1 SD1 N nehmen
I will take the bus.	Nachukua basi.<hr><table class=gloss><tr class=mo><td>na-chuku-a</td><td>basi</td></tr><tr class=la><td>1SG.PRS.GNRL-take-IND</td><td>CL5.bus</td></tr></table><div class=klassen>basi class 5/6 (ji-/Ø › ma-) → mabasi</div><div class=konkordanz>class 5: SUBJ li- · ADJ ji-/Ø · GEN la · DEM hili/lile · POSS l- · REL -lo</div><div class=hinweis>basi Kl.5, Plural mabasi Kl.6</div>	A1 SD1 N nehmen
Are you going to Munich too? - No, I have no time.	Unasafiri München pia? - Hapana, sina wakati.<hr><table class=gloss><tr class=mo><td>u-na-safiri</td><td>München</td><td>pia</td><td>hapana</td><td>si-na</td><td>wakati</td></tr><tr class=la><td>2SG-PRS-travel</td><td>Munich</td><td>also</td><td>no</td><td>1SG.NEG-have</td><td>CL11.time</td></tr></table><div class=klassen>wakati class 11/10 (u- › Ø/n-) → nyakati</div><div class=konkordanz>class 11: SUBJ u- · ADJ m-/mw- · GEN wa · DEM huu/ule · POSS w- · REL -o</div><div class=hinweis>sina ist die 1SG-Negation von nina</div>	A1 SD1 N nein
I am the new colleague.	Mimi ni mwenzi mpya.<hr><table class=gloss><tr class=mo><td>mimi</td><td>ni</td><td>mw-enzi</td><td>m-pya</td></tr><tr class=la><td>I</td><td>COP</td><td>CL1-colleague</td><td>CL1-new</td></tr></table><div class=klassen>mwenzi class 1/2 (m-/mw- › wa-) → wenzi</div><div class=konkordanz>class 1: SUBJ a- · ADJ m-/mw- · GEN wa · DEM huyu/yule · POSS w- · REL -ye</div><div class=hinweis>mpya kongruiert mit mwenzi Kl.1</div>	A1 SD1 N neu
We have a new flat.	Tuna nyumba mpya.<hr><table class=gloss><tr class=mo><td>tu-na</td><td>nyumba</td><td>m-pya</td></tr><tr class=la><td>1PL-have</td><td>CL9.house</td><td>CL9-new</td></tr></table><div class=klassen>nyumba class 9/10 (Ø/n-) → nyumba — number shows only in the agreement</div><div class=konkordanz>class 9: SUBJ i- · ADJ Ø/n- · GEN ya · DEM hii/ile · POSS y- · REL -yo</div><div class=hinweis>mpya bleibt in Kl.9 gleich geschrieben</div>	A1 SD1 N neu
That is not right.	Hiyo si sahihi.<hr><table class=gloss><tr class=mo><td>hiyo</td><td>si</td><td>sahihi</td></tr><tr class=la><td>CL9.DEM</td><td>NEG.COP</td><td>correct</td></tr></table><div class=klassen>sahihi class 9/10 (Ø/n-) → sahihi — number shows only in the agreement</div><div class=konkordanz>class 9: SUBJ i- · ADJ Ø/n- · GEN ya · DEM hii/ile · POSS y- · REL -yo</div><div class=hinweis>si verneint die Kopula ni</div>	A1 SD1 N nicht
That is nice, is not it?	Hiyo ni nzuri, sivyo?<hr><table class=gloss><tr class=mo><td>hiyo</td><td>ni</td><td>n-zuri</td><td>si-vyo</td></tr><tr class=la><td>CL9.DEM</td><td>COP</td><td>CL9-good</td><td>NEG-CL8</td></tr></table><div class=konkordanz>class 9: SUBJ i- · ADJ Ø/n- · GEN ya · DEM hii/ile · POSS y- · REL -yo · class 8: SUBJ vi- · ADJ vi- · GEN vya · DEM hivi/vile · POSS vy- · REL -vyo</div><div class=hinweis>sivyo ist die feste Rückfrage &quot;nicht wahr&quot;</div>	A1 SD1 N nicht
That does not matter.	Haidhuru.<hr><table class=gloss><tr class=mo><td>hai-dhuru</td></tr><tr class=la><td>CL9.NEG-harm</td></tr></table><div class=konkordanz>class 9: SUBJ i- · ADJ Ø/n- · GEN ya · DEM hii/ile · POSS y- · REL -yo</div><div class=hinweis>haidhuru verneint das Schaden</div>	A1 SD1 N nichts
I am not buying anything here. I do not like the shop.	Hapa sinunui kitu. Duka halinipendezi.<hr><table class=gloss><tr class=mo><td>hapa</td><td>si-nunu-i</td><td>ki-tu</td><td>duka</td><td>hali-ni-pendez-i</td></tr><tr class=la><td>here</td><td>1SG.NEG-buy-NEG</td><td>CL7-thing</td><td>CL5.shop</td><td>CL5.NEG-OBJ1SG-please-NEG</td></tr></table><div class=klassen>duka class 5/6 (ji-/Ø › ma-) → maduka</div><div class=konkordanz>class 5: SUBJ li- · ADJ ji-/Ø · GEN la · DEM hili/lile · POSS l- · REL -lo</div><div class=hinweis>Zwei Negationen mit unterschiedlichen Präfixen</div>	A1 SD1 N nichts
He is never on time.	Hafiki kwa wakati kamwe.<hr><table class=gloss><tr class=mo><td>ha-fik-i</td><td>kwa</td><td>wakati</td><td>kamwe</td></tr><tr class=la><td>3SG.NEG-arrive-NEG</td><td>to</td><td>CL11.time</td><td>never</td></tr></table><div class=klassen>wakati class 11/10 (u- › Ø/n-) → nyakati</div><div class=konkordanz>class 11: SUBJ u- · ADJ m-/mw- · GEN wa · DEM huu/ule · POSS w- · REL -o</div><div class=hinweis>kamwe verstärkt die Negation zu &quot;nie&quot;</div>	A1 SD1 N nie
Perhaps he is still coming.	Labda bado anakuja.<hr><table class=gloss><tr class=mo><td>labda</td><td>bado</td><td>a-na-kuj-a</td></tr><tr class=la><td>perhaps</td><td>still</td><td>3SG-PRS-come-IND</td></tr></table><div class=hinweis>bado heißt noch und noch nicht</div>	A1 SD1 N noch
We will wait another five minutes.	Tunasubiri dakika tano bado.<hr><table class=gloss><tr class=mo><td>tu-na-subiri</td><td>dakika</td><td>tano</td><td>bado</td></tr><tr class=la><td>1PL-PRS-wait</td><td>CL9.minute</td><td>five</td><td>still</td></tr></table><div class=konkordanz>class 9: SUBJ i- · ADJ Ø/n- · GEN ya · DEM hii/ile · POSS y- · REL -yo</div><div class=hinweis>kusubiri ist arabisches Lehnverb auf -i</div>	A1 SD1 N noch
I still have 20 euros.	Nina Euro ishirini bado.<hr><table class=gloss><tr class=mo><td>ni-na</td><td>Euro</td><td>ishirini</td><td>bado</td></tr><tr class=la><td>1SG-have</td><td>euro</td><td>twenty</td><td>still</td></tr></table><div class=hinweis>bado steht meist am Satzende</div>	A1 SD1 N noch
75 kg. His weight is normal.	Kilo sabini na tano. Uzito wake ni wa kawaida.<hr><table class=gloss><tr class=mo><td>kilo</td><td>sabini</td><td>na</td><td>tano</td><td>uzito</td><td>w-ake</td><td>ni</td><td>w-a</td><td>kawaida</td></tr><tr class=la><td>CL9.kilo</td><td>seventy</td><td>and</td><td>five</td><td>CL14.weight</td><td>CL14-be</td><td>COP</td><td>CL14-GEN</td><td>CL9.habit</td></tr></table><div class=klassen>uzito class 14 (u-), no number change [abstract noun] · mke class 1/2 (m-/mw- › wa-) → wake [husband = &quot;mume&quot; class 1/2]</div><div class=konkordanz>class 14: SUBJ u- · ADJ m-/mw- · GEN wa · DEM huu/ule · POSS w- · REL -o · class 1: SUBJ a- · ADJ m-/mw- · GEN wa · DEM huyu/yule · POSS w- · REL -ye</div><div class=hinweis>normal = wa kawaida, &quot;des Gewöhnlichen&quot;</div>	A1 SD1 N normal
You have room number twelve.	Mnayo chumba namba kumi na mbili.<hr><table class=gloss><tr class=mo><td>m-na-yo</td><td>ki-umba</td><td>namba</td><td>kumi</td><td>na</td><td>mbili</td></tr><tr class=la><td>2PL-have-REL9</td><td>CL7-room</td><td>CL9.number</td><td>ten</td><td>and</td><td>two</td></tr></table><div class=klassen>chumba class 7/8 (ki- › vi-) → vyumba · namba class 9/10 (Ø/n-) → namba — number shows only in the agreement [loanword]</div><div class=konkordanz>class 7: SUBJ ki- · ADJ ki- · GEN cha · DEM hiki/kile · POSS ch- · REL -cho · class 9: SUBJ i- · ADJ Ø/n- · GEN ya · DEM hii/ile · POSS y- · REL -yo</div><div class=hinweis>zwölf = kumi na mbili</div>	A1 SD1 N Nummer
What is your house number?	Mnayo namba ipi ya nyumba?<hr><table class=gloss><tr class=mo><td>m-na-yo</td><td>namba</td><td>ipi</td><td>y-a</td><td>nyumba</td></tr><tr class=la><td>2PL-have-REL9</td><td>CL9.number</td><td>CL9.which</td><td>CL9-GEN</td><td>CL9.house</td></tr></table><div class=klassen>namba class 9/10 (Ø/n-) → namba — number shows only in the agreement [loanword] · nyumba class 9/10 (Ø/n-) → nyumba — number shows only in the agreement</div><div class=konkordanz>class 9: SUBJ i- · ADJ Ø/n- · GEN ya · DEM hii/ile · POSS y- · REL -yo</div><div class=hinweis>ipi kongruiert mit namba Kl.9</div>	A1 SD1 N Nummer
Can you give me your number?	Mnaweza kunipa namba yenu?<hr><table class=gloss><tr class=mo><td>m-na-wez-a</td><td>ku-ni-p-a</td><td>namba</td><td>y-enu</td></tr><tr class=la><td>2PL-PRS-can-IND</td><td>CL15-OBJ1SG-give-IND</td><td>CL9.number</td><td>CL9-your</td></tr></table><div class=klassen>namba class 9/10 (Ø/n-) → namba — number shows only in the agreement [loanword]</div><div class=konkordanz>class 9: SUBJ i- · ADJ Ø/n- · GEN ya · DEM hii/ile · POSS y- · REL -yo</div><div class=hinweis>yenu ist der Possessiv für höfliches Sie</div>	A1 SD1 N Nummer
I would just like a glass of water.	Nataka glasi moja ya maji tu.<hr><table class=gloss><tr class=mo><td>na-tak-a</td><td>glasi</td><td>moja</td><td>y-a</td><td>maji</td><td>tu</td></tr><tr class=la><td>1SG.PRS.GNRL-want-IND</td><td>CL9.glass</td><td>one</td><td>CL9-GEN</td><td>CL6.water</td><td>only</td></tr></table><div class=klassen>glasi class 9/10 (Ø/n-) → glasi — number shows only in the agreement [loanword] · maji class 6 (ma-), no number change [plural only]</div><div class=konkordanz>class 9: SUBJ i- · ADJ Ø/n- · GEN ya · DEM hii/ile · POSS y- · REL -yo · class 6: SUBJ ya- · ADJ ma- · GEN ya · DEM haya/yale · POSS y- · REL -yo</div><div class=hinweis>tu am Satzende heißt &quot;nur&quot;</div>	A1 SD1 N nur
I live upstairs.	Nakaa juu.<hr><table class=gloss><tr class=mo><td>na-ka-a</td><td>juu</td></tr><tr class=la><td>1SG.PRS.GNRL-live-IND</td><td>above</td></tr></table><div class=hinweis>juu und chini sind unveränderlich</div>	A1 SD1 O oben
In summer fruit is cheap.	Kiangazi matunda ni rahisi.<hr><table class=gloss><tr class=mo><td>ki-angazi</td><td>ma-tunda</td><td>ni</td><td>rahisi</td></tr><tr class=la><td>CL7-summer</td><td>CL6-fruit</td><td>COP</td><td>cheap</td></tr></table><div class=klassen>tunda class 5/6 (ji-/Ø › ma-) → matunda [usually plural]</div><div class=konkordanz>class 5: SUBJ li- · ADJ ji-/Ø · GEN la · DEM hili/lile · POSS l- · REL -lo</div><div class=hinweis>rahisi heißt billig und einfach</div>	A1 SD1 O Obst
When can you come - today or tomorrow?	Mnaweza kuja lini - leo au kesho?<hr><table class=gloss><tr class=mo><td>m-na-wez-a</td><td>ku-j-a</td><td>lini</td><td>leo</td><td>au</td><td>kesho</td></tr><tr class=la><td>2PL-PRS-can-IND</td><td>CL15-come-IND</td><td>when</td><td>today</td><td>or</td><td>tomorrow</td></tr></table><div class=konkordanz>class 15: SUBJ ku- · ADJ ku- · GEN kwa · DEM huku/kule · POSS kw- · REL -ko</div><div class=hinweis>au verbindet Alternativen</div>	A1 SD1 O oder
I am opening the door.	Nafungua mlango.<hr><table class=gloss><tr class=mo><td>na-fungu-a</td><td>m-lango</td></tr><tr class=la><td>1SG.PRS.GNRL-open-IND</td><td>CL3-door</td></tr></table><div class=konkordanz>class 3: SUBJ u- · ADJ m-/mw- · GEN wa · DEM huu/ule · POSS w- · REL -o</div><div class=hinweis>mlango Kl.3, Plural milango Kl.4</div>	A1 SD1 O öffnen
The shop is open until 16.00 on Saturdays.	Duka limefunguliwa Jumamosi hadi saa kumi.<hr><table class=gloss><tr class=mo><td>duka</td><td>li-me-fungu-liw-a</td><td>Jumamosi</td><td>hadi</td><td>saa</td><td>kumi</td></tr><tr class=la><td>CL5.shop</td><td>CL5-PRF-open-PASS-IND</td><td>CL9.Saturday</td><td>until</td><td>CL9.hour</td><td>ten</td></tr></table><div class=klassen>duka class 5/6 (ji-/Ø › ma-) → maduka · saa class 9/10 (Ø/n-) → saa — number shows only in the agreement [also &quot;clock&quot;]</div><div class=konkordanz>class 5: SUBJ li- · ADJ ji-/Ø · GEN la · DEM hili/lile · POSS l- · REL -lo · class 9: SUBJ i- · ADJ Ø/n- · GEN ya · DEM hii/ile · POSS y- · REL -yo</div><div class=hinweis>Jumamosi heißt wörtlich &quot;erster Tag&quot;</div>	A1 SD1 O geöffnet
I often meet Petra.	Petra namkuta mara nyingi.<hr><table class=gloss><tr class=mo><td>Petra</td><td>na-m-kut-a</td><td>mara</td><td>ny-ingi</td></tr><tr class=la><td>Petra</td><td>1SG.PRS.GNRL-OBJ1-meet-IND</td><td>CL9.time</td><td>CL10-many</td></tr></table><div class=konkordanz>class 9: SUBJ i- · ADJ Ø/n- · GEN ya · DEM hii/ile · POSS y- · REL -yo · class 10: SUBJ zi- · ADJ Ø/n- · GEN za · DEM hizi/zile · POSS z- · REL -zo</div><div class=hinweis>Objektpräfix -m- auch bei vorangestelltem Namen</div>	A1 SD1 O oft
Without money he cannot buy anything.	Bila pesa hawezi kununua kitu.<hr><table class=gloss><tr class=mo><td>bila</td><td>pesa</td><td>ha-wez-i</td><td>ku-nunu-a</td><td>ki-tu</td></tr><tr class=la><td>without</td><td>CL10.money</td><td>3SG.NEG-can-NEG</td><td>CL15-buy-IND</td><td>CL7-thing</td></tr></table><div class=klassen>pesa class 9/10 (Ø/n-) → pesa — number shows only in the agreement</div><div class=konkordanz>class 9: SUBJ i- · ADJ Ø/n- · GEN ya · DEM hii/ile · POSS y- · REL -yo</div><div class=hinweis>bila verlangt kein Konkordanzelement</div>	A1 SD1 O ohne
We will make the salad without oil.	Saladi tunaifanya bila mafuta.<hr><table class=gloss><tr class=mo><td>saladi</td><td>tu-na-i-fany-a</td><td>bila</td><td>ma-futa</td></tr><tr class=la><td>CL9.salad</td><td>1PL-PRS-OBJ9-do-IND</td><td>without</td><td>CL6-oil</td></tr></table><div class=klassen>saladi class 9/10 (Ø/n-) → saladi — number shows only in the agreement [loanword] · mafuta class 6 (ma-), no number change [plural only]</div><div class=konkordanz>class 9: SUBJ i- · ADJ Ø/n- · GEN ya · DEM hii/ile · POSS y- · REL -yo · class 6: SUBJ ya- · ADJ ma- · GEN ya · DEM haya/yale · POSS y- · REL -yo</div><div class=hinweis>mafuta ist Kl.6 und heißt Öl und Fett</div>	A1 SD1 O Öl
My grandmother has already died.	Bibi yangu amekwisha kufariki.<hr><table class=gloss><tr class=mo><td>bibi</td><td>y-angu</td><td>a-me-kwish-a</td><td>ku-fariki</td></tr><tr class=la><td>CL9/CL1.grandmother</td><td>CL9-my</td><td>3SG-PRF-finish-IND</td><td>CL15-die</td></tr></table><div class=klassen>bibi class 5/6 (ji-/Ø › ma-) → mabibi [person: form class 5/6, agreement class 1/2]</div><div class=konkordanz>class 1: SUBJ a- · ADJ m-/mw- · GEN wa · DEM huyu/yule · POSS w- · REL -ye</div><div class=hinweis>kwisha plus Infinitiv heißt &quot;schon&quot;</div>	A1 SD1 O Oma
My grandfather is called Hans.	Babu yangu anaitwa Hans.<hr><table class=gloss><tr class=mo><td>babu</td><td>y-angu</td><td>a-na-it-w-a</td><td>Hans</td></tr><tr class=la><td>CL9/CL1.grandfather</td><td>CL9-my</td><td>3SG-PRS-call-PASS-IND</td><td>Hans</td></tr></table><div class=klassen>babu class 9/10 (Ø/n-) → babu — number shows only in the agreement [person: form class 9/10, agreement class 1/2]</div><div class=konkordanz>class 1: SUBJ a- · ADJ m-/mw- · GEN wa · DEM huyu/yule · POSS w- · REL -ye</div><div class=hinweis>yangu Kl.9, Verbkongruenz Kl.1</div>	A1 SD1 O Opa
That is all right.	Hiyo ni sawa.<hr><table class=gloss><tr class=mo><td>hiyo</td><td>ni</td><td>sawa</td></tr><tr class=la><td>CL9.DEM</td><td>COP</td><td>all.right</td></tr></table><div class=konkordanz>class 9: SUBJ i- · ADJ Ø/n- · GEN ya · DEM hii/ile · POSS y- · REL -yo</div><div class=hinweis>sawa deckt gleich und in Ordnung ab</div>	A1 SD1 O Ordnung
The place is by the sea.	Mahali hapa pako baharini.<hr><table class=gloss><tr class=mo><td>mahali</td><td>hapa</td><td>pa-ko</td><td>bahari-ni</td></tr><tr class=la><td>CL16.place</td><td>CL16.DEM</td><td>CL16-be.there</td><td>CL9.sea-LOC</td></tr></table><div class=klassen>mahali class 16 (pa-), no number change [locative class]</div><div class=konkordanz>class 16: SUBJ pa- · ADJ pa- · GEN pa · DEM hapa/pale · POSS p- · REL -po</div><div class=hinweis>Ortsklasse 16 hat die Konkordanz p-</div>	A1 SD1 O Ort
Here are paper and pencil.	Hapa kuna karatasi na kalamu ya risasi.<hr><table class=gloss><tr class=mo><td>hapa</td><td>ku-na</td><td>karatasi</td><td>na</td><td>kalamu</td><td>y-a</td><td>risasi</td></tr><tr class=la><td>here</td><td>CL17-with</td><td>CL9.paper</td><td>and</td><td>CL9.pen</td><td>CL9-GEN</td><td>CL9.lead</td></tr></table><div class=klassen>karatasi class 9/10 (Ø/n-) → karatasi — number shows only in the agreement · kalamu class 9/10 (Ø/n-) → kalamu — number shows only in the agreement</div><div class=konkordanz>class 9: SUBJ i- · ADJ Ø/n- · GEN ya · DEM hii/ile · POSS y- · REL -yo</div><div class=hinweis>kuna gilt für Singular und Plural</div>	A1 SD1 P Papier
Do you have your documents with you?	Mnayo hati zenu?<hr><table class=gloss><tr class=mo><td>m-na-yo</td><td>hati</td><td>z-enu</td></tr><tr class=la><td>2PL-have-REL9</td><td>CL10.paper</td><td>CL10-your</td></tr></table><div class=klassen>hati class 9/10 (Ø/n-) → hati — number shows only in the agreement [German has plural only]</div><div class=konkordanz>class 9: SUBJ i- · ADJ Ø/n- · GEN ya · DEM hii/ile · POSS y- · REL -yo</div><div class=hinweis>hati ist Kl.9 und Kl.10 gleich</div>	A1 SD1 P Papiere__pl__
She is my partner.	Yeye ni mwenzi wangu.<hr><table class=gloss><tr class=mo><td>yeye</td><td>ni</td><td>mw-enzi</td><td>w-angu</td></tr><tr class=la><td>she</td><td>COP</td><td>CL1-partner</td><td>CL1-my</td></tr></table><div class=klassen>mwenzi class 1/2 (m-/mw- › wa-) → wenzi</div><div class=konkordanz>class 1: SUBJ a- · ADJ m-/mw- · GEN wa · DEM huyu/yule · POSS w- · REL -ye</div><div class=hinweis>mwenzi gilt für beide Geschlechter</div>	A1 SD1 P Partner
This evening we are having a party.	Leo jioni tunafanya sherehe.<hr><table class=gloss><tr class=mo><td>leo</td><td>jioni</td><td>tu-na-fany-a</td><td>sherehe</td></tr><tr class=la><td>today</td><td>CL9.evening</td><td>1PL-PRS-do-IND</td><td>CL9.party</td></tr></table><div class=klassen>sherehe class 9/10 (Ø/n-) → sherehe — number shows only in the agreement</div><div class=konkordanz>class 9: SUBJ i- · ADJ Ø/n- · GEN ya · DEM hii/ile · POSS y- · REL -yo</div><div class=hinweis>sherehe deckt Fest und Party ab</div>	A1 SD1 P Party
At the hotel you need your passport.	Hotelini unahitaji pasipoti yako.<hr><table class=gloss><tr class=mo><td>hoteli-ni</td><td>u-na-hitaji</td><td>pasipoti</td><td>y-ako</td></tr><tr class=la><td>CL9.hotel-LOC</td><td>2SG-PRS-need</td><td>CL9.passport</td><td>CL9-your</td></tr></table><div class=klassen>pasipoti class 9/10 (Ø/n-) → pasipoti — number shows only in the agreement [loanword]</div><div class=konkordanz>class 9: SUBJ i- · ADJ Ø/n- · GEN ya · DEM hii/ile · POSS y- · REL -yo</div><div class=hinweis>Ortssuffix -ni an hoteli Kl.9</div>	A1 SD1 P Pass
We have a lunch break from 12.00 to 12.30.	Kuanzia saa sita hadi saa sita na nusu tuna mapumziko ya mchana.<hr><table class=gloss><tr class=mo><td>ku-anz-i-a</td><td>saa</td><td>sita</td><td>hadi</td><td>saa</td><td>sita</td><td>na</td><td>nusu</td><td>tu-na</td><td>ma-pumziko</td><td>y-a</td><td>m-chana</td></tr><tr class=la><td>CL15-begin-APPL-IND</td><td>CL9.hour</td><td>six</td><td>until</td><td>CL9.hour</td><td>six</td><td>and</td><td>CL9.half</td><td>1PL-have</td><td>CL6-break</td><td>CL6-GEN</td><td>CL3-midday</td></tr></table><div class=klassen>saa class 9/10 (Ø/n-) → saa — number shows only in the agreement [also &quot;clock&quot;] · mapumziko class 6 (ma-), no number change [plural only]</div><div class=konkordanz>class 9: SUBJ i- · ADJ Ø/n- · GEN ya · DEM hii/ile · POSS y- · REL -yo · class 6: SUBJ ya- · ADJ ma- · GEN ya · DEM haya/yale · POSS y- · REL -yo</div><div class=hinweis>saa sita = 12 Uhr, na nusu = und halb</div>	A1 SD1 P Pause
I will buy myself a street map.	Najinunulia mpango wa mji.<hr><table class=gloss><tr class=mo><td>na-ji-nunu-li-a</td><td>m-pango</td><td>w-a</td><td>m-ji</td></tr><tr class=la><td>1SG.PRS.GNRL-REFL-buy-APPL-IND</td><td>CL3-plan</td><td>CL3-GEN</td><td>CL3-town</td></tr></table><div class=klassen>mpango class 3/4 (m-/mw- › mi-) → mipango · mji class 3/4 (m-/mw- › mi-) → miji</div><div class=konkordanz>class 3: SUBJ u- · ADJ m-/mw- · GEN wa · DEM huu/ule · POSS w- · REL -o</div><div class=hinweis>Reflexiv -ji- plus Applikativ: für sich kaufen</div>	A1 SD1 P Plan
I am sorry, the seat is taken.	Pole, nafasi imechukuliwa.<hr><table class=gloss><tr class=mo><td>pole</td><td>nafasi</td><td>i-me-chuku-liw-a</td></tr><tr class=la><td>sympathy</td><td>CL9.place</td><td>CL9-PRF-take-PASS-IND</td></tr></table><div class=klassen>nafasi class 9/10 (Ø/n-) → nafasi — number shows only in the agreement [seat; place = &quot;mahali&quot; class 16]</div><div class=konkordanz>class 9: SUBJ i- · ADJ Ø/n- · GEN ya · DEM hii/ile · POSS y- · REL -yo</div><div class=hinweis>pole drückt Mitgefühl aus, nicht Entschuldigung</div>	A1 SD1 P Platz
Please take a seat!	Tafadhali kaeni!<hr><table class=gloss><tr class=mo><td>tafadhali</td><td>ka-eni</td></tr><tr class=la><td>please</td><td>sit-IMP.PL</td></tr></table><div class=hinweis>Platz nehmen ist einfach kukaa</div>	A1 SD1 P Platz
I live at Messeplatz 5.	Nakaa Messeplatz tano.<hr><table class=gloss><tr class=mo><td>na-ka-a</td><td>Messeplatz</td><td>tano</td></tr><tr class=la><td>1SG.PRS.GNRL-live-IND</td><td>Messeplatz</td><td>five</td></tr></table><div class=hinweis>Adressen bleiben ohne Präposition</div>	A1 SD1 P Platz
Call the police!	Iteni polisi!<hr><table class=gloss><tr class=mo><td>it-eni</td><td>polisi</td></tr><tr class=la><td>call-IMP.PL</td><td>CL9.police</td></tr></table><div class=klassen>polisi class 9/10 (Ø/n-) → polisi — number shows only in the agreement [agreement class 1/2 for people]</div><div class=konkordanz>class 9: SUBJ i- · ADJ Ø/n- · GEN ya · DEM hii/ile · POSS y- · REL -yo</div><div class=hinweis>kuita ruft, kupiga simu telefoniert</div>	A1 SD1 P Polizei
The children are eating chicken and chips.	Watoto wanakula kuku na chipsi.<hr><table class=gloss><tr class=mo><td>watoto</td><td>wa-na-kul-a</td><td>kuku</td><td>na</td><td>chipsi</td></tr><tr class=la><td>CL2.child</td><td>CL2-PRS-eat-IND</td><td>CL9.chicken</td><td>with</td><td>CL10.chips</td></tr></table><div class=klassen>mtoto class 1/2 (m-/mw- › wa-) → watoto · kuku class 9/10 (Ø/n-) → kuku — number shows only in the agreement · chipsi class 10 (Ø/n-), no number change [plural only, loanword]</div><div class=konkordanz>class 1: SUBJ a- · ADJ m-/mw- · GEN wa · DEM huyu/yule · POSS w- · REL -ye · class 9: SUBJ i- · ADJ Ø/n- · GEN ya · DEM hii/ile · POSS y- · REL -yo</div><div class=hinweis>Bei kula bleibt das ku- des Stammes erhalten</div>	A1 SD1 P Pommes_frites__pl__
Where is the post office, please?	Posta iko wapi, tafadhali?<hr><table class=gloss><tr class=mo><td>posta</td><td>i-ko</td><td>wapi</td><td>tafadhali</td></tr><tr class=la><td>CL9.post</td><td>CL9-be.there</td><td>where</td><td>please</td></tr></table><div class=klassen>posta class 9/10 (Ø/n-) → posta — number shows only in the agreement [loanword]</div><div class=konkordanz>class 9: SUBJ i- · ADJ Ø/n- · GEN ya · DEM hii/ile · POSS y- · REL -yo</div><div class=hinweis>iko fragt nach dem Ort</div>	A1 SD1 P Post
Is there any post?	Kuna barua?<hr><table class=gloss><tr class=mo><td>ku-na</td><td>barua</td></tr><tr class=la><td>CL17-with</td><td>CL9.letter</td></tr></table><div class=klassen>barua class 9/10 (Ø/n-) → barua — number shows only in the agreement [number shows only in the agreement]</div><div class=konkordanz>class 9: SUBJ i- · ADJ Ø/n- · GEN ya · DEM hii/ile · POSS y- · REL -yo</div><div class=hinweis>kuna fragt nach dem Vorhandensein</div>	A1 SD1 P Post
What is your postcode?	Namba yenu ya posta ni ipi?<hr><table class=gloss><tr class=mo><td>namba</td><td>y-enu</td><td>y-a</td><td>posta</td><td>ni</td><td>ipi</td></tr><tr class=la><td>CL9.number</td><td>CL9-your</td><td>CL9-GEN</td><td>CL9.post</td><td>COP</td><td>CL9.which</td></tr></table><div class=klassen>namba class 9/10 (Ø/n-) → namba — number shows only in the agreement [loanword] · posta class 9/10 (Ø/n-) → posta — number shows only in the agreement [loanword]</div><div class=konkordanz>class 9: SUBJ i- · ADJ Ø/n- · GEN ya · DEM hii/ile · POSS y- · REL -yo</div><div class=hinweis>Dreifache Kl.9-Kongruenz: yenu, ya, ipi</div>	A1 SD1 P Postleitzahl
I am doing a work placement at Siemens.	Nafanya mafunzo kwa vitendo kwenye Siemens.<hr><table class=gloss><tr class=mo><td>na-fany-a</td><td>ma-funzo</td><td>kwa</td><td>vi-tendo</td><td>kwenye</td><td>Siemens</td></tr><tr class=la><td>1SG.PRS.GNRL-do-IND</td><td>CL6-training</td><td>for</td><td>CL8-deed</td><td>at</td><td>Siemens</td></tr></table><div class=klassen>mafunzo kwa vitendo class 6 (ma-), no number change [plural only]</div><div class=konkordanz>class 6: SUBJ ya- · ADJ ma- · GEN ya · DEM haya/yale · POSS y- · REL -yo</div><div class=hinweis>Praktikum wörtlich &quot;Ausbildung durch Taten&quot;</div>	A1 SD1 P Praktikum
The surgery is open from eight o'clock.	Kliniki imefunguliwa kuanzia saa mbili.<hr><table class=gloss><tr class=mo><td>kliniki</td><td>i-me-fungu-liw-a</td><td>ku-anz-i-a</td><td>saa</td><td>mbili</td></tr><tr class=la><td>CL9.surgery</td><td>CL9-PRF-open-PASS-IND</td><td>CL15-begin-APPL-IND</td><td>CL9.hour</td><td>two</td></tr></table><div class=klassen>kliniki class 9/10 (Ø/n-) → kliniki — number shows only in the agreement [loanword] · saa class 9/10 (Ø/n-) → saa — number shows only in the agreement [also &quot;clock&quot;]</div><div class=konkordanz>class 9: SUBJ i- · ADJ Ø/n- · GEN ya · DEM hii/ile · POSS y- · REL -yo</div><div class=hinweis>saa mbili = 8 Uhr, zweite Stunde nach Sonnenaufgang</div>	A1 SD1 P Praxis
Prices are high.	Bei ni juu.<hr><table class=gloss><tr class=mo><td>bei</td><td>ni</td><td>juu</td></tr><tr class=la><td>CL10.price</td><td>COP</td><td>above</td></tr></table><div class=klassen>bei class 9/10 (Ø/n-) → bei — number shows only in the agreement</div><div class=konkordanz>class 9: SUBJ i- · ADJ Ø/n- · GEN ya · DEM hii/ile · POSS y- · REL -yo</div><div class=hinweis>hoch bei Preisen ist juu</div>	A1 SD1 P Preis
My problem is the language.	Tatizo langu ni lugha.<hr><table class=gloss><tr class=mo><td>tatizo</td><td>l-angu</td><td>ni</td><td>lugha</td></tr><tr class=la><td>CL5.problem</td><td>CL5-my</td><td>COP</td><td>CL9.language</td></tr></table><div class=klassen>tatizo class 5/6 (ji-/Ø › ma-) → matatizo · lugha class 9/10 (Ø/n-) → lugha — number shows only in the agreement</div><div class=konkordanz>class 5: SUBJ li- · ADJ ji-/Ø · GEN la · DEM hili/lile · POSS l- · REL -lo · class 9: SUBJ i- · ADJ Ø/n- · GEN ya · DEM hii/ile · POSS y- · REL -yo</div><div class=hinweis>tatizo Kl.5, Plural matatizo Kl.6</div>	A1 SD1 P Problem
Please send me a brochure about your hotel.	Tafadhali nitumieni kijitabu cha hoteli yenu.<hr><table class=gloss><tr class=mo><td>tafadhali</td><td>ni-tumi-eni</td><td>ki-jitabu</td><td>ch-a</td><td>hoteli</td><td>y-enu</td></tr><tr class=la><td>please</td><td>OBJ1SG-send-IMP.PL</td><td>CL7-brochure</td><td>CL7-GEN</td><td>CL9.hotel</td><td>CL9-your</td></tr></table><div class=klassen>kijitabu class 7/8 (ki- › vi-) → vijitabu [diminutive of &quot;kitabu&quot;] · hoteli class 9/10 (Ø/n-) → hoteli — number shows only in the agreement [loanword]</div><div class=konkordanz>class 7: SUBJ ki- · ADJ ki- · GEN cha · DEM hiki/kile · POSS ch- · REL -cho · class 9: SUBJ i- · ADJ Ø/n- · GEN ya · DEM hii/ile · POSS y- · REL -yo</div><div class=hinweis>kijitabu ist der Diminutiv von kitabu</div>	A1 SD1 P Prospekt
The exam is on Monday at 8.00.	Mtihani ni Jumatatu saa mbili.<hr><table class=gloss><tr class=mo><td>m-tihani</td><td>ni</td><td>Jumatatu</td><td>saa</td><td>mbili</td></tr><tr class=la><td>CL3-exam</td><td>COP</td><td>CL9.Monday</td><td>CL9.hour</td><td>two</td></tr></table><div class=klassen>mtihani class 3/4 (m-/mw- › mi-) → mitihani · saa class 9/10 (Ø/n-) → saa — number shows only in the agreement [also &quot;clock&quot;]</div><div class=konkordanz>class 3: SUBJ u- · ADJ m-/mw- · GEN wa · DEM huu/ule · POSS w- · REL -o · class 9: SUBJ i- · ADJ Ø/n- · GEN ya · DEM hii/ile · POSS y- · REL -yo</div><div class=hinweis>saa mbili = 8 Uhr morgens</div>	A1 SD1 P Prüfung
The bus leaves punctually at eight o'clock.	Basi linaondoka kwa wakati saa mbili.<hr><table class=gloss><tr class=mo><td>basi</td><td>li-na-ondok-a</td><td>kwa</td><td>wakati</td><td>saa</td><td>mbili</td></tr><tr class=la><td>CL5.bus</td><td>CL5-PRS-depart-IND</td><td>to</td><td>CL11.time</td><td>CL9.hour</td><td>two</td></tr></table><div class=klassen>basi class 5/6 (ji-/Ø › ma-) → mabasi · wakati class 11/10 (u- › Ø/n-) → nyakati · saa class 9/10 (Ø/n-) → saa — number shows only in the agreement [also &quot;clock&quot;]</div><div class=konkordanz>class 5: SUBJ li- · ADJ ji-/Ø · GEN la · DEM hili/lile · POSS l- · REL -lo · class 11: SUBJ u- · ADJ m-/mw- · GEN wa · DEM huu/ule · POSS w- · REL -o</div><div class=hinweis>pünktlich = kwa wakati, &quot;zur Zeit&quot;</div>	A1 SD1 P pünktlich
Mr Müller is always punctual.	Bwana Müller ni wa wakati kila mara.<hr><table class=gloss><tr class=mo><td>bwana</td><td>Müller</td><td>ni</td><td>w-a</td><td>wakati</td><td>kila</td><td>mara</td></tr><tr class=la><td>CL5/CL1.mister</td><td>Müller</td><td>COP</td><td>CL1-GEN</td><td>CL11.time</td><td>every</td><td>CL9.time</td></tr></table><div class=klassen>bwana class 5/6 (ji-/Ø › ma-) → mabwana [person: form class 5/6, agreement class 1/2] · wakati class 11/10 (u- › Ø/n-) → nyakati</div><div class=konkordanz>class 1: SUBJ a- · ADJ m-/mw- · GEN wa · DEM huyu/yule · POSS w- · REL -ye · class 11: SUBJ u- · ADJ m-/mw- · GEN wa · DEM huu/ule · POSS w- · REL -o</div><div class=hinweis>wa wakati beschreibt die Eigenschaft</div>	A1 SD1 P pünktlich
The child can already ride a bike.	Mtoto anaweza kuendesha baiskeli tayari.<hr><table class=gloss><tr class=mo><td>m-toto</td><td>a-na-wez-a</td><td>ku-endesh-a</td><td>baiskeli</td><td>tayari</td></tr><tr class=la><td>CL1-child</td><td>3SG-PRS-can-IND</td><td>CL15-drive-IND</td><td>CL9.bicycle</td><td>already</td></tr></table><div class=klassen>mtoto class 1/2 (m-/mw- › wa-) → watoto · baiskeli class 9/10 (Ø/n-) → baiskeli — number shows only in the agreement [loanword]</div><div class=konkordanz>class 1: SUBJ a- · ADJ m-/mw- · GEN wa · DEM huyu/yule · POSS w- · REL -ye · class 9: SUBJ i- · ADJ Ø/n- · GEN ya · DEM hii/ile · POSS y- · REL -yo</div><div class=hinweis>kuendesha ist der Kausativ zu kwenda</div>	A1 SD1 R Rad_fahren
I do not smoke.	Sivuti sigara.<hr><table class=gloss><tr class=mo><td>si-vut-i</td><td>sigara</td></tr><tr class=la><td>1SG.NEG-pull-NEG</td><td>CL9.cigarette</td></tr></table><div class=klassen>sigara class 9/10 (Ø/n-) → sigara — number shows only in the agreement [loanword]</div><div class=konkordanz>class 9: SUBJ i- · ADJ Ø/n- · GEN ya · DEM hii/ile · POSS y- · REL -yo</div><div class=hinweis>rauchen = kuvuta sigara</div>	A1 SD1 R rauchen
The lesson is in room 332.	Masomo yako kwenye chumba namba mia tatu thelathini na mbili.<hr><table class=gloss><tr class=mo><td>ma-somo</td><td>ya-ko</td><td>kwenye</td><td>ki-umba</td><td>namba</td><td>mia</td><td>tatu</td><td>thelathini</td><td>na</td><td>mbili</td></tr><tr class=la><td>CL6-lessons</td><td>CL6-be.there</td><td>at</td><td>CL7-room</td><td>CL9.number</td><td>CL9.hundred</td><td>three</td><td>thirty</td><td>and</td><td>two</td></tr></table><div class=klassen>masomo class 6 (ma-), no number change [plural only] · chumba class 7/8 (ki- › vi-) → vyumba · namba class 9/10 (Ø/n-) → namba — number shows only in the agreement [loanword]</div><div class=konkordanz>class 6: SUBJ ya- · ADJ ma- · GEN ya · DEM haya/yale · POSS y- · REL -yo · class 7: SUBJ ki- · ADJ ki- · GEN cha · DEM hiki/kile · POSS ch- · REL -cho</div><div class=hinweis>332 = mia tatu thelathini na mbili</div>	A1 SD1 R Raum
The bill, please.	Bili, tafadhali.<hr><table class=gloss><tr class=mo><td>bili</td><td>tafadhali</td></tr><tr class=la><td>CL9.bill</td><td>please</td></tr></table><div class=klassen>bili class 9/10 (Ø/n-) → bili — number shows only in the agreement [loanword]</div><div class=konkordanz>class 9: SUBJ i- · ADJ Ø/n- · GEN ya · DEM hii/ile · POSS y- · REL -yo</div><div class=hinweis>bili ist Kl.9 und Kl.10 gleich</div>	A1 SD1 R Rechnung
Schillerstraße is here on the right.	Schillerstraße iko hapa kulia.<hr><table class=gloss><tr class=mo><td>Schillerstraße</td><td>i-ko</td><td>hapa</td><td>ku-lia</td></tr><tr class=la><td>Schillerstraße</td><td>CL9-be.there</td><td>here</td><td>CL17-right</td></tr></table><div class=konkordanz>class 9: SUBJ i- · ADJ Ø/n- · GEN ya · DEM hii/ile · POSS y- · REL -yo · class 17: SUBJ ku- · ADJ ku- · GEN kwa · DEM huku/kule · POSS kw- · REL -ko</div><div class=hinweis>kulia ist ein Ortswort der Kl.17</div>	A1 SD1 R rechts
It is raining today.	Leo inanyesha.<hr><table class=gloss><tr class=mo><td>leo</td><td>i-na-nyesh-a</td></tr><tr class=la><td>today</td><td>CL9-PRS-rain-IND</td></tr></table><div class=konkordanz>class 9: SUBJ i- · ADJ Ø/n- · GEN ya · DEM hii/ile · POSS y- · REL -yo</div><div class=hinweis>Wetterverben nehmen das Subjektpräfix der Kl.9</div>	A1 SD1 R regnen
In this rain I am not going out.	Kwa mvua hii sitatoka nje.<hr><table class=gloss><tr class=mo><td>kwa</td><td>mvua</td><td>hii</td><td>si-ta-tok-a</td><td>nje</td></tr><tr class=la><td>at</td><td>CL9.rain</td><td>CL9.DEM</td><td>1SG.NEG-FUT-go.out-IND</td><td>outside</td></tr></table><div class=klassen>mvua class 9/10 (Ø/n-) → mvua — number shows only in the agreement</div><div class=konkordanz>class 9: SUBJ i- · ADJ Ø/n- · GEN ya · DEM hii/ile · POSS y- · REL -yo</div><div class=hinweis>Negatives Futur behält -ta-</div>	A1 SD1 R Regen
I like eating rice.	Napenda kula mchele.<hr><table class=gloss><tr class=mo><td>na-pend-a</td><td>ku-kul-a</td><td>m-chele</td></tr><tr class=la><td>1SG.PRS.GNRL-like-IND</td><td>CL15-eat-IND</td><td>CL3-rice</td></tr></table><div class=klassen>mchele class 3/4 (m-/mw- › mi-) → michele [cooked = &quot;wali&quot; class 11]</div><div class=konkordanz>class 3: SUBJ u- · ADJ m-/mw- · GEN wa · DEM huu/ule · POSS w- · REL -o</div><div class=hinweis>mchele ist roher Reis, wali gekochter</div>	A1 SD1 R Reis
I like travelling.	Napenda kusafiri.<hr><table class=gloss><tr class=mo><td>na-pend-a</td><td>ku-safiri</td></tr><tr class=la><td>1SG.PRS.GNRL-like-IND</td><td>CL15-travel</td></tr></table><div class=konkordanz>class 15: SUBJ ku- · ADJ ku- · GEN kwa · DEM huku/kule · POSS kw- · REL -ko</div><div class=hinweis>kusafiri ist arabisches Lehnverb auf -i</div>	A1 SD1 R reisen
We are taking a trip to Austria.	Tunafanya safari kwenda Austria.<hr><table class=gloss><tr class=mo><td>tu-na-fany-a</td><td>safari</td><td>kw-end-a</td><td>Austria</td></tr><tr class=la><td>1PL-PRS-do-IND</td><td>CL9.journey</td><td>CL15-go-IND</td><td>Austria</td></tr></table><div class=klassen>safari class 9/10 (Ø/n-) → safari — number shows only in the agreement</div><div class=konkordanz>class 9: SUBJ i- · ADJ Ø/n- · GEN ya · DEM hii/ile · POSS y- · REL -yo</div><div class=hinweis>Richtung durch den Infinitiv kwenda</div>	A1 SD1 R Reise
My husband works at a travel agency.	Mume wangu anafanya kazi kwenye ofisi ya safari.<hr><table class=gloss><tr class=mo><td>mume</td><td>w-angu</td><td>a-na-fany-a</td><td>kazi</td><td>kwenye</td><td>ofisi</td><td>y-a</td><td>safari</td></tr><tr class=la><td>CL1.husband</td><td>CL1-my</td><td>3SG-PRS-do-IND</td><td>CL9.work</td><td>at</td><td>CL9.office</td><td>CL9-GEN</td><td>CL9.journey</td></tr></table><div class=klassen>kazi class 9/10 (Ø/n-) → kazi — number shows only in the agreement · ofisi ya safari class 9/10 (Ø/n-) → ofisi za safari [genitive agrees with the head noun] · safari class 9/10 (Ø/n-) → safari — number shows only in the agreement</div><div class=konkordanz>class 9: SUBJ i- · ADJ Ø/n- · GEN ya · DEM hii/ile · POSS y- · REL -yo</div><div class=hinweis>Reisebüro als ofisi ya safari</div>	A1 SD1 R Reisebüro
I am buying myself a guidebook to Berlin.	Najinunulia kitabu cha mwongozo cha Berlin.<hr><table class=gloss><tr class=mo><td>na-ji-nunu-li-a</td><td>ki-tabu</td><td>ch-a</td><td>mw-ongozo</td><td>ch-a</td><td>Berlin</td></tr><tr class=la><td>1SG.PRS.GNRL-REFL-buy-APPL-IND</td><td>CL7-book</td><td>CL7-GEN</td><td>CL3-guided.tour</td><td>CL7-GEN</td><td>Berlin</td></tr></table><div class=klassen>kitabu class 7/8 (ki- › vi-) → vitabu</div><div class=konkordanz>class 7: SUBJ ki- · ADJ ki- · GEN cha · DEM hiki/kile · POSS ch- · REL -cho</div><div class=hinweis>Zwei Genitive cha, beide nach kitabu Kl.7</div>	A1 SD1 R Reiseführer
Our tour guide is called Peter.	Kiongozi wetu anaitwa Peter.<hr><table class=gloss><tr class=mo><td>ki-ongozi</td><td>w-etu</td><td>a-na-it-w-a</td><td>Peter</td></tr><tr class=la><td>CL7-guidebook</td><td>CL1-our</td><td>3SG-PRS-call-PASS-IND</td><td>Peter</td></tr></table><div class=konkordanz>class 7: SUBJ ki- · ADJ ki- · GEN cha · DEM hiki/kile · POSS ch- · REL -cho · class 1: SUBJ a- · ADJ m-/mw- · GEN wa · DEM huyu/yule · POSS w- · REL -ye</div><div class=hinweis>kiongozi ist Kl.7, kongruiert als Person Kl.1</div>	A1 SD1 R Reiseführer
He has repaired the bicycle.	Amekwisha kutengeneza baiskeli.<hr><table class=gloss><tr class=mo><td>a-me-kwish-a</td><td>ku-tengenez-a</td><td>baiskeli</td></tr><tr class=la><td>3SG-PRF-finish-IND</td><td>CL15-repair-IND</td><td>CL9.bicycle</td></tr></table><div class=klassen>baiskeli class 9/10 (Ø/n-) → baiskeli — number shows only in the agreement [loanword]</div><div class=konkordanz>class 9: SUBJ i- · ADJ Ø/n- · GEN ya · DEM hii/ile · POSS y- · REL -yo</div><div class=hinweis>kwisha plus Infinitiv für die abgeschlossene Tat</div>	A1 SD1 R reparieren
The repair is very expensive.	Ukarabati ni ghali sana.<hr><table class=gloss><tr class=mo><td>ukarabati</td><td>ni</td><td>ghali</td><td>sana</td></tr><tr class=la><td>CL14.repair</td><td>COP</td><td>expensive</td><td>very</td></tr></table><div class=klassen>ukarabati class 14 (u-), no number change [abstract noun]</div><div class=konkordanz>class 14: SUBJ u- · ADJ m-/mw- · GEN wa · DEM huu/ule · POSS w- · REL -o</div><div class=hinweis>ukarabati Kl.14 hat keinen Plural</div>	A1 SD1 R Reparatur
Today we are eating at a restaurant.	Leo tunakula kwenye mkahawa.<hr><table class=gloss><tr class=mo><td>leo</td><td>tu-na-kul-a</td><td>kwenye</td><td>m-kahawa</td></tr><tr class=la><td>today</td><td>1PL-PRS-eat-IND</td><td>at</td><td>CL3-restaurant</td></tr></table><div class=klassen>mkahawa class 3/4 (m-/mw- › mi-) → mikahawa</div><div class=konkordanz>class 3: SUBJ u- · ADJ m-/mw- · GEN wa · DEM huu/ule · POSS w- · REL -o</div><div class=hinweis>mkahawa deckt Café und Restaurant ab</div>	A1 SD1 R Restaurant
Please ask at reception in the hotel.	Tafadhali ulizeni hotelini kwenye mapokezi.<hr><table class=gloss><tr class=mo><td>tafadhali</td><td>uliz-eni</td><td>hoteli-ni</td><td>kwenye</td><td>ma-pokezi</td></tr><tr class=la><td>please</td><td>ask-IMP.PL</td><td>CL9.hotel-LOC</td><td>at</td><td>CL6-reception</td></tr></table><div class=klassen>mapokezi class 6 (ma-), no number change [plural only]</div><div class=konkordanz>class 6: SUBJ ya- · ADJ ma- · GEN ya · DEM haya/yale · POSS y- · REL -yo</div><div class=hinweis>mapokezi ist Kl.6 und hat keinen Singular</div>	A1 SD1 R Rezeption
Have I understood that correctly?	Nimeelewa hii sawasawa?<hr><table class=gloss><tr class=mo><td>ni-me-elew-a</td><td>hii</td><td>sawasawa</td></tr><tr class=la><td>1SG-PRF-understand-IND</td><td>CL9.DEM</td><td>correct</td></tr></table><div class=konkordanz>class 9: SUBJ i- · ADJ Ø/n- · GEN ya · DEM hii/ile · POSS y- · REL -yo</div><div class=hinweis>sawasawa ist die Verdoppelung von sawa</div>	A1 SD1 R richtig
That is correct.	Hiyo ni sahihi.<hr><table class=gloss><tr class=mo><td>hiyo</td><td>ni</td><td>sahihi</td></tr><tr class=la><td>CL9.DEM</td><td>COP</td><td>correct</td></tr></table><div class=klassen>sahihi class 9/10 (Ø/n-) → sahihi — number shows only in the agreement</div><div class=konkordanz>class 9: SUBJ i- · ADJ Ø/n- · GEN ya · DEM hii/ile · POSS y- · REL -yo</div><div class=hinweis>sahihi heißt richtig und Unterschrift</div>	A1 SD1 R richtig
This wine smells good.	Mvinyo huu unanukia vizuri.<hr><table class=gloss><tr class=mo><td>m-vinyo</td><td>huu</td><td>u-na-nuki-a</td><td>vi-zuri</td></tr><tr class=la><td>CL3-wine</td><td>CL3.DEM</td><td>CL3-PRS-smell-IND</td><td>CL8-good</td></tr></table><div class=klassen>mvinyo class 3/4 (m-/mw- › mi-) → mivinyo</div><div class=konkordanz>class 3: SUBJ u- · ADJ m-/mw- · GEN wa · DEM huu/ule · POSS w- · REL -o</div><div class=hinweis>kunukia riecht gut, kunuka riecht schlecht</div>	A1 SD1 R riechen
I would like a quiet room.	Nataka chumba tulivu.<hr><table class=gloss><tr class=mo><td>na-tak-a</td><td>ki-umba</td><td>tulivu</td></tr><tr class=la><td>1SG.PRS.GNRL-want-IND</td><td>CL7-room</td><td>quiet</td></tr></table><div class=klassen>chumba class 7/8 (ki- › vi-) → vyumba</div><div class=konkordanz>class 7: SUBJ ki- · ADJ ki- · GEN cha · DEM hiki/kile · POSS ch- · REL -cho</div><div class=hinweis>tulivu bleibt in Kl.7 ohne Präfix</div>	A1 SD1 R ruhig
Would you like an apple juice?	Unataka juisi ya tofaa?<hr><table class=gloss><tr class=mo><td>u-na-tak-a</td><td>juisi</td><td>y-a</td><td>tofaa</td></tr><tr class=la><td>2SG-PRS-want-IND</td><td>CL9.juice</td><td>CL9-GEN</td><td>CL5.apple</td></tr></table><div class=klassen>juisi class 9/10 (Ø/n-) → juisi — number shows only in the agreement [loanword] · tofaa class 5/6 (ji-/Ø › ma-) → matofaa</div><div class=konkordanz>class 9: SUBJ i- · ADJ Ø/n- · GEN ya · DEM hii/ile · POSS y- · REL -yo · class 5: SUBJ li- · ADJ ji-/Ø · GEN la · DEM hili/lile · POSS l- · REL -lo</div><div class=hinweis>Genitiv ya nach juisi Kl.9</div>	A1 SD1 S Saft
Tell me, how are you then?	Niambie, habari zako?<hr><table class=gloss><tr class=mo><td>ni-ambi-e</td><td>habari</td><td>z-ako</td></tr><tr class=la><td>OBJ1SG-say-SBJV</td><td>CL10.news</td><td>CL10-your</td></tr></table><div class=konkordanz>class 10: SUBJ zi- · ADJ Ø/n- · GEN za · DEM hizi/zile · POSS z- · REL -zo</div><div class=hinweis>Befinden wird mit habari erfragt</div>	A1 SD1 S sagen
How do you like the salad?	Saladi inakupendeza vipi?<hr><table class=gloss><tr class=mo><td>saladi</td><td>i-na-ku-pendez-a</td><td>vipi</td></tr><tr class=la><td>CL9.salad</td><td>CL9-PRS-OBJ2SG-please-IND</td><td>how</td></tr></table><div class=klassen>saladi class 9/10 (Ø/n-) → saladi — number shows only in the agreement [loanword]</div><div class=konkordanz>class 9: SUBJ i- · ADJ Ø/n- · GEN ya · DEM hii/ile · POSS y- · REL -yo</div><div class=hinweis>schmecken wird mit kupendeza ausgedrückt</div>	A1 SD1 S Salat
Waiter, could I have some salt, please?	Bwana mhudumu, naweza kupata chumvi tafadhali?<hr><table class=gloss><tr class=mo><td>bwana</td><td>m-hudumu</td><td>na-wez-a</td><td>ku-pat-a</td><td>chumvi</td><td>tafadhali</td></tr><tr class=la><td>CL5/CL1.mister</td><td>CL1-waiter</td><td>1SG.PRS.GNRL-can-IND</td><td>CL15-get-IND</td><td>CL9.salt</td><td>please</td></tr></table><div class=klassen>bwana class 5/6 (ji-/Ø › ma-) → mabwana [person: form class 5/6, agreement class 1/2] · chumvi class 9/10 (Ø/n-) → chumvi — number shows only in the agreement</div><div class=konkordanz>class 1: SUBJ a- · ADJ m-/mw- · GEN wa · DEM huyu/yule · POSS w- · REL -ye · class 9: SUBJ i- · ADJ Ø/n- · GEN ya · DEM hii/ile · POSS y- · REL -yo</div><div class=hinweis>mhudumu Kl.1, Plural wahudumu Kl.2</div>	A1 SD1 S Salz
This sentence is very simple.	Sentensi hii ni rahisi sana.<hr><table class=gloss><tr class=mo><td>sentensi</td><td>hii</td><td>ni</td><td>rahisi</td><td>sana</td></tr><tr class=la><td>CL9.sentence</td><td>CL9.DEM</td><td>COP</td><td>easy</td><td>very</td></tr></table><div class=konkordanz>class 9: SUBJ i- · ADJ Ø/n- · GEN ya · DEM hii/ile · POSS y- · REL -yo</div><div class=hinweis>sentensi ist Kl.9 und Kl.10 gleich</div>	A1 SD1 S Satz
I would rather take the city train.	Napenda kuchukua treni ya mjini zaidi.<hr><table class=gloss><tr class=mo><td>na-pend-a</td><td>ku-chuku-a</td><td>treni</td><td>y-a</td><td>m-ji-ni</td><td>zaidi</td></tr><tr class=la><td>1SG.PRS.GNRL-like-IND</td><td>CL15-take-IND</td><td>CL9.railway</td><td>CL9-GEN</td><td>CL3-town-LOC</td><td>more</td></tr></table><div class=klassen>treni class 9/10 (Ø/n-) → treni — number shows only in the agreement [loanword]</div><div class=konkordanz>class 9: SUBJ i- · ADJ Ø/n- · GEN ya · DEM hii/ile · POSS y- · REL -yo</div><div class=hinweis>S-Bahn als treni ya mjini</div>	A1 SD1 S S
Please go to counter three!	Tafadhali nendeni kwenye kaunta namba tatu!<hr><table class=gloss><tr class=mo><td>tafadhali</td><td>nend-eni</td><td>kwenye</td><td>kaunta</td><td>namba</td><td>tatu</td></tr><tr class=la><td>please</td><td>go-IMP.PL</td><td>at</td><td>CL9.counter</td><td>CL9.number</td><td>three</td></tr></table><div class=klassen>kaunta class 9/10 (Ø/n-) → kaunta — number shows only in the agreement [loanword] · namba class 9/10 (Ø/n-) → namba — number shows only in the agreement [loanword]</div><div class=konkordanz>class 9: SUBJ i- · ADJ Ø/n- · GEN ya · DEM hii/ile · POSS y- · REL -yo</div><div class=hinweis>kaunta deckt Schalter und Kasse ab</div>	A1 SD1 S Schalter
The sun is shining.	Jua linawaka.<hr><table class=gloss><tr class=mo><td>jua</td><td>li-na-wak-a</td></tr><tr class=la><td>CL5.sun</td><td>CL5-PRS-shine-IND</td></tr></table><div class=klassen>jua class 5/6 (ji-/Ø › ma-) → majua [usually singular]</div><div class=konkordanz>class 5: SUBJ li- · ADJ ji-/Ø · GEN la · DEM hili/lile · POSS l- · REL -lo</div><div class=hinweis>kuwaka gilt für Sonne, Licht und Feuer</div>	A1 SD1 S scheinen
Please send me an email.	Tafadhali nitumieni barua pepe.<hr><table class=gloss><tr class=mo><td>tafadhali</td><td>ni-tumi-eni</td><td>barua</td><td>pepe</td></tr><tr class=la><td>please</td><td>OBJ1SG-send-IMP.PL</td><td>CL9.letter</td><td>wind</td></tr></table><div class=klassen>barua class 9/10 (Ø/n-) → barua — number shows only in the agreement [number shows only in the agreement]</div><div class=konkordanz>class 9: SUBJ i- · ADJ Ø/n- · GEN ya · DEM hii/ile · POSS y- · REL -yo</div><div class=hinweis>Objektpräfix ni- vor dem Imperativ Plural</div>	A1 SD1 S schicken
Did you not see the sign?	Hamkuona alama?<hr><table class=gloss><tr class=mo><td>ham-ku-on-a</td><td>alama</td></tr><tr class=la><td>2PL.NEG-PST.NEG-see-IND</td><td>CL9.mark</td></tr></table><div class=klassen>alama class 9/10 (Ø/n-) → alama — number shows only in the agreement</div><div class=konkordanz>class 9: SUBJ i- · ADJ Ø/n- · GEN ya · DEM hii/ile · POSS y- · REL -yo</div><div class=hinweis>-ku- bildet die negative Vergangenheit</div>	A1 SD1 S Schild
I would like a ham sandwich.	Ningependa mkate na nyama ya nguruwe.<hr><table class=gloss><tr class=mo><td>ni-nge-pend-a</td><td>m-kate</td><td>na</td><td>nyama</td><td>y-a</td><td>nguruwe</td></tr><tr class=la><td>1SG-IRR-like-IND</td><td>CL3-bread</td><td>with</td><td>CL9.meat</td><td>CL9-GEN</td><td>CL9.pig</td></tr></table><div class=klassen>mkate class 3/4 (m-/mw- › mi-) → mikate · nyama class 9/10 (Ø/n-) → nyama — number shows only in the agreement</div><div class=konkordanz>class 3: SUBJ u- · ADJ m-/mw- · GEN wa · DEM huu/ule · POSS w- · REL -o · class 9: SUBJ i- · ADJ Ø/n- · GEN ya · DEM hii/ile · POSS y- · REL -yo</div><div class=hinweis>Schinken als nyama ya nguruwe</div>	A1 SD1 S Schinken
I usually sleep eight hours.	Nalala saa nane kwa kawaida.<hr><table class=gloss><tr class=mo><td>na-lal-a</td><td>saa</td><td>nane</td><td>kwa</td><td>kawaida</td></tr><tr class=la><td>1SG.PRS.GNRL-sleep-IND</td><td>CL9.hour</td><td>eight</td><td>for</td><td>CL9.habit</td></tr></table><div class=klassen>saa class 9/10 (Ø/n-) → saa — number shows only in the agreement [also &quot;clock&quot;]</div><div class=konkordanz>class 9: SUBJ i- · ADJ Ø/n- · GEN ya · DEM hii/ile · POSS y- · REL -yo</div><div class=hinweis>kwa kawaida heißt gewöhnlich, meistens</div>	A1 SD1 S schlafen
I feel sick!	Nahisi vibaya!<hr><table class=gloss><tr class=mo><td>na-hisi</td><td>vi-baya</td></tr><tr class=la><td>1SG.PRS.GNRL-feel</td><td>CL8-bad</td></tr></table><div class=konkordanz>class 8: SUBJ vi- · ADJ vi- · GEN vya · DEM hivi/vile · POSS vy- · REL -vyo</div><div class=hinweis>vibaya ist das Adverb mit Kl.8-Präfix</div>	A1 SD1 S schlecht
You look unwell.	Mnaonekana vibaya.<hr><table class=gloss><tr class=mo><td>m-na-onekan-a</td><td>vi-baya</td></tr><tr class=la><td>2PL-PRS-look-IND</td><td>CL8-bad</td></tr></table><div class=konkordanz>class 8: SUBJ vi- · ADJ vi- · GEN vya · DEM hivi/vile · POSS vy- · REL -vyo</div><div class=hinweis>kuonekana ist der Stativ zu kuona</div>	A1 SD1 S schlecht
We are having bad weather.	Tuna hali ya hewa mbaya.<hr><table class=gloss><tr class=mo><td>tu-na</td><td>hali</td><td>y-a</td><td>hewa</td><td>m-baya</td></tr><tr class=la><td>1PL-have</td><td>CL9.state</td><td>CL9-GEN</td><td>CL9.air</td><td>CL9-bad</td></tr></table><div class=klassen>hali ya hewa class 9 (Ø/n-), no number change [genitive construction, no plural]</div><div class=konkordanz>class 9: SUBJ i- · ADJ Ø/n- · GEN ya · DEM hii/ile · POSS y- · REL -yo</div><div class=hinweis>Wetter als hali ya hewa, &quot;Zustand der Luft&quot;</div>	A1 SD1 S schlecht
Please close the door.	Tafadhali, fungeni mlango.<hr><table class=gloss><tr class=mo><td>tafadhali</td><td>fung-eni</td><td>m-lango</td></tr><tr class=la><td>please</td><td>close-IMP.PL</td><td>CL3-door</td></tr></table><div class=konkordanz>class 3: SUBJ u- · ADJ m-/mw- · GEN wa · DEM huu/ule · POSS w- · REL -o</div><div class=hinweis>kufunga schließt, kufungua öffnet</div>	A1 SD1 S schließen
The bank is closed on Saturdays.	Benki imefungwa Jumamosi.<hr><table class=gloss><tr class=mo><td>benki</td><td>i-me-fung-w-a</td><td>Jumamosi</td></tr><tr class=la><td>CL9.bank</td><td>CL9-PRF-close-PASS-IND</td><td>CL9.Saturday</td></tr></table><div class=klassen>benki class 9/10 (Ø/n-) → benki — number shows only in the agreement [financial institution; bench = &quot;benchi&quot;]</div><div class=konkordanz>class 9: SUBJ i- · ADJ Ø/n- · GEN ya · DEM hii/ile · POSS y- · REL -yo</div><div class=hinweis>Passiv Perfekt für den Zustand</div>	A1 SD1 S geschlossen
I have to finish now.	Sasa lazima nimalize.<hr><table class=gloss><tr class=mo><td>sasa</td><td>lazima</td><td>ni-maliz-e</td></tr><tr class=la><td>now</td><td>must</td><td>1SG-finish-SBJV</td></tr></table><div class=hinweis>kumaliza heißt beenden und fertig werden</div>	A1 SD1 S Schluss
At the end he shakes hands with us all.	Mwishoni anatupa mkono sote.<hr><table class=gloss><tr class=mo><td>mwisho-ni</td><td>a-na-tu-p-a</td><td>m-kono</td><td>s-ote</td></tr><tr class=la><td>CL3.end-LOC</td><td>3SG-PRS-OBJ1PL-give-IND</td><td>CL3-hand</td><td>1PL-all</td></tr></table><div class=klassen>mkono class 3/4 (m-/mw- › mi-) → mikono</div><div class=konkordanz>class 3: SUBJ u- · ADJ m-/mw- · GEN wa · DEM huu/ule · POSS w- · REL -o</div><div class=hinweis>sote ist die 1PL-Form von -ote</div>	A1 SD1 S Schluss
I will also give you the room key.	Nakupa ufunguo wa chumba bado.<hr><table class=gloss><tr class=mo><td>na-ku-p-a</td><td>ufunguo</td><td>w-a</td><td>ki-umba</td><td>bado</td></tr><tr class=la><td>1SG.PRS.GNRL-OBJ2SG-give-IND</td><td>CL11.key</td><td>CL11-GEN</td><td>CL7-room</td><td>still</td></tr></table><div class=klassen>ufunguo class 11/10 (u- › Ø/n-) → funguo · chumba class 7/8 (ki- › vi-) → vyumba</div><div class=konkordanz>class 11: SUBJ u- · ADJ m-/mw- · GEN wa · DEM huu/ule · POSS w- · REL -o · class 7: SUBJ ki- · ADJ ki- · GEN cha · DEM hiki/kile · POSS ch- · REL -cho</div><div class=hinweis>ufunguo Kl.11 nimmt den Genitiv wa</div>	A1 SD1 S Schlüssel
Does that taste good?	Hii inapendeza?<hr><table class=gloss><tr class=mo><td>hii</td><td>i-na-pendez-a</td></tr><tr class=la><td>CL9.DEM</td><td>CL9-PRS-please-IND</td></tr></table><div class=konkordanz>class 9: SUBJ i- · ADJ Ø/n- · GEN ya · DEM hii/ile · POSS y- · REL -yo</div><div class=hinweis>kupendeza gilt für Geschmack und Gefallen</div>	A1 SD1 S schmecken
He drives fast.	Anaendesha kwa kasi.<hr><table class=gloss><tr class=mo><td>a-na-endesh-a</td><td>kwa</td><td>kasi</td></tr><tr class=la><td>3SG-PRS-drive-IND</td><td>with</td><td>CL9.speed</td></tr></table><div class=konkordanz>class 9: SUBJ i- · ADJ Ø/n- · GEN ya · DEM hii/ile · POSS y- · REL -yo</div><div class=hinweis>schnell = kwa kasi, &quot;mit Geschwindigkeit&quot;</div>	A1 SD1 S schnell
Is the food ready yet?	Chakula ni tayari?<hr><table class=gloss><tr class=mo><td>chakula</td><td>ni</td><td>tayari</td></tr><tr class=la><td>CL7.food</td><td>COP</td><td>ready</td></tr></table><div class=klassen>chakula class 7/8 (ki- › vi-) → vyakula</div><div class=konkordanz>class 7: SUBJ ki- · ADJ ki- · GEN cha · DEM hiki/kile · POSS ch- · REL -cho</div><div class=hinweis>tayari heißt schon und fertig</div>	A1 SD1 S schon
Have a nice holiday!	Likizo njema!<hr><table class=gloss><tr class=mo><td>likizo</td><td>n-jema</td></tr><tr class=la><td>CL9.holiday</td><td>CL9-good</td></tr></table><div class=klassen>likizo class 9/10 (Ø/n-) → likizo — number shows only in the agreement</div><div class=konkordanz>class 9: SUBJ i- · ADJ Ø/n- · GEN ya · DEM hii/ile · POSS y- · REL -yo</div><div class=hinweis>njema mit Nasalpräfix der Kl.9</div>	A1 SD1 S schön
That is very nice.	Hiyo ni nzuri sana.<hr><table class=gloss><tr class=mo><td>hiyo</td><td>ni</td><td>n-zuri</td><td>sana</td></tr><tr class=la><td>CL9.DEM</td><td>COP</td><td>CL9-beautiful</td><td>very</td></tr></table><div class=konkordanz>class 9: SUBJ i- · ADJ Ø/n- · GEN ya · DEM hii/ile · POSS y- · REL -yo</div><div class=hinweis>nzuri deckt schön und gut ab</div>	A1 SD1 S schön
The glasses are in the cupboard.	Glasi ziko kwenye kabati.<hr><table class=gloss><tr class=mo><td>glasi</td><td>zi-ko</td><td>kwenye</td><td>kabati</td></tr><tr class=la><td>CL10.glass</td><td>CL10-be.there</td><td>at</td><td>CL5.cupboard</td></tr></table><div class=klassen>glasi class 9/10 (Ø/n-) → glasi — number shows only in the agreement [loanword] · kabati class 5/6 (ji-/Ø › ma-) → makabati</div><div class=konkordanz>class 9: SUBJ i- · ADJ Ø/n- · GEN ya · DEM hii/ile · POSS y- · REL -yo · class 5: SUBJ li- · ADJ ji-/Ø · GEN la · DEM hili/lile · POSS l- · REL -lo</div><div class=hinweis>ziko ist das Subjektpräfix der Kl.10 plus -ko</div>	A1 SD1 S Schrank
He writes fifty emails every day.	Anaandika barua pepe hamsini kila siku.<hr><table class=gloss><tr class=mo><td>a-na-andik-a</td><td>barua</td><td>pepe</td><td>hamsini</td><td>kila</td><td>siku</td></tr><tr class=la><td>3SG-PRS-write-IND</td><td>CL9.letter</td><td>wind</td><td>fifty</td><td>every</td><td>CL9.day</td></tr></table><div class=klassen>barua class 9/10 (Ø/n-) → barua — number shows only in the agreement [number shows only in the agreement] · siku ya kuzaliwa class 9/10 (Ø/n-) → siku za kuzaliwa [genitive agrees with the head noun]</div><div class=konkordanz>class 9: SUBJ i- · ADJ Ø/n- · GEN ya · DEM hii/ile · POSS y- · REL -yo</div><div class=hinweis>barua pepe bleibt im Plural gleich</div>	A1 SD1 S schreiben
Take your shoes off!	Vua viatu!<hr><table class=gloss><tr class=mo><td>vu-a</td><td>vi-atu</td></tr><tr class=la><td>take.off-IMP</td><td>CL8-shoe</td></tr></table><div class=klassen>kiatu class 7/8 (ki- › vi-) → viatu</div><div class=konkordanz>class 7: SUBJ ki- · ADJ ki- · GEN cha · DEM hiki/kile · POSS ch- · REL -cho</div><div class=hinweis>kuvua zieht aus, kuvaa zieht an</div>	A1 SD1 S Schuh
My daughter already goes to school.	Binti yangu anaenda shule tayari.<hr><table class=gloss><tr class=mo><td>binti</td><td>y-angu</td><td>a-na-end-a</td><td>shule</td><td>tayari</td></tr><tr class=la><td>CL5/CL1.daughter</td><td>CL9-my</td><td>3SG-PRS-go-IND</td><td>CL9.school</td><td>already</td></tr></table><div class=klassen>binti class 5/6 (ji-/Ø › ma-) → mabinti [person: form class 5/6, agreement class 1/2] · shule class 9/10 (Ø/n-) → shule — number shows only in the agreement</div><div class=konkordanz>class 1: SUBJ a- · ADJ m-/mw- · GEN wa · DEM huyu/yule · POSS w- · REL -ye · class 9: SUBJ i- · ADJ Ø/n- · GEN ya · DEM hii/ile · POSS y- · REL -yo</div><div class=hinweis>binti nimmt yangu Kl.9, kongruiert als Person</div>	A1 SD1 S Schule
The school is just here round the corner.	Shule iko hapa kwenye kona.<hr><table class=gloss><tr class=mo><td>shule</td><td>i-ko</td><td>hapa</td><td>kwenye</td><td>kona</td></tr><tr class=la><td>CL9.school</td><td>CL9-be.there</td><td>here</td><td>at</td><td>CL9.corner</td></tr></table><div class=klassen>shule class 9/10 (Ø/n-) → shule — number shows only in the agreement · kona class 9/10 (Ø/n-) → kona — number shows only in the agreement [loanword]</div><div class=konkordanz>class 9: SUBJ i- · ADJ Ø/n- · GEN ya · DEM hii/ile · POSS y- · REL -yo</div><div class=hinweis>iko gibt die Lage an</div>	A1 SD1 S Schule
There are eight female and five male pupils in my class.	Katika kozi yangu kuna wanafunzi wanawake nane na wanaume watano.<hr><table class=gloss><tr class=mo><td>katika</td><td>kozi</td><td>y-angu</td><td>ku-na</td><td>wanafunzi</td><td>wanawake</td><td>nane</td><td>na</td><td>wanaume</td><td>wa-tano</td></tr><tr class=la><td>in</td><td>CL9.course</td><td>CL9-my</td><td>CL17-with</td><td>CL2.pupil</td><td>CL2.woman</td><td>eight</td><td>and</td><td>CL2.man</td><td>CL2-five</td></tr></table><div class=klassen>kozi class 9/10 (Ø/n-) → kozi — number shows only in the agreement [loanword] · mwanafunzi class 1/2 (m-/mw- › wa-) → wanafunzi · mwanamke class 1/2 (m-/mw- › wa-) → wanawake · mwanamume class 1/2 (m-/mw- › wa-) → wanaume</div><div class=konkordanz>class 9: SUBJ i- · ADJ Ø/n- · GEN ya · DEM hii/ile · POSS y- · REL -yo · class 1: SUBJ a- · ADJ m-/mw- · GEN wa · DEM huyu/yule · POSS w- · REL -ye</div><div class=hinweis>Geschlecht nachgestellt, Zahl mit Kl.2-Präfix</div>	A1 SD1 S Schüler
Is your luggage very heavy?	Mizigo yenu ni mizito sana?<hr><table class=gloss><tr class=mo><td>mi-zigo</td><td>y-enu</td><td>ni</td><td>mi-zito</td><td>sana</td></tr><tr class=la><td>CL4-luggage</td><td>CL4-your</td><td>COP</td><td>CL4-heavy</td><td>very</td></tr></table><div class=klassen>mzigo class 3/4 (m-/mw- › mi-) → mizigo [usually plural &quot;mizigo&quot;]</div><div class=konkordanz>class 3: SUBJ u- · ADJ m-/mw- · GEN wa · DEM huu/ule · POSS w- · REL -o</div><div class=hinweis>Dreifache Kl.4-Kongruenz: yenu, mizito, mizigo</div>	A1 SD1 S schwer
That is hard work.	Hii ni kazi ngumu.<hr><table class=gloss><tr class=mo><td>hii</td><td>ni</td><td>kazi</td><td>n-gumu</td></tr><tr class=la><td>CL9.DEM</td><td>COP</td><td>CL9.work</td><td>CL9-heavy</td></tr></table><div class=klassen>kazi class 9/10 (Ø/n-) → kazi — number shows only in the agreement</div><div class=konkordanz>class 9: SUBJ i- · ADJ Ø/n- · GEN ya · DEM hii/ile · POSS y- · REL -yo</div><div class=hinweis>ngumu für schwierig, mzito für gewichtig</div>	A1 SD1 S schwer
My sister is coming on Tuesday.	Dada yangu anakuja Jumanne.<hr><table class=gloss><tr class=mo><td>dada</td><td>y-angu</td><td>a-na-kuj-a</td><td>Jumanne</td></tr><tr class=la><td>CL9/CL1.sister</td><td>CL9-my</td><td>3SG-PRS-come-IND</td><td>CL9.Tuesday</td></tr></table><div class=klassen>dada class 9/10 (Ø/n-) → dada — number shows only in the agreement [person: form class 9/10, agreement class 1/2]</div><div class=konkordanz>class 1: SUBJ a- · ADJ m-/mw- · GEN wa · DEM huyu/yule · POSS w- · REL -ye</div><div class=hinweis>Jumanne heißt wörtlich &quot;vierter Tag&quot;</div>	A1 SD1 S Schwester
I swim a kilometre every day.	Naogelea kilomita moja kila siku.<hr><table class=gloss><tr class=mo><td>na-ogele-a</td><td>kilomita</td><td>moja</td><td>kila</td><td>siku</td></tr><tr class=la><td>1SG.PRS.GNRL-swim-IND</td><td>CL9.kilometre</td><td>one</td><td>every</td><td>CL9.day</td></tr></table><div class=klassen>siku ya kuzaliwa class 9/10 (Ø/n-) → siku za kuzaliwa [genitive agrees with the head noun]</div><div class=konkordanz>class 9: SUBJ i- · ADJ Ø/n- · GEN ya · DEM hii/ile · POSS y- · REL -yo</div><div class=hinweis>kila verlangt den Singular</div>	A1 SD1 S schwimmen
Are you coming to the swimming pool?	Unakuja pamoja bwawani la kuogelea?<hr><table class=gloss><tr class=mo><td>u-na-kuj-a</td><td>pamoja</td><td>bwawa-ni</td><td>l-a</td><td>ku-ogele-a</td></tr><tr class=la><td>2SG-PRS-come-IND</td><td>together</td><td>CL5.pool-LOC</td><td>CL5-GEN</td><td>CL15-swim-IND</td></tr></table><div class=konkordanz>class 5: SUBJ li- · ADJ ji-/Ø · GEN la · DEM hili/lile · POSS l- · REL -lo · class 15: SUBJ ku- · ADJ ku- · GEN kwa · DEM huku/kule · POSS kw- · REL -ko</div><div class=hinweis>Schwimmbad als bwawa la kuogelea</div>	A1 SD1 S Schwimmbad
Come on, let us drive to Lake Starnberg.	Njoo, tunasafiri hadi ziwa la Starnberg.<hr><table class=gloss><tr class=mo><td>njoo</td><td>tu-na-safiri</td><td>hadi</td><td>ziwa</td><td>l-a</td><td>Starnberg</td></tr><tr class=la><td>come</td><td>1PL-PRS-travel</td><td>until</td><td>CL5.lake</td><td>CL5-GEN</td><td>Starnberg</td></tr></table><div class=klassen>ziwa class 5/6 (ji-/Ø › ma-) → maziwa</div><div class=konkordanz>class 5: SUBJ li- · ADJ ji-/Ø · GEN la · DEM hili/lile · POSS l- · REL -lo</div><div class=hinweis>ziwa Kl.5, Plural maziwa Kl.6</div>	A1 SD1 S See
I cannot see you.	Siwezi kukuona.<hr><table class=gloss><tr class=mo><td>si-wez-i</td><td>ku-ku-on-a</td></tr><tr class=la><td>1SG.NEG-can-NEG</td><td>CL15-OBJ2SG-see-IND</td></tr></table><div class=konkordanz>class 15: SUBJ ku- · ADJ ku- · GEN kwa · DEM huku/kule · POSS kw- · REL -ko</div><div class=hinweis>Objektpräfix -ku- zwischen ku- und Wurzel</div>	A1 SD1 S sehen
I have seen this boy before.	Nimekwisha kumwona mvulana huyu mara moja.<hr><table class=gloss><tr class=mo><td>ni-me-kwish-a</td><td>ku-mw-on-a</td><td>m-vulana</td><td>huyu</td><td>mara</td><td>moja</td></tr><tr class=la><td>1SG-PRF-finish-IND</td><td>CL15-OBJ1-see-IND</td><td>CL1-boy</td><td>CL1.DEM</td><td>CL9.time</td><td>one</td></tr></table><div class=klassen>mvulana class 1/2 (m-/mw- › wa-) → wavulana</div><div class=konkordanz>class 1: SUBJ a- · ADJ m-/mw- · GEN wa · DEM huyu/yule · POSS w- · REL -ye</div><div class=hinweis>Objektpräfix -m- wird vor Vokal zu -mw-</div>	A1 SD1 S sehen
What sights are there in Frankfurt?	Vivutio vipi vipo Frankfurt?<hr><table class=gloss><tr class=mo><td>vi-vutio</td><td>vipi</td><td>vi-po</td><td>Frankfurt</td></tr><tr class=la><td>CL8-sight</td><td>CL8.which</td><td>CL8-be.there</td><td>Frankfurt</td></tr></table><div class=klassen>kivutio class 7/8 (ki- › vi-) → vivutio</div><div class=konkordanz>class 7: SUBJ ki- · ADJ ki- · GEN cha · DEM hiki/kile · POSS ch- · REL -cho</div><div class=hinweis>Dreifache Kl.8-Kongruenz: vivutio, vipi, vipo</div>	A1 SD1 S Sehenswürdigkeit
Many thanks!	Asante sana!<hr><table class=gloss><tr class=mo><td>asante</td><td>sana</td></tr><tr class=la><td>thanks</td><td>very</td></tr></table><div class=hinweis>sana verstärkt stets das Vorangehende</div>	A1 SD1 S sehr
That is very difficult.	Hiyo ni ngumu sana.<hr><table class=gloss><tr class=mo><td>hiyo</td><td>ni</td><td>n-gumu</td><td>sana</td></tr><tr class=la><td>CL9.DEM</td><td>COP</td><td>CL9-heavy</td><td>very</td></tr></table><div class=konkordanz>class 9: SUBJ i- · ADJ Ø/n- · GEN ya · DEM hii/ile · POSS y- · REL -yo</div><div class=hinweis>ngumu mit Nasalpräfix der Kl.9</div>	A1 SD1 S sehr
Mr Müller is in his room.	Bwana Müller yuko kwenye chumba chake.<hr><table class=gloss><tr class=mo><td>bwana</td><td>Müller</td><td>yu-ko</td><td>kwenye</td><td>ki-umba</td><td>ch-ake</td></tr><tr class=la><td>CL5/CL1.mister</td><td>Müller</td><td>3SG-be.there</td><td>at</td><td>CL7-room</td><td>CL7-be</td></tr></table><div class=klassen>bwana class 5/6 (ji-/Ø › ma-) → mabwana [person: form class 5/6, agreement class 1/2] · chumba class 7/8 (ki- › vi-) → vyumba</div><div class=konkordanz>class 1: SUBJ a- · ADJ m-/mw- · GEN wa · DEM huyu/yule · POSS w- · REL -ye · class 7: SUBJ ki- · ADJ ki- · GEN cha · DEM hiki/kile · POSS ch- · REL -cho</div><div class=hinweis>yuko für Personen, chake für das Zimmer Kl.7</div>	A1 SD1 S sein
I am cold.	Ninahisi baridi.<hr><table class=gloss><tr class=mo><td>ni-na-hisi</td><td>baridi</td></tr><tr class=la><td>1SG-PRS-feel</td><td>CL9.cold</td></tr></table><div class=konkordanz>class 9: SUBJ i- · ADJ Ø/n- · GEN ya · DEM hii/ile · POSS y- · REL -yo</div><div class=hinweis>Kälte fühlen statt kalt sein</div>	A1 SD1 S sein
I am twenty-three.	Nina miaka ishirini na tatu.<hr><table class=gloss><tr class=mo><td>ni-na</td><td>mi-aka</td><td>ishirini</td><td>na</td><td>tatu</td></tr><tr class=la><td>1SG-have</td><td>CL4-year</td><td>twenty</td><td>and</td><td>three</td></tr></table><div class=klassen>mwaka wa kuzaliwa class 3/4 (m-/mw- › mi-) → miaka ya kuzaliwa [genitive agrees with the head noun]</div><div class=konkordanz>class 3: SUBJ u- · ADJ m-/mw- · GEN wa · DEM huu/ule · POSS w- · REL -o</div><div class=hinweis>dreiundzwanzig = ishirini na tatu</div>	A1 SD1 S sein
The light is still on.	Taa ingali imewashwa.<hr><table class=gloss><tr class=mo><td>taa</td><td>i-ngali</td><td>i-me-wash-w-a</td></tr><tr class=la><td>CL9.lamp</td><td>CL9-still.be</td><td>CL9-PRF-switch.on-PASS-IND</td></tr></table><div class=konkordanz>class 9: SUBJ i- · ADJ Ø/n- · GEN ya · DEM hii/ile · POSS y- · REL -yo</div><div class=hinweis>ingali plus Perfekt heißt &quot;ist noch&quot;</div>	A1 SD1 S an_sein
The window is still open.	Dirisha lingali limefunguliwa.<hr><table class=gloss><tr class=mo><td>dirisha</td><td>li-ngali</td><td>li-me-fungu-liw-a</td></tr><tr class=la><td>CL5.window</td><td>CL5-still.be</td><td>CL5-PRF-open-PASS-IND</td></tr></table><div class=konkordanz>class 5: SUBJ li- · ADJ ji-/Ø · GEN la · DEM hili/lile · POSS l- · REL -lo</div><div class=hinweis>Zweifache Kl.5-Kongruenz: lingali und limefunguliwa</div>	A1 SD1 S auf_sein
Mr Meier has already left.	Bwana Meier amekwisha kwenda.<hr><table class=gloss><tr class=mo><td>bwana</td><td>Meier</td><td>a-me-kwish-a</td><td>kw-end-a</td></tr><tr class=la><td>CL5/CL1.mister</td><td>Meier</td><td>3SG-PRF-finish-IND</td><td>CL15-go-IND</td></tr></table><div class=klassen>bwana class 5/6 (ji-/Ø › ma-) → mabwana [person: form class 5/6, agreement class 1/2]</div><div class=konkordanz>class 1: SUBJ a- · ADJ m-/mw- · GEN wa · DEM huyu/yule · POSS w- · REL -ye</div><div class=hinweis>weg sein wird als &quot;schon gegangen&quot; ausgedrückt</div>	A1 SD1 S weg_sein
The door is shut.	Mlango umefungwa.<hr><table class=gloss><tr class=mo><td>m-lango</td><td>u-me-fung-w-a</td></tr><tr class=la><td>CL3-door</td><td>CL3-PRF-close-PASS-IND</td></tr></table><div class=konkordanz>class 3: SUBJ u- · ADJ m-/mw- · GEN wa · DEM huu/ule · POSS w- · REL -o</div><div class=hinweis>Passiv Perfekt für den erreichten Zustand</div>	A1 SD1 S zu_sein
I have lived in Cologne for three years.	Nakaa Köln tangu miaka mitatu.<hr><table class=gloss><tr class=mo><td>na-ka-a</td><td>Köln</td><td>tangu</td><td>mi-aka</td><td>mi-tatu</td></tr><tr class=la><td>1SG.PRS.GNRL-live-IND</td><td>Cologne</td><td>since</td><td>CL4-year</td><td>CL4-three</td></tr></table><div class=klassen>mwaka wa kuzaliwa class 3/4 (m-/mw- › mi-) → miaka ya kuzaliwa [genitive agrees with the head noun]</div><div class=konkordanz>class 3: SUBJ u- · ADJ m-/mw- · GEN wa · DEM huu/ule · POSS w- · REL -o</div><div class=hinweis>Zahlwort mitatu trägt das Kl.4-Präfix</div>	A1 SD1 S seit
He is self-employed.	Anajitegemea.<hr><table class=gloss><tr class=mo><td>a-na-ji-tegeme-a</td></tr><tr class=la><td>3SG-PRS-REFL-rely-IND</td></tr></table><div class=hinweis>Reflexiv -ji-: sich auf sich selbst stützen</div>	A1 SD1 S selbstständig
You have to register first.	Kwanza lazima mjiandikishe.<hr><table class=gloss><tr class=mo><td>kwanza</td><td>lazima</td><td>m-ji-andikish-e</td></tr><tr class=la><td>first</td><td>must</td><td>2PL-REFL-register-SBJV</td></tr></table><div class=hinweis>Reflexiv -ji- ersetzt das deutsche sich</div>	A1 SD1 S sich
What is her name?	Anaitwa nani?<hr><table class=gloss><tr class=mo><td>a-na-it-w-a</td><td>nani</td></tr><tr class=la><td>3SG-PRS-call-PASS-IND</td><td>who</td></tr></table><div class=hinweis>Swahili unterscheidet nicht er und sie</div>	A1 SD1 S sie
What is your name, please?	Mnaitwa nani, tafadhali?<hr><table class=gloss><tr class=mo><td>m-na-it-w-a</td><td>nani</td><td>tafadhali</td></tr><tr class=la><td>2PL-PRS-call-PASS-IND</td><td>who</td><td>please</td></tr></table><div class=hinweis>Höfliches Sie wird 2PL</div>	A1 SD1 S Sie
Where are you sitting?	Mnakaa wapi?<hr><table class=gloss><tr class=mo><td>m-na-ka-a</td><td>wapi</td></tr><tr class=la><td>2PL-PRS-sit-IND</td><td>where</td></tr></table><div class=hinweis>kukaa heißt sitzen, wohnen und bleiben</div>	A1 SD1 S sitzen
You have to do it like this!	Lazima mfanye hivi!<hr><table class=gloss><tr class=mo><td>lazima</td><td>m-fany-e</td><td>hivi</td></tr><tr class=la><td>must</td><td>2PL-do-SBJV</td><td>so</td></tr></table><div class=hinweis>hivi zeigt auf die Art und Weise</div>	A1 SD1 S so
Please do not drive so fast!	Tafadhali msiendeshe kwa kasi hivyo!<hr><table class=gloss><tr class=mo><td>tafadhali</td><td>m-si-endesh-e</td><td>kwa</td><td>kasi</td><td>hivyo</td></tr><tr class=la><td>please</td><td>2PL-NEG-drive-SBJV</td><td>with</td><td>CL9.speed</td><td>so</td></tr></table><div class=konkordanz>class 9: SUBJ i- · ADJ Ø/n- · GEN ya · DEM hii/ile · POSS y- · REL -yo</div><div class=hinweis>Verbot mit -si- und Konjunktiv</div>	A1 SD1 S so
My wife is as tall as I am.	Mke wangu ni mrefu kama mimi.<hr><table class=gloss><tr class=mo><td>mke</td><td>w-angu</td><td>ni</td><td>m-refu</td><td>kama</td><td>mimi</td></tr><tr class=la><td>CL1.wife</td><td>CL1-my</td><td>COP</td><td>CL1-big</td><td>how</td><td>I</td></tr></table><div class=klassen>mke class 1/2 (m-/mw- › wa-) → wake [husband = &quot;mume&quot; class 1/2]</div><div class=konkordanz>class 1: SUBJ a- · ADJ m-/mw- · GEN wa · DEM huyu/yule · POSS w- · REL -ye</div><div class=hinweis>kama bildet den Gleichheitsvergleich</div>	A1 SD1 S so
Well, that is that!	Basi, hiyo ni yote!<hr><table class=gloss><tr class=mo><td>basi</td><td>hiyo</td><td>ni</td><td>y-ote</td></tr><tr class=la><td>so</td><td>CL9.DEM</td><td>COP</td><td>CL9-all</td></tr></table><div class=klassen>basi class 5/6 (ji-/Ø › ma-) → mabasi</div><div class=konkordanz>class 5: SUBJ li- · ADJ ji-/Ø · GEN la · DEM hili/lile · POSS l- · REL -lo</div><div class=hinweis>yote kongruiert mit hiyo Kl.9</div>	A1 SD1 S so
The sofa is new.	Sofa ni mpya.<hr><table class=gloss><tr class=mo><td>sofa</td><td>ni</td><td>m-pya</td></tr><tr class=la><td>CL9.sofa</td><td>COP</td><td>CL9-new</td></tr></table><div class=klassen>sofa class 9/10 (Ø/n-) → sofa — number shows only in the agreement [loanword]</div><div class=konkordanz>class 9: SUBJ i- · ADJ Ø/n- · GEN ya · DEM hii/ile · POSS y- · REL -yo</div><div class=hinweis>sofa ist Kl.9 und Kl.10 gleich</div>	A1 SD1 S Sofa
Please reply immediately.	Tafadhali jibuni mara moja.<hr><table class=gloss><tr class=mo><td>tafadhali</td><td>jibu-ni</td><td>mara</td><td>moja</td></tr><tr class=la><td>please</td><td>answer-IMP.PL</td><td>CL9.time</td><td>one</td></tr></table><div class=konkordanz>class 9: SUBJ i- · ADJ Ø/n- · GEN ya · DEM hii/ile · POSS y- · REL -yo</div><div class=hinweis>sofort = mara moja, &quot;auf einmal&quot;</div>	A1 SD1 S sofort
This is Hans, my son.	Huyu ni Hans, mwana wangu.<hr><table class=gloss><tr class=mo><td>huyu</td><td>ni</td><td>Hans</td><td>mw-ana</td><td>w-angu</td></tr><tr class=la><td>CL1.DEM</td><td>COP</td><td>Hans</td><td>CL1-son</td><td>CL1-my</td></tr></table><div class=klassen>mwana class 1/2 (m-/mw- › wa-) → wana</div><div class=konkordanz>class 1: SUBJ a- · ADJ m-/mw- · GEN wa · DEM huyu/yule · POSS w- · REL -ye</div><div class=hinweis>mwana Kl.1, Plural wana Kl.2</div>	A1 SD1 S Sohn
Shall I come?	Nije?<hr><table class=gloss><tr class=mo><td>ni-j-e</td></tr><tr class=la><td>1SG-come-SBJV</td></tr></table><div class=hinweis>Konjunktiv allein bildet die Frage nach dem Sollen</div>	A1 SD1 S sollen
What shall I bring?	Nilete nini?<hr><table class=gloss><tr class=mo><td>ni-let-e</td><td>nini</td></tr><tr class=la><td>1SG-bring-SBJV</td><td>what</td></tr></table><div class=hinweis>Konjunktiv ohne lazima für Angebote</div>	A1 SD1 S sollen
The sun is shining.	Jua linawaka.<hr><table class=gloss><tr class=mo><td>jua</td><td>li-na-wak-a</td></tr><tr class=la><td>CL5.sun</td><td>CL5-PRS-shine-IND</td></tr></table><div class=klassen>jua class 5/6 (ji-/Ø › ma-) → majua [usually singular]</div><div class=konkordanz>class 5: SUBJ li- · ADJ ji-/Ø · GEN la · DEM hili/lile · POSS l- · REL -lo</div><div class=hinweis>jua Kl.5 nimmt das Subjektpräfix li-</div>	A1 SD1 S Sonne
It is late already, I have to go.	Ni kuchelewa tayari, lazima niende.<hr><table class=gloss><tr class=mo><td>ni</td><td>ku-chelew-a</td><td>tayari</td><td>lazima</td><td>ni-end-e</td></tr><tr class=la><td>COP</td><td>CL15-be.late-IND</td><td>already</td><td>must</td><td>1SG-go-SBJV</td></tr></table><div class=konkordanz>class 15: SUBJ ku- · ADJ ku- · GEN kwa · DEM huku/kule · POSS kw- · REL -ko</div><div class=hinweis>spät als Verbalnomen der Kl.15</div>	A1 SD1 S spät
We can do that later.	Hii tunaweza kuifanya baadaye.<hr><table class=gloss><tr class=mo><td>hii</td><td>tu-na-wez-a</td><td>ku-i-fany-a</td><td>baadaye</td></tr><tr class=la><td>CL9.DEM</td><td>1PL-PRS-can-IND</td><td>CL15-OBJ9-do-IND</td><td>later</td></tr></table><div class=konkordanz>class 9: SUBJ i- · ADJ Ø/n- · GEN ya · DEM hii/ile · POSS y- · REL -yo · class 15: SUBJ ku- · ADJ ku- · GEN kwa · DEM huku/kule · POSS kw- · REL -ko</div><div class=hinweis>Objektpräfix -i- greift hii Kl.9 auf</div>	A1 SD1 S später
Bring me the menu, please.	Tafadhali niletee menyu.<hr><table class=gloss><tr class=mo><td>tafadhali</td><td>ni-let-e-e</td><td>menyu</td></tr><tr class=la><td>please</td><td>OBJ1SG-bring-APPL-SBJV</td><td>CL9.menu</td></tr></table><div class=klassen>menyu class 9/10 (Ø/n-) → menyu — number shows only in the agreement [loanword]</div><div class=konkordanz>class 9: SUBJ i- · ADJ Ø/n- · GEN ya · DEM hii/ile · POSS y- · REL -yo</div><div class=hinweis>Applikativ plus Konjunktiv als höfliche Bitte</div>	A1 SD1 S Speisekarte
The children are playing outside.	Watoto wanachezea nje.<hr><table class=gloss><tr class=mo><td>watoto</td><td>wa-na-chez-e-a</td><td>nje</td></tr><tr class=la><td>CL2.child</td><td>CL2-PRS-play-APPL-IND</td><td>outside</td></tr></table><div class=klassen>mtoto class 1/2 (m-/mw- › wa-) → watoto</div><div class=konkordanz>class 1: SUBJ a- · ADJ m-/mw- · GEN wa · DEM huyu/yule · POSS w- · REL -ye</div><div class=hinweis>Applikativ -e- verlangt die Ortsangabe</div>	A1 SD1 S spielen
Do you play cards?	Mnacheza karata?<hr><table class=gloss><tr class=mo><td>m-na-chez-a</td><td>karata</td></tr><tr class=la><td>2PL-PRS-play-IND</td><td>CL10.playing.card</td></tr></table><div class=konkordanz>class 10: SUBJ zi- · ADJ Ø/n- · GEN za · DEM hizi/zile · POSS z- · REL -zo</div><div class=hinweis>karata ist die Spielkarte, kadi die Postkarte</div>	A1 SD1 S spielen
I do a lot of sport.	Nafanya michezo mingi.<hr><table class=gloss><tr class=mo><td>na-fany-a</td><td>mi-chezo</td><td>mi-ngi</td></tr><tr class=la><td>1SG.PRS.GNRL-do-IND</td><td>CL4-sport</td><td>CL4-much</td></tr></table><div class=klassen>mchezo class 3/4 (m-/mw- › mi-) → michezo</div><div class=konkordanz>class 3: SUBJ u- · ADJ m-/mw- · GEN wa · DEM huu/ule · POSS w- · REL -o</div><div class=hinweis>mingi kongruiert mit michezo Kl.4</div>	A1 SD1 S Sport
What languages do you speak?	Unasema lugha zipi?<hr><table class=gloss><tr class=mo><td>u-na-sem-a</td><td>lugha</td><td>zipi</td></tr><tr class=la><td>2SG-PRS-speak-IND</td><td>CL10.language</td><td>CL10.which</td></tr></table><div class=klassen>lugha class 9/10 (Ø/n-) → lugha — number shows only in the agreement</div><div class=konkordanz>class 9: SUBJ i- · ADJ Ø/n- · GEN ya · DEM hii/ile · POSS y- · REL -yo</div><div class=hinweis>zipi ist das Fragewort der Kl.10</div>	A1 SD1 S Sprache
Can I speak to Mr Klein?	Naweza kuzungumza na Bwana Klein?<hr><table class=gloss><tr class=mo><td>na-wez-a</td><td>ku-zungumz-a</td><td>na</td><td>bwana</td><td>Klein</td></tr><tr class=la><td>1SG.PRS.GNRL-can-IND</td><td>CL15-speak-IND</td><td>with</td><td>CL5/CL1.mister</td><td>Klein</td></tr></table><div class=klassen>bwana class 5/6 (ji-/Ø › ma-) → mabwana [person: form class 5/6, agreement class 1/2]</div><div class=konkordanz>class 1: SUBJ a- · ADJ m-/mw- · GEN wa · DEM huyu/yule · POSS w- · REL -ye</div><div class=hinweis>kuzungumza na für ein Gespräch mit jemandem</div>	A1 SD1 S sprechen
Heidelberg is an old city.	Heidelberg ni mji wa kale.<hr><table class=gloss><tr class=mo><td>Heidelberg</td><td>ni</td><td>m-ji</td><td>w-a</td><td>kale</td></tr><tr class=la><td>Heidelberg</td><td>COP</td><td>CL3-town</td><td>CL3-GEN</td><td>antiquity</td></tr></table><div class=klassen>mji class 3/4 (m-/mw- › mi-) → miji</div><div class=konkordanz>class 3: SUBJ u- · ADJ m-/mw- · GEN wa · DEM huu/ule · POSS w- · REL -o</div><div class=hinweis>wa kale heißt &quot;des Altertums&quot;</div>	A1 SD1 S Stadt
I do not believe it, but it is in the paper.	Siamini, lakini imeandikwa kwenye gazeti.<hr><table class=gloss><tr class=mo><td>si-amini</td><td>lakini</td><td>i-me-andik-w-a</td><td>kwenye</td><td>gazeti</td></tr><tr class=la><td>1SG.NEG-believe</td><td>but</td><td>CL9-PRF-write-PASS-IND</td><td>at</td><td>CL5.newspaper</td></tr></table><div class=klassen>gazeti class 5/6 (ji-/Ø › ma-) → magazeti</div><div class=konkordanz>class 5: SUBJ li- · ADJ ji-/Ø · GEN la · DEM hili/lile · POSS l- · REL -lo</div><div class=hinweis>stehen in der Zeitung = geschrieben sein</div>	A1 SD1 S stehen
The bus is already at the stop.	Basi limesimama kituoni tayari.<hr><table class=gloss><tr class=mo><td>basi</td><td>li-me-simam-a</td><td>kituo-ni</td><td>tayari</td></tr><tr class=la><td>CL5.bus</td><td>CL5-PRF-stop-IND</td><td>CL7.stop-LOC</td><td>already</td></tr></table><div class=klassen>basi class 5/6 (ji-/Ø › ma-) → mabasi</div><div class=konkordanz>class 5: SUBJ li- · ADJ ji-/Ø · GEN la · DEM hili/lile · POSS l- · REL -lo</div><div class=hinweis>Ortssuffix -ni an kituo Kl.7</div>	A1 SD1 S stehen
I have a new job.	Nina nafasi mpya.<hr><table class=gloss><tr class=mo><td>ni-na</td><td>nafasi</td><td>m-pya</td></tr><tr class=la><td>1SG-have</td><td>CL9.position</td><td>CL9-new</td></tr></table><div class=klassen>nafasi class 9/10 (Ø/n-) → nafasi — number shows only in the agreement [seat; place = &quot;mahali&quot; class 16]</div><div class=konkordanz>class 9: SUBJ i- · ADJ Ø/n- · GEN ya · DEM hii/ile · POSS y- · REL -yo</div><div class=hinweis>nafasi deckt Platz, Stelle und Gelegenheit ab</div>	A1 SD1 S Stelle
Put the bag in the right-hand corner!	Weka mfuko kwenye kona ya kulia!<hr><table class=gloss><tr class=mo><td>wek-a</td><td>m-fuko</td><td>kwenye</td><td>kona</td><td>y-a</td><td>ku-lia</td></tr><tr class=la><td>place-IMP</td><td>CL3-bag</td><td>at</td><td>CL9.corner</td><td>CL9-GEN</td><td>CL17-right</td></tr></table><div class=klassen>mfuko class 3/4 (m-/mw- › mi-) → mifuko · kona class 9/10 (Ø/n-) → kona — number shows only in the agreement [loanword]</div><div class=konkordanz>class 3: SUBJ u- · ADJ m-/mw- · GEN wa · DEM huu/ule · POSS w- · REL -o · class 9: SUBJ i- · ADJ Ø/n- · GEN ya · DEM hii/ile · POSS y- · REL -yo</div><div class=hinweis>kuweka stellt, kusimama steht</div>	A1 SD1 S stellen
Our flat is on the first floor.	Nyumba yetu iko ghorofa ya kwanza.<hr><table class=gloss><tr class=mo><td>nyumba</td><td>y-etu</td><td>i-ko</td><td>ghorofa</td><td>y-a</td><td>kwanza</td></tr><tr class=la><td>CL9.house</td><td>CL9-our</td><td>CL9-be.there</td><td>CL9.floor</td><td>CL9-GEN</td><td>first</td></tr></table><div class=klassen>nyumba class 9/10 (Ø/n-) → nyumba — number shows only in the agreement · ghorofa class 9/10 (Ø/n-) → ghorofa — number shows only in the agreement [storey]</div><div class=konkordanz>class 9: SUBJ i- · ADJ Ø/n- · GEN ya · DEM hii/ile · POSS y- · REL -yo</div><div class=hinweis>ghorofa bezeichnet Etage und Hochhaus</div>	A1 SD1 S Stock
Which street do you live in?	Mnakaa barabara ipi?<hr><table class=gloss><tr class=mo><td>m-na-ka-a</td><td>barabara</td><td>ipi</td></tr><tr class=la><td>2PL-PRS-live-IND</td><td>CL9.street</td><td>CL9.which</td></tr></table><div class=klassen>barabara class 9/10 (Ø/n-) → barabara — number shows only in the agreement</div><div class=konkordanz>class 9: SUBJ i- · ADJ Ø/n- · GEN ya · DEM hii/ile · POSS y- · REL -yo</div><div class=hinweis>ipi kongruiert mit barabara Kl.9</div>	A1 SD1 S Straße
Where does the tram leave from?	Tramu inaondoka wapi?<hr><table class=gloss><tr class=mo><td>tramu</td><td>i-na-ondok-a</td><td>wapi</td></tr><tr class=la><td>CL9.tram</td><td>CL9-PRS-depart-IND</td><td>where</td></tr></table><div class=klassen>tramu class 9/10 (Ø/n-) → tramu — number shows only in the agreement [loanword]</div><div class=konkordanz>class 9: SUBJ i- · ADJ Ø/n- · GEN ya · DEM hii/ile · POSS y- · REL -yo</div><div class=hinweis>tramu ist Kl.9 und Kl.10 gleich</div>	A1 SD1 S Straßenbahn
I study in Mainz.	Nasoma Mainz.<hr><table class=gloss><tr class=mo><td>na-som-a</td><td>Mainz</td></tr><tr class=la><td>1SG.PRS.GNRL-study-IND</td><td>Mainz</td></tr></table><div class=hinweis>kusoma heißt lesen, lernen und studieren</div>	A1 SD1 S studieren
The course starts in October.	Masomo yanaanza Oktoba.<hr><table class=gloss><tr class=mo><td>ma-somo</td><td>ya-na-anz-a</td><td>Oktoba</td></tr><tr class=la><td>CL6-studies</td><td>CL6-PRS-begin-IND</td><td>October</td></tr></table><div class=klassen>masomo class 6 (ma-), no number change [plural only]</div><div class=konkordanz>class 6: SUBJ ya- · ADJ ma- · GEN ya · DEM haya/yale · POSS y- · REL -yo</div><div class=hinweis>masomo ist Kl.6 und hat keinen Singular</div>	A1 SD1 S Studium
I am a student.	Mimi ni mwanafunzi.<hr><table class=gloss><tr class=mo><td>mimi</td><td>ni</td><td>mw-anafunzi</td></tr><tr class=la><td>I</td><td>COP</td><td>CL1-student</td></tr></table><div class=klassen>mwanafunzi class 1/2 (m-/mw- › wa-) → wanafunzi</div><div class=konkordanz>class 1: SUBJ a- · ADJ m-/mw- · GEN wa · DEM huyu/yule · POSS w- · REL -ye</div><div class=hinweis>mwanafunzi gilt für Schüler und Studenten</div>	A1 SD1 S Student
I will be back in an hour.	Nitarudi baada ya saa moja.<hr><table class=gloss><tr class=mo><td>ni-ta-rudi</td><td>baada</td><td>y-a</td><td>saa</td><td>moja</td></tr><tr class=la><td>1SG-FUT-return</td><td>after</td><td>CL9-GEN</td><td>CL9.hour</td><td>one</td></tr></table><div class=klassen>saa class 9/10 (Ø/n-) → saa — number shows only in the agreement [also &quot;clock&quot;]</div><div class=konkordanz>class 9: SUBJ i- · ADJ Ø/n- · GEN ya · DEM hii/ile · POSS y- · REL -yo</div><div class=hinweis>saa moja heißt hier &quot;eine Stunde&quot;, nicht 7 Uhr</div>	A1 SD1 S Stunde
Are you looking for something?	Unatafuta kitu?<hr><table class=gloss><tr class=mo><td>u-na-tafut-a</td><td>ki-tu</td></tr><tr class=la><td>2SG-PRS-search-IND</td><td>CL7-thing</td></tr></table><div class=konkordanz>class 7: SUBJ ki- · ADJ ki- · GEN cha · DEM hiki/kile · POSS ch- · REL -cho</div><div class=hinweis>kitu dient als unbestimmtes &quot;etwas&quot;</div>	A1 SD1 S suchen
Do you like dancing?	Mnapenda kucheza?<hr><table class=gloss><tr class=mo><td>m-na-pend-a</td><td>ku-chez-a</td></tr><tr class=la><td>2PL-PRS-like-IND</td><td>CL15-dance-IND</td></tr></table><div class=konkordanz>class 15: SUBJ ku- · ADJ ku- · GEN kwa · DEM huku/kule · POSS kw- · REL -ko</div><div class=hinweis>kucheza heißt spielen und tanzen</div>	A1 SD1 T tanzen
I have the keys in my bag.	Nina funguo kwenye mfuko.<hr><table class=gloss><tr class=mo><td>ni-na</td><td>funguo</td><td>kwenye</td><td>m-fuko</td></tr><tr class=la><td>1SG-have</td><td>CL10.key</td><td>at</td><td>CL3-bag</td></tr></table><div class=klassen>ufunguo class 11/10 (u- › Ø/n-) → funguo · mfuko class 3/4 (m-/mw- › mi-) → mifuko</div><div class=konkordanz>class 11: SUBJ u- · ADJ m-/mw- · GEN wa · DEM huu/ule · POSS w- · REL -o · class 3: SUBJ u- · ADJ m-/mw- · GEN wa · DEM huu/ule · POSS w- · REL -o</div><div class=hinweis>funguo Kl.10, Singular ufunguo Kl.11</div>	A1 SD1 T Tasche
There is no bus today. He is going by taxi.	Leo hakuna basi tena. Anasafiri kwa teksi.<hr><table class=gloss><tr class=mo><td>leo</td><td>haku-na</td><td>basi</td><td>tena</td><td>a-na-safiri</td><td>kwa</td><td>teksi</td></tr><tr class=la><td>today</td><td>CL17.NEG-with</td><td>CL5.bus</td><td>more</td><td>3SG-PRS-travel</td><td>with</td><td>CL9.taxi</td></tr></table><div class=klassen>basi class 5/6 (ji-/Ø › ma-) → mabasi · teksi class 9/10 (Ø/n-) → teksi — number shows only in the agreement [loanword]</div><div class=konkordanz>class 5: SUBJ li- · ADJ ji-/Ø · GEN la · DEM hili/lile · POSS l- · REL -lo · class 9: SUBJ i- · ADJ Ø/n- · GEN ya · DEM hii/ile · POSS y- · REL -yo</div><div class=hinweis>hakuna verneint das Vorhandensein</div>	A1 SD1 T Taxi
I always drink tea in the morning.	Asubuhi nanywa chai kila mara.<hr><table class=gloss><tr class=mo><td>asubuhi</td><td>na-nyw-a</td><td>chai</td><td>kila</td><td>mara</td></tr><tr class=la><td>CL9.morning</td><td>1SG.PRS.GNRL-drink-IND</td><td>CL9.tea</td><td>every</td><td>CL9.time</td></tr></table><div class=klassen>chai class 9/10 (Ø/n-) → chai — number shows only in the agreement</div><div class=konkordanz>class 9: SUBJ i- · ADJ Ø/n- · GEN ya · DEM hii/ile · POSS y- · REL -yo</div><div class=hinweis>kunywa hat den unregelmäßigen Stamm nyw-</div>	A1 SD1 T Tee
Please read the second part too.	Tafadhali soma pia sehemu ya pili.<hr><table class=gloss><tr class=mo><td>tafadhali</td><td>som-a</td><td>pia</td><td>sehemu</td><td>y-a</td><td>pili</td></tr><tr class=la><td>please</td><td>read-IMP</td><td>also</td><td>CL9.part</td><td>CL9-GEN</td><td>second</td></tr></table><div class=klassen>sehemu class 9/10 (Ø/n-) → sehemu — number shows only in the agreement</div><div class=konkordanz>class 9: SUBJ i- · ADJ Ø/n- · GEN ya · DEM hii/ile · POSS y- · REL -yo</div><div class=hinweis>Ordnungszahlen stehen hinter dem Genitiv</div>	A1 SD1 T Teil
May I make a phone call?	Naweza kupiga simu?<hr><table class=gloss><tr class=mo><td>na-wez-a</td><td>ku-pig-a</td><td>simu</td></tr><tr class=la><td>1SG.PRS.GNRL-can-IND</td><td>CL15-hit-IND</td><td>CL9.phone</td></tr></table><div class=klassen>simu class 9/10 (Ø/n-) → simu — number shows only in the agreement</div><div class=konkordanz>class 9: SUBJ i- · ADJ Ø/n- · GEN ya · DEM hii/ile · POSS y- · REL -yo</div><div class=hinweis>telefonieren = kupiga simu</div>	A1 SD1 T telefonieren
Do you have a telephone?	Mnayo simu?<hr><table class=gloss><tr class=mo><td>m-na-yo</td><td>simu</td></tr><tr class=la><td>2PL-have-REL9</td><td>CL9.phone</td></tr></table><div class=klassen>simu class 9/10 (Ø/n-) → simu — number shows only in the agreement</div><div class=konkordanz>class 9: SUBJ i- · ADJ Ø/n- · GEN ya · DEM hii/ile · POSS y- · REL -yo</div><div class=hinweis>simu heißt Telefon und Anruf</div>	A1 SD1 T Telefon
It is best if we make an appointment right away.	Ni bora tufanye miadi mara moja.<hr><table class=gloss><tr class=mo><td>ni</td><td>bora</td><td>tu-fany-e</td><td>miadi</td><td>mara</td><td>moja</td></tr><tr class=la><td>COP</td><td>better</td><td>1PL-do-SBJV</td><td>CL9.appointment</td><td>CL9.time</td><td>one</td></tr></table><div class=klassen>miadi class 9/10 (Ø/n-) → miadi — number shows only in the agreement</div><div class=konkordanz>class 9: SUBJ i- · ADJ Ø/n- · GEN ya · DEM hii/ile · POSS y- · REL -yo</div><div class=hinweis>ni bora plus Konjunktiv für einen Vorschlag</div>	A1 SD1 T Termin
The test was easy.	Mtihani ulikuwa rahisi.<hr><table class=gloss><tr class=mo><td>m-tihani</td><td>u-li-kuw-a</td><td>rahisi</td></tr><tr class=la><td>CL3-test</td><td>CL3-PST-be-IND</td><td>easy</td></tr></table><div class=klassen>mtihani class 3/4 (m-/mw- › mi-) → mitihani</div><div class=konkordanz>class 3: SUBJ u- · ADJ m-/mw- · GEN wa · DEM huu/ule · POSS w- · REL -o</div><div class=hinweis>Vergangenheit mit -li- plus kuwa</div>	A1 SD1 T Test
That is too expensive for me.	Hiyo ni ghali mno kwangu.<hr><table class=gloss><tr class=mo><td>hiyo</td><td>ni</td><td>ghali</td><td>mno</td><td>kw-angu</td></tr><tr class=la><td>CL9.DEM</td><td>COP</td><td>expensive</td><td>to</td><td>CL17-my</td></tr></table><div class=konkordanz>class 9: SUBJ i- · ADJ Ø/n- · GEN ya · DEM hii/ile · POSS y- · REL -yo · class 17: SUBJ ku- · ADJ ku- · GEN kwa · DEM huku/kule · POSS kw- · REL -ko</div><div class=hinweis>mno heißt &quot;allzu&quot;, kwangu &quot;für mich&quot;</div>	A1 SD1 T teuer
Please read this text.	Tafadhali someni maandishi haya.<hr><table class=gloss><tr class=mo><td>tafadhali</td><td>som-eni</td><td>ma-andishi</td><td>haya</td></tr><tr class=la><td>please</td><td>read-IMP.PL</td><td>CL6-text</td><td>CL6.DEM</td></tr></table><div class=klassen>maandishi class 6 (ma-), no number change [plural only]</div><div class=konkordanz>class 6: SUBJ ya- · ADJ ma- · GEN ya · DEM haya/yale · POSS y- · REL -yo</div><div class=hinweis>maandishi ist Kl.6 und hat keinen Singular</div>	A1 SD1 T Text
Today we are talking about the topic "Eating and Drinking".	Leo tunazungumza kuhusu mada "Kula na Kunywa".<hr><table class=gloss><tr class=mo><td>leo</td><td>tu-na-zungumz-a</td><td>kuhusu</td><td>mada</td><td>ku-l-a</td><td>na</td><td>ku-nyw-a</td></tr><tr class=la><td>today</td><td>1PL-PRS-speak-IND</td><td>over</td><td>CL9.topic</td><td>CL15-eat-IND</td><td>and</td><td>CL15-drink-IND</td></tr></table><div class=klassen>mada class 9/10 (Ø/n-) → mada — number shows only in the agreement</div><div class=konkordanz>class 9: SUBJ i- · ADJ Ø/n- · GEN ya · DEM hii/ile · POSS y- · REL -yo</div><div class=hinweis>Verbalnomen der Kl.15 dienen als Titel</div>	A1 SD1 T Thema
How much does the ticket cost?	Tiketi inagharimu kiasi gani?<hr><table class=gloss><tr class=mo><td>tiketi</td><td>i-na-gharimu</td><td>kiasi</td><td>gani</td></tr><tr class=la><td>CL9.ticket</td><td>CL9-PRS-cost</td><td>CL9.amount</td><td>which</td></tr></table><div class=klassen>tiketi class 9/10 (Ø/n-) → tiketi — number shows only in the agreement [loanword]</div><div class=konkordanz>class 9: SUBJ i- · ADJ Ø/n- · GEN ya · DEM hii/ile · POSS y- · REL -yo</div><div class=hinweis>kiasi gani fragt nach der Menge</div>	A1 SD1 T Ticket
The photos are on the table.	Picha ziko mezani.<hr><table class=gloss><tr class=mo><td>picha</td><td>zi-ko</td><td>meza-ni</td></tr><tr class=la><td>CL10.photo</td><td>CL10-be.there</td><td>CL9.table-LOC</td></tr></table><div class=klassen>picha class 9/10 (Ø/n-) → picha — number shows only in the agreement [loanword]</div><div class=konkordanz>class 9: SUBJ i- · ADJ Ø/n- · GEN ya · DEM hii/ile · POSS y- · REL -yo</div><div class=hinweis>ziko ist die Kl.10-Form von -ko</div>	A1 SD1 T Tisch
This is my daughter Katharina.	Huyu ni binti yangu Katharina.<hr><table class=gloss><tr class=mo><td>huyu</td><td>ni</td><td>binti</td><td>y-angu</td><td>Katharina</td></tr><tr class=la><td>CL1.DEM</td><td>COP</td><td>CL5/CL1.daughter</td><td>CL9-my</td><td>Katharina</td></tr></table><div class=klassen>binti class 5/6 (ji-/Ø › ma-) → mabinti [person: form class 5/6, agreement class 1/2]</div><div class=konkordanz>class 1: SUBJ a- · ADJ m-/mw- · GEN wa · DEM huyu/yule · POSS w- · REL -ye</div><div class=hinweis>huyu Kl.1, yangu aber Kl.9</div>	A1 SD1 T Tochter
Where is the toilet, please?	Choo kiko wapi, tafadhali?<hr><table class=gloss><tr class=mo><td>choo</td><td>ki-ko</td><td>wapi</td><td>tafadhali</td></tr><tr class=la><td>CL7.toilet</td><td>CL7-be.there</td><td>where</td><td>please</td></tr></table><div class=klassen>choo class 7/8 (ki- › vi-) → vyoo</div><div class=konkordanz>class 7: SUBJ ki- · ADJ ki- · GEN cha · DEM hiki/kile · POSS ch- · REL -cho</div><div class=hinweis>choo Kl.7, Plural vyoo Kl.8</div>	A1 SD1 T Toilette
The tomato is still green.	Nyanya ingali ni ya kijani.<hr><table class=gloss><tr class=mo><td>nyanya</td><td>i-ngali</td><td>ni</td><td>y-a</td><td>ki-jani</td></tr><tr class=la><td>CL9.tomato</td><td>CL9-still.be</td><td>COP</td><td>CL9-GEN</td><td>CL7-leaf</td></tr></table><div class=klassen>nyanya class 9/10 (Ø/n-) → nyanya — number shows only in the agreement</div><div class=konkordanz>class 9: SUBJ i- · ADJ Ø/n- · GEN ya · DEM hii/ile · POSS y- · REL -yo</div><div class=hinweis>Farben werden mit ya plus Nomen gebildet</div>	A1 SD1 T Tomate
His father died a long time ago.	Baba yake amefariki tangu muda mrefu.<hr><table class=gloss><tr class=mo><td>baba</td><td>y-ake</td><td>a-me-fariki</td><td>tangu</td><td>muda</td><td>m-refu</td></tr><tr class=la><td>CL9/CL1.father</td><td>CL9-be</td><td>3SG-PRF-die</td><td>since</td><td>CL3.time</td><td>CL3-long</td></tr></table><div class=klassen>baba class 9/10 (Ø/n-) → baba — number shows only in the agreement [person: form class 9/10, agreement class 1/2] · muda class 3/10 (m-/mw- › Ø/n-) → nyakati [irregular plural]</div><div class=konkordanz>class 1: SUBJ a- · ADJ m-/mw- · GEN wa · DEM huyu/yule · POSS w- · REL -ye · class 3: SUBJ u- · ADJ m-/mw- · GEN wa · DEM huu/ule · POSS w- · REL -o</div><div class=hinweis>tot sein wird als Perfekt von sterben gesagt</div>	A1 SD1 T tot
I am meeting a colleague in town.	Namkuta mwenzi mjini.<hr><table class=gloss><tr class=mo><td>na-m-kut-a</td><td>mw-enzi</td><td>m-ji-ni</td></tr><tr class=la><td>1SG.PRS.GNRL-OBJ1-meet-IND</td><td>CL1-colleague</td><td>CL3-town-LOC</td></tr></table><div class=klassen>mwenzi class 1/2 (m-/mw- › wa-) → wenzi</div><div class=konkordanz>class 1: SUBJ a- · ADJ m-/mw- · GEN wa · DEM huyu/yule · POSS w- · REL -ye</div><div class=hinweis>Objektpräfix -m- für Personen der Kl.1</div>	A1 SD1 T treffen
We always meet on Fridays.	Tunakutana Ijumaa kila mara.<hr><table class=gloss><tr class=mo><td>tu-na-kut-an-a</td><td>Ijumaa</td><td>kila</td><td>mara</td></tr><tr class=la><td>1PL-PRS-meet-RECP-IND</td><td>CL9.Friday</td><td>every</td><td>CL9.time</td></tr></table><div class=konkordanz>class 9: SUBJ i- · ADJ Ø/n- · GEN ya · DEM hii/ile · POSS y- · REL -yo</div><div class=hinweis>Reziprok -an-: einander treffen</div>	A1 SD1 T treffen
The toilet? Up the stairs and then on the left.	Choo? Ngazi juu na kisha kushoto.<hr><table class=gloss><tr class=mo><td>choo</td><td>ngazi</td><td>juu</td><td>na</td><td>kisha</td><td>ku-shoto</td></tr><tr class=la><td>CL7.toilet</td><td>CL10.stairs</td><td>above</td><td>and</td><td>then</td><td>CL17-left</td></tr></table><div class=klassen>choo class 7/8 (ki- › vi-) → vyoo · ngazi class 9/10 (Ø/n-) → ngazi — number shows only in the agreement</div><div class=konkordanz>class 7: SUBJ ki- · ADJ ki- · GEN cha · DEM hiki/kile · POSS ch- · REL -cho · class 9: SUBJ i- · ADJ Ø/n- · GEN ya · DEM hii/ile · POSS y- · REL -yo</div><div class=hinweis>ngazi ist Kl.9 und Kl.10 gleich</div>	A1 SD1 T Treppe
Would you like something to drink?	Unataka kunywa kitu?<hr><table class=gloss><tr class=mo><td>u-na-tak-a</td><td>ku-nyw-a</td><td>ki-tu</td></tr><tr class=la><td>2SG-PRS-want-IND</td><td>CL15-drink-IND</td><td>CL7-thing</td></tr></table><div class=konkordanz>class 15: SUBJ ku- · ADJ ku- · GEN kwa · DEM huku/kule · POSS kw- · REL -ko · class 7: SUBJ ki- · ADJ ki- · GEN cha · DEM hiki/kile · POSS ch- · REL -cho</div><div class=hinweis>kitu dient als unbestimmtes &quot;etwas&quot;</div>	A1 SD1 T trinken
Young people usually say "see you" and not "goodbye".	Vijana wanasema "tutaonana" kwa kawaida na si "kwaheri".<hr><table class=gloss><tr class=mo><td>vi-jana</td><td>wa-na-sem-a</td><td>tu-ta-on-an-a</td><td>kwa</td><td>kawaida</td><td>na</td><td>si</td><td>kwaheri</td></tr><tr class=la><td>CL8-young.person</td><td>CL2-PRS-say-IND</td><td>1PL-FUT-see-RECP-IND</td><td>for</td><td>CL9.habit</td><td>and</td><td>NEG.COP</td><td>goodbye</td></tr></table><div class=klassen>kijana class 7/8 (ki- › vi-) → vijana [person: form class 7/8, agreement class 1/2]</div><div class=konkordanz>class 1: SUBJ a- · ADJ m-/mw- · GEN wa · DEM huyu/yule · POSS w- · REL -ye</div><div class=hinweis>vijana Kl.8, Kongruenz aber Kl.2</div>	A1 SD1 T tschüss
I still have something to do.	Nina kitu cha kufanya bado.<hr><table class=gloss><tr class=mo><td>ni-na</td><td>ki-tu</td><td>ch-a</td><td>ku-fany-a</td><td>bado</td></tr><tr class=la><td>1SG-have</td><td>CL7-thing</td><td>CL7-GEN</td><td>CL15-do-IND</td><td>still</td></tr></table><div class=konkordanz>class 7: SUBJ ki- · ADJ ki- · GEN cha · DEM hiki/kile · POSS ch- · REL -cho · class 15: SUBJ ku- · ADJ ku- · GEN kwa · DEM huku/kule · POSS kw- · REL -ko</div><div class=hinweis>Genitiv cha plus Infinitiv für &quot;zu tun&quot;</div>	A1 SD1 T tun
What does your husband do?	Mume wenu anafanya nini?<hr><table class=gloss><tr class=mo><td>mume</td><td>w-enu</td><td>a-na-fany-a</td><td>nini</td></tr><tr class=la><td>CL1.husband</td><td>CL1-your</td><td>3SG-PRS-do-IND</td><td>what</td></tr></table><div class=konkordanz>class 1: SUBJ a- · ADJ m-/mw- · GEN wa · DEM huyu/yule · POSS w- · REL -ye</div><div class=hinweis>wenu ist der Possessiv für höfliches Sie</div>	A1 SD1 T tun
Cross the road here.	Vukeni barabara hapa.<hr><table class=gloss><tr class=mo><td>vuk-eni</td><td>barabara</td><td>hapa</td></tr><tr class=la><td>cross-IMP.PL</td><td>CL9.street</td><td>here</td></tr></table><div class=klassen>barabara class 9/10 (Ø/n-) → barabara — number shows only in the agreement</div><div class=konkordanz>class 9: SUBJ i- · ADJ Ø/n- · GEN ya · DEM hii/ile · POSS y- · REL -yo</div><div class=hinweis>kuvuka ist das eigene Verb für überqueren</div>	A1 SD1 U über
He lives on the second floor above the Meier family.	Anakaa ghorofa ya pili juu ya familia Meier.<hr><table class=gloss><tr class=mo><td>a-na-ka-a</td><td>ghorofa</td><td>y-a</td><td>pili</td><td>juu</td><td>y-a</td><td>familia</td><td>Meier</td></tr><tr class=la><td>3SG-PRS-live-IND</td><td>CL9.floor</td><td>CL9-GEN</td><td>second</td><td>above</td><td>CL9-GEN</td><td>CL9.family</td><td>Meier</td></tr></table><div class=klassen>ghorofa class 9/10 (Ø/n-) → ghorofa — number shows only in the agreement [storey] · familia class 9/10 (Ø/n-) → familia — number shows only in the agreement [loanword]</div><div class=konkordanz>class 9: SUBJ i- · ADJ Ø/n- · GEN ya · DEM hii/ile · POSS y- · REL -yo</div><div class=hinweis>juu ya heißt &quot;oberhalb von&quot;</div>	A1 SD1 U über
Are you over 18?	Mna zaidi ya miaka kumi na minane?<hr><table class=gloss><tr class=mo><td>m-na</td><td>zaidi</td><td>y-a</td><td>mi-aka</td><td>kumi</td><td>na</td><td>mi-nane</td></tr><tr class=la><td>2PL-have</td><td>more</td><td>CL9-GEN</td><td>CL4-year</td><td>ten</td><td>and</td><td>CL4-eight</td></tr></table><div class=klassen>mwaka wa kuzaliwa class 3/4 (m-/mw- › mi-) → miaka ya kuzaliwa [genitive agrees with the head noun]</div><div class=konkordanz>class 3: SUBJ u- · ADJ m-/mw- · GEN wa · DEM huu/ule · POSS w- · REL -o</div><div class=hinweis>achtzehn = kumi na minane, Zahl mit Kl.4-Präfix</div>	A1 SD1 U über
You can stay the night at my place.	Unaweza kulala kwangu.<hr><table class=gloss><tr class=mo><td>u-na-wez-a</td><td>ku-lal-a</td><td>kw-angu</td></tr><tr class=la><td>2SG-PRS-can-IND</td><td>CL15-sleep-IND</td><td>CL17-my</td></tr></table><div class=konkordanz>class 15: SUBJ ku- · ADJ ku- · GEN kwa · DEM huku/kule · POSS kw- · REL -ko · class 17: SUBJ ku- · ADJ ku- · GEN kwa · DEM huku/kule · POSS kw- · REL -ko</div><div class=hinweis>kwangu heißt &quot;bei mir&quot; mit Ortsklasse 17</div>	A1 SD1 U übernachten
You can also transfer the money.	Mnaweza kutuma pesa pia.<hr><table class=gloss><tr class=mo><td>m-na-wez-a</td><td>ku-tum-a</td><td>pesa</td><td>pia</td></tr><tr class=la><td>2PL-PRS-can-IND</td><td>CL15-send-IND</td><td>CL10.money</td><td>also</td></tr></table><div class=klassen>pesa class 9/10 (Ø/n-) → pesa — number shows only in the agreement</div><div class=konkordanz>class 9: SUBJ i- · ADJ Ø/n- · GEN ya · DEM hii/ile · POSS y- · REL -yo</div><div class=hinweis>kutuma schickt Geld und Nachrichten</div>	A1 SD1 U überweisen
It is four o'clock.	Ni saa kumi.<hr><table class=gloss><tr class=mo><td>ni</td><td>saa</td><td>kumi</td></tr><tr class=la><td>COP</td><td>CL9.hour</td><td>ten</td></tr></table><div class=klassen>saa class 9/10 (Ø/n-) → saa — number shows only in the agreement [also &quot;clock&quot;]</div><div class=konkordanz>class 9: SUBJ i- · ADJ Ø/n- · GEN ya · DEM hii/ile · POSS y- · REL -yo</div><div class=hinweis>saa kumi = 4 Uhr, zehnte Stunde nach Sonnenaufgang</div>	A1 SD1 U Uhr
He is coming at seven o'clock.	Anakuja saa moja.<hr><table class=gloss><tr class=mo><td>a-na-kuj-a</td><td>saa</td><td>moja</td></tr><tr class=la><td>3SG-PRS-come-IND</td><td>CL9.hour</td><td>one</td></tr></table><div class=klassen>saa class 9/10 (Ø/n-) → saa — number shows only in the agreement [also &quot;clock&quot;]</div><div class=konkordanz>class 9: SUBJ i- · ADJ Ø/n- · GEN ya · DEM hii/ile · POSS y- · REL -yo</div><div class=hinweis>saa moja = 7 Uhr, erste Stunde nach Sonnenaufgang</div>	A1 SD1 U um
There he comes round the corner.	Tazama, anakuja kwenye kona hivi sasa.<hr><table class=gloss><tr class=mo><td>tazam-a</td><td>a-na-kuj-a</td><td>kwenye</td><td>kona</td><td>hivi</td><td>sasa</td></tr><tr class=la><td>look-IMP</td><td>3SG-PRS-come-IND</td><td>at</td><td>CL9.corner</td><td>same</td><td>now</td></tr></table><div class=klassen>kona class 9/10 (Ø/n-) → kona — number shows only in the agreement [loanword]</div><div class=konkordanz>class 9: SUBJ i- · ADJ Ø/n- · GEN ya · DEM hii/ile · POSS y- · REL -yo</div><div class=hinweis>hivi sasa heißt &quot;eben jetzt&quot;</div>	A1 SD1 U um
We are moving house next month.	Mwezi ujao tunahama.<hr><table class=gloss><tr class=mo><td>mw-ezi</td><td>u-ja-o</td><td>tu-na-ham-a</td></tr><tr class=la><td>CL3-month</td><td>CL3-come-REL3</td><td>1PL-PRS-move.house-IND</td></tr></table><div class=konkordanz>class 3: SUBJ u- · ADJ m-/mw- · GEN wa · DEM huu/ule · POSS w- · REL -o</div><div class=hinweis>Relativform ujao heißt &quot;der kommende&quot;</div>	A1 SD1 U umziehen
Peter and Helmut are my sons.	Peter na Helmut ni wana wangu.<hr><table class=gloss><tr class=mo><td>Peter</td><td>na</td><td>Helmut</td><td>ni</td><td>wana</td><td>w-angu</td></tr><tr class=la><td>Peter</td><td>and</td><td>Helmut</td><td>COP</td><td>CL2.son</td><td>CL2-my</td></tr></table><div class=klassen>mwana class 1/2 (m-/mw- › wa-) → wana</div><div class=konkordanz>class 1: SUBJ a- · ADJ m-/mw- · GEN wa · DEM huyu/yule · POSS w- · REL -ye</div><div class=hinweis>wana Kl.2, Singular mwana Kl.1</div>	A1 SD1 U und
That is our teacher.	Huyu ni mwalimu wetu.<hr><table class=gloss><tr class=mo><td>huyu</td><td>ni</td><td>mw-alimu</td><td>w-etu</td></tr><tr class=la><td>CL1.DEM</td><td>COP</td><td>CL1-teacher</td><td>CL1-our</td></tr></table><div class=klassen>mwalimu class 1/2 (m-/mw- › wa-) → walimu [model word for class 1/2]</div><div class=konkordanz>class 1: SUBJ a- · ADJ m-/mw- · GEN wa · DEM huyu/yule · POSS w- · REL -ye</div><div class=hinweis>wetu ist der Possessiv für 1PL</div>	A1 SD1 U unser
He lives right at the bottom of the house.	Anakaa chini kabisa kwenye nyumba.<hr><table class=gloss><tr class=mo><td>a-na-ka-a</td><td>chini</td><td>kabisa</td><td>kwenye</td><td>nyumba</td></tr><tr class=la><td>3SG-PRS-live-IND</td><td>below</td><td>quite</td><td>at</td><td>CL9.house</td></tr></table><div class=klassen>nyumba class 9/10 (Ø/n-) → nyumba — number shows only in the agreement</div><div class=konkordanz>class 9: SUBJ i- · ADJ Ø/n- · GEN ya · DEM hii/ile · POSS y- · REL -yo</div><div class=hinweis>chini und juu bleiben unverändert</div>	A1 SD1 U unten
Below us lives a family with three children.	Chini yetu inakaa familia na watoto watatu.<hr><table class=gloss><tr class=mo><td>chini</td><td>y-etu</td><td>i-na-ka-a</td><td>familia</td><td>na</td><td>watoto</td><td>wa-tatu</td></tr><tr class=la><td>below</td><td>CL9-our</td><td>CL9-PRS-live-IND</td><td>CL9.family</td><td>with</td><td>CL2.child</td><td>CL2-three</td></tr></table><div class=klassen>familia class 9/10 (Ø/n-) → familia — number shows only in the agreement [loanword] · mtoto class 1/2 (m-/mw- › wa-) → watoto</div><div class=konkordanz>class 9: SUBJ i- · ADJ Ø/n- · GEN ya · DEM hii/ile · POSS y- · REL -yo · class 1: SUBJ a- · ADJ m-/mw- · GEN wa · DEM huyu/yule · POSS w- · REL -ye</div><div class=hinweis>chini ya heißt &quot;unterhalb von&quot;</div>	A1 SD1 U unter
We have lessons from 8.00 to 12.00.	Tuna masomo kuanzia saa mbili hadi saa sita.<hr><table class=gloss><tr class=mo><td>tu-na</td><td>ma-somo</td><td>ku-anz-i-a</td><td>saa</td><td>mbili</td><td>hadi</td><td>saa</td><td>sita</td></tr><tr class=la><td>1PL-have</td><td>CL6-lessons</td><td>CL15-begin-APPL-IND</td><td>CL9.hour</td><td>two</td><td>until</td><td>CL9.hour</td><td>six</td></tr></table><div class=klassen>masomo class 6 (ma-), no number change [plural only] · saa class 9/10 (Ø/n-) → saa — number shows only in the agreement [also &quot;clock&quot;]</div><div class=konkordanz>class 6: SUBJ ya- · ADJ ma- · GEN ya · DEM haya/yale · POSS y- · REL -yo · class 9: SUBJ i- · ADJ Ø/n- · GEN ya · DEM hii/ile · POSS y- · REL -yo</div><div class=hinweis>saa mbili = 8 Uhr, saa sita = 12 Uhr</div>	A1 SD1 U Unterricht
Where do I have to sign?	Lazima nitie sahihi wapi?<hr><table class=gloss><tr class=mo><td>lazima</td><td>ni-ti-e</td><td>sahihi</td><td>wapi</td></tr><tr class=la><td>must</td><td>1SG-put-SBJV</td><td>CL9.signature</td><td>where</td></tr></table><div class=klassen>sahihi class 9/10 (Ø/n-) → sahihi — number shows only in the agreement</div><div class=konkordanz>class 9: SUBJ i- · ADJ Ø/n- · GEN ya · DEM hii/ile · POSS y- · REL -yo</div><div class=hinweis>unterschreiben = kutia sahihi, &quot;Unterschrift setzen&quot;</div>	A1 SD1 U unterschreiben
Your signature is still missing here.	Hapa sahihi yenu inakosekana bado.<hr><table class=gloss><tr class=mo><td>hapa</td><td>sahihi</td><td>y-enu</td><td>i-na-kosekan-a</td><td>bado</td></tr><tr class=la><td>here</td><td>CL9.signature</td><td>CL9-your</td><td>CL9-PRS-be.missing-IND</td><td>still</td></tr></table><div class=klassen>sahihi class 9/10 (Ø/n-) → sahihi — number shows only in the agreement</div><div class=konkordanz>class 9: SUBJ i- · ADJ Ø/n- · GEN ya · DEM hii/ile · POSS y- · REL -yo</div><div class=hinweis>Stativ -ekan- macht aus fehlen &quot;abwesend sein&quot;</div>	A1 SD1 U Unterschrift
I am taking holiday in September.	Nachukua likizo Septemba.<hr><table class=gloss><tr class=mo><td>na-chuku-a</td><td>likizo</td><td>Septemba</td></tr><tr class=la><td>1SG.PRS.GNRL-take-IND</td><td>CL9.holiday</td><td>September</td></tr></table><div class=klassen>likizo class 9/10 (Ø/n-) → likizo — number shows only in the agreement</div><div class=konkordanz>class 9: SUBJ i- · ADJ Ø/n- · GEN ya · DEM hii/ile · POSS y- · REL -yo</div><div class=hinweis>Monatsnamen brauchen keine Präposition</div>	A1 SD1 U Urlaub
My father is a worker.	Baba yangu ni mfanyakazi.<hr><table class=gloss><tr class=mo><td>baba</td><td>y-angu</td><td>ni</td><td>m-fanyakazi</td></tr><tr class=la><td>CL9/CL1.father</td><td>CL9-my</td><td>COP</td><td>CL1-worker</td></tr></table><div class=klassen>baba class 9/10 (Ø/n-) → baba — number shows only in the agreement [person: form class 9/10, agreement class 1/2]</div><div class=konkordanz>class 1: SUBJ a- · ADJ m-/mw- · GEN wa · DEM huyu/yule · POSS w- · REL -ye</div><div class=hinweis>mfanyakazi wörtlich &quot;Arbeit-Tuer&quot;</div>	A1 SD1 V Vater
Smoking is forbidden here.	Hapa kuvuta sigara ni haramu.<hr><table class=gloss><tr class=mo><td>hapa</td><td>ku-vut-a</td><td>sigara</td><td>ni</td><td>haramu</td></tr><tr class=la><td>here</td><td>CL15-pull-IND</td><td>CL9.cigarette</td><td>COP</td><td>forbidden</td></tr></table><div class=klassen>sigara class 9/10 (Ø/n-) → sigara — number shows only in the agreement [loanword]</div><div class=konkordanz>class 9: SUBJ i- · ADJ Ø/n- · GEN ya · DEM hii/ile · POSS y- · REL -yo</div><div class=hinweis>haramu ist arabisch und bleibt unverändert</div>	A1 SD1 V verboten
I earn 1,500 euros a month.	Napata Euro elfu moja mia tano kwa mwezi.<hr><table class=gloss><tr class=mo><td>na-pat-a</td><td>Euro</td><td>elfu</td><td>moja</td><td>mia</td><td>tano</td><td>kwa</td><td>mw-ezi</td></tr><tr class=la><td>1SG.PRS.GNRL-earn-IND</td><td>euro</td><td>CL9.thousand</td><td>one</td><td>CL9.hundred</td><td>five</td><td>per</td><td>CL3-month</td></tr></table><div class=konkordanz>class 9: SUBJ i- · ADJ Ø/n- · GEN ya · DEM hii/ile · POSS y- · REL -yo · class 3: SUBJ u- · ADJ m-/mw- · GEN wa · DEM huu/ule · POSS w- · REL -o</div><div class=hinweis>1500 = elfu moja mia tano</div>	A1 SD1 V verdienen
There is a new sports club in town.	Kuna chama kipya cha michezo mjini.<hr><table class=gloss><tr class=mo><td>ku-na</td><td>chama</td><td>ki-pya</td><td>ch-a</td><td>mi-chezo</td><td>m-ji-ni</td></tr><tr class=la><td>CL17-with</td><td>CL7.club</td><td>CL7-new</td><td>CL7-GEN</td><td>CL4-sport</td><td>CL3-town-LOC</td></tr></table><div class=klassen>chama class 7/8 (ki- › vi-) → vyama · mchezo class 3/4 (m-/mw- › mi-) → michezo</div><div class=konkordanz>class 7: SUBJ ki- · ADJ ki- · GEN cha · DEM hiki/kile · POSS ch- · REL -cho · class 3: SUBJ u- · ADJ m-/mw- · GEN wa · DEM huu/ule · POSS w- · REL -o</div><div class=hinweis>Dreifache Kl.7-Kongruenz: chama, kipya, cha</div>	A1 SD1 V Verein
I am married and have three children.	Nimeoa na nina watoto watatu.<hr><table class=gloss><tr class=mo><td>ni-me-o-a</td><td>na</td><td>ni-na</td><td>watoto</td><td>wa-tatu</td></tr><tr class=la><td>1SG-PRF-marry-IND</td><td>and</td><td>1SG-have</td><td>CL2.child</td><td>CL2-three</td></tr></table><div class=klassen>mtoto class 1/2 (m-/mw- › wa-) → watoto</div><div class=konkordanz>class 1: SUBJ a- · ADJ m-/mw- · GEN wa · DEM huyu/yule · POSS w- · REL -ye</div><div class=hinweis>verheiratet sein ist das Perfekt von heiraten</div>	A1 SD1 V verheiratet
He is selling his old car.	Anauza gari lake kuukuu.<hr><table class=gloss><tr class=mo><td>a-na-uz-a</td><td>gari</td><td>l-ake</td><td>kuukuu</td></tr><tr class=la><td>3SG-PRS-sell-IND</td><td>CL5.car</td><td>CL5-be</td><td>old</td></tr></table><div class=klassen>gari class 5/6 (ji-/Ø › ma-) → magari</div><div class=konkordanz>class 5: SUBJ li- · ADJ ji-/Ø · GEN la · DEM hili/lile · POSS l- · REL -lo</div><div class=hinweis>kuukuu nur für Sachen, mzee für Menschen</div>	A1 SD1 V verkaufen
My mother is a sales assistant in a department store.	Mama yangu ni muuzaji kwenye duka kuu.<hr><table class=gloss><tr class=mo><td>mama</td><td>y-angu</td><td>ni</td><td>mu-uzaji</td><td>kwenye</td><td>duka</td><td>kuu</td></tr><tr class=la><td>CL9/CL1.mother</td><td>CL9-my</td><td>COP</td><td>CL1-sales.assistant</td><td>at</td><td>CL5.shop</td><td>big</td></tr></table><div class=klassen>mama class 9/10 (Ø/n-) → mama — number shows only in the agreement [person: form class 9/10, agreement class 1/2] · muuzaji class 1/2 (m-/mw- › wa-) → wauzaji · duka class 5/6 (ji-/Ø › ma-) → maduka</div><div class=konkordanz>class 1: SUBJ a- · ADJ m-/mw- · GEN wa · DEM huyu/yule · POSS w- · REL -ye · class 5: SUBJ li- · ADJ ji-/Ø · GEN la · DEM hili/lile · POSS l- · REL -lo</div><div class=hinweis>muuzaji Kl.1, Plural wauzaji Kl.2</div>	A1 SD1 V Verkäufer
The flat has already been let.	Nyumba imepangishwa tayari.<hr><table class=gloss><tr class=mo><td>nyumba</td><td>i-me-pangish-w-a</td><td>tayari</td></tr><tr class=la><td>CL9.house</td><td>CL9-PRF-let-PASS-IND</td><td>already</td></tr></table><div class=klassen>nyumba class 9/10 (Ø/n-) → nyumba — number shows only in the agreement</div><div class=konkordanz>class 9: SUBJ i- · ADJ Ø/n- · GEN ya · DEM hii/ile · POSS y- · REL -yo</div><div class=hinweis>Kausativ -ish- plus Passiv: vermietet werden</div>	A1 SD1 V vermieten
Our landlord is called Huber. He lives here too.	Mwenye nyumba wetu anaitwa Huber. Anakaa hapa pia.<hr><table class=gloss><tr class=mo><td>mw-enye</td><td>nyumba</td><td>w-etu</td><td>a-na-it-w-a</td><td>Huber</td><td>a-na-ka-a</td><td>hapa</td><td>pia</td></tr><tr class=la><td>CL1-owner</td><td>CL9.house</td><td>CL1-our</td><td>3SG-PRS-call-PASS-IND</td><td>Huber</td><td>3SG-PRS-live-IND</td><td>here</td><td>also</td></tr></table><div class=klassen>mwenye nyumba class 1/2 (m-/mw- › wa-) → wenye nyumba · nyumba class 9/10 (Ø/n-) → nyumba — number shows only in the agreement</div><div class=konkordanz>class 1: SUBJ a- · ADJ m-/mw- · GEN wa · DEM huyu/yule · POSS w- · REL -ye · class 9: SUBJ i- · ADJ Ø/n- · GEN ya · DEM hii/ile · POSS y- · REL -yo</div><div class=hinweis>mwenye heißt &quot;der mit&quot;, bildet Besitzerwörter</div>	A1 SD1 V Vermieter
Can you understand me?	Mnaweza kunielewa?<hr><table class=gloss><tr class=mo><td>m-na-wez-a</td><td>ku-ni-elew-a</td></tr><tr class=la><td>2PL-PRS-can-IND</td><td>CL15-OBJ1SG-understand-IND</td></tr></table><div class=konkordanz>class 15: SUBJ ku- · ADJ ku- · GEN kwa · DEM huku/kule · POSS kw- · REL -ko</div><div class=hinweis>Objektpräfix -ni- zwischen ku- und Wurzel</div>	A1 SD1 V verstehen
Peter is visiting his relatives in Poland.	Peter anawatembelea ndugu zake Polandi.<hr><table class=gloss><tr class=mo><td>Peter</td><td>a-na-wa-tembel-e-a</td><td>ndugu</td><td>z-ake</td><td>Polandi</td></tr><tr class=la><td>Peter</td><td>3SG-PRS-OBJ2-visit-APPL-IND</td><td>CL9/CL2.relative</td><td>CL10-be</td><td>Poland</td></tr></table><div class=klassen>ndugu class 9/10 (Ø/n-) → ndugu — number shows only in the agreement [person: form class 9/10, agreement class 1/2]</div><div class=konkordanz>class 1: SUBJ a- · ADJ m-/mw- · GEN wa · DEM huyu/yule · POSS w- · REL -ye</div><div class=hinweis>Objekt Kl.2, Possessiv zake aber Kl.10</div>	A1 SD1 V Verwandte
It rains a lot here.	Hapa inanyesha sana.<hr><table class=gloss><tr class=mo><td>hapa</td><td>i-na-nyesh-a</td><td>sana</td></tr><tr class=la><td>here</td><td>CL9-PRS-rain-IND</td><td>very</td></tr></table><div class=konkordanz>class 9: SUBJ i- · ADJ Ø/n- · GEN ya · DEM hii/ile · POSS y- · REL -yo</div><div class=hinweis>sana vertritt hier das deutsche viel</div>	A1 SD1 V viel
Perhaps I will come by bus.	Labda nakuja kwa basi.<hr><table class=gloss><tr class=mo><td>labda</td><td>na-kuj-a</td><td>kwa</td><td>basi</td></tr><tr class=la><td>perhaps</td><td>1SG.PRS.GNRL-come-IND</td><td>with</td><td>CL5.bus</td></tr></table><div class=klassen>basi class 5/6 (ji-/Ø › ma-) → mabasi</div><div class=konkordanz>class 5: SUBJ li- · ADJ ji-/Ø · GEN la · DEM hili/lile · POSS l- · REL -lo</div><div class=hinweis>labda steht am Satzanfang</div>	A1 SD1 V vielleicht
Felix's car is broken.	Gari la Felix limeharibika.<hr><table class=gloss><tr class=mo><td>gari</td><td>l-a</td><td>Felix</td><td>li-me-haribik-a</td></tr><tr class=la><td>CL5.car</td><td>CL5-GEN</td><td>Felix</td><td>CL5-PRF-break-IND</td></tr></table><div class=klassen>gari class 5/6 (ji-/Ø › ma-) → magari</div><div class=konkordanz>class 5: SUBJ li- · ADJ ji-/Ø · GEN la · DEM hili/lile · POSS l- · REL -lo</div><div class=hinweis>Besitz wird mit dem Genitiv la ausgedrückt</div>	A1 SD1 V von
He has just come from Cologne/from home.	Anakuja kutoka Köln/kutoka nyumbani hivi sasa.<hr><table class=gloss><tr class=mo><td>a-na-kuj-a</td><td>ku-tok-a</td><td>Köln</td><td>ku-tok-a</td><td>nyumbani</td><td>hivi</td><td>sasa</td></tr><tr class=la><td>3SG-PRS-come-IND</td><td>CL15-come-IND</td><td>Cologne</td><td>CL15-come-IND</td><td>CL9.house.LOC</td><td>same</td><td>now</td></tr></table><div class=konkordanz>class 15: SUBJ ku- · ADJ ku- · GEN kwa · DEM huku/kule · POSS kw- · REL -ko · class 9: SUBJ i- · ADJ Ø/n- · GEN ya · DEM hii/ile · POSS y- · REL -yo</div><div class=hinweis>kutoka dient als Präposition &quot;von&quot;</div>	A1 SD1 V von
The appointment was an hour ago.	Miadi ilikuwa saa moja iliyopita.<hr><table class=gloss><tr class=mo><td>miadi</td><td>i-li-kuw-a</td><td>saa</td><td>moja</td><td>i-li-yo-pit-a</td></tr><tr class=la><td>CL9.appointment</td><td>CL9-PST-be-IND</td><td>CL9.hour</td><td>one</td><td>CL9-PST-REL9-pass-IND</td></tr></table><div class=klassen>miadi class 9/10 (Ø/n-) → miadi — number shows only in the agreement · saa class 9/10 (Ø/n-) → saa — number shows only in the agreement [also &quot;clock&quot;]</div><div class=konkordanz>class 9: SUBJ i- · ADJ Ø/n- · GEN ya · DEM hii/ile · POSS y- · REL -yo</div><div class=hinweis>iliyopita heißt &quot;die vergangene&quot;</div>	A1 SD1 V vor
The car is parked in front of the door.	Gari limesimama mbele ya mlango.<hr><table class=gloss><tr class=mo><td>gari</td><td>li-me-simam-a</td><td>mbele</td><td>y-a</td><td>m-lango</td></tr><tr class=la><td>CL5.car</td><td>CL5-PRF-stand-IND</td><td>before</td><td>CL9-GEN</td><td>CL3-door</td></tr></table><div class=klassen>gari class 5/6 (ji-/Ø › ma-) → magari</div><div class=konkordanz>class 5: SUBJ li- · ADJ ji-/Ø · GEN la · DEM hili/lile · POSS l- · REL -lo</div><div class=hinweis>mbele ya verlangt den Genitiv</div>	A1 SD1 V vor
My name is Müller, my first name is Eva.	Naitwa Müller, jina langu la kwanza ni Eva.<hr><table class=gloss><tr class=mo><td>na-it-w-a</td><td>Müller</td><td>jina</td><td>l-angu</td><td>l-a</td><td>kwanza</td><td>ni</td><td>Eva</td></tr><tr class=la><td>1SG.PRS.GNRL-call-PASS-IND</td><td>Müller</td><td>CL5.name</td><td>CL5-my</td><td>CL5-GEN</td><td>first</td><td>COP</td><td>Eva</td></tr></table><div class=klassen>jina class 5/6 (ji-/Ø › ma-) → majina</div><div class=konkordanz>class 5: SUBJ li- · ADJ ji-/Ø · GEN la · DEM hili/lile · POSS l- · REL -lo</div><div class=hinweis>Zweifache Kl.5-Kongruenz: langu und la</div>	A1 SD1 V Vorname
Careful! There is a car coming.	Tahadhari! Gari linakuja.<hr><table class=gloss><tr class=mo><td>tahadhari</td><td>gari</td><td>li-na-kuj-a</td></tr><tr class=la><td>CL9.caution</td><td>CL5.car</td><td>CL5-PRS-come-IND</td></tr></table><div class=klassen>gari class 5/6 (ji-/Ø › ma-) → magari</div><div class=konkordanz>class 5: SUBJ li- · ADJ ji-/Ø · GEN la · DEM hili/lile · POSS l- · REL -lo</div><div class=hinweis>tahadhari warnt, uangalifu ist die Eigenschaft</div>	A1 SD1 V Vorsicht
We want to get to know each other. Could you introduce yourself?	Tunataka kufahamiana. Mnaweza kujitambulisha tafadhali?<hr><table class=gloss><tr class=mo><td>tu-na-tak-a</td><td>ku-fahami-an-a</td><td>m-na-wez-a</td><td>ku-ji-tambulish-a</td><td>tafadhali</td></tr><tr class=la><td>1PL-PRS-want-IND</td><td>CL15-know-RECP-IND</td><td>2PL-PRS-can-IND</td><td>CL15-REFL-introduce-IND</td><td>please</td></tr></table><div class=konkordanz>class 15: SUBJ ku- · ADJ ku- · GEN kwa · DEM huku/kule · POSS kw- · REL -ko</div><div class=hinweis>Reziprok -an- und Reflexiv -ji- in einem Satz</div>	A1 SD1 V vorstellen
What is the dialling code for Munich?	Namba ya mkoa ya München ni ipi?<hr><table class=gloss><tr class=mo><td>namba</td><td>y-a</td><td>mkoa</td><td>y-a</td><td>München</td><td>ni</td><td>ipi</td></tr><tr class=la><td>CL9.number</td><td>CL9-GEN</td><td>CL3.district</td><td>CL9-GEN</td><td>Munich</td><td>COP</td><td>CL9.which</td></tr></table><div class=klassen>namba class 9/10 (Ø/n-) → namba — number shows only in the agreement [loanword]</div><div class=konkordanz>class 9: SUBJ i- · ADJ Ø/n- · GEN ya · DEM hii/ile · POSS y- · REL -yo</div><div class=hinweis>Vorwahl als namba ya mkoa</div>	A1 SD1 V Vorwahl
We are hiking around Lake Chiemsee.	Tunatembea kuzunguka ziwa la Chiemsee.<hr><table class=gloss><tr class=mo><td>tu-na-tembe-a</td><td>kuzunguka</td><td>ziwa</td><td>l-a</td><td>Chiemsee</td></tr><tr class=la><td>1PL-PRS-hike-IND</td><td>around</td><td>CL5.lake</td><td>CL5-GEN</td><td>Chiemsee</td></tr></table><div class=klassen>ziwa class 5/6 (ji-/Ø › ma-) → maziwa</div><div class=konkordanz>class 5: SUBJ li- · ADJ ji-/Ø · GEN la · DEM hili/lile · POSS l- · REL -lo</div><div class=hinweis>kuzunguka dient als Präposition &quot;um&quot;</div>	A1 SD1 W wandern
When will you be ready?	Utamaliza lini?<hr><table class=gloss><tr class=mo><td>u-ta-maliz-a</td><td>lini</td></tr><tr class=la><td>2SG-FUT-be.ready-IND</td><td>when</td></tr></table><div class=hinweis>lini steht am Satzende</div>	A1 SD1 W wann
When can I call you?	Naweza kuwapigia simu lini?<hr><table class=gloss><tr class=mo><td>na-wez-a</td><td>ku-wa-pig-i-a</td><td>simu</td><td>lini</td></tr><tr class=la><td>1SG.PRS.GNRL-can-IND</td><td>CL15-OBJ2PL-hit-APPL-IND</td><td>CL9.phone</td><td>when</td></tr></table><div class=klassen>simu class 9/10 (Ø/n-) → simu — number shows only in the agreement</div><div class=konkordanz>class 9: SUBJ i- · ADJ Ø/n- · GEN ya · DEM hii/ile · POSS y- · REL -yo</div><div class=hinweis>Applikativ -i- plus Objekt -wa- für &quot;euch anrufen&quot;</div>	A1 SD1 W wann
When were you born?	Mlizaliwa lini?<hr><table class=gloss><tr class=mo><td>m-li-zali-w-a</td><td>lini</td></tr><tr class=la><td>2PL-PST-bear-PASS-IND</td><td>when</td></tr></table><div class=hinweis>Passiv Vergangenheit für die Geburt</div>	A1 SD1 W wann
Could you wait a few minutes?	Mnaweza kusubiri dakika kadhaa?<hr><table class=gloss><tr class=mo><td>m-na-wez-a</td><td>ku-subiri</td><td>dakika</td><td>kadhaa</td></tr><tr class=la><td>2PL-PRS-can-IND</td><td>CL15-wait</td><td>CL9.minute</td><td>several</td></tr></table><div class=konkordanz>class 15: SUBJ ku- · ADJ ku- · GEN kwa · DEM huku/kule · POSS kw- · REL -ko · class 9: SUBJ i- · ADJ Ø/n- · GEN ya · DEM hii/ile · POSS y- · REL -yo</div><div class=hinweis>kadhaa heißt mehrere, einige</div>	A1 SD1 W warten
Who are you waiting for?	Mnamsubiri nani?<hr><table class=gloss><tr class=mo><td>m-na-m-subiri</td><td>nani</td></tr><tr class=la><td>2PL-PRS-OBJ1-wait</td><td>who</td></tr></table><div class=hinweis>Swahili braucht keine Präposition bei kusubiri</div>	A1 SD1 W warten
Why is he not coming?	Kwa nini hakuji?<hr><table class=gloss><tr class=mo><td>kwa</td><td>nini</td><td>ha-kuj-i</td></tr><tr class=la><td>for</td><td>what</td><td>3SG.NEG-come-NEG</td></tr></table><div class=hinweis>kwa nini heißt wörtlich &quot;für was&quot;</div>	A1 SD1 W warum
What is that?	Hii ni nini?<hr><table class=gloss><tr class=mo><td>hii</td><td>ni</td><td>nini</td></tr><tr class=la><td>CL9.DEM</td><td>COP</td><td>what</td></tr></table><div class=konkordanz>class 9: SUBJ i- · ADJ Ø/n- · GEN ya · DEM hii/ile · POSS y- · REL -yo</div><div class=hinweis>nini fragt nach Sachen, nani nach Personen</div>	A1 SD1 W was
What would you like?	Mnataka nini?<hr><table class=gloss><tr class=mo><td>m-na-tak-a</td><td>nini</td></tr><tr class=la><td>2PL-PRS-want-IND</td><td>what</td></tr></table><div class=hinweis>kutaka deckt wollen und möchten ab</div>	A1 SD1 W was
What colour would you like?	Mnataka rangi gani?<hr><table class=gloss><tr class=mo><td>m-na-tak-a</td><td>rangi</td><td>gani</td></tr><tr class=la><td>2PL-PRS-want-IND</td><td>CL9.colour</td><td>which</td></tr></table><div class=klassen>rangi class 9/10 (Ø/n-) → rangi — number shows only in the agreement</div><div class=konkordanz>class 9: SUBJ i- · ADJ Ø/n- · GEN ya · DEM hii/ile · POSS y- · REL -yo</div><div class=hinweis>gani fragt nach der Art, ipi nach der Auswahl</div>	A1 SD1 W was_für_ein
Where can I wash my hands?	Naweza kunawa mikono wapi?<hr><table class=gloss><tr class=mo><td>na-wez-a</td><td>ku-naw-a</td><td>mi-kono</td><td>wapi</td></tr><tr class=la><td>1SG.PRS.GNRL-can-IND</td><td>CL15-wash-IND</td><td>CL4-hand</td><td>where</td></tr></table><div class=klassen>mkono class 3/4 (m-/mw- › mi-) → mikono</div><div class=konkordanz>class 3: SUBJ u- · ADJ m-/mw- · GEN wa · DEM huu/ule · POSS w- · REL -o</div><div class=hinweis>kunawa wäscht Hände, kuosha Geschirr</div>	A1 SD1 W waschen
Tomorrow I have to do the washing.	Kesho lazima nifue.<hr><table class=gloss><tr class=mo><td>kesho</td><td>lazima</td><td>ni-fu-e</td></tr><tr class=la><td>tomorrow</td><td>must</td><td>1SG-wash-SBJV</td></tr></table><div class=hinweis>kufua wäscht Wäsche</div>	A1 SD1 W waschen
A glass of water, please.	Glasi moja ya maji, tafadhali.<hr><table class=gloss><tr class=mo><td>glasi</td><td>moja</td><td>y-a</td><td>maji</td><td>tafadhali</td></tr><tr class=la><td>CL9.glass</td><td>one</td><td>CL9-GEN</td><td>CL6.water</td><td>please</td></tr></table><div class=klassen>glasi class 9/10 (Ø/n-) → glasi — number shows only in the agreement [loanword] · maji class 6 (ma-), no number change [plural only]</div><div class=konkordanz>class 9: SUBJ i- · ADJ Ø/n- · GEN ya · DEM hii/ile · POSS y- · REL -yo · class 6: SUBJ ya- · ADJ ma- · GEN ya · DEM haya/yale · POSS y- · REL -yo</div><div class=hinweis>maji ist Kl.6 und hat keinen Singular</div>	A1 SD1 W Wasser
I have to go to the doctor. My leg hurts.	Lazima niende kwa daktari. Mguu wangu unaniuma.<hr><table class=gloss><tr class=mo><td>lazima</td><td>ni-end-e</td><td>kwa</td><td>daktari</td><td>m-guu</td><td>w-angu</td><td>u-na-ni-um-a</td></tr><tr class=la><td>must</td><td>1SG-go-SBJV</td><td>to</td><td>CL5/CL1.doctor</td><td>CL3-leg</td><td>CL3-my</td><td>CL3-PRS-OBJ1SG-hurt-IND</td></tr></table><div class=klassen>daktari class 5/6 (ji-/Ø › ma-) → madaktari [person: form class 5/6, agreement class 1/2] · mguu class 3/4 (m-/mw- › mi-) → miguu</div><div class=konkordanz>class 1: SUBJ a- · ADJ m-/mw- · GEN wa · DEM huyu/yule · POSS w- · REL -ye · class 3: SUBJ u- · ADJ m-/mw- · GEN wa · DEM huu/ule · POSS w- · REL -o</div><div class=hinweis>Das Bein schmerzt mich: Objektpräfix -ni-</div>	A1 SD1 W weh_tun
Please tick: "female" or "male".	Tafadhali tieni alama: "mwanamke" au "mwanamume".<hr><table class=gloss><tr class=mo><td>tafadhali</td><td>ti-eni</td><td>alama</td><td>mw-anamke</td><td>au</td><td>mw-anamume</td></tr><tr class=la><td>please</td><td>put-IMP.PL</td><td>CL9.mark</td><td>CL1-woman</td><td>or</td><td>CL1-man</td></tr></table><div class=klassen>alama class 9/10 (Ø/n-) → alama — number shows only in the agreement · mwanamke class 1/2 (m-/mw- › wa-) → wanawake · mwanamume class 1/2 (m-/mw- › wa-) → wanaume</div><div class=konkordanz>class 9: SUBJ i- · ADJ Ø/n- · GEN ya · DEM hii/ile · POSS y- · REL -yo · class 1: SUBJ a- · ADJ m-/mw- · GEN wa · DEM huyu/yule · POSS w- · REL -ye</div><div class=hinweis>Geschlecht wird als Nomen angegeben</div>	A1 SD1 W weiblich
No thank you, I do not want any wine.	Hapana asante, sitaki mvinyo.<hr><table class=gloss><tr class=mo><td>hapana</td><td>asante</td><td>si-tak-i</td><td>m-vinyo</td></tr><tr class=la><td>no</td><td>thanks</td><td>1SG.NEG-want-NEG</td><td>CL3-wine</td></tr></table><div class=klassen>mvinyo class 3/4 (m-/mw- › mi-) → mivinyo</div><div class=konkordanz>class 3: SUBJ u- · ADJ m-/mw- · GEN wa · DEM huu/ule · POSS w- · REL -o</div><div class=hinweis>Swahili hat kein eigenes Wort für &quot;kein&quot;</div>	A1 SD1 W Wein
It is not far to the station.	Hadi stesheni si mbali.<hr><table class=gloss><tr class=mo><td>hadi</td><td>stesheni</td><td>si</td><td>mbali</td></tr><tr class=la><td>until</td><td>CL9.station</td><td>NEG.COP</td><td>far</td></tr></table><div class=klassen>stesheni class 9/10 (Ø/n-) → stesheni — number shows only in the agreement [loanword]</div><div class=konkordanz>class 9: SUBJ i- · ADJ Ø/n- · GEN ya · DEM hii/ile · POSS y- · REL -yo</div><div class=hinweis>si verneint die Kopula ni</div>	A1 SD1 W weit
The bus does not go any further.	Basi haliendelei.<hr><table class=gloss><tr class=mo><td>basi</td><td>hali-endele-i</td></tr><tr class=la><td>CL5.bus</td><td>CL5.NEG-continue-NEG</td></tr></table><div class=klassen>basi class 5/6 (ji-/Ø › ma-) → mabasi</div><div class=konkordanz>class 5: SUBJ li- · ADJ ji-/Ø · GEN la · DEM hili/lile · POSS l- · REL -lo</div><div class=hinweis>Negatives Subjektpräfix der Kl.5 lautet hali-</div>	A1 SD1 W weiter
Which book would you like?	Unataka kitabu kipi?<hr><table class=gloss><tr class=mo><td>u-na-tak-a</td><td>ki-tabu</td><td>kipi</td></tr><tr class=la><td>2SG-PRS-want-IND</td><td>CL7-book</td><td>CL7.which</td></tr></table><div class=klassen>kitabu class 7/8 (ki- › vi-) → vitabu</div><div class=konkordanz>class 7: SUBJ ki- · ADJ ki- · GEN cha · DEM hiki/kile · POSS ch- · REL -cho</div><div class=hinweis>kipi kongruiert mit kitabu Kl.7</div>	A1 SD1 W welch
There are many problems in the world.	Kuna matatizo mengi duniani.<hr><table class=gloss><tr class=mo><td>ku-na</td><td>ma-tatizo</td><td>m-engi</td><td>dunia-ni</td></tr><tr class=la><td>CL17-with</td><td>CL6-problem</td><td>CL6-many</td><td>CL9.world-LOC</td></tr></table><div class=klassen>tatizo class 5/6 (ji-/Ø › ma-) → matatizo</div><div class=konkordanz>class 5: SUBJ li- · ADJ ji-/Ø · GEN la · DEM hili/lile · POSS l- · REL -lo</div><div class=hinweis>Ortssuffix -ni an dunia Kl.9</div>	A1 SD1 W Welt
Unfortunately I only understood a little.	Kwa bahati mbaya nimeelewa kidogo tu.<hr><table class=gloss><tr class=mo><td>kwa</td><td>bahati</td><td>m-baya</td><td>ni-me-elew-a</td><td>ki-dogo</td><td>tu</td></tr><tr class=la><td>for</td><td>CL9.luck</td><td>CL9-bad</td><td>1SG-PRF-understand-IND</td><td>CL7-small</td><td>only</td></tr></table><div class=klassen>bahati class 9/10 (Ø/n-) → bahati — number shows only in the agreement</div><div class=konkordanz>class 9: SUBJ i- · ADJ Ø/n- · GEN ya · DEM hii/ile · POSS y- · REL -yo</div><div class=hinweis>kidogo dient als Adverb &quot;wenig&quot;</div>	A1 SD1 W wenig
He earns little.	Anapata kidogo.<hr><table class=gloss><tr class=mo><td>a-na-pat-a</td><td>ki-dogo</td></tr><tr class=la><td>3SG-PRS-earn-IND</td><td>CL7-small</td></tr></table><div class=konkordanz>class 7: SUBJ ki- · ADJ ki- · GEN cha · DEM hiki/kile · POSS ch- · REL -cho</div><div class=hinweis>kupata heißt bekommen und verdienen</div>	A1 SD1 W wenig
Who is that?	Huyu ni nani?<hr><table class=gloss><tr class=mo><td>huyu</td><td>ni</td><td>nani</td></tr><tr class=la><td>CL1.DEM</td><td>COP</td><td>who</td></tr></table><div class=konkordanz>class 1: SUBJ a- · ADJ m-/mw- · GEN wa · DEM huyu/yule · POSS w- · REL -ye</div><div class=hinweis>huyu für Personen, hii für Sachen der Kl.9</div>	A1 SD1 W wer
My son wants to become a doctor.	Mwana wangu anataka kuwa daktari.<hr><table class=gloss><tr class=mo><td>mw-ana</td><td>w-angu</td><td>a-na-tak-a</td><td>ku-w-a</td><td>daktari</td></tr><tr class=la><td>CL1-son</td><td>CL1-my</td><td>3SG-PRS-want-IND</td><td>CL15-become-IND</td><td>CL5/CL1.doctor</td></tr></table><div class=klassen>mwana class 1/2 (m-/mw- › wa-) → wana · daktari class 5/6 (ji-/Ø › ma-) → madaktari [person: form class 5/6, agreement class 1/2]</div><div class=konkordanz>class 1: SUBJ a- · ADJ m-/mw- · GEN wa · DEM huyu/yule · POSS w- · REL -ye</div><div class=hinweis>kuwa heißt sein und werden</div>	A1 SD1 W werden
We had bad weather.	Tulikuwa na hali ya hewa mbaya.<hr><table class=gloss><tr class=mo><td>tu-li-kuw-a</td><td>na</td><td>hali</td><td>y-a</td><td>hewa</td><td>m-baya</td></tr><tr class=la><td>1PL-PST-be-IND</td><td>with</td><td>CL9.state</td><td>CL9-GEN</td><td>CL9.air</td><td>CL9-bad</td></tr></table><div class=klassen>hali ya hewa class 9 (Ø/n-), no number change [genitive construction, no plural]</div><div class=konkordanz>class 9: SUBJ i- · ADJ Ø/n- · GEN ya · DEM hii/ile · POSS y- · REL -yo</div><div class=hinweis>Vergangenheit von haben ist kuwa na mit -li-</div>	A1 SD1 W Wetter
This form is very important.	Fomu hii ni muhimu sana.<hr><table class=gloss><tr class=mo><td>fomu</td><td>hii</td><td>ni</td><td>muhimu</td><td>sana</td></tr><tr class=la><td>CL9.form</td><td>CL9.DEM</td><td>COP</td><td>important</td><td>very</td></tr></table><div class=klassen>fomu class 9/10 (Ø/n-) → fomu — number shows only in the agreement [loanword]</div><div class=konkordanz>class 9: SUBJ i- · ADJ Ø/n- · GEN ya · DEM hii/ile · POSS y- · REL -yo</div><div class=hinweis>muhimu bleibt unverändert</div>	A1 SD1 W wichtig
What is your name?	Unaitwa nani?<hr><table class=gloss><tr class=mo><td>u-na-it-w-a</td><td>nani</td></tr><tr class=la><td>2SG-PRS-call-PASS-IND</td><td>who</td></tr></table><div class=hinweis>heißen steht stets im Passiv</div>	A1 SD1 W wie
He writes like a child.	Anaandika kama mtoto.<hr><table class=gloss><tr class=mo><td>a-na-andik-a</td><td>kama</td><td>m-toto</td></tr><tr class=la><td>3SG-PRS-write-IND</td><td>how</td><td>CL1-child</td></tr></table><div class=klassen>mtoto class 1/2 (m-/mw- › wa-) → watoto</div><div class=konkordanz>class 1: SUBJ a- · ADJ m-/mw- · GEN wa · DEM huyu/yule · POSS w- · REL -ye</div><div class=hinweis>kama bildet den Vergleich</div>	A1 SD1 W wie
My wife is as tall as I am.	Mke wangu ni mrefu kama mimi.<hr><table class=gloss><tr class=mo><td>mke</td><td>w-angu</td><td>ni</td><td>m-refu</td><td>kama</td><td>mimi</td></tr><tr class=la><td>CL1.wife</td><td>CL1-my</td><td>COP</td><td>CL1-big</td><td>how</td><td>I</td></tr></table><div class=klassen>mke class 1/2 (m-/mw- › wa-) → wake [husband = &quot;mume&quot; class 1/2]</div><div class=konkordanz>class 1: SUBJ a- · ADJ m-/mw- · GEN wa · DEM huyu/yule · POSS w- · REL -ye</div><div class=hinweis>kama dient dem Gleichheitsvergleich</div>	A1 SD1 W wie
How am I supposed to do that?	Nifanye hii vipi?<hr><table class=gloss><tr class=mo><td>ni-fany-e</td><td>hii</td><td>vipi</td></tr><tr class=la><td>1SG-do-SBJV</td><td>CL9.DEM</td><td>how</td></tr></table><div class=konkordanz>class 9: SUBJ i- · ADJ Ø/n- · GEN ya · DEM hii/ile · POSS y- · REL -yo</div><div class=hinweis>vipi fragt nach der Art und Weise</div>	A1 SD1 W wie
How big is the flat?	Nyumba ina ukubwa gani?<hr><table class=gloss><tr class=mo><td>nyumba</td><td>i-na</td><td>ukubwa</td><td>gani</td></tr><tr class=la><td>CL9.house</td><td>CL9-have</td><td>CL14.size</td><td>which</td></tr></table><div class=klassen>nyumba class 9/10 (Ø/n-) → nyumba — number shows only in the agreement · ukubwa class 14 (u-), no number change [abstract noun]</div><div class=konkordanz>class 9: SUBJ i- · ADJ Ø/n- · GEN ya · DEM hii/ile · POSS y- · REL -yo · class 14: SUBJ u- · ADJ m-/mw- · GEN wa · DEM huu/ule · POSS w- · REL -o</div><div class=hinweis>Größe haben statt groß sein</div>	A1 SD1 W wie
Sorry, what did you say?	Samahani, vipi?<hr><table class=gloss><tr class=mo><td>samahani</td><td>vipi</td></tr><tr class=la><td>CL9.apology</td><td>how</td></tr></table><div class=konkordanz>class 9: SUBJ i- · ADJ Ø/n- · GEN ya · DEM hii/ile · POSS y- · REL -yo</div><div class=hinweis>vipi fragt auch nach dem Gesagten</div>	A1 SD1 W wie
How long have you been here?	Uko hapa kwa muda gani tayari?<hr><table class=gloss><tr class=mo><td>u-ko</td><td>hapa</td><td>kwa</td><td>muda</td><td>gani</td><td>tayari</td></tr><tr class=la><td>2SG-be.there</td><td>here</td><td>for</td><td>CL3.time</td><td>which</td><td>already</td></tr></table><div class=klassen>muda class 3/10 (m-/mw- › Ø/n-) → nyakati [irregular plural]</div><div class=konkordanz>class 3: SUBJ u- · ADJ m-/mw- · GEN wa · DEM huu/ule · POSS w- · REL -o</div><div class=hinweis>muda gani fragt nach der Dauer</div>	A1 SD1 W wie
Could you repeat that, please?	Mnaweza kurudia hii tafadhali?<hr><table class=gloss><tr class=mo><td>m-na-wez-a</td><td>ku-rudi-a</td><td>hii</td><td>tafadhali</td></tr><tr class=la><td>2PL-PRS-can-IND</td><td>CL15-repeat-IND</td><td>CL9.DEM</td><td>please</td></tr></table><div class=konkordanz>class 15: SUBJ ku- · ADJ ku- · GEN kwa · DEM huku/kule · POSS kw- · REL -ko · class 9: SUBJ i- · ADJ Ø/n- · GEN ya · DEM hii/ile · POSS y- · REL -yo</div><div class=hinweis>kurudia ist kurudi plus Applikativ</div>	A1 SD1 W wiederholen
We have to finish now.	Sasa lazima tumalize.<hr><table class=gloss><tr class=mo><td>sasa</td><td>lazima</td><td>tu-maliz-e</td></tr><tr class=la><td>now</td><td>must</td><td>1PL-finish-SBJV</td></tr></table><div class=hinweis>Deutsches &quot;wir&quot; verlangt tu-, nicht ni-</div>	A1 SD1 W Wiederhören
Well, goodbye then!	Basi, kwaheri!<hr><table class=gloss><tr class=mo><td>basi</td><td>kwaheri</td></tr><tr class=la><td>so</td><td>goodbye</td></tr></table><div class=klassen>basi class 5/6 (ji-/Ø › ma-) → mabasi</div><div class=konkordanz>class 5: SUBJ li- · ADJ ji-/Ø · GEN la · DEM hili/lile · POSS l- · REL -lo</div><div class=hinweis>kwaheri gilt am Telefon und beim Abschied</div>	A1 SD1 W Wiederhören
Goodbye!	Kwaheri!<hr><table class=gloss><tr class=mo><td>kwaheri</td></tr><tr class=la><td>goodbye</td></tr></table><div class=hinweis>kwaheri ist unveränderlich</div>	A1 SD1 W Wiedersehen
How much milk do you take?	Mnachukua maziwa kiasi gani?<hr><table class=gloss><tr class=mo><td>m-na-chuku-a</td><td>maziwa</td><td>kiasi</td><td>gani</td></tr><tr class=la><td>2PL-PRS-take-IND</td><td>CL6.milk</td><td>CL9.amount</td><td>which</td></tr></table><div class=klassen>maziwa class 6 (ma-), no number change [plural only]</div><div class=konkordanz>class 6: SUBJ ya- · ADJ ma- · GEN ya · DEM haya/yale · POSS y- · REL -yo</div><div class=hinweis>kiasi gani fragt nach der Menge</div>	A1 SD1 W wie_viel
A warm welcome!	Karibu sana!<hr><table class=gloss><tr class=mo><td>karibu</td><td>sana</td></tr><tr class=la><td>welcome</td><td>very</td></tr></table><div class=hinweis>karibu heißt willkommen und nahe</div>	A1 SD1 W willkommen
The wind comes from the east.	Upepo unatoka mashariki.<hr><table class=gloss><tr class=mo><td>upepo</td><td>u-na-tok-a</td><td>mashariki</td></tr><tr class=la><td>CL11.wind</td><td>CL11-PRS-come-IND</td><td>CL9.east</td></tr></table><div class=klassen>upepo class 11/10 (u- › Ø/n-) → pepo</div><div class=konkordanz>class 11: SUBJ u- · ADJ m-/mw- · GEN wa · DEM huu/ule · POSS w- · REL -o</div><div class=hinweis>upepo Kl.11, Plural pepo Kl.10</div>	A1 SD1 W Wind
We are learning German.	Tunasoma Kijerumani.<hr><table class=gloss><tr class=mo><td>tu-na-som-a</td><td>Ki-jerumani</td></tr><tr class=la><td>1PL-PRS-learn-IND</td><td>CL7-German</td></tr></table><div class=konkordanz>class 7: SUBJ ki- · ADJ ki- · GEN cha · DEM hiki/kile · POSS ch- · REL -cho</div><div class=hinweis>Sprachen tragen das ki- der Kl.7</div>	A1 SD1 W wir
Do you know what he is called?	Unajua anaitwa nani?<hr><table class=gloss><tr class=mo><td>u-na-ju-a</td><td>a-na-it-w-a</td><td>nani</td></tr><tr class=la><td>2SG-PRS-know-IND</td><td>3SG-PRS-call-PASS-IND</td><td>who</td></tr></table><div class=hinweis>Indirekte Frage ohne Einleitewort</div>	A1 SD1 W wissen
Where were you on holiday?	Mlikuwa wapi likizoni?<hr><table class=gloss><tr class=mo><td>m-li-kuw-a</td><td>wapi</td><td>likizo-ni</td></tr><tr class=la><td>2PL-PST-be-IND</td><td>where</td><td>CL9.holiday-LOC</td></tr></table><div class=konkordanz>class 9: SUBJ i- · ADJ Ø/n- · GEN ya · DEM hii/ile · POSS y- · REL -yo</div><div class=hinweis>Ortssuffix -ni an likizo Kl.9</div>	A1 SD1 W wo
Where is the post office?	Posta iko wapi?<hr><table class=gloss><tr class=mo><td>posta</td><td>i-ko</td><td>wapi</td></tr><tr class=la><td>CL9.post</td><td>CL9-be.there</td><td>where</td></tr></table><div class=klassen>posta class 9/10 (Ø/n-) → posta — number shows only in the agreement [loanword]</div><div class=konkordanz>class 9: SUBJ i- · ADJ Ø/n- · GEN ya · DEM hii/ile · POSS y- · REL -yo</div><div class=hinweis>iko fragt nach dem Ort einer Sache</div>	A1 SD1 W wo
Where were you born?	Mlizaliwa wapi?<hr><table class=gloss><tr class=mo><td>m-li-zali-w-a</td><td>wapi</td></tr><tr class=la><td>2PL-PST-bear-PASS-IND</td><td>where</td></tr></table><div class=hinweis>Passiv Vergangenheit für die Geburt</div>	A1 SD1 W wo
Where do you come from?	Mnatoka wapi?<hr><table class=gloss><tr class=mo><td>m-na-tok-a</td><td>wapi</td></tr><tr class=la><td>2PL-PRS-come-IND</td><td>where</td></tr></table><div class=hinweis>wapi fragt nach Ort und Herkunft</div>	A1 SD1 W woher
Where does this bus go?	Basi hili linakwenda wapi?<hr><table class=gloss><tr class=mo><td>basi</td><td>hili</td><td>li-na-kwend-a</td><td>wapi</td></tr><tr class=la><td>CL5.bus</td><td>CL5.DEM</td><td>CL5-PRS-go-IND</td><td>where</td></tr></table><div class=klassen>basi class 5/6 (ji-/Ø › ma-) → mabasi</div><div class=konkordanz>class 5: SUBJ li- · ADJ ji-/Ø · GEN la · DEM hili/lile · POSS l- · REL -lo</div><div class=hinweis>Bei kwenda bleibt das ku- im Stamm</div>	A1 SD1 W wohin
Where do you want to go at the weekend?	Mnataka kwenda wapi mwishoni wa wiki?<hr><table class=gloss><tr class=mo><td>m-na-tak-a</td><td>kw-end-a</td><td>wapi</td><td>mwisho-ni</td><td>w-a</td><td>wiki</td></tr><tr class=la><td>2PL-PRS-want-IND</td><td>CL15-go-IND</td><td>where</td><td>CL3.end-LOC</td><td>CL3-GEN</td><td>CL9.week</td></tr></table><div class=konkordanz>class 15: SUBJ ku- · ADJ ku- · GEN kwa · DEM huku/kule · POSS kw- · REL -ko · class 3: SUBJ u- · ADJ m-/mw- · GEN wa · DEM huu/ule · POSS w- · REL -o</div><div class=hinweis>Wochenende als mwishoni wa wiki</div>	A1 SD1 W wohin
I live in Munich.	Nakaa München.<hr><table class=gloss><tr class=mo><td>na-ka-a</td><td>München</td></tr><tr class=la><td>1SG.PRS.GNRL-live-IND</td><td>Munich</td></tr></table><div class=hinweis>Ortsnamen brauchen keine Präposition</div>	A1 SD1 W wohnen
Since when have you had this flat?	Mnayo nyumba hii tangu lini?<hr><table class=gloss><tr class=mo><td>m-na-yo</td><td>nyumba</td><td>hii</td><td>tangu</td><td>lini</td></tr><tr class=la><td>2PL-have-REL9</td><td>CL9.house</td><td>CL9.DEM</td><td>since</td><td>when</td></tr></table><div class=klassen>nyumba class 9/10 (Ø/n-) → nyumba — number shows only in the agreement</div><div class=konkordanz>class 9: SUBJ i- · ADJ Ø/n- · GEN ya · DEM hii/ile · POSS y- · REL -yo</div><div class=hinweis>tangu lini fragt nach dem Beginn</div>	A1 SD1 W Wohnung
Would you like to drink a coffee?	Mnataka kunywa kahawa?<hr><table class=gloss><tr class=mo><td>m-na-tak-a</td><td>ku-nyw-a</td><td>kahawa</td></tr><tr class=la><td>2PL-PRS-want-IND</td><td>CL15-drink-IND</td><td>CL9.coffee</td></tr></table><div class=klassen>kahawa class 9/10 (Ø/n-) → kahawa — number shows only in the agreement</div><div class=konkordanz>class 9: SUBJ i- · ADJ Ø/n- · GEN ya · DEM hii/ile · POSS y- · REL -yo</div><div class=hinweis>kunywa hat den unregelmäßigen Stamm nyw-</div>	A1 SD1 W wollen
I do not know the word.	Sijui neno hilo.<hr><table class=gloss><tr class=mo><td>si-ju-i</td><td>neno</td><td>hilo</td></tr><tr class=la><td>1SG.NEG-know-NEG</td><td>CL5.word</td><td>CL5.DEM</td></tr></table><div class=klassen>neno class 5/6 (ji-/Ø › ma-) → maneno</div><div class=konkordanz>class 5: SUBJ li- · ADJ ji-/Ø · GEN la · DEM hili/lile · POSS l- · REL -lo</div><div class=hinweis>hilo ist das Demonstrativ der Kl.5</div>	A1 SD1 W Wort
The food tastes wonderful.	Chakula kinapendeza vizuri ajabu.<hr><table class=gloss><tr class=mo><td>chakula</td><td>ki-na-pendez-a</td><td>vi-zuri</td><td>ajabu</td></tr><tr class=la><td>CL7.food</td><td>CL7-PRS-please-IND</td><td>CL8-good</td><td>CL9.wonder</td></tr></table><div class=klassen>chakula class 7/8 (ki- › vi-) → vyakula</div><div class=konkordanz>class 7: SUBJ ki- · ADJ ki- · GEN cha · DEM hiki/kile · POSS ch- · REL -cho</div><div class=hinweis>ajabu verstärkt zu &quot;wunderbar&quot;</div>	A1 SD1 W wunderbar
The bill, please!	Kulipa, tafadhali!<hr><table class=gloss><tr class=mo><td>ku-lip-a</td><td>tafadhali</td></tr><tr class=la><td>CL15-pay-IND</td><td>please</td></tr></table><div class=konkordanz>class 15: SUBJ ku- · ADJ ku- · GEN kwa · DEM huku/kule · POSS kw- · REL -ko</div><div class=hinweis>Infinitiv dient als höfliche Aufforderung</div>	A1 SD1 Z zahlen
I have no time today.	Leo sina wakati.<hr><table class=gloss><tr class=mo><td>leo</td><td>si-na</td><td>wakati</td></tr><tr class=la><td>today</td><td>1SG.NEG-have</td><td>CL11.time</td></tr></table><div class=klassen>wakati class 11/10 (u- › Ø/n-) → nyakati</div><div class=konkordanz>class 11: SUBJ u- · ADJ m-/mw- · GEN wa · DEM huu/ule · POSS w- · REL -o</div><div class=hinweis>sina ist die 1SG-Negation von nina</div>	A1 SD1 Z Zeit
At the moment I have a great deal to do.	Kwa sasa nina mengi ya kufanya.<hr><table class=gloss><tr class=mo><td>kwa</td><td>sasa</td><td>ni-na</td><td>m-engi</td><td>y-a</td><td>ku-fany-a</td></tr><tr class=la><td>for</td><td>now</td><td>1SG-have</td><td>CL6-much</td><td>CL6-GEN</td><td>CL15-do-IND</td></tr></table><div class=konkordanz>class 6: SUBJ ya- · ADJ ma- · GEN ya · DEM haya/yale · POSS y- · REL -yo · class 15: SUBJ ku- · ADJ ku- · GEN kwa · DEM huku/kule · POSS kw- · REL -ko</div><div class=hinweis>mengi ist Kl.6 und steht für &quot;vieles&quot;</div>	A1 SD1 Z zurzeit
I like reading the newspaper.	Napenda kusoma gazeti.<hr><table class=gloss><tr class=mo><td>na-pend-a</td><td>ku-som-a</td><td>gazeti</td></tr><tr class=la><td>1SG.PRS.GNRL-like-IND</td><td>CL15-read-IND</td><td>CL5.newspaper</td></tr></table><div class=klassen>gazeti class 5/6 (ji-/Ø › ma-) → magazeti</div><div class=konkordanz>class 5: SUBJ li- · ADJ ji-/Ø · GEN la · DEM hili/lile · POSS l- · REL -lo</div><div class=hinweis>gazeti Kl.5, Plural magazeti Kl.6</div>	A1 SD1 Z Zeitung
How expensive are the cigarettes?	Sigara ni ghali kiasi gani?<hr><table class=gloss><tr class=mo><td>sigara</td><td>ni</td><td>ghali</td><td>kiasi</td><td>gani</td></tr><tr class=la><td>CL10.cigarette</td><td>COP</td><td>expensive</td><td>CL9.amount</td><td>which</td></tr></table><div class=klassen>sigara class 9/10 (Ø/n-) → sigara — number shows only in the agreement [loanword]</div><div class=konkordanz>class 9: SUBJ i- · ADJ Ø/n- · GEN ya · DEM hii/ile · POSS y- · REL -yo</div><div class=hinweis>sigara ist Kl.9 und Kl.10 gleich</div>	A1 SD1 Z Zigarette
The room is big.	Chumba ni kikubwa.<hr><table class=gloss><tr class=mo><td>ki-umba</td><td>ni</td><td>ki-kubwa</td></tr><tr class=la><td>CL7-room</td><td>COP</td><td>CL7-big</td></tr></table><div class=klassen>chumba class 7/8 (ki- › vi-) → vyumba</div><div class=konkordanz>class 7: SUBJ ki- · ADJ ki- · GEN cha · DEM hiki/kile · POSS ch- · REL -cho</div><div class=hinweis>kikubwa kongruiert mit chumba Kl.7</div>	A1 SD1 Z Zimmer
Please open the window in the bedroom!	Tafadhali fungua dirisha kwenye chumba cha kulala!<hr><table class=gloss><tr class=mo><td>tafadhali</td><td>fungu-a</td><td>dirisha</td><td>kwenye</td><td>ki-umba</td><td>ch-a</td><td>ku-lal-a</td></tr><tr class=la><td>please</td><td>open-IMP</td><td>CL5.window</td><td>at</td><td>CL7-room</td><td>CL7-GEN</td><td>CL15-sleep-IND</td></tr></table><div class=klassen>chumba class 7/8 (ki- › vi-) → vyumba</div><div class=konkordanz>class 7: SUBJ ki- · ADJ ki- · GEN cha · DEM hiki/kile · POSS ch- · REL -cho</div><div class=hinweis>Schlafzimmer als chumba cha kulala</div>	A1 SD1 Z Zimmer
The flat has three rooms.	Nyumba ina vyumba vitatu.<hr><table class=gloss><tr class=mo><td>nyumba</td><td>i-na</td><td>vy-umba</td><td>vi-tatu</td></tr><tr class=la><td>CL9.house</td><td>CL9-have</td><td>CL8-room</td><td>CL8-three</td></tr></table><div class=klassen>nyumba class 9/10 (Ø/n-) → nyumba — number shows only in the agreement · chumba class 7/8 (ki- › vi-) → vyumba</div><div class=konkordanz>class 9: SUBJ i- · ADJ Ø/n- · GEN ya · DEM hii/ile · POSS y- · REL -yo · class 7: SUBJ ki- · ADJ ki- · GEN cha · DEM hiki/kile · POSS ch- · REL -cho</div><div class=hinweis>vitatu trägt das Kl.8-Präfix</div>	A1 SD1 Z Zimmer
I have booked a room.	Nimeagiza chumba.<hr><table class=gloss><tr class=mo><td>ni-me-agiz-a</td><td>ki-umba</td></tr><tr class=la><td>1SG-PRF-order-IND</td><td>CL7-room</td></tr></table><div class=klassen>chumba class 7/8 (ki- › vi-) → vyumba</div><div class=konkordanz>class 7: SUBJ ki- · ADJ ki- · GEN cha · DEM hiki/kile · POSS ch- · REL -cho</div><div class=hinweis>kuagiza bestellt Waren und Zimmer</div>	A1 SD1 Z Zimmer
We still have to go through customs.	Lazima tupite forodha bado.<hr><table class=gloss><tr class=mo><td>lazima</td><td>tu-pit-e</td><td>forodha</td><td>bado</td></tr><tr class=la><td>must</td><td>1PL-go-SBJV</td><td>CL9.customs</td><td>still</td></tr></table><div class=klassen>forodha class 9/10 (Ø/n-) → forodha — number shows only in the agreement</div><div class=konkordanz>class 9: SUBJ i- · ADJ Ø/n- · GEN ya · DEM hii/ile · POSS y- · REL -yo</div><div class=hinweis>kupita geht durch, kuvuka überquert</div>	A1 SD1 Z Zoll
The bus goes to the station.	Basi linakwenda stesheni.<hr><table class=gloss><tr class=mo><td>basi</td><td>li-na-kwend-a</td><td>stesheni</td></tr><tr class=la><td>CL5.bus</td><td>CL5-PRS-go-IND</td><td>CL9.station</td></tr></table><div class=klassen>basi class 5/6 (ji-/Ø › ma-) → mabasi · stesheni class 9/10 (Ø/n-) → stesheni — number shows only in the agreement [loanword]</div><div class=konkordanz>class 5: SUBJ li- · ADJ ji-/Ø · GEN la · DEM hili/lile · POSS l- · REL -lo · class 9: SUBJ i- · ADJ Ø/n- · GEN ya · DEM hii/ile · POSS y- · REL -yo</div><div class=hinweis>Ziel ohne Präposition nach kwenda</div>	A1 SD1 Z zu
I am going on foot.	Naenda kwa miguu.<hr><table class=gloss><tr class=mo><td>na-end-a</td><td>kwa</td><td>mi-guu</td></tr><tr class=la><td>1SG.PRS.GNRL-go-IND</td><td>with</td><td>CL4-foot</td></tr></table><div class=klassen>mguu class 3/4 (m-/mw- › mi-) → miguu</div><div class=konkordanz>class 3: SUBJ u- · ADJ m-/mw- · GEN wa · DEM huu/ule · POSS w- · REL -o</div><div class=hinweis>zu Fuß = kwa miguu, &quot;mit den Füßen&quot;</div>	A1 SD1 Z zu
I am at home.	Niko nyumbani.<hr><table class=gloss><tr class=mo><td>ni-ko</td><td>nyumbani</td></tr><tr class=la><td>1SG-be.there</td><td>CL9.house.LOC</td></tr></table><div class=konkordanz>class 9: SUBJ i- · ADJ Ø/n- · GEN ya · DEM hii/ile · POSS y- · REL -yo</div><div class=hinweis>nyumbani deckt &quot;zu Hause&quot; und &quot;nach Hause&quot; ab</div>	A1 SD1 Z zu
I am satisfied with the flat.	Nimeridhika na nyumba.<hr><table class=gloss><tr class=mo><td>ni-me-ridhik-a</td><td>na</td><td>nyumba</td></tr><tr class=la><td>1SG-PRF-be.satisfied-IND</td><td>with</td><td>CL9.house</td></tr></table><div class=klassen>nyumba class 9/10 (Ø/n-) → nyumba — number shows only in the agreement</div><div class=konkordanz>class 9: SUBJ i- · ADJ Ø/n- · GEN ya · DEM hii/ile · POSS y- · REL -yo</div><div class=hinweis>Stativ -ik- plus Perfekt für einen Zustand</div>	A1 SD1 Z zufrieden
I like travelling by train.	Napenda kusafiri kwa treni.<hr><table class=gloss><tr class=mo><td>na-pend-a</td><td>ku-safiri</td><td>kwa</td><td>treni</td></tr><tr class=la><td>1SG.PRS.GNRL-like-IND</td><td>CL15-travel</td><td>with</td><td>CL9.train</td></tr></table><div class=klassen>treni class 9/10 (Ø/n-) → treni — number shows only in the agreement [loanword]</div><div class=konkordanz>class 9: SUBJ i- · ADJ Ø/n- · GEN ya · DEM hii/ile · POSS y- · REL -yo</div><div class=hinweis>kwa bezeichnet das Verkehrsmittel</div>	A1 SD1 Z Zug
A return to Frankfurt, once.	Frankfurt kwenda na kurudi, mara moja.<hr><table class=gloss><tr class=mo><td>Frankfurt</td><td>kw-end-a</td><td>na</td><td>ku-rudi</td><td>mara</td><td>moja</td></tr><tr class=la><td>Frankfurt</td><td>CL15-go-IND</td><td>and</td><td>CL15-return</td><td>CL9.time</td><td>one</td></tr></table><div class=konkordanz>class 15: SUBJ ku- · ADJ ku- · GEN kwa · DEM huku/kule · POSS kw- · REL -ko · class 9: SUBJ i- · ADJ Ø/n- · GEN ya · DEM hii/ile · POSS y- · REL -yo</div><div class=hinweis>Hin und zurück als kwenda na kurudi</div>	A1 SD1 Z zurück
When are you coming back?	Unarudi lini?<hr><table class=gloss><tr class=mo><td>u-na-rudi</td><td>lini</td></tr><tr class=la><td>2SG-PRS-return</td><td>when</td></tr></table><div class=hinweis>kurudi ist arabisches Lehnverb auf -i</div>	A1 SD1 Z zurück
Shall we go and eat together?	Tuende kula pamoja?<hr><table class=gloss><tr class=mo><td>tu-end-e</td><td>ku-kul-a</td><td>pamoja</td></tr><tr class=la><td>1PL-go-SBJV</td><td>CL15-eat-IND</td><td>together</td></tr></table><div class=konkordanz>class 15: SUBJ ku- · ADJ ku- · GEN kwa · DEM huku/kule · POSS kw- · REL -ko</div><div class=hinweis>Konjunktiv plus Infinitiv als Vorschlag</div>	A1 SD1 Z zusammen
That comes to 2 euros 80 altogether.	Hiyo ni Euro mbili na senti themanini kwa pamoja.<hr><table class=gloss><tr class=mo><td>hiyo</td><td>ni</td><td>Euro</td><td>mbili</td><td>na</td><td>senti</td><td>themanini</td><td>kwa</td><td>pamoja</td></tr><tr class=la><td>CL9.DEM</td><td>COP</td><td>euro</td><td>two</td><td>and</td><td>CL9.cent</td><td>eighty</td><td>for</td><td>together</td></tr></table><div class=konkordanz>class 9: SUBJ i- · ADJ Ø/n- · GEN ya · DEM hii/ile · POSS y- · REL -yo</div><div class=hinweis>achtzig = themanini</div>	A1 SD1 Z zusammen
Heidelberg is between Frankfurt and Stuttgart.	Heidelberg iko kati ya Frankfurt na Stuttgart.<hr><table class=gloss><tr class=mo><td>Heidelberg</td><td>i-ko</td><td>kati</td><td>y-a</td><td>Frankfurt</td><td>na</td><td>Stuttgart</td></tr><tr class=la><td>Heidelberg</td><td>CL9-be.there</td><td>between</td><td>CL9-GEN</td><td>Frankfurt</td><td>and</td><td>Stuttgart</td></tr></table><div class=klassen>kati class 9 (Ø/n-), no number change [no plural]</div><div class=konkordanz>class 9: SUBJ i- · ADJ Ø/n- · GEN ya · DEM hii/ile · POSS y- · REL -yo</div><div class=hinweis>kati ya verlangt den Genitiv</div>	A1 SD1 Z zwischen
Between 8 and 10 o'clock I am at home.	Kati ya saa mbili na saa nne niko nyumbani.<hr><table class=gloss><tr class=mo><td>kati</td><td>y-a</td><td>saa</td><td>mbili</td><td>na</td><td>saa</td><td>nne</td><td>ni-ko</td><td>nyumbani</td></tr><tr class=la><td>between</td><td>CL9-GEN</td><td>CL9.hour</td><td>two</td><td>and</td><td>CL9.hour</td><td>four</td><td>1SG-be.there</td><td>CL9.house.LOC</td></tr></table><div class=klassen>kati class 9 (Ø/n-), no number change [no plural] · saa class 9/10 (Ø/n-) → saa — number shows only in the agreement [also &quot;clock&quot;]</div><div class=konkordanz>class 9: SUBJ i- · ADJ Ø/n- · GEN ya · DEM hii/ile · POSS y- · REL -yo</div><div class=hinweis>saa mbili = 8 Uhr, saa nne = 10 Uhr</div>	A1 SD1 Z zwischen
I have a good child. ⁄⁄ I have good children.	Nina mtoto mzuri. ⁄⁄ Nina watoto wazuri.<hr><table class=gloss><tr class=mo><td>ni-na</td><td>mtoto</td><td>m-zuri</td></tr><tr class=la><td>1SG-have</td><td>CL1.child</td><td>CL1-good</td></tr></table><table class=gloss><tr class=mo><td>ni-na</td><td>watoto</td><td>wa-zuri</td></tr><tr class=la><td>1SG-have</td><td>CL2.child</td><td>CL2-good</td></tr></table><div class=klassen>mtoto class 1/2 (m-/mw- › wa-) → watoto</div><div class=konkordanz>class 1: SUBJ a- · ADJ m-/mw- · GEN wa · DEM huyu/yule · POSS w- · REL -ye · class 2: SUBJ wa- · ADJ wa- · GEN wa · DEM hawa/wale · POSS w- · REL -o</div><div class=hinweis>mtoto mzuri → watoto wazuri — the adjective changes with it: mzuri → wazuri</div>	A1 SD1 kontrast numerus kl1 kl2
I have a good teacher. ⁄⁄ I have good teachers.	Nina mwalimu mzuri. ⁄⁄ Nina walimu wazuri.<hr><table class=gloss><tr class=mo><td>ni-na</td><td>mwalimu</td><td>m-zuri</td></tr><tr class=la><td>1SG-have</td><td>CL1.teacher</td><td>CL1-good</td></tr></table><table class=gloss><tr class=mo><td>ni-na</td><td>walimu</td><td>wa-zuri</td></tr><tr class=la><td>1SG-have</td><td>CL2.teacher</td><td>CL2-good</td></tr></table><div class=klassen>mwalimu class 1/2 (m-/mw- › wa-) → walimu</div><div class=konkordanz>class 1: SUBJ a- · ADJ m-/mw- · GEN wa · DEM huyu/yule · POSS w- · REL -ye · class 2: SUBJ wa- · ADJ wa- · GEN wa · DEM hawa/wale · POSS w- · REL -o</div><div class=hinweis>mwalimu mzuri → walimu wazuri — the adjective changes with it: mzuri → wazuri</div>	A1 SD1 kontrast numerus kl1 kl2
I have a good guest. ⁄⁄ I have good guests.	Nina mgeni mzuri. ⁄⁄ Nina wageni wazuri.<hr><table class=gloss><tr class=mo><td>ni-na</td><td>mgeni</td><td>m-zuri</td></tr><tr class=la><td>1SG-have</td><td>CL1.guest</td><td>CL1-good</td></tr></table><table class=gloss><tr class=mo><td>ni-na</td><td>wageni</td><td>wa-zuri</td></tr><tr class=la><td>1SG-have</td><td>CL2.guest</td><td>CL2-good</td></tr></table><div class=klassen>mgeni class 1/2 (m-/mw- › wa-) → wageni</div><div class=konkordanz>class 1: SUBJ a- · ADJ m-/mw- · GEN wa · DEM huyu/yule · POSS w- · REL -ye · class 2: SUBJ wa- · ADJ wa- · GEN wa · DEM hawa/wale · POSS w- · REL -o</div><div class=hinweis>mgeni mzuri → wageni wazuri — the adjective changes with it: mzuri → wazuri</div>	A1 SD1 kontrast numerus kl1 kl2
I have a good tree. ⁄⁄ I have good trees.	Nina mti mzuri. ⁄⁄ Nina miti mizuri.<hr><table class=gloss><tr class=mo><td>ni-na</td><td>mti</td><td>m-zuri</td></tr><tr class=la><td>1SG-have</td><td>CL3.tree</td><td>CL3-good</td></tr></table><table class=gloss><tr class=mo><td>ni-na</td><td>miti</td><td>mi-zuri</td></tr><tr class=la><td>1SG-have</td><td>CL4.tree</td><td>CL4-good</td></tr></table><div class=klassen>mti class 3/4 (m-/mw- › mi-) → miti</div><div class=konkordanz>class 3: SUBJ u- · ADJ m-/mw- · GEN wa · DEM huu/ule · POSS w- · REL -o · class 4: SUBJ i- · ADJ mi- · GEN ya · DEM hii/ile · POSS y- · REL -yo</div><div class=hinweis>mti mzuri → miti mizuri — the adjective changes with it: mzuri → mizuri</div>	A1 SD1 kontrast numerus kl3 kl4
I have a good loaf. ⁄⁄ I have good loaves.	Nina mkate mzuri. ⁄⁄ Nina mikate mizuri.<hr><table class=gloss><tr class=mo><td>ni-na</td><td>mkate</td><td>m-zuri</td></tr><tr class=la><td>1SG-have</td><td>CL3.bread</td><td>CL3-good</td></tr></table><table class=gloss><tr class=mo><td>ni-na</td><td>mikate</td><td>mi-zuri</td></tr><tr class=la><td>1SG-have</td><td>CL4.bread</td><td>CL4-good</td></tr></table><div class=klassen>mkate class 3/4 (m-/mw- › mi-) → mikate</div><div class=konkordanz>class 3: SUBJ u- · ADJ m-/mw- · GEN wa · DEM huu/ule · POSS w- · REL -o · class 4: SUBJ i- · ADJ mi- · GEN ya · DEM hii/ile · POSS y- · REL -yo</div><div class=hinweis>mkate mzuri → mikate mizuri — the adjective changes with it: mzuri → mizuri</div>	A1 SD1 kontrast numerus kl3 kl4
I have a good town. ⁄⁄ I have good towns.	Nina mji mzuri. ⁄⁄ Nina miji mizuri.<hr><table class=gloss><tr class=mo><td>ni-na</td><td>mji</td><td>m-zuri</td></tr><tr class=la><td>1SG-have</td><td>CL3.town</td><td>CL3-good</td></tr></table><table class=gloss><tr class=mo><td>ni-na</td><td>miji</td><td>mi-zuri</td></tr><tr class=la><td>1SG-have</td><td>CL4.town</td><td>CL4-good</td></tr></table><div class=klassen>mji class 3/4 (m-/mw- › mi-) → miji</div><div class=konkordanz>class 3: SUBJ u- · ADJ m-/mw- · GEN wa · DEM huu/ule · POSS w- · REL -o · class 4: SUBJ i- · ADJ mi- · GEN ya · DEM hii/ile · POSS y- · REL -yo</div><div class=hinweis>mji mzuri → miji mizuri — the adjective changes with it: mzuri → mizuri</div>	A1 SD1 kontrast numerus kl3 kl4
I have a good car. ⁄⁄ I have good cars.	Nina gari zuri. ⁄⁄ Nina magari mazuri.<hr><table class=gloss><tr class=mo><td>ni-na</td><td>gari</td><td>zuri</td></tr><tr class=la><td>1SG-have</td><td>CL5.car</td><td>CL5.good</td></tr></table><table class=gloss><tr class=mo><td>ni-na</td><td>magari</td><td>ma-zuri</td></tr><tr class=la><td>1SG-have</td><td>CL6.car</td><td>CL6-good</td></tr></table><div class=klassen>gari class 5/6 (ji-/Ø › ma-) → magari</div><div class=konkordanz>class 5: SUBJ li- · ADJ ji-/Ø · GEN la · DEM hili/lile · POSS l- · REL -lo · class 6: SUBJ ya- · ADJ ma- · GEN ya · DEM haya/yale · POSS y- · REL -yo</div><div class=hinweis>gari zuri → magari mazuri — class 5 has a zero prefix</div>	A1 SD1 kontrast numerus kl5 kl6
I have a good shop. ⁄⁄ I have good shops.	Nina duka zuri. ⁄⁄ Nina maduka mazuri.<hr><table class=gloss><tr class=mo><td>ni-na</td><td>duka</td><td>zuri</td></tr><tr class=la><td>1SG-have</td><td>CL5.shop</td><td>CL5.good</td></tr></table><table class=gloss><tr class=mo><td>ni-na</td><td>maduka</td><td>ma-zuri</td></tr><tr class=la><td>1SG-have</td><td>CL6.shop</td><td>CL6-good</td></tr></table><div class=klassen>duka class 5/6 (ji-/Ø › ma-) → maduka</div><div class=konkordanz>class 5: SUBJ li- · ADJ ji-/Ø · GEN la · DEM hili/lile · POSS l- · REL -lo · class 6: SUBJ ya- · ADJ ma- · GEN ya · DEM haya/yale · POSS y- · REL -yo</div><div class=hinweis>duka zuri → maduka mazuri — class 5 has a zero prefix</div>	A1 SD1 kontrast numerus kl5 kl6
I have a good name. ⁄⁄ I have good names.	Nina jina zuri. ⁄⁄ Nina majina mazuri.<hr><table class=gloss><tr class=mo><td>ni-na</td><td>jina</td><td>zuri</td></tr><tr class=la><td>1SG-have</td><td>CL5.name</td><td>CL5.good</td></tr></table><table class=gloss><tr class=mo><td>ni-na</td><td>majina</td><td>ma-zuri</td></tr><tr class=la><td>1SG-have</td><td>CL6.name</td><td>CL6-good</td></tr></table><div class=klassen>jina class 5/6 (ji-/Ø › ma-) → majina</div><div class=konkordanz>class 5: SUBJ li- · ADJ ji-/Ø · GEN la · DEM hili/lile · POSS l- · REL -lo · class 6: SUBJ ya- · ADJ ma- · GEN ya · DEM haya/yale · POSS y- · REL -yo</div><div class=hinweis>jina zuri → majina mazuri — class 5 has a zero prefix</div>	A1 SD1 kontrast numerus kl5 kl6
I have a good book. ⁄⁄ I have good books.	Nina kitabu kizuri. ⁄⁄ Nina vitabu vizuri.<hr><table class=gloss><tr class=mo><td>ni-na</td><td>kitabu</td><td>ki-zuri</td></tr><tr class=la><td>1SG-have</td><td>CL7.book</td><td>CL7-good</td></tr></table><table class=gloss><tr class=mo><td>ni-na</td><td>vitabu</td><td>vi-zuri</td></tr><tr class=la><td>1SG-have</td><td>CL8.book</td><td>CL8-good</td></tr></table><div class=klassen>kitabu class 7/8 (ki- › vi-) → vitabu</div><div class=konkordanz>class 7: SUBJ ki- · ADJ ki- · GEN cha · DEM hiki/kile · POSS ch- · REL -cho · class 8: SUBJ vi- · ADJ vi- · GEN vya · DEM hivi/vile · POSS vy- · REL -vyo</div><div class=hinweis>kitabu kizuri → vitabu vizuri — the adjective changes with it: kizuri → vizuri</div>	A1 SD1 kontrast numerus kl7 kl8
I have a good chair. ⁄⁄ I have good chairs.	Nina kiti kizuri. ⁄⁄ Nina viti vizuri.<hr><table class=gloss><tr class=mo><td>ni-na</td><td>kiti</td><td>ki-zuri</td></tr><tr class=la><td>1SG-have</td><td>CL7.chair</td><td>CL7-good</td></tr></table><table class=gloss><tr class=mo><td>ni-na</td><td>viti</td><td>vi-zuri</td></tr><tr class=la><td>1SG-have</td><td>CL8.chair</td><td>CL8-good</td></tr></table><div class=klassen>kiti class 7/8 (ki- › vi-) → viti</div><div class=konkordanz>class 7: SUBJ ki- · ADJ ki- · GEN cha · DEM hiki/kile · POSS ch- · REL -cho · class 8: SUBJ vi- · ADJ vi- · GEN vya · DEM hivi/vile · POSS vy- · REL -vyo</div><div class=hinweis>kiti kizuri → viti vizuri — the adjective changes with it: kizuri → vizuri</div>	A1 SD1 kontrast numerus kl7 kl8
I have a good room. ⁄⁄ I have good rooms.	Nina chumba kizuri. ⁄⁄ Nina vyumba vizuri.<hr><table class=gloss><tr class=mo><td>ni-na</td><td>chumba</td><td>ki-zuri</td></tr><tr class=la><td>1SG-have</td><td>CL7.room</td><td>CL7-good</td></tr></table><table class=gloss><tr class=mo><td>ni-na</td><td>vyumba</td><td>vi-zuri</td></tr><tr class=la><td>1SG-have</td><td>CL8.room</td><td>CL8-good</td></tr></table><div class=klassen>chumba class 7/8 (ki- › vi-) → vyumba</div><div class=konkordanz>class 7: SUBJ ki- · ADJ ki- · GEN cha · DEM hiki/kile · POSS ch- · REL -cho · class 8: SUBJ vi- · ADJ vi- · GEN vya · DEM hivi/vile · POSS vy- · REL -vyo</div><div class=hinweis>chumba kizuri → vyumba vizuri — the adjective changes with it: kizuri → vizuri</div>	A1 SD1 kontrast numerus kl7 kl8
This letter is good. ⁄⁄ These letters are good.	Barua hii ni nzuri. ⁄⁄ Barua hizi ni nzuri.<hr><table class=gloss><tr class=mo><td>barua</td><td>hii</td><td>ni</td><td>n-zuri</td></tr><tr class=la><td>CL9.letter</td><td>CL9.DEM</td><td>COP</td><td>CL9-good</td></tr></table><table class=gloss><tr class=mo><td>barua</td><td>hizi</td><td>ni</td><td>n-zuri</td></tr><tr class=la><td>CL10.letter</td><td>CL10.DEM</td><td>COP</td><td>CL10-good</td></tr></table><div class=klassen>barua class 9/10 (Ø/n-) → barua — number shows only in the agreement</div><div class=konkordanz>class 9: SUBJ i- · ADJ Ø/n- · GEN ya · DEM hii/ile · POSS y- · REL -yo · class 10: SUBJ zi- · ADJ Ø/n- · GEN za · DEM hizi/zile · POSS z- · REL -zo</div><div class=hinweis>hii → hizi — Neither the noun nor the adjective shows number — only the demonstrative does. This is what makes classes 9/10 special.</div>	A1 SD1 kontrast numerus kl9 kl10
This house is good. ⁄⁄ These houses are good.	Nyumba hii ni nzuri. ⁄⁄ Nyumba hizi ni nzuri.<hr><table class=gloss><tr class=mo><td>nyumba</td><td>hii</td><td>ni</td><td>n-zuri</td></tr><tr class=la><td>CL9.house</td><td>CL9.DEM</td><td>COP</td><td>CL9-good</td></tr></table><table class=gloss><tr class=mo><td>nyumba</td><td>hizi</td><td>ni</td><td>n-zuri</td></tr><tr class=la><td>CL10.house</td><td>CL10.DEM</td><td>COP</td><td>CL10-good</td></tr></table><div class=klassen>nyumba class 9/10 (Ø/n-) → nyumba — number shows only in the agreement</div><div class=konkordanz>class 9: SUBJ i- · ADJ Ø/n- · GEN ya · DEM hii/ile · POSS y- · REL -yo · class 10: SUBJ zi- · ADJ Ø/n- · GEN za · DEM hizi/zile · POSS z- · REL -zo</div><div class=hinweis>hii → hizi — Neither the noun nor the adjective shows number — only the demonstrative does. This is what makes classes 9/10 special.</div>	A1 SD1 kontrast numerus kl9 kl10
This telephone is good. ⁄⁄ These telephones are good.	Simu hii ni nzuri. ⁄⁄ Simu hizi ni nzuri.<hr><table class=gloss><tr class=mo><td>simu</td><td>hii</td><td>ni</td><td>n-zuri</td></tr><tr class=la><td>CL9.phone</td><td>CL9.DEM</td><td>COP</td><td>CL9-good</td></tr></table><table class=gloss><tr class=mo><td>simu</td><td>hizi</td><td>ni</td><td>n-zuri</td></tr><tr class=la><td>CL10.phone</td><td>CL10.DEM</td><td>COP</td><td>CL10-good</td></tr></table><div class=klassen>simu class 9/10 (Ø/n-) → simu — number shows only in the agreement</div><div class=konkordanz>class 9: SUBJ i- · ADJ Ø/n- · GEN ya · DEM hii/ile · POSS y- · REL -yo · class 10: SUBJ zi- · ADJ Ø/n- · GEN za · DEM hizi/zile · POSS z- · REL -zo</div><div class=hinweis>hii → hizi — Neither the noun nor the adjective shows number — only the demonstrative does. This is what makes classes 9/10 special.</div>	A1 SD1 kontrast numerus kl9 kl10
I have a good key. ⁄⁄ I have good keys.	Nina ufunguo mzuri. ⁄⁄ Nina funguo nzuri.<hr><table class=gloss><tr class=mo><td>ni-na</td><td>ufunguo</td><td>m-zuri</td></tr><tr class=la><td>1SG-have</td><td>CL11.key</td><td>CL11-good</td></tr></table><table class=gloss><tr class=mo><td>ni-na</td><td>funguo</td><td>n-zuri</td></tr><tr class=la><td>1SG-have</td><td>CL10.key</td><td>CL10-good</td></tr></table><div class=klassen>ufunguo class 11/10 (u- › Ø/n-) → funguo</div><div class=konkordanz>class 11: SUBJ u- · ADJ m-/mw- · GEN wa · DEM huu/ule · POSS w- · REL -o · class 10: SUBJ zi- · ADJ Ø/n- · GEN za · DEM hizi/zile · POSS z- · REL -zo</div><div class=hinweis>ufunguo mzuri → funguo nzuri — the adjective changes with it: mzuri → nzuri</div>	A1 SD1 kontrast numerus kl11 kl10
I have a good song. ⁄⁄ I have good songs.	Nina wimbo mzuri. ⁄⁄ Nina nyimbo nzuri.<hr><table class=gloss><tr class=mo><td>ni-na</td><td>wimbo</td><td>m-zuri</td></tr><tr class=la><td>1SG-have</td><td>CL11.song</td><td>CL11-good</td></tr></table><table class=gloss><tr class=mo><td>ni-na</td><td>nyimbo</td><td>n-zuri</td></tr><tr class=la><td>1SG-have</td><td>CL10.song</td><td>CL10-good</td></tr></table><div class=klassen>wimbo class 11/10 (u- › Ø/n-) → nyimbo</div><div class=konkordanz>class 11: SUBJ u- · ADJ m-/mw- · GEN wa · DEM huu/ule · POSS w- · REL -o · class 10: SUBJ zi- · ADJ Ø/n- · GEN za · DEM hizi/zile · POSS z- · REL -zo</div><div class=hinweis>wimbo mzuri → nyimbo nzuri — the adjective changes with it: mzuri → nzuri</div>	A1 SD1 kontrast numerus kl11 kl10
I have a good wall. ⁄⁄ I have good walls.	Nina ukuta mzuri. ⁄⁄ Nina kuta nzuri.<hr><table class=gloss><tr class=mo><td>ni-na</td><td>ukuta</td><td>m-zuri</td></tr><tr class=la><td>1SG-have</td><td>CL11.wall</td><td>CL11-good</td></tr></table><table class=gloss><tr class=mo><td>ni-na</td><td>kuta</td><td>n-zuri</td></tr><tr class=la><td>1SG-have</td><td>CL10.wall</td><td>CL10-good</td></tr></table><div class=klassen>ukuta class 11/10 (u- › Ø/n-) → kuta</div><div class=konkordanz>class 11: SUBJ u- · ADJ m-/mw- · GEN wa · DEM huu/ule · POSS w- · REL -o · class 10: SUBJ zi- · ADJ Ø/n- · GEN za · DEM hizi/zile · POSS z- · REL -zo</div><div class=hinweis>ukuta mzuri → kuta nzuri — the adjective changes with it: mzuri → nzuri</div>	A1 SD1 kontrast numerus kl11 kl10
I have a small child. ⁄⁄ I have small children.	Nina mtoto mdogo. ⁄⁄ Nina watoto wadogo.<hr><table class=gloss><tr class=mo><td>ni-na</td><td>mtoto</td><td>m-dogo</td></tr><tr class=la><td>1SG-have</td><td>CL1.child</td><td>CL1-small</td></tr></table><table class=gloss><tr class=mo><td>ni-na</td><td>watoto</td><td>wa-dogo</td></tr><tr class=la><td>1SG-have</td><td>CL2.child</td><td>CL2-small</td></tr></table><div class=klassen>mtoto class 1/2 (m-/mw- › wa-) → watoto</div><div class=konkordanz>class 1: SUBJ a- · ADJ m-/mw- · GEN wa · DEM huyu/yule · POSS w- · REL -ye · class 2: SUBJ wa- · ADJ wa- · GEN wa · DEM hawa/wale · POSS w- · REL -o</div><div class=hinweis>mtoto mdogo → watoto wadogo — the adjective changes with it: mdogo → wadogo</div>	A1 SD1 kontrast numerus kl1 kl2
I have a small teacher. ⁄⁄ I have small teachers.	Nina mwalimu mdogo. ⁄⁄ Nina walimu wadogo.<hr><table class=gloss><tr class=mo><td>ni-na</td><td>mwalimu</td><td>m-dogo</td></tr><tr class=la><td>1SG-have</td><td>CL1.teacher</td><td>CL1-small</td></tr></table><table class=gloss><tr class=mo><td>ni-na</td><td>walimu</td><td>wa-dogo</td></tr><tr class=la><td>1SG-have</td><td>CL2.teacher</td><td>CL2-small</td></tr></table><div class=klassen>mwalimu class 1/2 (m-/mw- › wa-) → walimu</div><div class=konkordanz>class 1: SUBJ a- · ADJ m-/mw- · GEN wa · DEM huyu/yule · POSS w- · REL -ye · class 2: SUBJ wa- · ADJ wa- · GEN wa · DEM hawa/wale · POSS w- · REL -o</div><div class=hinweis>mwalimu mdogo → walimu wadogo — the adjective changes with it: mdogo → wadogo</div>	A1 SD1 kontrast numerus kl1 kl2
I have a small guest. ⁄⁄ I have small guests.	Nina mgeni mdogo. ⁄⁄ Nina wageni wadogo.<hr><table class=gloss><tr class=mo><td>ni-na</td><td>mgeni</td><td>m-dogo</td></tr><tr class=la><td>1SG-have</td><td>CL1.guest</td><td>CL1-small</td></tr></table><table class=gloss><tr class=mo><td>ni-na</td><td>wageni</td><td>wa-dogo</td></tr><tr class=la><td>1SG-have</td><td>CL2.guest</td><td>CL2-small</td></tr></table><div class=klassen>mgeni class 1/2 (m-/mw- › wa-) → wageni</div><div class=konkordanz>class 1: SUBJ a- · ADJ m-/mw- · GEN wa · DEM huyu/yule · POSS w- · REL -ye · class 2: SUBJ wa- · ADJ wa- · GEN wa · DEM hawa/wale · POSS w- · REL -o</div><div class=hinweis>mgeni mdogo → wageni wadogo — the adjective changes with it: mdogo → wadogo</div>	A1 SD1 kontrast numerus kl1 kl2
I have a small tree. ⁄⁄ I have small trees.	Nina mti mdogo. ⁄⁄ Nina miti midogo.<hr><table class=gloss><tr class=mo><td>ni-na</td><td>mti</td><td>m-dogo</td></tr><tr class=la><td>1SG-have</td><td>CL3.tree</td><td>CL3-small</td></tr></table><table class=gloss><tr class=mo><td>ni-na</td><td>miti</td><td>mi-dogo</td></tr><tr class=la><td>1SG-have</td><td>CL4.tree</td><td>CL4-small</td></tr></table><div class=klassen>mti class 3/4 (m-/mw- › mi-) → miti</div><div class=konkordanz>class 3: SUBJ u- · ADJ m-/mw- · GEN wa · DEM huu/ule · POSS w- · REL -o · class 4: SUBJ i- · ADJ mi- · GEN ya · DEM hii/ile · POSS y- · REL -yo</div><div class=hinweis>mti mdogo → miti midogo — the adjective changes with it: mdogo → midogo</div>	A1 SD1 kontrast numerus kl3 kl4
I have a small loaf. ⁄⁄ I have small loaves.	Nina mkate mdogo. ⁄⁄ Nina mikate midogo.<hr><table class=gloss><tr class=mo><td>ni-na</td><td>mkate</td><td>m-dogo</td></tr><tr class=la><td>1SG-have</td><td>CL3.bread</td><td>CL3-small</td></tr></table><table class=gloss><tr class=mo><td>ni-na</td><td>mikate</td><td>mi-dogo</td></tr><tr class=la><td>1SG-have</td><td>CL4.bread</td><td>CL4-small</td></tr></table><div class=klassen>mkate class 3/4 (m-/mw- › mi-) → mikate</div><div class=konkordanz>class 3: SUBJ u- · ADJ m-/mw- · GEN wa · DEM huu/ule · POSS w- · REL -o · class 4: SUBJ i- · ADJ mi- · GEN ya · DEM hii/ile · POSS y- · REL -yo</div><div class=hinweis>mkate mdogo → mikate midogo — the adjective changes with it: mdogo → midogo</div>	A1 SD1 kontrast numerus kl3 kl4
I have a small town. ⁄⁄ I have small towns.	Nina mji mdogo. ⁄⁄ Nina miji midogo.<hr><table class=gloss><tr class=mo><td>ni-na</td><td>mji</td><td>m-dogo</td></tr><tr class=la><td>1SG-have</td><td>CL3.town</td><td>CL3-small</td></tr></table><table class=gloss><tr class=mo><td>ni-na</td><td>miji</td><td>mi-dogo</td></tr><tr class=la><td>1SG-have</td><td>CL4.town</td><td>CL4-small</td></tr></table><div class=klassen>mji class 3/4 (m-/mw- › mi-) → miji</div><div class=konkordanz>class 3: SUBJ u- · ADJ m-/mw- · GEN wa · DEM huu/ule · POSS w- · REL -o · class 4: SUBJ i- · ADJ mi- · GEN ya · DEM hii/ile · POSS y- · REL -yo</div><div class=hinweis>mji mdogo → miji midogo — the adjective changes with it: mdogo → midogo</div>	A1 SD1 kontrast numerus kl3 kl4
I have a small car. ⁄⁄ I have small cars.	Nina gari dogo. ⁄⁄ Nina magari madogo.<hr><table class=gloss><tr class=mo><td>ni-na</td><td>gari</td><td>dogo</td></tr><tr class=la><td>1SG-have</td><td>CL5.car</td><td>CL5.small</td></tr></table><table class=gloss><tr class=mo><td>ni-na</td><td>magari</td><td>ma-dogo</td></tr><tr class=la><td>1SG-have</td><td>CL6.car</td><td>CL6-small</td></tr></table><div class=klassen>gari class 5/6 (ji-/Ø › ma-) → magari</div><div class=konkordanz>class 5: SUBJ li- · ADJ ji-/Ø · GEN la · DEM hili/lile · POSS l- · REL -lo · class 6: SUBJ ya- · ADJ ma- · GEN ya · DEM haya/yale · POSS y- · REL -yo</div><div class=hinweis>gari dogo → magari madogo — the adjective changes with it: dogo → madogo</div>	A1 SD1 kontrast numerus kl5 kl6
I have a small shop. ⁄⁄ I have small shops.	Nina duka dogo. ⁄⁄ Nina maduka madogo.<hr><table class=gloss><tr class=mo><td>ni-na</td><td>duka</td><td>dogo</td></tr><tr class=la><td>1SG-have</td><td>CL5.shop</td><td>CL5.small</td></tr></table><table class=gloss><tr class=mo><td>ni-na</td><td>maduka</td><td>ma-dogo</td></tr><tr class=la><td>1SG-have</td><td>CL6.shop</td><td>CL6-small</td></tr></table><div class=klassen>duka class 5/6 (ji-/Ø › ma-) → maduka</div><div class=konkordanz>class 5: SUBJ li- · ADJ ji-/Ø · GEN la · DEM hili/lile · POSS l- · REL -lo · class 6: SUBJ ya- · ADJ ma- · GEN ya · DEM haya/yale · POSS y- · REL -yo</div><div class=hinweis>duka dogo → maduka madogo — the adjective changes with it: dogo → madogo</div>	A1 SD1 kontrast numerus kl5 kl6
I have a small name. ⁄⁄ I have small names.	Nina jina dogo. ⁄⁄ Nina majina madogo.<hr><table class=gloss><tr class=mo><td>ni-na</td><td>jina</td><td>dogo</td></tr><tr class=la><td>1SG-have</td><td>CL5.name</td><td>CL5.small</td></tr></table><table class=gloss><tr class=mo><td>ni-na</td><td>majina</td><td>ma-dogo</td></tr><tr class=la><td>1SG-have</td><td>CL6.name</td><td>CL6-small</td></tr></table><div class=klassen>jina class 5/6 (ji-/Ø › ma-) → majina</div><div class=konkordanz>class 5: SUBJ li- · ADJ ji-/Ø · GEN la · DEM hili/lile · POSS l- · REL -lo · class 6: SUBJ ya- · ADJ ma- · GEN ya · DEM haya/yale · POSS y- · REL -yo</div><div class=hinweis>jina dogo → majina madogo — the adjective changes with it: dogo → madogo</div>	A1 SD1 kontrast numerus kl5 kl6
I have a small book. ⁄⁄ I have small books.	Nina kitabu kidogo. ⁄⁄ Nina vitabu vidogo.<hr><table class=gloss><tr class=mo><td>ni-na</td><td>kitabu</td><td>ki-dogo</td></tr><tr class=la><td>1SG-have</td><td>CL7.book</td><td>CL7-small</td></tr></table><table class=gloss><tr class=mo><td>ni-na</td><td>vitabu</td><td>vi-dogo</td></tr><tr class=la><td>1SG-have</td><td>CL8.book</td><td>CL8-small</td></tr></table><div class=klassen>kitabu class 7/8 (ki- › vi-) → vitabu</div><div class=konkordanz>class 7: SUBJ ki- · ADJ ki- · GEN cha · DEM hiki/kile · POSS ch- · REL -cho · class 8: SUBJ vi- · ADJ vi- · GEN vya · DEM hivi/vile · POSS vy- · REL -vyo</div><div class=hinweis>kitabu kidogo → vitabu vidogo — the adjective changes with it: kidogo → vidogo</div>	A1 SD1 kontrast numerus kl7 kl8
I have a small chair. ⁄⁄ I have small chairs.	Nina kiti kidogo. ⁄⁄ Nina viti vidogo.<hr><table class=gloss><tr class=mo><td>ni-na</td><td>kiti</td><td>ki-dogo</td></tr><tr class=la><td>1SG-have</td><td>CL7.chair</td><td>CL7-small</td></tr></table><table class=gloss><tr class=mo><td>ni-na</td><td>viti</td><td>vi-dogo</td></tr><tr class=la><td>1SG-have</td><td>CL8.chair</td><td>CL8-small</td></tr></table><div class=klassen>kiti class 7/8 (ki- › vi-) → viti</div><div class=konkordanz>class 7: SUBJ ki- · ADJ ki- · GEN cha · DEM hiki/kile · POSS ch- · REL -cho · class 8: SUBJ vi- · ADJ vi- · GEN vya · DEM hivi/vile · POSS vy- · REL -vyo</div><div class=hinweis>kiti kidogo → viti vidogo — the adjective changes with it: kidogo → vidogo</div>	A1 SD1 kontrast numerus kl7 kl8
I have a small room. ⁄⁄ I have small rooms.	Nina chumba kidogo. ⁄⁄ Nina vyumba vidogo.<hr><table class=gloss><tr class=mo><td>ni-na</td><td>chumba</td><td>ki-dogo</td></tr><tr class=la><td>1SG-have</td><td>CL7.room</td><td>CL7-small</td></tr></table><table class=gloss><tr class=mo><td>ni-na</td><td>vyumba</td><td>vi-dogo</td></tr><tr class=la><td>1SG-have</td><td>CL8.room</td><td>CL8-small</td></tr></table><div class=klassen>chumba class 7/8 (ki- › vi-) → vyumba</div><div class=konkordanz>class 7: SUBJ ki- · ADJ ki- · GEN cha · DEM hiki/kile · POSS ch- · REL -cho · class 8: SUBJ vi- · ADJ vi- · GEN vya · DEM hivi/vile · POSS vy- · REL -vyo</div><div class=hinweis>chumba kidogo → vyumba vidogo — the adjective changes with it: kidogo → vidogo</div>	A1 SD1 kontrast numerus kl7 kl8
This letter is small. ⁄⁄ These letters are small.	Barua hii ni ndogo. ⁄⁄ Barua hizi ni ndogo.<hr><table class=gloss><tr class=mo><td>barua</td><td>hii</td><td>ni</td><td>n-dogo</td></tr><tr class=la><td>CL9.letter</td><td>CL9.DEM</td><td>COP</td><td>CL9-small</td></tr></table><table class=gloss><tr class=mo><td>barua</td><td>hizi</td><td>ni</td><td>n-dogo</td></tr><tr class=la><td>CL10.letter</td><td>CL10.DEM</td><td>COP</td><td>CL10-small</td></tr></table><div class=klassen>barua class 9/10 (Ø/n-) → barua — number shows only in the agreement</div><div class=konkordanz>class 9: SUBJ i- · ADJ Ø/n- · GEN ya · DEM hii/ile · POSS y- · REL -yo · class 10: SUBJ zi- · ADJ Ø/n- · GEN za · DEM hizi/zile · POSS z- · REL -zo</div><div class=hinweis>hii → hizi — Neither the noun nor the adjective shows number — only the demonstrative does. This is what makes classes 9/10 special.</div>	A1 SD1 kontrast numerus kl9 kl10
This house is small. ⁄⁄ These houses are small.	Nyumba hii ni ndogo. ⁄⁄ Nyumba hizi ni ndogo.<hr><table class=gloss><tr class=mo><td>nyumba</td><td>hii</td><td>ni</td><td>n-dogo</td></tr><tr class=la><td>CL9.house</td><td>CL9.DEM</td><td>COP</td><td>CL9-small</td></tr></table><table class=gloss><tr class=mo><td>nyumba</td><td>hizi</td><td>ni</td><td>n-dogo</td></tr><tr class=la><td>CL10.house</td><td>CL10.DEM</td><td>COP</td><td>CL10-small</td></tr></table><div class=klassen>nyumba class 9/10 (Ø/n-) → nyumba — number shows only in the agreement</div><div class=konkordanz>class 9: SUBJ i- · ADJ Ø/n- · GEN ya · DEM hii/ile · POSS y- · REL -yo · class 10: SUBJ zi- · ADJ Ø/n- · GEN za · DEM hizi/zile · POSS z- · REL -zo</div><div class=hinweis>hii → hizi — Neither the noun nor the adjective shows number — only the demonstrative does. This is what makes classes 9/10 special.</div>	A1 SD1 kontrast numerus kl9 kl10
This telephone is small. ⁄⁄ These telephones are small.	Simu hii ni ndogo. ⁄⁄ Simu hizi ni ndogo.<hr><table class=gloss><tr class=mo><td>simu</td><td>hii</td><td>ni</td><td>n-dogo</td></tr><tr class=la><td>CL9.phone</td><td>CL9.DEM</td><td>COP</td><td>CL9-small</td></tr></table><table class=gloss><tr class=mo><td>simu</td><td>hizi</td><td>ni</td><td>n-dogo</td></tr><tr class=la><td>CL10.phone</td><td>CL10.DEM</td><td>COP</td><td>CL10-small</td></tr></table><div class=klassen>simu class 9/10 (Ø/n-) → simu — number shows only in the agreement</div><div class=konkordanz>class 9: SUBJ i- · ADJ Ø/n- · GEN ya · DEM hii/ile · POSS y- · REL -yo · class 10: SUBJ zi- · ADJ Ø/n- · GEN za · DEM hizi/zile · POSS z- · REL -zo</div><div class=hinweis>hii → hizi — Neither the noun nor the adjective shows number — only the demonstrative does. This is what makes classes 9/10 special.</div>	A1 SD1 kontrast numerus kl9 kl10
I have a small key. ⁄⁄ I have small keys.	Nina ufunguo mdogo. ⁄⁄ Nina funguo ndogo.<hr><table class=gloss><tr class=mo><td>ni-na</td><td>ufunguo</td><td>m-dogo</td></tr><tr class=la><td>1SG-have</td><td>CL11.key</td><td>CL11-small</td></tr></table><table class=gloss><tr class=mo><td>ni-na</td><td>funguo</td><td>n-dogo</td></tr><tr class=la><td>1SG-have</td><td>CL10.key</td><td>CL10-small</td></tr></table><div class=klassen>ufunguo class 11/10 (u- › Ø/n-) → funguo</div><div class=konkordanz>class 11: SUBJ u- · ADJ m-/mw- · GEN wa · DEM huu/ule · POSS w- · REL -o · class 10: SUBJ zi- · ADJ Ø/n- · GEN za · DEM hizi/zile · POSS z- · REL -zo</div><div class=hinweis>ufunguo mdogo → funguo ndogo — the adjective changes with it: mdogo → ndogo</div>	A1 SD1 kontrast numerus kl11 kl10
I have a small song. ⁄⁄ I have small songs.	Nina wimbo mdogo. ⁄⁄ Nina nyimbo ndogo.<hr><table class=gloss><tr class=mo><td>ni-na</td><td>wimbo</td><td>m-dogo</td></tr><tr class=la><td>1SG-have</td><td>CL11.song</td><td>CL11-small</td></tr></table><table class=gloss><tr class=mo><td>ni-na</td><td>nyimbo</td><td>n-dogo</td></tr><tr class=la><td>1SG-have</td><td>CL10.song</td><td>CL10-small</td></tr></table><div class=klassen>wimbo class 11/10 (u- › Ø/n-) → nyimbo</div><div class=konkordanz>class 11: SUBJ u- · ADJ m-/mw- · GEN wa · DEM huu/ule · POSS w- · REL -o · class 10: SUBJ zi- · ADJ Ø/n- · GEN za · DEM hizi/zile · POSS z- · REL -zo</div><div class=hinweis>wimbo mdogo → nyimbo ndogo — the adjective changes with it: mdogo → ndogo</div>	A1 SD1 kontrast numerus kl11 kl10
I have a small wall. ⁄⁄ I have small walls.	Nina ukuta mdogo. ⁄⁄ Nina kuta ndogo.<hr><table class=gloss><tr class=mo><td>ni-na</td><td>ukuta</td><td>m-dogo</td></tr><tr class=la><td>1SG-have</td><td>CL11.wall</td><td>CL11-small</td></tr></table><table class=gloss><tr class=mo><td>ni-na</td><td>kuta</td><td>n-dogo</td></tr><tr class=la><td>1SG-have</td><td>CL10.wall</td><td>CL10-small</td></tr></table><div class=klassen>ukuta class 11/10 (u- › Ø/n-) → kuta</div><div class=konkordanz>class 11: SUBJ u- · ADJ m-/mw- · GEN wa · DEM huu/ule · POSS w- · REL -o · class 10: SUBJ zi- · ADJ Ø/n- · GEN za · DEM hizi/zile · POSS z- · REL -zo</div><div class=hinweis>ukuta mdogo → kuta ndogo — the adjective changes with it: mdogo → ndogo</div>	A1 SD1 kontrast numerus kl11 kl10
this big child of the teacher ⁄⁄ these big children of the teacher	mtoto mkubwa huyu wa mwalimu ⁄⁄ watoto wakubwa hawa wa mwalimu<hr><table class=gloss><tr class=mo><td>mtoto</td><td>m-kubwa</td><td>huyu</td><td>w-a</td><td>mw-alimu</td></tr><tr class=la><td>CL1.child</td><td>CL1-big</td><td>CL1.DEM</td><td>CL1-GEN</td><td>CL1-teacher</td></tr></table><table class=gloss><tr class=mo><td>watoto</td><td>wa-kubwa</td><td>hawa</td><td>w-a</td><td>mw-alimu</td></tr><tr class=la><td>CL2.child</td><td>CL2-big</td><td>CL2.DEM</td><td>CL2-GEN</td><td>CL1-teacher</td></tr></table><div class=klassen>mtoto class 1/2 (m-/mw- › wa-) → watoto</div><div class=konkordanz>class 1: SUBJ a- · ADJ m-/mw- · GEN wa · DEM huyu/yule · POSS w- · REL -ye · class 2: SUBJ wa- · ADJ wa- · GEN wa · DEM hawa/wale · POSS w- · REL -o</div><div class=hinweis>mkubwa huyu wa → wakubwa hawa wa — adjective, demonstrative and genitive all change together — the class governs the whole phrase</div>	A1 SD1 kontrast kaskade kl1 kl2
this big teacher of the teacher ⁄⁄ these big teachers of the teacher	mwalimu mkubwa huyu wa mwalimu ⁄⁄ walimu wakubwa hawa wa mwalimu<hr><table class=gloss><tr class=mo><td>mwalimu</td><td>m-kubwa</td><td>huyu</td><td>w-a</td><td>mw-alimu</td></tr><tr class=la><td>CL1.teacher</td><td>CL1-big</td><td>CL1.DEM</td><td>CL1-GEN</td><td>CL1-teacher</td></tr></table><table class=gloss><tr class=mo><td>walimu</td><td>wa-kubwa</td><td>hawa</td><td>w-a</td><td>mw-alimu</td></tr><tr class=la><td>CL2.teacher</td><td>CL2-big</td><td>CL2.DEM</td><td>CL2-GEN</td><td>CL1-teacher</td></tr></table><div class=klassen>mwalimu class 1/2 (m-/mw- › wa-) → walimu</div><div class=konkordanz>class 1: SUBJ a- · ADJ m-/mw- · GEN wa · DEM huyu/yule · POSS w- · REL -ye · class 2: SUBJ wa- · ADJ wa- · GEN wa · DEM hawa/wale · POSS w- · REL -o</div><div class=hinweis>mkubwa huyu wa → wakubwa hawa wa — adjective, demonstrative and genitive all change together — the class governs the whole phrase</div>	A1 SD1 kontrast kaskade kl1 kl2
this big guest of the teacher ⁄⁄ these big guests of the teacher	mgeni mkubwa huyu wa mwalimu ⁄⁄ wageni wakubwa hawa wa mwalimu<hr><table class=gloss><tr class=mo><td>mgeni</td><td>m-kubwa</td><td>huyu</td><td>w-a</td><td>mw-alimu</td></tr><tr class=la><td>CL1.guest</td><td>CL1-big</td><td>CL1.DEM</td><td>CL1-GEN</td><td>CL1-teacher</td></tr></table><table class=gloss><tr class=mo><td>wageni</td><td>wa-kubwa</td><td>hawa</td><td>w-a</td><td>mw-alimu</td></tr><tr class=la><td>CL2.guest</td><td>CL2-big</td><td>CL2.DEM</td><td>CL2-GEN</td><td>CL1-teacher</td></tr></table><div class=klassen>mgeni class 1/2 (m-/mw- › wa-) → wageni</div><div class=konkordanz>class 1: SUBJ a- · ADJ m-/mw- · GEN wa · DEM huyu/yule · POSS w- · REL -ye · class 2: SUBJ wa- · ADJ wa- · GEN wa · DEM hawa/wale · POSS w- · REL -o</div><div class=hinweis>mkubwa huyu wa → wakubwa hawa wa — adjective, demonstrative and genitive all change together — the class governs the whole phrase</div>	A1 SD1 kontrast kaskade kl1 kl2
this big tree of the teacher ⁄⁄ these big trees of the teacher	mti mkubwa huu wa mwalimu ⁄⁄ miti mikubwa hii ya mwalimu<hr><table class=gloss><tr class=mo><td>mti</td><td>m-kubwa</td><td>huu</td><td>w-a</td><td>mw-alimu</td></tr><tr class=la><td>CL3.tree</td><td>CL3-big</td><td>CL3.DEM</td><td>CL3-GEN</td><td>CL1-teacher</td></tr></table><table class=gloss><tr class=mo><td>miti</td><td>mi-kubwa</td><td>hii</td><td>y-a</td><td>mw-alimu</td></tr><tr class=la><td>CL4.tree</td><td>CL4-big</td><td>CL4.DEM</td><td>CL4-GEN</td><td>CL1-teacher</td></tr></table><div class=klassen>mti class 3/4 (m-/mw- › mi-) → miti</div><div class=konkordanz>class 3: SUBJ u- · ADJ m-/mw- · GEN wa · DEM huu/ule · POSS w- · REL -o · class 4: SUBJ i- · ADJ mi- · GEN ya · DEM hii/ile · POSS y- · REL -yo</div><div class=hinweis>mkubwa huu wa → mikubwa hii ya — adjective, demonstrative and genitive all change together — the class governs the whole phrase</div>	A1 SD1 kontrast kaskade kl3 kl4
this big loaf of the teacher ⁄⁄ these big loaves of the teacher	mkate mkubwa huu wa mwalimu ⁄⁄ mikate mikubwa hii ya mwalimu<hr><table class=gloss><tr class=mo><td>mkate</td><td>m-kubwa</td><td>huu</td><td>w-a</td><td>mw-alimu</td></tr><tr class=la><td>CL3.bread</td><td>CL3-big</td><td>CL3.DEM</td><td>CL3-GEN</td><td>CL1-teacher</td></tr></table><table class=gloss><tr class=mo><td>mikate</td><td>mi-kubwa</td><td>hii</td><td>y-a</td><td>mw-alimu</td></tr><tr class=la><td>CL4.bread</td><td>CL4-big</td><td>CL4.DEM</td><td>CL4-GEN</td><td>CL1-teacher</td></tr></table><div class=klassen>mkate class 3/4 (m-/mw- › mi-) → mikate</div><div class=konkordanz>class 3: SUBJ u- · ADJ m-/mw- · GEN wa · DEM huu/ule · POSS w- · REL -o · class 4: SUBJ i- · ADJ mi- · GEN ya · DEM hii/ile · POSS y- · REL -yo</div><div class=hinweis>mkubwa huu wa → mikubwa hii ya — adjective, demonstrative and genitive all change together — the class governs the whole phrase</div>	A1 SD1 kontrast kaskade kl3 kl4
this big town of the teacher ⁄⁄ these big towns of the teacher	mji mkubwa huu wa mwalimu ⁄⁄ miji mikubwa hii ya mwalimu<hr><table class=gloss><tr class=mo><td>mji</td><td>m-kubwa</td><td>huu</td><td>w-a</td><td>mw-alimu</td></tr><tr class=la><td>CL3.town</td><td>CL3-big</td><td>CL3.DEM</td><td>CL3-GEN</td><td>CL1-teacher</td></tr></table><table class=gloss><tr class=mo><td>miji</td><td>mi-kubwa</td><td>hii</td><td>y-a</td><td>mw-alimu</td></tr><tr class=la><td>CL4.town</td><td>CL4-big</td><td>CL4.DEM</td><td>CL4-GEN</td><td>CL1-teacher</td></tr></table><div class=klassen>mji class 3/4 (m-/mw- › mi-) → miji</div><div class=konkordanz>class 3: SUBJ u- · ADJ m-/mw- · GEN wa · DEM huu/ule · POSS w- · REL -o · class 4: SUBJ i- · ADJ mi- · GEN ya · DEM hii/ile · POSS y- · REL -yo</div><div class=hinweis>mkubwa huu wa → mikubwa hii ya — adjective, demonstrative and genitive all change together — the class governs the whole phrase</div>	A1 SD1 kontrast kaskade kl3 kl4
this big car of the teacher ⁄⁄ these big cars of the teacher	gari kubwa hili la mwalimu ⁄⁄ magari makubwa haya ya mwalimu<hr><table class=gloss><tr class=mo><td>gari</td><td>kubwa</td><td>hili</td><td>l-a</td><td>mw-alimu</td></tr><tr class=la><td>CL5.car</td><td>CL5.big</td><td>CL5.DEM</td><td>CL5-GEN</td><td>CL1-teacher</td></tr></table><table class=gloss><tr class=mo><td>magari</td><td>ma-kubwa</td><td>haya</td><td>y-a</td><td>mw-alimu</td></tr><tr class=la><td>CL6.car</td><td>CL6-big</td><td>CL6.DEM</td><td>CL6-GEN</td><td>CL1-teacher</td></tr></table><div class=klassen>gari class 5/6 (ji-/Ø › ma-) → magari</div><div class=konkordanz>class 5: SUBJ li- · ADJ ji-/Ø · GEN la · DEM hili/lile · POSS l- · REL -lo · class 6: SUBJ ya- · ADJ ma- · GEN ya · DEM haya/yale · POSS y- · REL -yo</div><div class=hinweis>kubwa hili la → makubwa haya ya — adjective, demonstrative and genitive all change together — the class governs the whole phrase</div>	A1 SD1 kontrast kaskade kl5 kl6
this big shop of the teacher ⁄⁄ these big shops of the teacher	duka kubwa hili la mwalimu ⁄⁄ maduka makubwa haya ya mwalimu<hr><table class=gloss><tr class=mo><td>duka</td><td>kubwa</td><td>hili</td><td>l-a</td><td>mw-alimu</td></tr><tr class=la><td>CL5.shop</td><td>CL5.big</td><td>CL5.DEM</td><td>CL5-GEN</td><td>CL1-teacher</td></tr></table><table class=gloss><tr class=mo><td>maduka</td><td>ma-kubwa</td><td>haya</td><td>y-a</td><td>mw-alimu</td></tr><tr class=la><td>CL6.shop</td><td>CL6-big</td><td>CL6.DEM</td><td>CL6-GEN</td><td>CL1-teacher</td></tr></table><div class=klassen>duka class 5/6 (ji-/Ø › ma-) → maduka</div><div class=konkordanz>class 5: SUBJ li- · ADJ ji-/Ø · GEN la · DEM hili/lile · POSS l- · REL -lo · class 6: SUBJ ya- · ADJ ma- · GEN ya · DEM haya/yale · POSS y- · REL -yo</div><div class=hinweis>kubwa hili la → makubwa haya ya — adjective, demonstrative and genitive all change together — the class governs the whole phrase</div>	A1 SD1 kontrast kaskade kl5 kl6
this big name of the teacher ⁄⁄ these big names of the teacher	jina kubwa hili la mwalimu ⁄⁄ majina makubwa haya ya mwalimu<hr><table class=gloss><tr class=mo><td>jina</td><td>kubwa</td><td>hili</td><td>l-a</td><td>mw-alimu</td></tr><tr class=la><td>CL5.name</td><td>CL5.big</td><td>CL5.DEM</td><td>CL5-GEN</td><td>CL1-teacher</td></tr></table><table class=gloss><tr class=mo><td>majina</td><td>ma-kubwa</td><td>haya</td><td>y-a</td><td>mw-alimu</td></tr><tr class=la><td>CL6.name</td><td>CL6-big</td><td>CL6.DEM</td><td>CL6-GEN</td><td>CL1-teacher</td></tr></table><div class=klassen>jina class 5/6 (ji-/Ø › ma-) → majina</div><div class=konkordanz>class 5: SUBJ li- · ADJ ji-/Ø · GEN la · DEM hili/lile · POSS l- · REL -lo · class 6: SUBJ ya- · ADJ ma- · GEN ya · DEM haya/yale · POSS y- · REL -yo</div><div class=hinweis>kubwa hili la → makubwa haya ya — adjective, demonstrative and genitive all change together — the class governs the whole phrase</div>	A1 SD1 kontrast kaskade kl5 kl6
this big book of the teacher ⁄⁄ these big books of the teacher	kitabu kikubwa hiki cha mwalimu ⁄⁄ vitabu vikubwa hivi vya mwalimu<hr><table class=gloss><tr class=mo><td>kitabu</td><td>ki-kubwa</td><td>hiki</td><td>ch-a</td><td>mw-alimu</td></tr><tr class=la><td>CL7.book</td><td>CL7-big</td><td>CL7.DEM</td><td>CL7-GEN</td><td>CL1-teacher</td></tr></table><table class=gloss><tr class=mo><td>vitabu</td><td>vi-kubwa</td><td>hivi</td><td>vy-a</td><td>mw-alimu</td></tr><tr class=la><td>CL8.book</td><td>CL8-big</td><td>CL8.DEM</td><td>CL8-GEN</td><td>CL1-teacher</td></tr></table><div class=klassen>kitabu class 7/8 (ki- › vi-) → vitabu</div><div class=konkordanz>class 7: SUBJ ki- · ADJ ki- · GEN cha · DEM hiki/kile · POSS ch- · REL -cho · class 8: SUBJ vi- · ADJ vi- · GEN vya · DEM hivi/vile · POSS vy- · REL -vyo</div><div class=hinweis>kikubwa hiki cha → vikubwa hivi vya — adjective, demonstrative and genitive all change together — the class governs the whole phrase</div>	A1 SD1 kontrast kaskade kl7 kl8
this big chair of the teacher ⁄⁄ these big chairs of the teacher	kiti kikubwa hiki cha mwalimu ⁄⁄ viti vikubwa hivi vya mwalimu<hr><table class=gloss><tr class=mo><td>kiti</td><td>ki-kubwa</td><td>hiki</td><td>ch-a</td><td>mw-alimu</td></tr><tr class=la><td>CL7.chair</td><td>CL7-big</td><td>CL7.DEM</td><td>CL7-GEN</td><td>CL1-teacher</td></tr></table><table class=gloss><tr class=mo><td>viti</td><td>vi-kubwa</td><td>hivi</td><td>vy-a</td><td>mw-alimu</td></tr><tr class=la><td>CL8.chair</td><td>CL8-big</td><td>CL8.DEM</td><td>CL8-GEN</td><td>CL1-teacher</td></tr></table><div class=klassen>kiti class 7/8 (ki- › vi-) → viti</div><div class=konkordanz>class 7: SUBJ ki- · ADJ ki- · GEN cha · DEM hiki/kile · POSS ch- · REL -cho · class 8: SUBJ vi- · ADJ vi- · GEN vya · DEM hivi/vile · POSS vy- · REL -vyo</div><div class=hinweis>kikubwa hiki cha → vikubwa hivi vya — adjective, demonstrative and genitive all change together — the class governs the whole phrase</div>	A1 SD1 kontrast kaskade kl7 kl8
this big room of the teacher ⁄⁄ these big rooms of the teacher	chumba kikubwa hiki cha mwalimu ⁄⁄ vyumba vikubwa hivi vya mwalimu<hr><table class=gloss><tr class=mo><td>chumba</td><td>ki-kubwa</td><td>hiki</td><td>ch-a</td><td>mw-alimu</td></tr><tr class=la><td>CL7.room</td><td>CL7-big</td><td>CL7.DEM</td><td>CL7-GEN</td><td>CL1-teacher</td></tr></table><table class=gloss><tr class=mo><td>vyumba</td><td>vi-kubwa</td><td>hivi</td><td>vy-a</td><td>mw-alimu</td></tr><tr class=la><td>CL8.room</td><td>CL8-big</td><td>CL8.DEM</td><td>CL8-GEN</td><td>CL1-teacher</td></tr></table><div class=klassen>chumba class 7/8 (ki- › vi-) → vyumba</div><div class=konkordanz>class 7: SUBJ ki- · ADJ ki- · GEN cha · DEM hiki/kile · POSS ch- · REL -cho · class 8: SUBJ vi- · ADJ vi- · GEN vya · DEM hivi/vile · POSS vy- · REL -vyo</div><div class=hinweis>kikubwa hiki cha → vikubwa hivi vya — adjective, demonstrative and genitive all change together — the class governs the whole phrase</div>	A1 SD1 kontrast kaskade kl7 kl8
this big letter of the teacher ⁄⁄ these big letters of the teacher	barua kubwa hii ya mwalimu ⁄⁄ barua kubwa hizi za mwalimu<hr><table class=gloss><tr class=mo><td>barua</td><td>kubwa</td><td>hii</td><td>y-a</td><td>mw-alimu</td></tr><tr class=la><td>CL9.letter</td><td>CL9.big</td><td>CL9.DEM</td><td>CL9-GEN</td><td>CL1-teacher</td></tr></table><table class=gloss><tr class=mo><td>barua</td><td>kubwa</td><td>hizi</td><td>z-a</td><td>mw-alimu</td></tr><tr class=la><td>CL10.letter</td><td>CL10.big</td><td>CL10.DEM</td><td>CL10-GEN</td><td>CL1-teacher</td></tr></table><div class=klassen>barua class 9/10 (Ø/n-) → barua — number shows only in the agreement</div><div class=konkordanz>class 9: SUBJ i- · ADJ Ø/n- · GEN ya · DEM hii/ile · POSS y- · REL -yo · class 10: SUBJ zi- · ADJ Ø/n- · GEN za · DEM hizi/zile · POSS z- · REL -zo</div><div class=hinweis>kubwa hii ya → kubwa hizi za — adjective, demonstrative and genitive all change together — the class governs the whole phrase</div>	A1 SD1 kontrast kaskade kl9 kl10
this big house of the teacher ⁄⁄ these big houses of the teacher	nyumba kubwa hii ya mwalimu ⁄⁄ nyumba kubwa hizi za mwalimu<hr><table class=gloss><tr class=mo><td>nyumba</td><td>kubwa</td><td>hii</td><td>y-a</td><td>mw-alimu</td></tr><tr class=la><td>CL9.house</td><td>CL9.big</td><td>CL9.DEM</td><td>CL9-GEN</td><td>CL1-teacher</td></tr></table><table class=gloss><tr class=mo><td>nyumba</td><td>kubwa</td><td>hizi</td><td>z-a</td><td>mw-alimu</td></tr><tr class=la><td>CL10.house</td><td>CL10.big</td><td>CL10.DEM</td><td>CL10-GEN</td><td>CL1-teacher</td></tr></table><div class=klassen>nyumba class 9/10 (Ø/n-) → nyumba — number shows only in the agreement</div><div class=konkordanz>class 9: SUBJ i- · ADJ Ø/n- · GEN ya · DEM hii/ile · POSS y- · REL -yo · class 10: SUBJ zi- · ADJ Ø/n- · GEN za · DEM hizi/zile · POSS z- · REL -zo</div><div class=hinweis>kubwa hii ya → kubwa hizi za — adjective, demonstrative and genitive all change together — the class governs the whole phrase</div>	A1 SD1 kontrast kaskade kl9 kl10
this big telephone of the teacher ⁄⁄ these big telephones of the teacher	simu kubwa hii ya mwalimu ⁄⁄ simu kubwa hizi za mwalimu<hr><table class=gloss><tr class=mo><td>simu</td><td>kubwa</td><td>hii</td><td>y-a</td><td>mw-alimu</td></tr><tr class=la><td>CL9.phone</td><td>CL9.big</td><td>CL9.DEM</td><td>CL9-GEN</td><td>CL1-teacher</td></tr></table><table class=gloss><tr class=mo><td>simu</td><td>kubwa</td><td>hizi</td><td>z-a</td><td>mw-alimu</td></tr><tr class=la><td>CL10.phone</td><td>CL10.big</td><td>CL10.DEM</td><td>CL10-GEN</td><td>CL1-teacher</td></tr></table><div class=klassen>simu class 9/10 (Ø/n-) → simu — number shows only in the agreement</div><div class=konkordanz>class 9: SUBJ i- · ADJ Ø/n- · GEN ya · DEM hii/ile · POSS y- · REL -yo · class 10: SUBJ zi- · ADJ Ø/n- · GEN za · DEM hizi/zile · POSS z- · REL -zo</div><div class=hinweis>kubwa hii ya → kubwa hizi za — adjective, demonstrative and genitive all change together — the class governs the whole phrase</div>	A1 SD1 kontrast kaskade kl9 kl10
this big key of the teacher ⁄⁄ these big keys of the teacher	ufunguo mkubwa huu wa mwalimu ⁄⁄ funguo kubwa hizi za mwalimu<hr><table class=gloss><tr class=mo><td>ufunguo</td><td>m-kubwa</td><td>huu</td><td>w-a</td><td>mw-alimu</td></tr><tr class=la><td>CL11.key</td><td>CL11-big</td><td>CL11.DEM</td><td>CL11-GEN</td><td>CL1-teacher</td></tr></table><table class=gloss><tr class=mo><td>funguo</td><td>kubwa</td><td>hizi</td><td>z-a</td><td>mw-alimu</td></tr><tr class=la><td>CL10.key</td><td>CL10.big</td><td>CL10.DEM</td><td>CL10-GEN</td><td>CL1-teacher</td></tr></table><div class=klassen>ufunguo class 11/10 (u- › Ø/n-) → funguo</div><div class=konkordanz>class 11: SUBJ u- · ADJ m-/mw- · GEN wa · DEM huu/ule · POSS w- · REL -o · class 10: SUBJ zi- · ADJ Ø/n- · GEN za · DEM hizi/zile · POSS z- · REL -zo</div><div class=hinweis>mkubwa huu wa → kubwa hizi za — adjective, demonstrative and genitive all change together — the class governs the whole phrase</div>	A1 SD1 kontrast kaskade kl11 kl10
this big song of the teacher ⁄⁄ these big songs of the teacher	wimbo mkubwa huu wa mwalimu ⁄⁄ nyimbo kubwa hizi za mwalimu<hr><table class=gloss><tr class=mo><td>wimbo</td><td>m-kubwa</td><td>huu</td><td>w-a</td><td>mw-alimu</td></tr><tr class=la><td>CL11.song</td><td>CL11-big</td><td>CL11.DEM</td><td>CL11-GEN</td><td>CL1-teacher</td></tr></table><table class=gloss><tr class=mo><td>nyimbo</td><td>kubwa</td><td>hizi</td><td>z-a</td><td>mw-alimu</td></tr><tr class=la><td>CL10.song</td><td>CL10.big</td><td>CL10.DEM</td><td>CL10-GEN</td><td>CL1-teacher</td></tr></table><div class=klassen>wimbo class 11/10 (u- › Ø/n-) → nyimbo</div><div class=konkordanz>class 11: SUBJ u- · ADJ m-/mw- · GEN wa · DEM huu/ule · POSS w- · REL -o · class 10: SUBJ zi- · ADJ Ø/n- · GEN za · DEM hizi/zile · POSS z- · REL -zo</div><div class=hinweis>mkubwa huu wa → kubwa hizi za — adjective, demonstrative and genitive all change together — the class governs the whole phrase</div>	A1 SD1 kontrast kaskade kl11 kl10
this big wall of the teacher ⁄⁄ these big walls of the teacher	ukuta mkubwa huu wa mwalimu ⁄⁄ kuta kubwa hizi za mwalimu<hr><table class=gloss><tr class=mo><td>ukuta</td><td>m-kubwa</td><td>huu</td><td>w-a</td><td>mw-alimu</td></tr><tr class=la><td>CL11.wall</td><td>CL11-big</td><td>CL11.DEM</td><td>CL11-GEN</td><td>CL1-teacher</td></tr></table><table class=gloss><tr class=mo><td>kuta</td><td>kubwa</td><td>hizi</td><td>z-a</td><td>mw-alimu</td></tr><tr class=la><td>CL10.wall</td><td>CL10.big</td><td>CL10.DEM</td><td>CL10-GEN</td><td>CL1-teacher</td></tr></table><div class=klassen>ukuta class 11/10 (u- › Ø/n-) → kuta</div><div class=konkordanz>class 11: SUBJ u- · ADJ m-/mw- · GEN wa · DEM huu/ule · POSS w- · REL -o · class 10: SUBJ zi- · ADJ Ø/n- · GEN za · DEM hizi/zile · POSS z- · REL -zo</div><div class=hinweis>mkubwa huu wa → kubwa hizi za — adjective, demonstrative and genitive all change together — the class governs the whole phrase</div>	A1 SD1 kontrast kaskade kl11 kl10
this child here ⁄⁄ that child there	mtoto huyu ⁄⁄ mtoto yule<hr><table class=gloss><tr class=mo><td>mtoto</td><td>huyu</td></tr><tr class=la><td>CL1.child</td><td>CL1.DEM.prox</td></tr></table><table class=gloss><tr class=mo><td>mtoto</td><td>yule</td></tr><tr class=la><td>CL1.child</td><td>CL1.DEM.dist</td></tr></table><div class=klassen>mtoto class 1/2 (m-/mw- › wa-) → watoto</div><div class=konkordanz>class 1: SUBJ a- · ADJ m-/mw- · GEN wa · DEM huyu/yule · POSS w- · REL -ye</div><div class=hinweis>huyu → yule — near and far each have their own demonstrative series, both formed from the class</div>	A1 SD1 kontrast demonstrativ kl1
this teacher here ⁄⁄ that teacher there	mwalimu huyu ⁄⁄ mwalimu yule<hr><table class=gloss><tr class=mo><td>mwalimu</td><td>huyu</td></tr><tr class=la><td>CL1.teacher</td><td>CL1.DEM.prox</td></tr></table><table class=gloss><tr class=mo><td>mwalimu</td><td>yule</td></tr><tr class=la><td>CL1.teacher</td><td>CL1.DEM.dist</td></tr></table><div class=klassen>mwalimu class 1/2 (m-/mw- › wa-) → walimu</div><div class=konkordanz>class 1: SUBJ a- · ADJ m-/mw- · GEN wa · DEM huyu/yule · POSS w- · REL -ye</div><div class=hinweis>huyu → yule — near and far each have their own demonstrative series, both formed from the class</div>	A1 SD1 kontrast demonstrativ kl1
this guest here ⁄⁄ that guest there	mgeni huyu ⁄⁄ mgeni yule<hr><table class=gloss><tr class=mo><td>mgeni</td><td>huyu</td></tr><tr class=la><td>CL1.guest</td><td>CL1.DEM.prox</td></tr></table><table class=gloss><tr class=mo><td>mgeni</td><td>yule</td></tr><tr class=la><td>CL1.guest</td><td>CL1.DEM.dist</td></tr></table><div class=klassen>mgeni class 1/2 (m-/mw- › wa-) → wageni</div><div class=konkordanz>class 1: SUBJ a- · ADJ m-/mw- · GEN wa · DEM huyu/yule · POSS w- · REL -ye</div><div class=hinweis>huyu → yule — near and far each have their own demonstrative series, both formed from the class</div>	A1 SD1 kontrast demonstrativ kl1
this tree here ⁄⁄ that tree there	mti huu ⁄⁄ mti ule<hr><table class=gloss><tr class=mo><td>mti</td><td>huu</td></tr><tr class=la><td>CL3.tree</td><td>CL3.DEM.prox</td></tr></table><table class=gloss><tr class=mo><td>mti</td><td>ule</td></tr><tr class=la><td>CL3.tree</td><td>CL3.DEM.dist</td></tr></table><div class=klassen>mti class 3/4 (m-/mw- › mi-) → miti</div><div class=konkordanz>class 3: SUBJ u- · ADJ m-/mw- · GEN wa · DEM huu/ule · POSS w- · REL -o</div><div class=hinweis>huu → ule — near and far each have their own demonstrative series, both formed from the class</div>	A1 SD1 kontrast demonstrativ kl3
this loaf here ⁄⁄ that loaf there	mkate huu ⁄⁄ mkate ule<hr><table class=gloss><tr class=mo><td>mkate</td><td>huu</td></tr><tr class=la><td>CL3.bread</td><td>CL3.DEM.prox</td></tr></table><table class=gloss><tr class=mo><td>mkate</td><td>ule</td></tr><tr class=la><td>CL3.bread</td><td>CL3.DEM.dist</td></tr></table><div class=klassen>mkate class 3/4 (m-/mw- › mi-) → mikate</div><div class=konkordanz>class 3: SUBJ u- · ADJ m-/mw- · GEN wa · DEM huu/ule · POSS w- · REL -o</div><div class=hinweis>huu → ule — near and far each have their own demonstrative series, both formed from the class</div>	A1 SD1 kontrast demonstrativ kl3
this town here ⁄⁄ that town there	mji huu ⁄⁄ mji ule<hr><table class=gloss><tr class=mo><td>mji</td><td>huu</td></tr><tr class=la><td>CL3.town</td><td>CL3.DEM.prox</td></tr></table><table class=gloss><tr class=mo><td>mji</td><td>ule</td></tr><tr class=la><td>CL3.town</td><td>CL3.DEM.dist</td></tr></table><div class=klassen>mji class 3/4 (m-/mw- › mi-) → miji</div><div class=konkordanz>class 3: SUBJ u- · ADJ m-/mw- · GEN wa · DEM huu/ule · POSS w- · REL -o</div><div class=hinweis>huu → ule — near and far each have their own demonstrative series, both formed from the class</div>	A1 SD1 kontrast demonstrativ kl3
this car here ⁄⁄ that car there	gari hili ⁄⁄ gari lile<hr><table class=gloss><tr class=mo><td>gari</td><td>hili</td></tr><tr class=la><td>CL5.car</td><td>CL5.DEM.prox</td></tr></table><table class=gloss><tr class=mo><td>gari</td><td>lile</td></tr><tr class=la><td>CL5.car</td><td>CL5.DEM.dist</td></tr></table><div class=klassen>gari class 5/6 (ji-/Ø › ma-) → magari</div><div class=konkordanz>class 5: SUBJ li- · ADJ ji-/Ø · GEN la · DEM hili/lile · POSS l- · REL -lo</div><div class=hinweis>hili → lile — near and far each have their own demonstrative series, both formed from the class</div>	A1 SD1 kontrast demonstrativ kl5
this shop here ⁄⁄ that shop there	duka hili ⁄⁄ duka lile<hr><table class=gloss><tr class=mo><td>duka</td><td>hili</td></tr><tr class=la><td>CL5.shop</td><td>CL5.DEM.prox</td></tr></table><table class=gloss><tr class=mo><td>duka</td><td>lile</td></tr><tr class=la><td>CL5.shop</td><td>CL5.DEM.dist</td></tr></table><div class=klassen>duka class 5/6 (ji-/Ø › ma-) → maduka</div><div class=konkordanz>class 5: SUBJ li- · ADJ ji-/Ø · GEN la · DEM hili/lile · POSS l- · REL -lo</div><div class=hinweis>hili → lile — near and far each have their own demonstrative series, both formed from the class</div>	A1 SD1 kontrast demonstrativ kl5
this name here ⁄⁄ that name there	jina hili ⁄⁄ jina lile<hr><table class=gloss><tr class=mo><td>jina</td><td>hili</td></tr><tr class=la><td>CL5.name</td><td>CL5.DEM.prox</td></tr></table><table class=gloss><tr class=mo><td>jina</td><td>lile</td></tr><tr class=la><td>CL5.name</td><td>CL5.DEM.dist</td></tr></table><div class=klassen>jina class 5/6 (ji-/Ø › ma-) → majina</div><div class=konkordanz>class 5: SUBJ li- · ADJ ji-/Ø · GEN la · DEM hili/lile · POSS l- · REL -lo</div><div class=hinweis>hili → lile — near and far each have their own demonstrative series, both formed from the class</div>	A1 SD1 kontrast demonstrativ kl5
this book here ⁄⁄ that book there	kitabu hiki ⁄⁄ kitabu kile<hr><table class=gloss><tr class=mo><td>kitabu</td><td>hiki</td></tr><tr class=la><td>CL7.book</td><td>CL7.DEM.prox</td></tr></table><table class=gloss><tr class=mo><td>kitabu</td><td>kile</td></tr><tr class=la><td>CL7.book</td><td>CL7.DEM.dist</td></tr></table><div class=klassen>kitabu class 7/8 (ki- › vi-) → vitabu</div><div class=konkordanz>class 7: SUBJ ki- · ADJ ki- · GEN cha · DEM hiki/kile · POSS ch- · REL -cho</div><div class=hinweis>hiki → kile — near and far each have their own demonstrative series, both formed from the class</div>	A1 SD1 kontrast demonstrativ kl7
this chair here ⁄⁄ that chair there	kiti hiki ⁄⁄ kiti kile<hr><table class=gloss><tr class=mo><td>kiti</td><td>hiki</td></tr><tr class=la><td>CL7.chair</td><td>CL7.DEM.prox</td></tr></table><table class=gloss><tr class=mo><td>kiti</td><td>kile</td></tr><tr class=la><td>CL7.chair</td><td>CL7.DEM.dist</td></tr></table><div class=klassen>kiti class 7/8 (ki- › vi-) → viti</div><div class=konkordanz>class 7: SUBJ ki- · ADJ ki- · GEN cha · DEM hiki/kile · POSS ch- · REL -cho</div><div class=hinweis>hiki → kile — near and far each have their own demonstrative series, both formed from the class</div>	A1 SD1 kontrast demonstrativ kl7
this room here ⁄⁄ that room there	chumba hiki ⁄⁄ chumba kile<hr><table class=gloss><tr class=mo><td>chumba</td><td>hiki</td></tr><tr class=la><td>CL7.room</td><td>CL7.DEM.prox</td></tr></table><table class=gloss><tr class=mo><td>chumba</td><td>kile</td></tr><tr class=la><td>CL7.room</td><td>CL7.DEM.dist</td></tr></table><div class=klassen>chumba class 7/8 (ki- › vi-) → vyumba</div><div class=konkordanz>class 7: SUBJ ki- · ADJ ki- · GEN cha · DEM hiki/kile · POSS ch- · REL -cho</div><div class=hinweis>hiki → kile — near and far each have their own demonstrative series, both formed from the class</div>	A1 SD1 kontrast demonstrativ kl7
this letter here ⁄⁄ that letter there	barua hii ⁄⁄ barua ile<hr><table class=gloss><tr class=mo><td>barua</td><td>hii</td></tr><tr class=la><td>CL9.letter</td><td>CL9.DEM.prox</td></tr></table><table class=gloss><tr class=mo><td>barua</td><td>ile</td></tr><tr class=la><td>CL9.letter</td><td>CL9.DEM.dist</td></tr></table><div class=klassen>barua class 9/10 (Ø/n-) → barua — number shows only in the agreement</div><div class=konkordanz>class 9: SUBJ i- · ADJ Ø/n- · GEN ya · DEM hii/ile · POSS y- · REL -yo</div><div class=hinweis>hii → ile — near and far each have their own demonstrative series, both formed from the class</div>	A1 SD1 kontrast demonstrativ kl9
this house here ⁄⁄ that house there	nyumba hii ⁄⁄ nyumba ile<hr><table class=gloss><tr class=mo><td>nyumba</td><td>hii</td></tr><tr class=la><td>CL9.house</td><td>CL9.DEM.prox</td></tr></table><table class=gloss><tr class=mo><td>nyumba</td><td>ile</td></tr><tr class=la><td>CL9.house</td><td>CL9.DEM.dist</td></tr></table><div class=klassen>nyumba class 9/10 (Ø/n-) → nyumba — number shows only in the agreement</div><div class=konkordanz>class 9: SUBJ i- · ADJ Ø/n- · GEN ya · DEM hii/ile · POSS y- · REL -yo</div><div class=hinweis>hii → ile — near and far each have their own demonstrative series, both formed from the class</div>	A1 SD1 kontrast demonstrativ kl9
this telephone here ⁄⁄ that telephone there	simu hii ⁄⁄ simu ile<hr><table class=gloss><tr class=mo><td>simu</td><td>hii</td></tr><tr class=la><td>CL9.phone</td><td>CL9.DEM.prox</td></tr></table><table class=gloss><tr class=mo><td>simu</td><td>ile</td></tr><tr class=la><td>CL9.phone</td><td>CL9.DEM.dist</td></tr></table><div class=klassen>simu class 9/10 (Ø/n-) → simu — number shows only in the agreement</div><div class=konkordanz>class 9: SUBJ i- · ADJ Ø/n- · GEN ya · DEM hii/ile · POSS y- · REL -yo</div><div class=hinweis>hii → ile — near and far each have their own demonstrative series, both formed from the class</div>	A1 SD1 kontrast demonstrativ kl9
this key here ⁄⁄ that key there	ufunguo huu ⁄⁄ ufunguo ule<hr><table class=gloss><tr class=mo><td>ufunguo</td><td>huu</td></tr><tr class=la><td>CL11.key</td><td>CL11.DEM.prox</td></tr></table><table class=gloss><tr class=mo><td>ufunguo</td><td>ule</td></tr><tr class=la><td>CL11.key</td><td>CL11.DEM.dist</td></tr></table><div class=klassen>ufunguo class 11/10 (u- › Ø/n-) → funguo</div><div class=konkordanz>class 11: SUBJ u- · ADJ m-/mw- · GEN wa · DEM huu/ule · POSS w- · REL -o</div><div class=hinweis>huu → ule — near and far each have their own demonstrative series, both formed from the class</div>	A1 SD1 kontrast demonstrativ kl11
this song here ⁄⁄ that song there	wimbo huu ⁄⁄ wimbo ule<hr><table class=gloss><tr class=mo><td>wimbo</td><td>huu</td></tr><tr class=la><td>CL11.song</td><td>CL11.DEM.prox</td></tr></table><table class=gloss><tr class=mo><td>wimbo</td><td>ule</td></tr><tr class=la><td>CL11.song</td><td>CL11.DEM.dist</td></tr></table><div class=klassen>wimbo class 11/10 (u- › Ø/n-) → nyimbo</div><div class=konkordanz>class 11: SUBJ u- · ADJ m-/mw- · GEN wa · DEM huu/ule · POSS w- · REL -o</div><div class=hinweis>huu → ule — near and far each have their own demonstrative series, both formed from the class</div>	A1 SD1 kontrast demonstrativ kl11
this wall here ⁄⁄ that wall there	ukuta huu ⁄⁄ ukuta ule<hr><table class=gloss><tr class=mo><td>ukuta</td><td>huu</td></tr><tr class=la><td>CL11.wall</td><td>CL11.DEM.prox</td></tr></table><table class=gloss><tr class=mo><td>ukuta</td><td>ule</td></tr><tr class=la><td>CL11.wall</td><td>CL11.DEM.dist</td></tr></table><div class=klassen>ukuta class 11/10 (u- › Ø/n-) → kuta</div><div class=konkordanz>class 11: SUBJ u- · ADJ m-/mw- · GEN wa · DEM huu/ule · POSS w- · REL -o</div><div class=hinweis>huu → ule — near and far each have their own demonstrative series, both formed from the class</div>	A1 SD1 kontrast demonstrativ kl11
my tree ⁄⁄ my trees	mti wangu ⁄⁄ miti yangu<hr><table class=gloss><tr class=mo><td>mti</td><td>w-angu</td></tr><tr class=la><td>CL3.tree</td><td>CL3-my</td></tr></table><table class=gloss><tr class=mo><td>miti</td><td>y-angu</td></tr><tr class=la><td>CL4.tree</td><td>CL4-my</td></tr></table><div class=klassen>mti class 3/4 (m-/mw- › mi-) → miti</div><div class=konkordanz>class 3: SUBJ u- · ADJ m-/mw- · GEN wa · DEM huu/ule · POSS w- · REL -o · class 4: SUBJ i- · ADJ mi- · GEN ya · DEM hii/ile · POSS y- · REL -yo</div><div class=hinweis>wangu → yangu — the possessive stem -angu stays; only the agreement prefix changes with the class</div>	A1 SD1 kontrast possessiv kl3 kl4
my loaf ⁄⁄ my loaves	mkate wangu ⁄⁄ mikate yangu<hr><table class=gloss><tr class=mo><td>mkate</td><td>w-angu</td></tr><tr class=la><td>CL3.bread</td><td>CL3-my</td></tr></table><table class=gloss><tr class=mo><td>mikate</td><td>y-angu</td></tr><tr class=la><td>CL4.bread</td><td>CL4-my</td></tr></table><div class=klassen>mkate class 3/4 (m-/mw- › mi-) → mikate</div><div class=konkordanz>class 3: SUBJ u- · ADJ m-/mw- · GEN wa · DEM huu/ule · POSS w- · REL -o · class 4: SUBJ i- · ADJ mi- · GEN ya · DEM hii/ile · POSS y- · REL -yo</div><div class=hinweis>wangu → yangu — the possessive stem -angu stays; only the agreement prefix changes with the class</div>	A1 SD1 kontrast possessiv kl3 kl4
my town ⁄⁄ my towns	mji wangu ⁄⁄ miji yangu<hr><table class=gloss><tr class=mo><td>mji</td><td>w-angu</td></tr><tr class=la><td>CL3.town</td><td>CL3-my</td></tr></table><table class=gloss><tr class=mo><td>miji</td><td>y-angu</td></tr><tr class=la><td>CL4.town</td><td>CL4-my</td></tr></table><div class=klassen>mji class 3/4 (m-/mw- › mi-) → miji</div><div class=konkordanz>class 3: SUBJ u- · ADJ m-/mw- · GEN wa · DEM huu/ule · POSS w- · REL -o · class 4: SUBJ i- · ADJ mi- · GEN ya · DEM hii/ile · POSS y- · REL -yo</div><div class=hinweis>wangu → yangu — the possessive stem -angu stays; only the agreement prefix changes with the class</div>	A1 SD1 kontrast possessiv kl3 kl4
my car ⁄⁄ my cars	gari langu ⁄⁄ magari yangu<hr><table class=gloss><tr class=mo><td>gari</td><td>l-angu</td></tr><tr class=la><td>CL5.car</td><td>CL5-my</td></tr></table><table class=gloss><tr class=mo><td>magari</td><td>y-angu</td></tr><tr class=la><td>CL6.car</td><td>CL6-my</td></tr></table><div class=klassen>gari class 5/6 (ji-/Ø › ma-) → magari</div><div class=konkordanz>class 5: SUBJ li- · ADJ ji-/Ø · GEN la · DEM hili/lile · POSS l- · REL -lo · class 6: SUBJ ya- · ADJ ma- · GEN ya · DEM haya/yale · POSS y- · REL -yo</div><div class=hinweis>langu → yangu — the possessive stem -angu stays; only the agreement prefix changes with the class</div>	A1 SD1 kontrast possessiv kl5 kl6
my shop ⁄⁄ my shops	duka langu ⁄⁄ maduka yangu<hr><table class=gloss><tr class=mo><td>duka</td><td>l-angu</td></tr><tr class=la><td>CL5.shop</td><td>CL5-my</td></tr></table><table class=gloss><tr class=mo><td>maduka</td><td>y-angu</td></tr><tr class=la><td>CL6.shop</td><td>CL6-my</td></tr></table><div class=klassen>duka class 5/6 (ji-/Ø › ma-) → maduka</div><div class=konkordanz>class 5: SUBJ li- · ADJ ji-/Ø · GEN la · DEM hili/lile · POSS l- · REL -lo · class 6: SUBJ ya- · ADJ ma- · GEN ya · DEM haya/yale · POSS y- · REL -yo</div><div class=hinweis>langu → yangu — the possessive stem -angu stays; only the agreement prefix changes with the class</div>	A1 SD1 kontrast possessiv kl5 kl6
my name ⁄⁄ my names	jina langu ⁄⁄ majina yangu<hr><table class=gloss><tr class=mo><td>jina</td><td>l-angu</td></tr><tr class=la><td>CL5.name</td><td>CL5-my</td></tr></table><table class=gloss><tr class=mo><td>majina</td><td>y-angu</td></tr><tr class=la><td>CL6.name</td><td>CL6-my</td></tr></table><div class=klassen>jina class 5/6 (ji-/Ø › ma-) → majina</div><div class=konkordanz>class 5: SUBJ li- · ADJ ji-/Ø · GEN la · DEM hili/lile · POSS l- · REL -lo · class 6: SUBJ ya- · ADJ ma- · GEN ya · DEM haya/yale · POSS y- · REL -yo</div><div class=hinweis>langu → yangu — the possessive stem -angu stays; only the agreement prefix changes with the class</div>	A1 SD1 kontrast possessiv kl5 kl6
my book ⁄⁄ my books	kitabu changu ⁄⁄ vitabu vyangu<hr><table class=gloss><tr class=mo><td>kitabu</td><td>ch-angu</td></tr><tr class=la><td>CL7.book</td><td>CL7-my</td></tr></table><table class=gloss><tr class=mo><td>vitabu</td><td>vy-angu</td></tr><tr class=la><td>CL8.book</td><td>CL8-my</td></tr></table><div class=klassen>kitabu class 7/8 (ki- › vi-) → vitabu</div><div class=konkordanz>class 7: SUBJ ki- · ADJ ki- · GEN cha · DEM hiki/kile · POSS ch- · REL -cho · class 8: SUBJ vi- · ADJ vi- · GEN vya · DEM hivi/vile · POSS vy- · REL -vyo</div><div class=hinweis>changu → vyangu — the possessive stem -angu stays; only the agreement prefix changes with the class</div>	A1 SD1 kontrast possessiv kl7 kl8
my chair ⁄⁄ my chairs	kiti changu ⁄⁄ viti vyangu<hr><table class=gloss><tr class=mo><td>kiti</td><td>ch-angu</td></tr><tr class=la><td>CL7.chair</td><td>CL7-my</td></tr></table><table class=gloss><tr class=mo><td>viti</td><td>vy-angu</td></tr><tr class=la><td>CL8.chair</td><td>CL8-my</td></tr></table><div class=klassen>kiti class 7/8 (ki- › vi-) → viti</div><div class=konkordanz>class 7: SUBJ ki- · ADJ ki- · GEN cha · DEM hiki/kile · POSS ch- · REL -cho · class 8: SUBJ vi- · ADJ vi- · GEN vya · DEM hivi/vile · POSS vy- · REL -vyo</div><div class=hinweis>changu → vyangu — the possessive stem -angu stays; only the agreement prefix changes with the class</div>	A1 SD1 kontrast possessiv kl7 kl8
my room ⁄⁄ my rooms	chumba changu ⁄⁄ vyumba vyangu<hr><table class=gloss><tr class=mo><td>chumba</td><td>ch-angu</td></tr><tr class=la><td>CL7.room</td><td>CL7-my</td></tr></table><table class=gloss><tr class=mo><td>vyumba</td><td>vy-angu</td></tr><tr class=la><td>CL8.room</td><td>CL8-my</td></tr></table><div class=klassen>chumba class 7/8 (ki- › vi-) → vyumba</div><div class=konkordanz>class 7: SUBJ ki- · ADJ ki- · GEN cha · DEM hiki/kile · POSS ch- · REL -cho · class 8: SUBJ vi- · ADJ vi- · GEN vya · DEM hivi/vile · POSS vy- · REL -vyo</div><div class=hinweis>changu → vyangu — the possessive stem -angu stays; only the agreement prefix changes with the class</div>	A1 SD1 kontrast possessiv kl7 kl8
my letter ⁄⁄ my letters	barua yangu ⁄⁄ barua zangu<hr><table class=gloss><tr class=mo><td>barua</td><td>y-angu</td></tr><tr class=la><td>CL9.letter</td><td>CL9-my</td></tr></table><table class=gloss><tr class=mo><td>barua</td><td>z-angu</td></tr><tr class=la><td>CL10.letter</td><td>CL10-my</td></tr></table><div class=klassen>barua class 9/10 (Ø/n-) → barua — number shows only in the agreement</div><div class=konkordanz>class 9: SUBJ i- · ADJ Ø/n- · GEN ya · DEM hii/ile · POSS y- · REL -yo · class 10: SUBJ zi- · ADJ Ø/n- · GEN za · DEM hizi/zile · POSS z- · REL -zo</div><div class=hinweis>yangu → zangu — the possessive stem -angu stays; only the agreement prefix changes with the class</div>	A1 SD1 kontrast possessiv kl9 kl10
my house ⁄⁄ my houses	nyumba yangu ⁄⁄ nyumba zangu<hr><table class=gloss><tr class=mo><td>nyumba</td><td>y-angu</td></tr><tr class=la><td>CL9.house</td><td>CL9-my</td></tr></table><table class=gloss><tr class=mo><td>nyumba</td><td>z-angu</td></tr><tr class=la><td>CL10.house</td><td>CL10-my</td></tr></table><div class=klassen>nyumba class 9/10 (Ø/n-) → nyumba — number shows only in the agreement</div><div class=konkordanz>class 9: SUBJ i- · ADJ Ø/n- · GEN ya · DEM hii/ile · POSS y- · REL -yo · class 10: SUBJ zi- · ADJ Ø/n- · GEN za · DEM hizi/zile · POSS z- · REL -zo</div><div class=hinweis>yangu → zangu — the possessive stem -angu stays; only the agreement prefix changes with the class</div>	A1 SD1 kontrast possessiv kl9 kl10
my telephone ⁄⁄ my telephones	simu yangu ⁄⁄ simu zangu<hr><table class=gloss><tr class=mo><td>simu</td><td>y-angu</td></tr><tr class=la><td>CL9.phone</td><td>CL9-my</td></tr></table><table class=gloss><tr class=mo><td>simu</td><td>z-angu</td></tr><tr class=la><td>CL10.phone</td><td>CL10-my</td></tr></table><div class=klassen>simu class 9/10 (Ø/n-) → simu — number shows only in the agreement</div><div class=konkordanz>class 9: SUBJ i- · ADJ Ø/n- · GEN ya · DEM hii/ile · POSS y- · REL -yo · class 10: SUBJ zi- · ADJ Ø/n- · GEN za · DEM hizi/zile · POSS z- · REL -zo</div><div class=hinweis>yangu → zangu — the possessive stem -angu stays; only the agreement prefix changes with the class</div>	A1 SD1 kontrast possessiv kl9 kl10
my key ⁄⁄ my keys	ufunguo wangu ⁄⁄ funguo zangu<hr><table class=gloss><tr class=mo><td>ufunguo</td><td>w-angu</td></tr><tr class=la><td>CL11.key</td><td>CL11-my</td></tr></table><table class=gloss><tr class=mo><td>funguo</td><td>z-angu</td></tr><tr class=la><td>CL10.key</td><td>CL10-my</td></tr></table><div class=klassen>ufunguo class 11/10 (u- › Ø/n-) → funguo</div><div class=konkordanz>class 11: SUBJ u- · ADJ m-/mw- · GEN wa · DEM huu/ule · POSS w- · REL -o · class 10: SUBJ zi- · ADJ Ø/n- · GEN za · DEM hizi/zile · POSS z- · REL -zo</div><div class=hinweis>wangu → zangu — the possessive stem -angu stays; only the agreement prefix changes with the class</div>	A1 SD1 kontrast possessiv kl11 kl10
my song ⁄⁄ my songs	wimbo wangu ⁄⁄ nyimbo zangu<hr><table class=gloss><tr class=mo><td>wimbo</td><td>w-angu</td></tr><tr class=la><td>CL11.song</td><td>CL11-my</td></tr></table><table class=gloss><tr class=mo><td>nyimbo</td><td>z-angu</td></tr><tr class=la><td>CL10.song</td><td>CL10-my</td></tr></table><div class=klassen>wimbo class 11/10 (u- › Ø/n-) → nyimbo</div><div class=konkordanz>class 11: SUBJ u- · ADJ m-/mw- · GEN wa · DEM huu/ule · POSS w- · REL -o · class 10: SUBJ zi- · ADJ Ø/n- · GEN za · DEM hizi/zile · POSS z- · REL -zo</div><div class=hinweis>wangu → zangu — the possessive stem -angu stays; only the agreement prefix changes with the class</div>	A1 SD1 kontrast possessiv kl11 kl10
my wall ⁄⁄ my walls	ukuta wangu ⁄⁄ kuta zangu<hr><table class=gloss><tr class=mo><td>ukuta</td><td>w-angu</td></tr><tr class=la><td>CL11.wall</td><td>CL11-my</td></tr></table><table class=gloss><tr class=mo><td>kuta</td><td>z-angu</td></tr><tr class=la><td>CL10.wall</td><td>CL10-my</td></tr></table><div class=klassen>ukuta class 11/10 (u- › Ø/n-) → kuta</div><div class=konkordanz>class 11: SUBJ u- · ADJ m-/mw- · GEN wa · DEM huu/ule · POSS w- · REL -o · class 10: SUBJ zi- · ADJ Ø/n- · GEN za · DEM hizi/zile · POSS z- · REL -zo</div><div class=hinweis>wangu → zangu — the possessive stem -angu stays; only the agreement prefix changes with the class</div>	A1 SD1 kontrast possessiv kl11 kl10
I am reading the book right now. ⁄⁄ I have already read the book.	Ninasoma kitabu. ⁄⁄ Nimesoma kitabu.<hr><table class=gloss><tr class=mo><td>ni-na-som-a</td><td>ki-tabu</td></tr><tr class=la><td>1SG-PRS-read-IND</td><td>CL7-book</td></tr></table><table class=gloss><tr class=mo><td>ni-me-som-a</td><td>ki-tabu</td></tr><tr class=la><td>1SG-PRF-read-IND</td><td>CL7-book</td></tr></table><div class=hinweis>-na- → -me- — only the tense marker changes: -na- against -me-. Stem and final vowel stay the same.</div>	A1 SD1 kontrast tam tam-na tam-me
I am reading the book right now. ⁄⁄ I read the book yesterday.	Ninasoma kitabu. ⁄⁄ Nilisoma kitabu.<hr><table class=gloss><tr class=mo><td>ni-na-som-a</td><td>ki-tabu</td></tr><tr class=la><td>1SG-PRS-read-IND</td><td>CL7-book</td></tr></table><table class=gloss><tr class=mo><td>ni-li-som-a</td><td>ki-tabu</td></tr><tr class=la><td>1SG-PST-read-IND</td><td>CL7-book</td></tr></table><div class=hinweis>-na- → -li- — only the tense marker changes: -na- against -li-. Stem and final vowel stay the same.</div>	A1 SD1 kontrast tam tam-na tam-li
I am reading the book right now. ⁄⁄ I will read the book tomorrow.	Ninasoma kitabu. ⁄⁄ Nitasoma kitabu.<hr><table class=gloss><tr class=mo><td>ni-na-som-a</td><td>ki-tabu</td></tr><tr class=la><td>1SG-PRS-read-IND</td><td>CL7-book</td></tr></table><table class=gloss><tr class=mo><td>ni-ta-som-a</td><td>ki-tabu</td></tr><tr class=la><td>1SG-FUT-read-IND</td><td>CL7-book</td></tr></table><div class=hinweis>-na- → -ta- — only the tense marker changes: -na- against -ta-. Stem and final vowel stay the same.</div>	A1 SD1 kontrast tam tam-na tam-ta
I read the book yesterday. ⁄⁄ I have already read the book.	Nilisoma kitabu. ⁄⁄ Nimesoma kitabu.<hr><table class=gloss><tr class=mo><td>ni-li-som-a</td><td>ki-tabu</td></tr><tr class=la><td>1SG-PST-read-IND</td><td>CL7-book</td></tr></table><table class=gloss><tr class=mo><td>ni-me-som-a</td><td>ki-tabu</td></tr><tr class=la><td>1SG-PRF-read-IND</td><td>CL7-book</td></tr></table><div class=hinweis>-li- → -me- — only the tense marker changes: -li- against -me-. Stem and final vowel stay the same.</div>	A1 SD1 kontrast tam tam-li tam-me
I read the book yesterday. ⁄⁄ I will read the book tomorrow.	Nilisoma kitabu. ⁄⁄ Nitasoma kitabu.<hr><table class=gloss><tr class=mo><td>ni-li-som-a</td><td>ki-tabu</td></tr><tr class=la><td>1SG-PST-read-IND</td><td>CL7-book</td></tr></table><table class=gloss><tr class=mo><td>ni-ta-som-a</td><td>ki-tabu</td></tr><tr class=la><td>1SG-FUT-read-IND</td><td>CL7-book</td></tr></table><div class=hinweis>-li- → -ta- — only the tense marker changes: -li- against -ta-. Stem and final vowel stay the same.</div>	A1 SD1 kontrast tam tam-li tam-ta
I have already read the book. ⁄⁄ I will read the book tomorrow.	Nimesoma kitabu. ⁄⁄ Nitasoma kitabu.<hr><table class=gloss><tr class=mo><td>ni-me-som-a</td><td>ki-tabu</td></tr><tr class=la><td>1SG-PRF-read-IND</td><td>CL7-book</td></tr></table><table class=gloss><tr class=mo><td>ni-ta-som-a</td><td>ki-tabu</td></tr><tr class=la><td>1SG-FUT-read-IND</td><td>CL7-book</td></tr></table><div class=hinweis>-me- → -ta- — only the tense marker changes: -me- against -ta-. Stem and final vowel stay the same.</div>	A1 SD1 kontrast tam tam-me tam-ta
I am buying the loaves right now. ⁄⁄ I have already bought the loaves.	Ninanunua mikate. ⁄⁄ Nimenunua mikate.<hr><table class=gloss><tr class=mo><td>ni-na-nunu-a</td><td>mi-kate</td></tr><tr class=la><td>1SG-PRS-buy-IND</td><td>CL4-bread</td></tr></table><table class=gloss><tr class=mo><td>ni-me-nunu-a</td><td>mi-kate</td></tr><tr class=la><td>1SG-PRF-buy-IND</td><td>CL4-bread</td></tr></table><div class=hinweis>-na- → -me- — only the tense marker changes: -na- against -me-. Stem and final vowel stay the same.</div>	A1 SD1 kontrast tam tam-na tam-me
I am buying the loaves right now. ⁄⁄ I bought the loaves yesterday.	Ninanunua mikate. ⁄⁄ Nilinunua mikate.<hr><table class=gloss><tr class=mo><td>ni-na-nunu-a</td><td>mi-kate</td></tr><tr class=la><td>1SG-PRS-buy-IND</td><td>CL4-bread</td></tr></table><table class=gloss><tr class=mo><td>ni-li-nunu-a</td><td>mi-kate</td></tr><tr class=la><td>1SG-PST-buy-IND</td><td>CL4-bread</td></tr></table><div class=hinweis>-na- → -li- — only the tense marker changes: -na- against -li-. Stem and final vowel stay the same.</div>	A1 SD1 kontrast tam tam-na tam-li
I am buying the loaves right now. ⁄⁄ I will buy the loaves tomorrow.	Ninanunua mikate. ⁄⁄ Nitanunua mikate.<hr><table class=gloss><tr class=mo><td>ni-na-nunu-a</td><td>mi-kate</td></tr><tr class=la><td>1SG-PRS-buy-IND</td><td>CL4-bread</td></tr></table><table class=gloss><tr class=mo><td>ni-ta-nunu-a</td><td>mi-kate</td></tr><tr class=la><td>1SG-FUT-buy-IND</td><td>CL4-bread</td></tr></table><div class=hinweis>-na- → -ta- — only the tense marker changes: -na- against -ta-. Stem and final vowel stay the same.</div>	A1 SD1 kontrast tam tam-na tam-ta
I bought the loaves yesterday. ⁄⁄ I have already bought the loaves.	Nilinunua mikate. ⁄⁄ Nimenunua mikate.<hr><table class=gloss><tr class=mo><td>ni-li-nunu-a</td><td>mi-kate</td></tr><tr class=la><td>1SG-PST-buy-IND</td><td>CL4-bread</td></tr></table><table class=gloss><tr class=mo><td>ni-me-nunu-a</td><td>mi-kate</td></tr><tr class=la><td>1SG-PRF-buy-IND</td><td>CL4-bread</td></tr></table><div class=hinweis>-li- → -me- — only the tense marker changes: -li- against -me-. Stem and final vowel stay the same.</div>	A1 SD1 kontrast tam tam-li tam-me
I bought the loaves yesterday. ⁄⁄ I will buy the loaves tomorrow.	Nilinunua mikate. ⁄⁄ Nitanunua mikate.<hr><table class=gloss><tr class=mo><td>ni-li-nunu-a</td><td>mi-kate</td></tr><tr class=la><td>1SG-PST-buy-IND</td><td>CL4-bread</td></tr></table><table class=gloss><tr class=mo><td>ni-ta-nunu-a</td><td>mi-kate</td></tr><tr class=la><td>1SG-FUT-buy-IND</td><td>CL4-bread</td></tr></table><div class=hinweis>-li- → -ta- — only the tense marker changes: -li- against -ta-. Stem and final vowel stay the same.</div>	A1 SD1 kontrast tam tam-li tam-ta
I have already bought the loaves. ⁄⁄ I will buy the loaves tomorrow.	Nimenunua mikate. ⁄⁄ Nitanunua mikate.<hr><table class=gloss><tr class=mo><td>ni-me-nunu-a</td><td>mi-kate</td></tr><tr class=la><td>1SG-PRF-buy-IND</td><td>CL4-bread</td></tr></table><table class=gloss><tr class=mo><td>ni-ta-nunu-a</td><td>mi-kate</td></tr><tr class=la><td>1SG-FUT-buy-IND</td><td>CL4-bread</td></tr></table><div class=hinweis>-me- → -ta- — only the tense marker changes: -me- against -ta-. Stem and final vowel stay the same.</div>	A1 SD1 kontrast tam tam-me tam-ta
I am writing the letter right now. ⁄⁄ I have already written the letter.	Ninaandika barua. ⁄⁄ Nimeandika barua.<hr><table class=gloss><tr class=mo><td>ni-na-andik-a</td><td>barua</td></tr><tr class=la><td>1SG-PRS-write-IND</td><td>CL9.letter</td></tr></table><table class=gloss><tr class=mo><td>ni-me-andik-a</td><td>barua</td></tr><tr class=la><td>1SG-PRF-write-IND</td><td>CL9.letter</td></tr></table><div class=hinweis>-na- → -me- — only the tense marker changes: -na- against -me-. Stem and final vowel stay the same.</div>	A1 SD1 kontrast tam tam-na tam-me
I am writing the letter right now. ⁄⁄ I written the letter yesterday.	Ninaandika barua. ⁄⁄ Niliandika barua.<hr><table class=gloss><tr class=mo><td>ni-na-andik-a</td><td>barua</td></tr><tr class=la><td>1SG-PRS-write-IND</td><td>CL9.letter</td></tr></table><table class=gloss><tr class=mo><td>ni-li-andik-a</td><td>barua</td></tr><tr class=la><td>1SG-PST-write-IND</td><td>CL9.letter</td></tr></table><div class=hinweis>-na- → -li- — only the tense marker changes: -na- against -li-. Stem and final vowel stay the same.</div>	A1 SD1 kontrast tam tam-na tam-li
I am writing the letter right now. ⁄⁄ I will write the letter tomorrow.	Ninaandika barua. ⁄⁄ Nitaandika barua.<hr><table class=gloss><tr class=mo><td>ni-na-andik-a</td><td>barua</td></tr><tr class=la><td>1SG-PRS-write-IND</td><td>CL9.letter</td></tr></table><table class=gloss><tr class=mo><td>ni-ta-andik-a</td><td>barua</td></tr><tr class=la><td>1SG-FUT-write-IND</td><td>CL9.letter</td></tr></table><div class=hinweis>-na- → -ta- — only the tense marker changes: -na- against -ta-. Stem and final vowel stay the same.</div>	A1 SD1 kontrast tam tam-na tam-ta
I written the letter yesterday. ⁄⁄ I have already written the letter.	Niliandika barua. ⁄⁄ Nimeandika barua.<hr><table class=gloss><tr class=mo><td>ni-li-andik-a</td><td>barua</td></tr><tr class=la><td>1SG-PST-write-IND</td><td>CL9.letter</td></tr></table><table class=gloss><tr class=mo><td>ni-me-andik-a</td><td>barua</td></tr><tr class=la><td>1SG-PRF-write-IND</td><td>CL9.letter</td></tr></table><div class=hinweis>-li- → -me- — only the tense marker changes: -li- against -me-. Stem and final vowel stay the same.</div>	A1 SD1 kontrast tam tam-li tam-me
I written the letter yesterday. ⁄⁄ I will write the letter tomorrow.	Niliandika barua. ⁄⁄ Nitaandika barua.<hr><table class=gloss><tr class=mo><td>ni-li-andik-a</td><td>barua</td></tr><tr class=la><td>1SG-PST-write-IND</td><td>CL9.letter</td></tr></table><table class=gloss><tr class=mo><td>ni-ta-andik-a</td><td>barua</td></tr><tr class=la><td>1SG-FUT-write-IND</td><td>CL9.letter</td></tr></table><div class=hinweis>-li- → -ta- — only the tense marker changes: -li- against -ta-. Stem and final vowel stay the same.</div>	A1 SD1 kontrast tam tam-li tam-ta
I have already written the letter. ⁄⁄ I will write the letter tomorrow.	Nimeandika barua. ⁄⁄ Nitaandika barua.<hr><table class=gloss><tr class=mo><td>ni-me-andik-a</td><td>barua</td></tr><tr class=la><td>1SG-PRF-write-IND</td><td>CL9.letter</td></tr></table><table class=gloss><tr class=mo><td>ni-ta-andik-a</td><td>barua</td></tr><tr class=la><td>1SG-FUT-write-IND</td><td>CL9.letter</td></tr></table><div class=hinweis>-me- → -ta- — only the tense marker changes: -me- against -ta-. Stem and final vowel stay the same.</div>	A1 SD1 kontrast tam tam-me tam-ta
I am seeing the cars right now. ⁄⁄ I have already seen the cars.	Ninaona magari. ⁄⁄ Nimeona magari.<hr><table class=gloss><tr class=mo><td>ni-na-on-a</td><td>ma-gari</td></tr><tr class=la><td>1SG-PRS-see-IND</td><td>CL6-car</td></tr></table><table class=gloss><tr class=mo><td>ni-me-on-a</td><td>ma-gari</td></tr><tr class=la><td>1SG-PRF-see-IND</td><td>CL6-car</td></tr></table><div class=hinweis>-na- → -me- — only the tense marker changes: -na- against -me-. Stem and final vowel stay the same.</div>	A1 SD1 kontrast tam tam-na tam-me
I am seeing the cars right now. ⁄⁄ I seen the cars yesterday.	Ninaona magari. ⁄⁄ Niliona magari.<hr><table class=gloss><tr class=mo><td>ni-na-on-a</td><td>ma-gari</td></tr><tr class=la><td>1SG-PRS-see-IND</td><td>CL6-car</td></tr></table><table class=gloss><tr class=mo><td>ni-li-on-a</td><td>ma-gari</td></tr><tr class=la><td>1SG-PST-see-IND</td><td>CL6-car</td></tr></table><div class=hinweis>-na- → -li- — only the tense marker changes: -na- against -li-. Stem and final vowel stay the same.</div>	A1 SD1 kontrast tam tam-na tam-li
I am seeing the cars right now. ⁄⁄ I will see the cars tomorrow.	Ninaona magari. ⁄⁄ Nitaona magari.<hr><table class=gloss><tr class=mo><td>ni-na-on-a</td><td>ma-gari</td></tr><tr class=la><td>1SG-PRS-see-IND</td><td>CL6-car</td></tr></table><table class=gloss><tr class=mo><td>ni-ta-on-a</td><td>ma-gari</td></tr><tr class=la><td>1SG-FUT-see-IND</td><td>CL6-car</td></tr></table><div class=hinweis>-na- → -ta- — only the tense marker changes: -na- against -ta-. Stem and final vowel stay the same.</div>	A1 SD1 kontrast tam tam-na tam-ta
I seen the cars yesterday. ⁄⁄ I have already seen the cars.	Niliona magari. ⁄⁄ Nimeona magari.<hr><table class=gloss><tr class=mo><td>ni-li-on-a</td><td>ma-gari</td></tr><tr class=la><td>1SG-PST-see-IND</td><td>CL6-car</td></tr></table><table class=gloss><tr class=mo><td>ni-me-on-a</td><td>ma-gari</td></tr><tr class=la><td>1SG-PRF-see-IND</td><td>CL6-car</td></tr></table><div class=hinweis>-li- → -me- — only the tense marker changes: -li- against -me-. Stem and final vowel stay the same.</div>	A1 SD1 kontrast tam tam-li tam-me
I seen the cars yesterday. ⁄⁄ I will see the cars tomorrow.	Niliona magari. ⁄⁄ Nitaona magari.<hr><table class=gloss><tr class=mo><td>ni-li-on-a</td><td>ma-gari</td></tr><tr class=la><td>1SG-PST-see-IND</td><td>CL6-car</td></tr></table><table class=gloss><tr class=mo><td>ni-ta-on-a</td><td>ma-gari</td></tr><tr class=la><td>1SG-FUT-see-IND</td><td>CL6-car</td></tr></table><div class=hinweis>-li- → -ta- — only the tense marker changes: -li- against -ta-. Stem and final vowel stay the same.</div>	A1 SD1 kontrast tam tam-li tam-ta
I have already seen the cars. ⁄⁄ I will see the cars tomorrow.	Nimeona magari. ⁄⁄ Nitaona magari.<hr><table class=gloss><tr class=mo><td>ni-me-on-a</td><td>ma-gari</td></tr><tr class=la><td>1SG-PRF-see-IND</td><td>CL6-car</td></tr></table><table class=gloss><tr class=mo><td>ni-ta-on-a</td><td>ma-gari</td></tr><tr class=la><td>1SG-FUT-see-IND</td><td>CL6-car</td></tr></table><div class=hinweis>-me- → -ta- — only the tense marker changes: -me- against -ta-. Stem and final vowel stay the same.</div>	A1 SD1 kontrast tam tam-me tam-ta
I am cooking the food right now. ⁄⁄ I have already cooked the food.	Ninapika chakula. ⁄⁄ Nimepika chakula.<hr><table class=gloss><tr class=mo><td>ni-na-pik-a</td><td>chakula</td></tr><tr class=la><td>1SG-PRS-cook-IND</td><td>CL7.food</td></tr></table><table class=gloss><tr class=mo><td>ni-me-pik-a</td><td>chakula</td></tr><tr class=la><td>1SG-PRF-cook-IND</td><td>CL7.food</td></tr></table><div class=hinweis>-na- → -me- — only the tense marker changes: -na- against -me-. Stem and final vowel stay the same.</div>	A1 SD1 kontrast tam tam-na tam-me
I am cooking the food right now. ⁄⁄ I cooked the food yesterday.	Ninapika chakula. ⁄⁄ Nilipika chakula.<hr><table class=gloss><tr class=mo><td>ni-na-pik-a</td><td>chakula</td></tr><tr class=la><td>1SG-PRS-cook-IND</td><td>CL7.food</td></tr></table><table class=gloss><tr class=mo><td>ni-li-pik-a</td><td>chakula</td></tr><tr class=la><td>1SG-PST-cook-IND</td><td>CL7.food</td></tr></table><div class=hinweis>-na- → -li- — only the tense marker changes: -na- against -li-. Stem and final vowel stay the same.</div>	A1 SD1 kontrast tam tam-na tam-li
I am cooking the food right now. ⁄⁄ I will cook the food tomorrow.	Ninapika chakula. ⁄⁄ Nitapika chakula.<hr><table class=gloss><tr class=mo><td>ni-na-pik-a</td><td>chakula</td></tr><tr class=la><td>1SG-PRS-cook-IND</td><td>CL7.food</td></tr></table><table class=gloss><tr class=mo><td>ni-ta-pik-a</td><td>chakula</td></tr><tr class=la><td>1SG-FUT-cook-IND</td><td>CL7.food</td></tr></table><div class=hinweis>-na- → -ta- — only the tense marker changes: -na- against -ta-. Stem and final vowel stay the same.</div>	A1 SD1 kontrast tam tam-na tam-ta
I cooked the food yesterday. ⁄⁄ I have already cooked the food.	Nilipika chakula. ⁄⁄ Nimepika chakula.<hr><table class=gloss><tr class=mo><td>ni-li-pik-a</td><td>chakula</td></tr><tr class=la><td>1SG-PST-cook-IND</td><td>CL7.food</td></tr></table><table class=gloss><tr class=mo><td>ni-me-pik-a</td><td>chakula</td></tr><tr class=la><td>1SG-PRF-cook-IND</td><td>CL7.food</td></tr></table><div class=hinweis>-li- → -me- — only the tense marker changes: -li- against -me-. Stem and final vowel stay the same.</div>	A1 SD1 kontrast tam tam-li tam-me
I cooked the food yesterday. ⁄⁄ I will cook the food tomorrow.	Nilipika chakula. ⁄⁄ Nitapika chakula.<hr><table class=gloss><tr class=mo><td>ni-li-pik-a</td><td>chakula</td></tr><tr class=la><td>1SG-PST-cook-IND</td><td>CL7.food</td></tr></table><table class=gloss><tr class=mo><td>ni-ta-pik-a</td><td>chakula</td></tr><tr class=la><td>1SG-FUT-cook-IND</td><td>CL7.food</td></tr></table><div class=hinweis>-li- → -ta- — only the tense marker changes: -li- against -ta-. Stem and final vowel stay the same.</div>	A1 SD1 kontrast tam tam-li tam-ta
I have already cooked the food. ⁄⁄ I will cook the food tomorrow.	Nimepika chakula. ⁄⁄ Nitapika chakula.<hr><table class=gloss><tr class=mo><td>ni-me-pik-a</td><td>chakula</td></tr><tr class=la><td>1SG-PRF-cook-IND</td><td>CL7.food</td></tr></table><table class=gloss><tr class=mo><td>ni-ta-pik-a</td><td>chakula</td></tr><tr class=la><td>1SG-FUT-cook-IND</td><td>CL7.food</td></tr></table><div class=hinweis>-me- → -ta- — only the tense marker changes: -me- against -ta-. Stem and final vowel stay the same.</div>	A1 SD1 kontrast tam tam-me tam-ta
I read the book. ⁄⁄ I do not read the book.	Ninasoma kitabu. ⁄⁄ Sisomi kitabu.<hr><table class=gloss><tr class=mo><td>ni-na-som-a</td><td>ki-tabu</td></tr><tr class=la><td>1SG-PRS-read-IND</td><td>CL7-book</td></tr></table><table class=gloss><tr class=mo><td>si-som-i</td><td>ki-tabu</td></tr><tr class=la><td>1SG.NEG-read-NEG</td><td>CL7-book</td></tr></table><div class=klassen>kitabu class 7/8 (ki- › vi-) → vitabu</div><div class=konkordanz>class 7: SUBJ ki- · ADJ ki- · GEN cha · DEM hiki/kile · POSS ch- · REL -cho</div><div class=hinweis>ni-na-…-a → si-…-i — negation swaps the subject prefix, drops the tense marker and changes the final vowel to -i</div>	A1 SD1 kontrast negation p-1SG
You read the book. ⁄⁄ You do not read the book.	Unasoma kitabu. ⁄⁄ Husomi kitabu.<hr><table class=gloss><tr class=mo><td>u-na-som-a</td><td>ki-tabu</td></tr><tr class=la><td>2SG-PRS-read-IND</td><td>CL7-book</td></tr></table><table class=gloss><tr class=mo><td>hu-som-i</td><td>ki-tabu</td></tr><tr class=la><td>2SG.NEG-read-NEG</td><td>CL7-book</td></tr></table><div class=klassen>kitabu class 7/8 (ki- › vi-) → vitabu</div><div class=konkordanz>class 7: SUBJ ki- · ADJ ki- · GEN cha · DEM hiki/kile · POSS ch- · REL -cho</div><div class=hinweis>u-na-…-a → hu-…-i — negation swaps the subject prefix, drops the tense marker and changes the final vowel to -i</div>	A1 SD1 kontrast negation p-2SG
He reads the book. ⁄⁄ He does not read the book.	Anasoma kitabu. ⁄⁄ Hasomi kitabu.<hr><table class=gloss><tr class=mo><td>a-na-som-a</td><td>ki-tabu</td></tr><tr class=la><td>3SG-PRS-read-IND</td><td>CL7-book</td></tr></table><table class=gloss><tr class=mo><td>ha-som-i</td><td>ki-tabu</td></tr><tr class=la><td>3SG.NEG-read-NEG</td><td>CL7-book</td></tr></table><div class=klassen>kitabu class 7/8 (ki- › vi-) → vitabu</div><div class=konkordanz>class 7: SUBJ ki- · ADJ ki- · GEN cha · DEM hiki/kile · POSS ch- · REL -cho</div><div class=hinweis>a-na-…-a → ha-…-i — negation swaps the subject prefix, drops the tense marker and changes the final vowel to -i</div>	A1 SD1 kontrast negation p-3SG
We read the book. ⁄⁄ We do not read the book.	Tunasoma kitabu. ⁄⁄ Hatusomi kitabu.<hr><table class=gloss><tr class=mo><td>tu-na-som-a</td><td>ki-tabu</td></tr><tr class=la><td>1PL-PRS-read-IND</td><td>CL7-book</td></tr></table><table class=gloss><tr class=mo><td>hatu-som-i</td><td>ki-tabu</td></tr><tr class=la><td>1PL.NEG-read-NEG</td><td>CL7-book</td></tr></table><div class=klassen>kitabu class 7/8 (ki- › vi-) → vitabu</div><div class=konkordanz>class 7: SUBJ ki- · ADJ ki- · GEN cha · DEM hiki/kile · POSS ch- · REL -cho</div><div class=hinweis>tu-na-…-a → hatu-…-i — negation swaps the subject prefix, drops the tense marker and changes the final vowel to -i</div>	A1 SD1 kontrast negation p-1PL
You read the book. ⁄⁄ You do not read the book.	Mnasoma kitabu. ⁄⁄ Hamsomi kitabu.<hr><table class=gloss><tr class=mo><td>m-na-som-a</td><td>ki-tabu</td></tr><tr class=la><td>2PL-PRS-read-IND</td><td>CL7-book</td></tr></table><table class=gloss><tr class=mo><td>ham-som-i</td><td>ki-tabu</td></tr><tr class=la><td>2PL.NEG-read-NEG</td><td>CL7-book</td></tr></table><div class=klassen>kitabu class 7/8 (ki- › vi-) → vitabu</div><div class=konkordanz>class 7: SUBJ ki- · ADJ ki- · GEN cha · DEM hiki/kile · POSS ch- · REL -cho</div><div class=hinweis>m-na-…-a → ham-…-i — negation swaps the subject prefix, drops the tense marker and changes the final vowel to -i</div>	A1 SD1 kontrast negation p-2PL
They read the book. ⁄⁄ They do not read the book.	Wanasoma kitabu. ⁄⁄ Hawasomi kitabu.<hr><table class=gloss><tr class=mo><td>wa-na-som-a</td><td>ki-tabu</td></tr><tr class=la><td>3PL-PRS-read-IND</td><td>CL7-book</td></tr></table><table class=gloss><tr class=mo><td>hawa-som-i</td><td>ki-tabu</td></tr><tr class=la><td>3PL.NEG-read-NEG</td><td>CL7-book</td></tr></table><div class=klassen>kitabu class 7/8 (ki- › vi-) → vitabu</div><div class=konkordanz>class 7: SUBJ ki- · ADJ ki- · GEN cha · DEM hiki/kile · POSS ch- · REL -cho</div><div class=hinweis>wa-na-…-a → hawa-…-i — negation swaps the subject prefix, drops the tense marker and changes the final vowel to -i</div>	A1 SD1 kontrast negation p-3PL
I am reading the book. ⁄⁄ I am not reading the book.	Ninasoma kitabu. ⁄⁄ Sisomi kitabu.<hr><table class=gloss><tr class=mo><td>ni-na-som-a</td><td>ki-tabu</td></tr><tr class=la><td>1SG-PRS-read-IND</td><td>CL7-book</td></tr></table><table class=gloss><tr class=mo><td>si-som-i</td><td>ki-tabu</td></tr><tr class=la><td>1SG.NEG-read-NEG</td><td>CL7-book</td></tr></table><div class=klassen>kitabu class 7/8 (ki- › vi-) → vitabu</div><div class=konkordanz>class 7: SUBJ ki- · ADJ ki- · GEN cha · DEM hiki/kile · POSS ch- · REL -cho</div><div class=hinweis>ni-na- → si- — each tense has its own negative form — -ku- for the past, -ja- for the perfect</div>	A1 SD1 kontrast negation tam-na
I read the book. ⁄⁄ I did not read the book.	Nilisoma kitabu. ⁄⁄ Sikusoma kitabu.<hr><table class=gloss><tr class=mo><td>ni-li-som-a</td><td>ki-tabu</td></tr><tr class=la><td>1SG-PST-read-IND</td><td>CL7-book</td></tr></table><table class=gloss><tr class=mo><td>si-ku-som-a</td><td>ki-tabu</td></tr><tr class=la><td>1SG.NEG-PST.NEG-read-IND</td><td>CL7-book</td></tr></table><div class=klassen>kitabu class 7/8 (ki- › vi-) → vitabu</div><div class=konkordanz>class 7: SUBJ ki- · ADJ ki- · GEN cha · DEM hiki/kile · POSS ch- · REL -cho</div><div class=hinweis>ni-li- → si-ku- — each tense has its own negative form — -ku- for the past, -ja- for the perfect</div>	A1 SD1 kontrast negation tam-li
I have read the book. ⁄⁄ I have not read the book yet.	Nimesoma kitabu. ⁄⁄ Sijasoma kitabu.<hr><table class=gloss><tr class=mo><td>ni-me-som-a</td><td>ki-tabu</td></tr><tr class=la><td>1SG-PRF-read-IND</td><td>CL7-book</td></tr></table><table class=gloss><tr class=mo><td>si-ja-som-a</td><td>ki-tabu</td></tr><tr class=la><td>1SG.NEG-PRF.NEG-read-IND</td><td>CL7-book</td></tr></table><div class=klassen>kitabu class 7/8 (ki- › vi-) → vitabu</div><div class=konkordanz>class 7: SUBJ ki- · ADJ ki- · GEN cha · DEM hiki/kile · POSS ch- · REL -cho</div><div class=hinweis>ni-me- → si-ja- — each tense has its own negative form — -ku- for the past, -ja- for the perfect</div>	A1 SD1 kontrast negation tam-me
I will read the book. ⁄⁄ I will not read the book.	Nitasoma kitabu. ⁄⁄ Sitasoma kitabu.<hr><table class=gloss><tr class=mo><td>ni-ta-som-a</td><td>ki-tabu</td></tr><tr class=la><td>1SG-FUT-read-IND</td><td>CL7-book</td></tr></table><table class=gloss><tr class=mo><td>si-ta-som-a</td><td>ki-tabu</td></tr><tr class=la><td>1SG.NEG-FUT-read-IND</td><td>CL7-book</td></tr></table><div class=klassen>kitabu class 7/8 (ki- › vi-) → vitabu</div><div class=konkordanz>class 7: SUBJ ki- · ADJ ki- · GEN cha · DEM hiki/kile · POSS ch- · REL -cho</div><div class=hinweis>ni-ta- → si-ta- — each tense has its own negative form — -ku- for the past, -ja- for the perfect</div>	A1 SD1 kontrast negation tam-ta
I am reading the book right now. ⁄⁄ I have already read many books.	Ninasoma kitabu. ⁄⁄ Nimesoma vitabu vingi.<hr><table class=gloss><tr class=mo><td>ni-na-som-a</td><td>ki-tabu</td></tr><tr class=la><td>1SG-PRS-read-IND</td><td>CL7-book</td></tr></table><table class=gloss><tr class=mo><td>ni-me-som-a</td><td>vi-tabu</td><td>vi-ngi</td></tr><tr class=la><td>1SG-PRF-read-IND</td><td>CL8-book</td><td>CL8-many</td></tr></table><div class=klassen>kitabu class 7/8 (ki- › vi-) → vitabu</div><div class=konkordanz>class 7: SUBJ ki- · ADJ ki- · GEN cha · DEM hiki/kile · POSS ch- · REL -cho · class 8: SUBJ vi- · ADJ vi- · GEN vya · DEM hivi/vile · POSS vy- · REL -vyo</div><div class=hinweis>-na- ki- → -me- vi- — two contrasts at once: tense -na- against -me- and noun class ki- against vi-</div>	A1 SD1 kontrast numerus tam kl7 kl8
