Kuanzia kesho lazima nifanye kazi.	Ab morgen muss ich arbeiten.<hr><table class=gloss><tr class=mo><td>ku-anz-i-a</td><td>kesho</td><td>lazima</td><td>ni-fany-e</td><td>kazi</td></tr><tr class=la><td>KL15-anfangen-APPL-IND</td><td>morgen</td><td>muss</td><td>1SG-tun-KONJ</td><td>KL9.Arbeit</td></tr></table><div class=klassen>kazi Kl. 9/10 (Ø/n-) → kazi — Numerus nur an der Konkordanz</div><div class=konkordanz>Kl.9: SUBJ i- · ADJ Ø/n- · GEN ya · DEM hii/ile · POSS y- · REL -yo</div><div class=hinweis>lazima verlangt den Konjunktiv: nifanye, nicht ninafanya</div>	A1 SD1 A ab
Mara nyingi niko ofisini, lakini kwa saa chache tu.	Ich bin oft im Büro, aber nur für wenige Stunden.<hr><table class=gloss><tr class=mo><td>mara</td><td>ny-ingi</td><td>ni-ko</td><td>ofisi-ni</td><td>lakini</td><td>kwa</td><td>saa</td><td>chache</td><td>tu</td></tr><tr class=la><td>KL9.Mal</td><td>KL10-viele</td><td>1SG-sein.da</td><td>KL9.Büro-LOK</td><td>aber</td><td>für</td><td>KL10.Stunde</td><td>wenige</td><td>nur</td></tr></table><div class=klassen>saa Kl. 9/10 (Ø/n-) → saa — Numerus nur an der Konkordanz [auch &quot;Uhr&quot;]</div><div class=konkordanz>Kl.9: SUBJ i- · ADJ Ø/n- · GEN ya · DEM hii/ile · POSS y- · REL -yo</div><div class=hinweis>Ortsangabe durch Suffix -ni statt Präposition</div>	A1 SD1 A aber
Tunaondoka saa sita.	Wir fahren um zwölf Uhr ab.<hr><table class=gloss><tr class=mo><td>tu-na-ondok-a</td><td>saa</td><td>sita</td></tr><tr class=la><td>1PL-PRÄS-abfahren-IND</td><td>KL9.Stunde</td><td>sechs</td></tr></table><div class=klassen>saa Kl. 9/10 (Ø/n-) → saa — Numerus nur an der Konkordanz [auch &quot;Uhr&quot;]</div><div class=konkordanz>Kl.9: SUBJ i- · ADJ Ø/n- · GEN ya · DEM hii/ile · POSS y- · REL -yo</div><div class=hinweis>Swahili zählt ab Sonnenaufgang: saa sita = 12 Uhr, nicht 6 Uhr</div>	A1 SD1 A abfahren
Kabla ya kuondoka nitapiga simu.	Vor der Abfahrt rufe ich an.<hr><table class=gloss><tr class=mo><td>kabla</td><td>y-a</td><td>ku-ondok-a</td><td>ni-ta-pig-a</td><td>simu</td></tr><tr class=la><td>vor</td><td>KL15-GEN</td><td>KL15-abfahren-IND</td><td>1SG-FUT-schlagen-IND</td><td>KL9.Telefon</td></tr></table><div class=klassen>kuondoka Kl. 15 (ku-), kein Numeruswechsel [Verbalnomen] · simu Kl. 9/10 (Ø/n-) → simu — Numerus nur an der Konkordanz</div><div class=konkordanz>Kl.15: SUBJ ku- · ADJ ku- · GEN kwa · DEM huku/kule · POSS kw- · REL -ko · Kl.9: SUBJ i- · ADJ Ø/n- · GEN ya · DEM hii/ile · POSS y- · REL -yo</div><div class=hinweis>telefonieren = kupiga simu, wörtlich &quot;das Telefon schlagen&quot;</div>	A1 SD1 A Abfahrt
Lazima nirudishe funguo zangu.	Ich muss meine Schlüssel abgeben.<hr><table class=gloss><tr class=mo><td>lazima</td><td>ni-rudish-e</td><td>funguo</td><td>z-angu</td></tr><tr class=la><td>muss</td><td>1SG-zurückgeben-KONJ</td><td>KL10.Schlüssel</td><td>KL10-mein</td></tr></table><div class=klassen>ufunguo Kl. 11/10 (u- › Ø/n-) → funguo</div><div class=konkordanz>Kl.11: SUBJ u- · ADJ m-/mw- · GEN wa · DEM huu/ule · POSS w- · REL -o</div><div class=hinweis>funguo ist Kl.10, Singular ufunguo Kl.11</div>	A1 SD1 A abgeben
Lini ninaweza kuchukua kabati kwako?	Wann kann ich den Schrank bei dir abholen?<hr><table class=gloss><tr class=mo><td>lini</td><td>ni-na-wez-a</td><td>ku-chuku-a</td><td>kabati</td><td>kw-ako</td></tr><tr class=la><td>wann</td><td>1SG-PRÄS-können-IND</td><td>KL15-nehmen-IND</td><td>KL5.Schrank</td><td>KL17-dein</td></tr></table><div class=klassen>kabati Kl. 5/6 (ji-/Ø › ma-) → makabati</div><div class=konkordanz>Kl.5: SUBJ li- · ADJ ji-/Ø · GEN la · DEM hili/lile · POSS l- · REL -lo</div><div class=hinweis>kwako nutzt die Ortsklasse 17: &quot;bei dir&quot;</div>	A1 SD1 A abholen
Bado tunatakiwa kumchukua kaka yangu.	Wir müssen noch meinen Bruder abholen.<hr><table class=gloss><tr class=mo><td>bado</td><td>tu-na-taki-w-a</td><td>ku-m-chuku-a</td><td>kaka</td><td>y-angu</td></tr><tr class=la><td>noch</td><td>1PL-PRÄS-brauchen-PASS-IND</td><td>KL15-OBJ1-nehmen-IND</td><td>KL9/KL1.Bruder</td><td>KL9-mein</td></tr></table><div class=klassen>kaka Kl. 9/10 (Ø/n-) → kaka — Numerus nur an der Konkordanz [Person: Form Kl. 9/10, Kongruenz Kl. 1/2]</div><div class=konkordanz>Kl.1: SUBJ a- · ADJ m-/mw- · GEN wa · DEM huyu/yule · POSS w- · REL -ye</div><div class=hinweis>kaka: Possessiv yangu nach Kl.9, Objektpräfix -m- aber nach Kl.1</div>	A1 SD1 A abholen
Kuna barua kwa ajili yako bila mtumaji.	Da ist ein Brief für dich ohne Absender.<hr><table class=gloss><tr class=mo><td>ku-na</td><td>barua</td><td>kwa</td><td>ajili</td><td>y-ako</td><td>bila</td><td>m-tumaji</td></tr><tr class=la><td>KL17-mit</td><td>KL9.Brief</td><td>für</td><td>KL9.Zweck</td><td>KL9-dein</td><td>ohne</td><td>KL1-Absender</td></tr></table><div class=klassen>barua Kl. 9/10 (Ø/n-) → barua — Numerus nur an der Konkordanz [Numerus nur an der Konkordanz] · mtumaji Kl. 1/2 (m-/mw- › wa-) → watumaji</div><div class=konkordanz>Kl.9: SUBJ i- · ADJ Ø/n- · GEN ya · DEM hii/ile · POSS y- · REL -yo · Kl.1: SUBJ a- · ADJ m-/mw- · GEN wa · DEM huyu/yule · POSS w- · REL -ye</div><div class=hinweis>kuna &quot;es gibt&quot; ist die Ortsklasse 17 plus -na</div>	A1 SD1 A Absender
Tahadhari! Hamruhusiwi kufanya hivyo.	Achtung! Das dürfen Sie nicht tun.<hr><table class=gloss><tr class=mo><td>tahadhari</td><td>ham-ruhus-iw-i</td><td>ku-fany-a</td><td>hivyo</td></tr><tr class=la><td>KL9.Achtung</td><td>2PL.NEG-erlauben-PASS-NEG</td><td>KL15-tun-IND</td><td>so</td></tr></table><div class=konkordanz>Kl.9: SUBJ i- · ADJ Ø/n- · GEN ya · DEM hii/ile · POSS y- · REL -yo · Kl.15: SUBJ ku- · ADJ ku- · GEN kwa · DEM huku/kule · POSS kw- · REL -ko</div><div class=hinweis>Höfliches Sie wird 2PL; Negation ham- plus Endvokal -i</div>	A1 SD1 A Achtung
Mnaweza kuniambia anwani yake?	Können Sie mir seine Adresse sagen?<hr><table class=gloss><tr class=mo><td>m-na-wez-a</td><td>ku-ni-ambi-a</td><td>anwani</td><td>y-ake</td></tr><tr class=la><td>2PL-PRÄS-können-IND</td><td>KL15-OBJ1SG-sagen-IND</td><td>KL9.Adresse</td><td>KL9-sein</td></tr></table><div class=klassen>anwani Kl. 9/10 (Ø/n-) → anwani — Numerus nur an der Konkordanz</div><div class=konkordanz>Kl.9: SUBJ i- · ADJ Ø/n- · GEN ya · DEM hii/ile · POSS y- · REL -yo</div><div class=hinweis>Objektpräfix -ni- steht zwischen ku- und Wurzel</div>	A1 SD1 A Adresse
Kila la heri!	Alles Gute!<hr><table class=gloss><tr class=mo><td>kila</td><td>l-a</td><td>heri</td></tr><tr class=la><td>jede</td><td>KL5-GEN</td><td>KL9.Segen</td></tr></table><div class=konkordanz>Kl.5: SUBJ li- · ADJ ji-/Ø · GEN la · DEM hili/lile · POSS l- · REL -lo · Kl.9: SUBJ i- · ADJ Ø/n- · GEN ya · DEM hii/ile · POSS y- · REL -yo</div><div class=hinweis>Feste Formel, Genitiv la nach Kl.5</div>	A1 SD1 A all
Ni hayo tu.	Das ist alles.<hr><table class=gloss><tr class=mo><td>ni</td><td>hayo</td><td>tu</td></tr><tr class=la><td>KOP</td><td>KL6.DEM</td><td>nur</td></tr></table><div class=konkordanz>Kl.6: SUBJ ya- · ADJ ma- · GEN ya · DEM haya/yale · POSS y- · REL -yo</div><div class=hinweis>hayo verweist auf Ungenanntes, Kl.6</div>	A1 SD1 A all
Wote wapo?	Sind alle da?<hr><table class=gloss><tr class=mo><td>w-ote</td><td>wa-po</td></tr><tr class=la><td>KL2-alle</td><td>KL2-sein.da</td></tr></table><div class=konkordanz>Kl.2: SUBJ wa- · ADJ wa- · GEN wa · DEM hawa/wale · POSS w- · REL -o</div><div class=hinweis>-po markiert Anwesenheit an einem Ort</div>	A1 SD1 A all
Rafiki wote wanakuja.	Alle Freunde kommen.<hr><table class=gloss><tr class=mo><td>rafiki</td><td>w-ote</td><td>wa-na-kuj-a</td></tr><tr class=la><td>KL10/KL2.Freund</td><td>KL2-alle</td><td>KL2-PRÄS-kommen-IND</td></tr></table><div class=klassen>rafiki Kl. 9/10 (Ø/n-) → rafiki — Numerus nur an der Konkordanz [Musterfall: &quot;rafiki yangu&quot; Kl. 9, aber &quot;rafiki anakuja&quot; Kl. 1]</div><div class=konkordanz>Kl.1: SUBJ a- · ADJ m-/mw- · GEN wa · DEM huyu/yule · POSS w- · REL -ye</div><div class=hinweis>rafiki ist formal Kl.10, kongruiert als Person aber Kl.2</div>	A1 SD1 A all
Una kila kitu?	Hast du alles?<hr><table class=gloss><tr class=mo><td>u-na</td><td>kila</td><td>ki-tu</td></tr><tr class=la><td>2SG-haben</td><td>jede</td><td>KL7-Ding</td></tr></table><div class=konkordanz>Kl.7: SUBJ ki- · ADJ ki- · GEN cha · DEM hiki/kile · POSS ch- · REL -cho</div><div class=hinweis>kitu &quot;Ding&quot; ist das Musterwort der Kl.7</div>	A1 SD1 A all
Anakuja peke yake.	Er kommt allein.<hr><table class=gloss><tr class=mo><td>a-na-kuj-a</td><td>peke</td><td>y-ake</td></tr><tr class=la><td>3SG-PRÄS-kommen-IND</td><td>KL9.Alleinsein</td><td>KL9-sein</td></tr></table><div class=konkordanz>Kl.9: SUBJ i- · ADJ Ø/n- · GEN ya · DEM hii/ile · POSS y- · REL -yo</div><div class=hinweis>allein = peke plus Possessiv, beugt sich nach Person</div>	A1 SD1 A allein
Basi, hali ni hii: ...	Also, es ist so: ...<hr><table class=gloss><tr class=mo><td>basi</td><td>hali</td><td>ni</td><td>hii</td></tr><tr class=la><td>also</td><td>KL9.Lage</td><td>KOP</td><td>KL9.DEM</td></tr></table><div class=klassen>basi Kl. 5/6 (ji-/Ø › ma-) → mabasi · hali ya hewa Kl. 9 (Ø/n-), kein Numeruswechsel [Genitivfuegung, kein Plural]</div><div class=konkordanz>Kl.5: SUBJ li- · ADJ ji-/Ø · GEN la · DEM hili/lile · POSS l- · REL -lo · Kl.9: SUBJ i- · ADJ Ø/n- · GEN ya · DEM hii/ile · POSS y- · REL -yo</div><div class=hinweis>ni ist die unveränderliche Kopula</div>	A1 SD1 A also
Ana wakati, basi lazima atusaidie.	Er hat Zeit, also muss er uns helfen.<hr><table class=gloss><tr class=mo><td>a-na</td><td>wakati</td><td>basi</td><td>lazima</td><td>a-tu-saidi-e</td></tr><tr class=la><td>3SG-haben</td><td>KL11.Zeit</td><td>also</td><td>muss</td><td>3SG-OBJ1PL-helfen-KONJ</td></tr></table><div class=klassen>wakati Kl. 11/10 (u- › Ø/n-) → nyakati · basi Kl. 5/6 (ji-/Ø › ma-) → mabasi</div><div class=konkordanz>Kl.11: SUBJ u- · ADJ m-/mw- · GEN wa · DEM huu/ule · POSS w- · REL -o · Kl.5: SUBJ li- · ADJ ji-/Ø · GEN la · DEM hili/lile · POSS l- · REL -lo</div><div class=hinweis>haben wird mit -na ausgedrückt, nicht mit einem Verb</div>	A1 SD1 A also
Mna miaka mingapi?	Wie alt sind Sie?<hr><table class=gloss><tr class=mo><td>m-na</td><td>mi-aka</td><td>mi-ngapi</td></tr><tr class=la><td>2PL-haben</td><td>KL4-Jahr</td><td>KL4-wieviel</td></tr></table><div class=klassen>mwaka wa kuzaliwa Kl. 3/4 (m-/mw- › mi-) → miaka ya kuzaliwa [Genitiv kongruiert mit dem Kopfnomen]</div><div class=konkordanz>Kl.3: SUBJ u- · ADJ m-/mw- · GEN wa · DEM huu/ule · POSS w- · REL -o</div><div class=hinweis>Alter wörtlich &quot;wieviele Jahre habt ihr&quot;</div>	A1 SD1 A alt
Lakini hamonekani wazee.	Sie sehen aber nicht so alt aus.<hr><table class=gloss><tr class=mo><td>lakini</td><td>ham-onekan-i</td><td>wa-zee</td></tr><tr class=la><td>aber</td><td>2PL.NEG-aussehen-NEG</td><td>KL2-alt</td></tr></table><div class=konkordanz>Kl.2: SUBJ wa- · ADJ wa- · GEN wa · DEM hawa/wale · POSS w- · REL -o</div><div class=hinweis>Negation im Präsens wechselt den Endvokal auf -i</div>	A1 SD1 A alt
Gari langu ni kuukuu sana.	Mein Auto ist schon sehr alt.<hr><table class=gloss><tr class=mo><td>gari</td><td>l-angu</td><td>ni</td><td>kuukuu</td><td>sana</td></tr><tr class=la><td>KL5.Auto</td><td>KL5-mein</td><td>KOP</td><td>alt</td><td>sehr</td></tr></table><div class=klassen>gari Kl. 5/6 (ji-/Ø › ma-) → magari</div><div class=konkordanz>Kl.5: SUBJ li- · ADJ ji-/Ø · GEN la · DEM hili/lile · POSS l- · REL -lo</div><div class=hinweis>kuukuu nur für Sachen; alte Menschen sind mzee</div>	A1 SD1 A alt
Tunakaa katika nyumba kuukuu sana.	Wir wohnen in einem sehr alten Haus.<hr><table class=gloss><tr class=mo><td>tu-na-ka-a</td><td>katika</td><td>nyumba</td><td>kuukuu</td><td>sana</td></tr><tr class=la><td>1PL-PRÄS-wohnen-IND</td><td>in</td><td>KL9.Haus</td><td>alt</td><td>sehr</td></tr></table><div class=klassen>nyumba Kl. 9/10 (Ø/n-) → nyumba — Numerus nur an der Konkordanz</div><div class=konkordanz>Kl.9: SUBJ i- · ADJ Ø/n- · GEN ya · DEM hii/ile · POSS y- · REL -yo</div><div class=hinweis>kuukuu bleibt unverändert, kongruiert nicht</div>	A1 SD1 A alt
Köln ni mji wa kale.	Köln ist eine alte Stadt.<hr><table class=gloss><tr class=mo><td>Köln</td><td>ni</td><td>m-ji</td><td>w-a</td><td>kale</td></tr><tr class=la><td>Köln</td><td>KOP</td><td>KL3-Stadt</td><td>KL3-GEN</td><td>Altertum</td></tr></table><div class=klassen>mji Kl. 3/4 (m-/mw- › mi-) → miji</div><div class=konkordanz>Kl.3: SUBJ u- · ADJ m-/mw- · GEN wa · DEM huu/ule · POSS w- · REL -o</div><div class=hinweis>Genitiv wa nach Kl.3</div>	A1 SD1 A alt
Umri: miaka ishirini na sita.	Alter: 26 Jahre.<hr><table class=gloss><tr class=mo><td>umri</td><td>mi-aka</td><td>ishirini</td><td>na</td><td>sita</td></tr><tr class=la><td>KL14.Alter</td><td>KL4-Jahr</td><td>zwanzig</td><td>und</td><td>sechs</td></tr></table><div class=klassen>umri Kl. 14 (u-), kein Numeruswechsel · mwaka wa kuzaliwa Kl. 3/4 (m-/mw- › mi-) → miaka ya kuzaliwa [Genitiv kongruiert mit dem Kopfnomen]</div><div class=konkordanz>Kl.14: SUBJ u- · ADJ m-/mw- · GEN wa · DEM huu/ule · POSS w- · REL -o · Kl.3: SUBJ u- · ADJ m-/mw- · GEN wa · DEM huu/ule · POSS w- · REL -o</div><div class=hinweis>Zahlen über zwanzig werden mit na verbunden</div>	A1 SD1 A Alter
Geukeni kulia katika barabara inayofuata.	Fahren Sie an der nächsten Straße nach rechts.<hr><table class=gloss><tr class=mo><td>geuk-eni</td><td>ku-lia</td><td>katika</td><td>barabara</td><td>i-na-yo-fuat-a</td></tr><tr class=la><td>wenden-IMP.PL</td><td>KL17-rechts</td><td>in</td><td>KL9.Straße</td><td>KL9-PRÄS-REL9-folgen-IND</td></tr></table><div class=klassen>barabara Kl. 9/10 (Ø/n-) → barabara — Numerus nur an der Konkordanz</div><div class=konkordanz>Kl.9: SUBJ i- · ADJ Ø/n- · GEN ya · DEM hii/ile · POSS y- · REL -yo</div><div class=hinweis>Relativinfix -yo- kongruiert mit barabara Kl.9</div>	A1 SD1 A an
Tunakutana stesheni.	Wir treffen uns am Bahnhof.<hr><table class=gloss><tr class=mo><td>tu-na-kut-an-a</td><td>stesheni</td></tr><tr class=la><td>1PL-PRÄS-treffen-REZ-IND</td><td>KL9.Bahnhof</td></tr></table><div class=klassen>stesheni Kl. 9/10 (Ø/n-) → stesheni — Numerus nur an der Konkordanz [Lehnwort]</div><div class=konkordanz>Kl.9: SUBJ i- · ADJ Ø/n- · GEN ya · DEM hii/ile · POSS y- · REL -yo</div><div class=hinweis>sich treffen ist reziprok: -an- im Verb</div>	A1 SD1 A an
Jumatatu ijayo haiwezekani, samahani.	Am nächsten Montag geht es leider nicht.<hr><table class=gloss><tr class=mo><td>Jumatatu</td><td>i-ja-yo</td><td>hai-wezekan-i</td><td>samahani</td></tr><tr class=la><td>KL9.Montag</td><td>KL9-kommen-REL9</td><td>KL9.NEG-möglich.sein-NEG</td><td>KL9.Entschuldigung</td></tr></table><div class=konkordanz>Kl.9: SUBJ i- · ADJ Ø/n- · GEN ya · DEM hii/ile · POSS y- · REL -yo</div><div class=hinweis>Jumatatu heißt wörtlich &quot;zweiter Tag&quot;</div>	A1 SD1 A an
Nikupe nini?	Was darf ich dir anbieten?<hr><table class=gloss><tr class=mo><td>ni-ku-p-e</td><td>nini</td></tr><tr class=la><td>1SG-OBJ2SG-geben-KONJ</td><td>was</td></tr></table><div class=hinweis>Konjunktiv ohne lazima drückt ein Angebot aus</div>	A1 SD1 A anbieten
Leo viatu vya michezo vipo kwenye ofa.	Heute sind Sportschuhe im Angebot.<hr><table class=gloss><tr class=mo><td>leo</td><td>vi-atu</td><td>vy-a</td><td>mi-chezo</td><td>vi-po</td><td>kwenye</td><td>ofa</td></tr><tr class=la><td>heute</td><td>KL8-Schuh</td><td>KL8-GEN</td><td>KL4-Sport</td><td>KL8-sein.da</td><td>an</td><td>KL9.Angebot</td></tr></table><div class=klassen>kiatu Kl. 7/8 (ki- › vi-) → viatu · mchezo Kl. 3/4 (m-/mw- › mi-) → michezo · ofa Kl. 9/10 (Ø/n-) → ofa — Numerus nur an der Konkordanz [Lehnwort]</div><div class=konkordanz>Kl.7: SUBJ ki- · ADJ ki- · GEN cha · DEM hiki/kile · POSS ch- · REL -cho · Kl.3: SUBJ u- · ADJ m-/mw- · GEN wa · DEM huu/ule · POSS w- · REL -o</div><div class=hinweis>Genitiv vya und Subjekt vi- kongruieren beide mit Kl.8</div>	A1 SD1 A Angebot
Unataka koti hili?	WiIlst du diese Jacke?<hr><table class=gloss><tr class=mo><td>u-na-tak-a</td><td>koti</td><td>hili</td></tr><tr class=la><td>2SG-PRÄS-wollen-IND</td><td>KL5.Jacke</td><td>KL5.DEM</td></tr></table><div class=klassen>koti Kl. 5/6 (ji-/Ø › ma-) → makoti</div><div class=konkordanz>Kl.5: SUBJ li- · ADJ ji-/Ø · GEN la · DEM hili/lile · POSS l- · REL -lo</div><div class=hinweis>Demonstrativ hili für Kl.5</div>	A1 SD1 A ander
Hapana, ninataka lile lingine.	– Nein, ich möchte die andere.<hr><table class=gloss><tr class=mo><td>hapana</td><td>ni-na-tak-a</td><td>lile</td><td>li-ngine</td></tr><tr class=la><td>nein</td><td>1SG-PRÄS-wollen-IND</td><td>KL5.DEM.fern</td><td>KL5-andere</td></tr></table><div class=konkordanz>Kl.5: SUBJ li- · ADJ ji-/Ø · GEN la · DEM hili/lile · POSS l- · REL -lo</div><div class=hinweis>lile ist das ferne Demonstrativ der Kl.5</div>	A1 SD1 A ander
Barabara ya stesheni inaanza hapa.	Hier fängt die Bahnhofstraße an.<hr><table class=gloss><tr class=mo><td>barabara</td><td>y-a</td><td>stesheni</td><td>i-na-anz-a</td><td>hapa</td></tr><tr class=la><td>KL9.Straße</td><td>KL9-GEN</td><td>KL9.Bahnhof</td><td>KL9-PRÄS-anfangen-IND</td><td>hier</td></tr></table><div class=klassen>barabara Kl. 9/10 (Ø/n-) → barabara — Numerus nur an der Konkordanz · stesheni Kl. 9/10 (Ø/n-) → stesheni — Numerus nur an der Konkordanz [Lehnwort]</div><div class=konkordanz>Kl.9: SUBJ i- · ADJ Ø/n- · GEN ya · DEM hii/ile · POSS y- · REL -yo</div><div class=hinweis>Subjektpräfix i- für Kl.9</div>	A1 SD1 A anfangen
Masomo yanaanza hivi punde.	Der Unterricht fängt gleich an.<hr><table class=gloss><tr class=mo><td>ma-somo</td><td>ya-na-anz-a</td><td>hivi</td><td>punde</td></tr><tr class=la><td>KL6-Unterricht</td><td>KL6-PRÄS-anfangen-IND</td><td>gleich</td><td>sofort</td></tr></table><div class=klassen>masomo Kl. 6 (ma-), kein Numeruswechsel [nur Plural]</div><div class=konkordanz>Kl.6: SUBJ ya- · ADJ ma- · GEN ya · DEM haya/yale · POSS y- · REL -yo</div><div class=hinweis>masomo ist Kl.6, Subjektpräfix ya-</div>	A1 SD1 A anfangen
Anakaa mwanzoni mwa barabara.	Sie wohnt am Anfang der Straße.<hr><table class=gloss><tr class=mo><td>a-na-ka-a</td><td>mwanzo-ni</td><td>mw-a</td><td>barabara</td></tr><tr class=la><td>3SG-PRÄS-wohnen-IND</td><td>KL3.Anfang-LOK</td><td>KL18-GEN</td><td>KL9.Straße</td></tr></table><div class=klassen>barabara Kl. 9/10 (Ø/n-) → barabara — Numerus nur an der Konkordanz</div><div class=konkordanz>Kl.9: SUBJ i- · ADJ Ø/n- · GEN ya · DEM hii/ile · POSS y- · REL -yo</div><div class=hinweis>nach -ni steht der Genitiv der Ortsklasse 18: mwa</div>	A1 SD1 A Anfang
Tutakuwa na likizo mwanzoni mwa Julai.	Wir machen Anfang Juli Urlaub.<hr><table class=gloss><tr class=mo><td>tu-ta-kuw-a</td><td>na</td><td>likizo</td><td>mwanzo-ni</td><td>mw-a</td><td>Julai</td></tr><tr class=la><td>1PL-FUT-sein-IND</td><td>mit</td><td>KL9.Urlaub</td><td>KL3.Anfang-LOK</td><td>KL18-GEN</td><td>Juli</td></tr></table><div class=klassen>likizo Kl. 9/10 (Ø/n-) → likizo — Numerus nur an der Konkordanz</div><div class=konkordanz>Kl.9: SUBJ i- · ADJ Ø/n- · GEN ya · DEM hii/ile · POSS y- · REL -yo</div><div class=hinweis>Futur von &quot;haben&quot; ist kuwa na</div>	A1 SD1 A Anfang
Hapo lazima ubofye neno hili.	Da musst du dieses Wort anklicken.<hr><table class=gloss><tr class=mo><td>hapo</td><td>lazima</td><td>u-bofy-e</td><td>neno</td><td>hili</td></tr><tr class=la><td>dort</td><td>muss</td><td>2SG-klicken-KONJ</td><td>KL5.Wort</td><td>KL5.DEM</td></tr></table><div class=klassen>neno Kl. 5/6 (ji-/Ø › ma-) → maneno</div><div class=konkordanz>Kl.5: SUBJ li- · ADJ ji-/Ø · GEN la · DEM hili/lile · POSS l- · REL -lo</div><div class=hinweis>neno Kl.5, Plural maneno Kl.6</div>	A1 SD1 A anklicken
Treni hii inafika Hamburg saa ngapi?	Wann kommt dieser Zug in Hamburg an?<hr><table class=gloss><tr class=mo><td>treni</td><td>hii</td><td>i-na-fik-a</td><td>Hamburg</td><td>saa</td><td>ngapi</td></tr><tr class=la><td>KL9.Zug</td><td>KL9.DEM</td><td>KL9-PRÄS-ankommen-IND</td><td>Hamburg</td><td>KL9.Stunde</td><td>wieviel</td></tr></table><div class=klassen>treni Kl. 9/10 (Ø/n-) → treni — Numerus nur an der Konkordanz [Lehnwort] · saa Kl. 9/10 (Ø/n-) → saa — Numerus nur an der Konkordanz [auch &quot;Uhr&quot;]</div><div class=konkordanz>Kl.9: SUBJ i- · ADJ Ø/n- · GEN ya · DEM hii/ile · POSS y- · REL -yo</div><div class=hinweis>Uhrzeitfrage wörtlich &quot;welche Stunde&quot;</div>	A1 SD1 A ankommen
Mpango huu unaonyesha saa ya kuwasili ya treni tu.	Auf diesem Plan steht nur die Ankunft(-szeit) der Züge.<hr><table class=gloss><tr class=mo><td>m-pango</td><td>huu</td><td>u-na-onyesh-a</td><td>saa</td><td>y-a</td><td>ku-wasili</td><td>y-a</td><td>treni</td><td>tu</td></tr><tr class=la><td>KL3-Plan</td><td>KL3.DEM</td><td>KL3-PRÄS-zeigen-IND</td><td>KL9.Stunde</td><td>KL9-GEN</td><td>KL15-ankommen</td><td>KL9-GEN</td><td>KL9.Zug</td><td>nur</td></tr></table><div class=klassen>mpango Kl. 3/4 (m-/mw- › mi-) → mipango · saa Kl. 9/10 (Ø/n-) → saa — Numerus nur an der Konkordanz [auch &quot;Uhr&quot;] · kuwasili Kl. 15 (ku-), kein Numeruswechsel [Verbalnomen] · treni Kl. 9/10 (Ø/n-) → treni — Numerus nur an der Konkordanz [Lehnwort]</div><div class=konkordanz>Kl.3: SUBJ u- · ADJ m-/mw- · GEN wa · DEM huu/ule · POSS w- · REL -o · Kl.9: SUBJ i- · ADJ Ø/n- · GEN ya · DEM hii/ile · POSS y- · REL -yo</div><div class=hinweis>kuwasili ist arabisches Lehnverb und endet nicht auf -a</div>	A1 SD1 A Ankunft
Katika fomu lazima mtie alama mahali kadhaa.	Auf dem Formular müssen Sie an mehreren Stellen etwas ankreuzen.<hr><table class=gloss><tr class=mo><td>katika</td><td>fomu</td><td>lazima</td><td>m-ti-e</td><td>alama</td><td>mahali</td><td>kadhaa</td></tr><tr class=la><td>in</td><td>KL9.Formular</td><td>muss</td><td>2PL-setzen-KONJ</td><td>KL9.Zeichen</td><td>KL16.Ort</td><td>mehrere</td></tr></table><div class=klassen>fomu Kl. 9/10 (Ø/n-) → fomu — Numerus nur an der Konkordanz [Lehnwort] · alama Kl. 9/10 (Ø/n-) → alama — Numerus nur an der Konkordanz · mahali Kl. 16 (pa-), kein Numeruswechsel [Ortsklasse]</div><div class=konkordanz>Kl.9: SUBJ i- · ADJ Ø/n- · GEN ya · DEM hii/ile · POSS y- · REL -yo · Kl.16: SUBJ pa- · ADJ pa- · GEN pa · DEM hapa/pale · POSS p- · REL -po</div><div class=hinweis>ankreuzen = kutia alama, &quot;ein Zeichen setzen&quot;</div>	A1 SD1 A ankreuzen
Tafadhali washa taa!	Mach bitte das Licht an!<hr><table class=gloss><tr class=mo><td>tafadhali</td><td>wash-a</td><td>taa</td></tr><tr class=la><td>bitte</td><td>anmachen-IMP</td><td>KL9.Lampe</td></tr></table><div class=konkordanz>Kl.9: SUBJ i- · ADJ Ø/n- · GEN ya · DEM hii/ile · POSS y- · REL -yo</div><div class=hinweis>Imperativ Singular ist der nackte Verbstamm</div>	A1 SD1 A anmachen
Ninaweza kujiandikisha wapi?	Wo kann ich mich anmelden?<hr><table class=gloss><tr class=mo><td>ni-na-wez-a</td><td>ku-ji-andikish-a</td><td>wapi</td></tr><tr class=la><td>1SG-PRÄS-können-IND</td><td>KL15-REFL-einschreiben-IND</td><td>wo</td></tr></table><div class=konkordanz>Kl.15: SUBJ ku- · ADJ ku- · GEN kwa · DEM huku/kule · POSS kw- · REL -ko</div><div class=hinweis>Reflexiv ist das Infix -ji- an der Objektstelle</div>	A1 SD1 A anmelden
Usajili wa kozi hii hauwezekani tena.	Eine Anmeldung für diesen Kurs ist nicht mehr möglich.<hr><table class=gloss><tr class=mo><td>u-sajili</td><td>w-a</td><td>kozi</td><td>hii</td><td>hau-wezekan-i</td><td>tena</td></tr><tr class=la><td>KL14-Anmeldung</td><td>KL14-GEN</td><td>KL9.Kurs</td><td>KL9.DEM</td><td>KL14.NEG-möglich.sein-NEG</td><td>mehr</td></tr></table><div class=klassen>usajili Kl. 14 (u-), kein Numeruswechsel [Abstraktum] · kozi Kl. 9/10 (Ø/n-) → kozi — Numerus nur an der Konkordanz [Lehnwort]</div><div class=konkordanz>Kl.14: SUBJ u- · ADJ m-/mw- · GEN wa · DEM huu/ule · POSS w- · REL -o · Kl.9: SUBJ i- · ADJ Ø/n- · GEN ya · DEM hii/ile · POSS y- · REL -yo</div><div class=hinweis>Negatives Subjektpräfix der Kl.14 lautet hau-</div>	A1 SD1 A Anmeldung
Andikeni pia salamu ya mwanzo na salamu ya mwisho.	Schreiben Sie auch eine Anrede und einen Gruß.<hr><table class=gloss><tr class=mo><td>andik-eni</td><td>pia</td><td>salamu</td><td>y-a</td><td>mwanzo</td><td>na</td><td>salamu</td><td>y-a</td><td>mwisho</td></tr><tr class=la><td>schreiben-IMP.PL</td><td>auch</td><td>KL9.Anrede</td><td>KL9-GEN</td><td>KL3.Anfang</td><td>und</td><td>KL9.Gruß</td><td>KL9-GEN</td><td>KL3.Ende</td></tr></table><div class=klassen>salamu Kl. 9/10 (Ø/n-) → salamu — Numerus nur an der Konkordanz · mwanzo Kl. 3/4 (m-/mw- › mi-) → mianzo · mwisho Kl. 3/4 (m-/mw- › mi-) → miisho</div><div class=konkordanz>Kl.9: SUBJ i- · ADJ Ø/n- · GEN ya · DEM hii/ile · POSS y- · REL -yo · Kl.3: SUBJ u- · ADJ m-/mw- · GEN wa · DEM huu/ule · POSS w- · REL -o</div><div class=hinweis>Imperativ Plural endet auf -eni</div>	A1 SD1 A Anrede
Inawezekana kuwapigia simu?	Kann man Sie anrufen?<hr><table class=gloss><tr class=mo><td>i-na-wezekan-a</td><td>ku-wa-pig-i-a</td><td>simu</td></tr><tr class=la><td>KL9-PRÄS-möglich.sein-IND</td><td>KL15-OBJ2PL-schlagen-APPL-IND</td><td>KL9.Telefon</td></tr></table><div class=klassen>simu Kl. 9/10 (Ø/n-) → simu — Numerus nur an der Konkordanz</div><div class=konkordanz>Kl.9: SUBJ i- · ADJ Ø/n- · GEN ya · DEM hii/ile · POSS y- · REL -yo</div><div class=hinweis>Applikativ -i- macht aus &quot;schlagen&quot; &quot;für jemanden anrufen&quot;</div>	A1 SD1 A anrufen
Peter anampigia simu rafiki yake kwa muda mfupi.	Peter ruft kurz seine Freundin an.<hr><table class=gloss><tr class=mo><td>Peter</td><td>a-na-m-pig-i-a</td><td>simu</td><td>rafiki</td><td>y-ake</td><td>kwa</td><td>muda</td><td>m-fupi</td></tr><tr class=la><td>Peter</td><td>3SG-PRÄS-OBJ1-schlagen-APPL-IND</td><td>KL9.Telefon</td><td>KL9/KL1.Freundin</td><td>KL9-sein</td><td>für</td><td>KL3.Zeit</td><td>KL3-kurz</td></tr></table><div class=klassen>simu Kl. 9/10 (Ø/n-) → simu — Numerus nur an der Konkordanz · rafiki Kl. 9/10 (Ø/n-) → rafiki — Numerus nur an der Konkordanz [Musterfall: &quot;rafiki yangu&quot; Kl. 9, aber &quot;rafiki anakuja&quot; Kl. 1] · muda Kl. 3/10 (m-/mw- › Ø/n-) → nyakati [Plural unregelmaessig]</div><div class=konkordanz>Kl.9: SUBJ i- · ADJ Ø/n- · GEN ya · DEM hii/ile · POSS y- · REL -yo · Kl.1: SUBJ a- · ADJ m-/mw- · GEN wa · DEM huyu/yule · POSS w- · REL -ye</div><div class=hinweis>Objektpräfix -m- Kl.1, Possessiv yake aber Kl.9</div>	A1 SD1 A anrufen
Anapokea simu nyingi kwenye simu yake ya mkononi.	Sie bekommt viele Anrufe auf ihrem Handy.<hr><table class=gloss><tr class=mo><td>a-na-poke-a</td><td>simu</td><td>ny-ingi</td><td>kwenye</td><td>simu</td><td>y-ake</td><td>y-a</td><td>m-kono-ni</td></tr><tr class=la><td>3SG-PRÄS-empfangen-IND</td><td>KL10.Anruf</td><td>KL10-viele</td><td>an</td><td>KL9.Telefon</td><td>KL9-ihr</td><td>KL9-GEN</td><td>KL3-Hand-LOK</td></tr></table><div class=klassen>simu Kl. 9/10 (Ø/n-) → simu — Numerus nur an der Konkordanz</div><div class=konkordanz>Kl.9: SUBJ i- · ADJ Ø/n- · GEN ya · DEM hii/ile · POSS y- · REL -yo</div><div class=hinweis>simu heißt Telefon und Anruf zugleich</div>	A1 SD1 A Anruf
Kwa sasa hatupo. Tafadhali acheni ujumbe kwenye mashine ya kujibu simu.	Wir sind im Moment nicht da. Sprechen Sie bitte auf den Anrufbeantworter.<hr><table class=gloss><tr class=mo><td>kwa</td><td>sasa</td><td>hatu-po</td><td>tafadhali</td><td>ach-eni</td><td>u-jumbe</td><td>kwenye</td><td>mashine</td><td>y-a</td><td>ku-jibu</td><td>simu</td></tr><tr class=la><td>für</td><td>jetzt</td><td>1PL.NEG-sein.da</td><td>bitte</td><td>lassen-IMP.PL</td><td>KL11-Nachricht</td><td>an</td><td>KL9.Maschine</td><td>KL9-GEN</td><td>KL15-antworten</td><td>KL9.Telefon</td></tr></table><div class=klassen>mashine Kl. 9/10 (Ø/n-) → mashine — Numerus nur an der Konkordanz · simu Kl. 9/10 (Ø/n-) → simu — Numerus nur an der Konkordanz</div><div class=konkordanz>Kl.9: SUBJ i- · ADJ Ø/n- · GEN ya · DEM hii/ile · POSS y- · REL -yo</div><div class=hinweis>hatupo verneint die Anwesenheit; Gegenstück zu tupo</div>	A1 SD1 A Anrufbeantworter
Sikilizeni matangazo.	Hören Sie die Ansagen.<hr><table class=gloss><tr class=mo><td>sikiliz-eni</td><td>ma-tangazo</td></tr><tr class=la><td>zuhören-IMP.PL</td><td>KL6-Ansage</td></tr></table><div class=klassen>tangazo Kl. 5/6 (ji-/Ø › ma-) → matangazo</div><div class=konkordanz>Kl.5: SUBJ li- · ADJ ji-/Ø · GEN la · DEM hili/lile · POSS l- · REL -lo</div><div class=hinweis>Imperativ Plural -eni für höfliche Anrede</div>	A1 SD1 A Ansage
Mannheim mnapata muunganisho kwenda Saarbrücken.	In Mannheim haben Sie Anschluss nach Saarbrücken.<hr><table class=gloss><tr class=mo><td>Mannheim</td><td>m-na-pat-a</td><td>mu-unganisho</td><td>kw-end-a</td><td>Saarbrücken</td></tr><tr class=la><td>Mannheim</td><td>2PL-PRÄS-bekommen-IND</td><td>KL3-Anschluss</td><td>KL15-gehen-IND</td><td>Saarbrücken</td></tr></table><div class=klassen>muunganisho Kl. 3/4 (m-/mw- › mi-) → miunganisho</div><div class=konkordanz>Kl.3: SUBJ u- · ADJ m-/mw- · GEN wa · DEM huu/ule · POSS w- · REL -o</div><div class=hinweis>kwenda ist unregelmäßig: ku- verschmilzt mit -enda</div>	A1 SD1 A Anschluss
Hii ni maombi ya laini ya simu?	Ist das die Anmeldung für einen Telefonanschluss?<hr><table class=gloss><tr class=mo><td>hii</td><td>ni</td><td>ma-ombi</td><td>y-a</td><td>laini</td><td>y-a</td><td>simu</td></tr><tr class=la><td>KL9.DEM</td><td>KOP</td><td>KL6-Anmeldung</td><td>KL6-GEN</td><td>KL9.Leitung</td><td>KL9-GEN</td><td>KL9.Telefon</td></tr></table><div class=klassen>ombi Kl. 5/6 (ji-/Ø › ma-) → maombi · simu Kl. 9/10 (Ø/n-) → simu — Numerus nur an der Konkordanz</div><div class=konkordanz>Kl.5: SUBJ li- · ADJ ji-/Ø · GEN la · DEM hili/lile · POSS l- · REL -lo · Kl.9: SUBJ i- · ADJ Ø/n- · GEN ya · DEM hii/ile · POSS y- · REL -yo</div><div class=hinweis>maombi Kl.6 nimmt Genitiv ya</div>	A1 SD1 A Anschluss
Usiku wa leo taa ilikuwa imewashwa.	Heute Nacht war das Licht an.<hr><table class=gloss><tr class=mo><td>usiku</td><td>w-a</td><td>leo</td><td>taa</td><td>i-li-kuw-a</td><td>i-me-wash-w-a</td></tr><tr class=la><td>KL11.Nacht</td><td>KL11-GEN</td><td>heute</td><td>KL9.Lampe</td><td>KL9-PRÄT-sein-IND</td><td>KL9-PERF-anmachen-PASS-IND</td></tr></table><div class=konkordanz>Kl.11: SUBJ u- · ADJ m-/mw- · GEN wa · DEM huu/ule · POSS w- · REL -o · Kl.9: SUBJ i- · ADJ Ø/n- · GEN ya · DEM hii/ile · POSS y- · REL -yo</div><div class=hinweis>Zusammengesetzte Zeit: ilikuwa plus Perfektpartizip</div>	A1 SD1 A an_sein
Hajibu.	Er antwortet nicht.<hr><table class=gloss><tr class=mo><td>ha-jibu</td></tr><tr class=la><td>3SG.NEG-antworten</td></tr></table><div class=hinweis>Arabisches Lehnverb jibu wird nicht segmentiert</div>	A1 SD1 A antworten
Kwa bahati mbaya hatoi jibu.	Er gibt leider keine Antwort.<hr><table class=gloss><tr class=mo><td>kwa</td><td>bahati</td><td>m-baya</td><td>ha-to-i</td><td>jibu</td></tr><tr class=la><td>für</td><td>KL9.Glück</td><td>KL9-schlecht</td><td>3SG.NEG-geben-NEG</td><td>KL5.Antwort</td></tr></table><div class=klassen>bahati Kl. 9/10 (Ø/n-) → bahati — Numerus nur an der Konkordanz · jibu Kl. 5/6 (ji-/Ø › ma-) → majibu</div><div class=konkordanz>Kl.9: SUBJ i- · ADJ Ø/n- · GEN ya · DEM hii/ile · POSS y- · REL -yo · Kl.5: SUBJ li- · ADJ ji-/Ø · GEN la · DEM hili/lile · POSS l- · REL -lo</div><div class=hinweis>kwa bahati mbaya heißt wörtlich &quot;mit schlechtem Glück&quot;</div>	A1 SD1 A Antwort
Nilisoma tangazo lako katika gazeti.	Ich habe Ihre Anzeige in der Zeitung gelesen.<hr><table class=gloss><tr class=mo><td>ni-li-som-a</td><td>tangazo</td><td>l-ako</td><td>katika</td><td>gazeti</td></tr><tr class=la><td>1SG-PRÄT-lesen-IND</td><td>KL5.Anzeige</td><td>KL5-dein</td><td>in</td><td>KL5.Zeitung</td></tr></table><div class=klassen>tangazo Kl. 5/6 (ji-/Ø › ma-) → matangazo · gazeti Kl. 5/6 (ji-/Ø › ma-) → magazeti</div><div class=konkordanz>Kl.5: SUBJ li- · ADJ ji-/Ø · GEN la · DEM hili/lile · POSS l- · REL -lo</div><div class=hinweis>Possessiv lako kongruiert mit tangazo Kl.5</div>	A1 SD1 A Anzeige
Bado lazima nivae nguo.	Ich muss mich noch anziehen.<hr><table class=gloss><tr class=mo><td>bado</td><td>lazima</td><td>ni-va-e</td><td>nguo</td></tr><tr class=la><td>noch</td><td>muss</td><td>1SG-anziehen-KONJ</td><td>KL10.Kleidung</td></tr></table><div class=klassen>nguo Kl. 9/10 (Ø/n-) → nguo — Numerus nur an der Konkordanz [meist Plural]</div><div class=konkordanz>Kl.9: SUBJ i- · ADJ Ø/n- · GEN ya · DEM hii/ile · POSS y- · REL -yo</div><div class=hinweis>kuvaa deckt anziehen und tragen ab</div>	A1 SD1 A anziehen
Tumepanga fleti.	Wir haben ein Apartment gemietet.<hr><table class=gloss><tr class=mo><td>tu-me-pang-a</td><td>fleti</td></tr><tr class=la><td>1PL-PERF-mieten-IND</td><td>KL9.Apartment</td></tr></table><div class=klassen>fleti Kl. 9/10 (Ø/n-) → fleti — Numerus nur an der Konkordanz [Lehnwort]</div><div class=konkordanz>Kl.9: SUBJ i- · ADJ Ø/n- · GEN ya · DEM hii/ile · POSS y- · REL -yo</div><div class=hinweis>Perfekt -me-: das Ergebnis besteht noch</div>	A1 SD1 A Apartment
Nusu kilo ya matofaa tafadhali.	Ein Pfund Äpfel bitte.<hr><table class=gloss><tr class=mo><td>nusu</td><td>kilo</td><td>y-a</td><td>ma-tofaa</td><td>tafadhali</td></tr><tr class=la><td>KL9.Hälfte</td><td>KL9.Kilo</td><td>KL9-GEN</td><td>KL6-Apfel</td><td>bitte</td></tr></table><div class=klassen>tofaa Kl. 5/6 (ji-/Ø › ma-) → matofaa</div><div class=konkordanz>Kl.5: SUBJ li- · ADJ ji-/Ø · GEN la · DEM hili/lile · POSS l- · REL -lo</div><div class=hinweis>Ein Pfund wird als nusu kilo wiedergegeben</div>	A1 SD1 A Apfel
Karibu chakula!	Guten Appetit!<hr><table class=gloss><tr class=mo><td>karibu</td><td>chakula</td></tr><tr class=la><td>willkommen</td><td>KL7.Essen</td></tr></table><div class=klassen>chakula Kl. 7/8 (ki- › vi-) → vyakula</div><div class=konkordanz>Kl.7: SUBJ ki- · ADJ ki- · GEN cha · DEM hiki/kile · POSS ch- · REL -cho</div><div class=hinweis>karibu ist die übliche Tischformel, kein Wunsch</div>	A1 SD1 A Appetit
Mnafanya kazi wapi?	Wo arbeiten Sie?<hr><table class=gloss><tr class=mo><td>m-na-fany-a</td><td>kazi</td><td>wapi</td></tr><tr class=la><td>2PL-PRÄS-tun-IND</td><td>KL9.Arbeit</td><td>wo</td></tr></table><div class=klassen>kazi Kl. 9/10 (Ø/n-) → kazi — Numerus nur an der Konkordanz</div><div class=konkordanz>Kl.9: SUBJ i- · ADJ Ø/n- · GEN ya · DEM hii/ile · POSS y- · REL -yo</div><div class=hinweis>arbeiten = kufanya kazi, wörtlich &quot;Arbeit tun&quot;</div>	A1 SD1 A arbeiten
Kaka yangu anatafuta kazi.	Mein Bruder sucht Arbeit.<hr><table class=gloss><tr class=mo><td>kaka</td><td>y-angu</td><td>a-na-tafut-a</td><td>kazi</td></tr><tr class=la><td>KL9/KL1.Bruder</td><td>KL9-mein</td><td>3SG-PRÄS-suchen-IND</td><td>KL9.Arbeit</td></tr></table><div class=klassen>kaka Kl. 9/10 (Ø/n-) → kaka — Numerus nur an der Konkordanz [Person: Form Kl. 9/10, Kongruenz Kl. 1/2] · kazi Kl. 9/10 (Ø/n-) → kazi — Numerus nur an der Konkordanz</div><div class=konkordanz>Kl.1: SUBJ a- · ADJ m-/mw- · GEN wa · DEM huyu/yule · POSS w- · REL -ye · Kl.9: SUBJ i- · ADJ Ø/n- · GEN ya · DEM hii/ile · POSS y- · REL -yo</div><div class=hinweis>Possessiv Kl.9, Subjektpräfix a- aber Kl.1</div>	A1 SD1 A Arbeit
Kwetu kuna watu wengi ambao hawana kazi kwa muda mrefu.	Es gibt bei uns viele Leute, die schon lange arbeitslos sind.<hr><table class=gloss><tr class=mo><td>kwetu</td><td>ku-na</td><td>watu</td><td>w-engi</td><td>ambao</td><td>hawa-na</td><td>kazi</td><td>kwa</td><td>muda</td><td>m-refu</td></tr><tr class=la><td>bei.uns</td><td>KL17-mit</td><td>KL2.Leute</td><td>KL2-viele</td><td>KL2.REL</td><td>3PL.NEG-haben</td><td>KL9.Arbeit</td><td>für</td><td>KL3.Zeit</td><td>KL3-lang</td></tr></table><div class=klassen>mtu Kl. 1/2 (m-/mw- › wa-) → watu [Musterwort fuer Kl. 1/2] · kazi Kl. 9/10 (Ø/n-) → kazi — Numerus nur an der Konkordanz · muda Kl. 3/10 (m-/mw- › Ø/n-) → nyakati [Plural unregelmaessig]</div><div class=konkordanz>Kl.1: SUBJ a- · ADJ m-/mw- · GEN wa · DEM huyu/yule · POSS w- · REL -ye · Kl.9: SUBJ i- · ADJ Ø/n- · GEN ya · DEM hii/ile · POSS y- · REL -yo</div><div class=hinweis>arbeitslos wird als hawana kazi umschrieben</div>	A1 SD1 A arbeitslos
Mahali pangu pa kazi hakuna printa.	An meinem Arbeitsplatz fehlt ein Drucker.<hr><table class=gloss><tr class=mo><td>mahali</td><td>p-angu</td><td>p-a</td><td>kazi</td><td>haku-na</td><td>printa</td></tr><tr class=la><td>KL16.Ort</td><td>KL16-mein</td><td>KL16-GEN</td><td>KL9.Arbeit</td><td>KL17.NEG-mit</td><td>KL9.Drucker</td></tr></table><div class=klassen>mahali Kl. 16 (pa-), kein Numeruswechsel [Ortsklasse] · kazi Kl. 9/10 (Ø/n-) → kazi — Numerus nur an der Konkordanz · printa Kl. 9/10 (Ø/n-) → printa — Numerus nur an der Konkordanz [Lehnwort]</div><div class=konkordanz>Kl.16: SUBJ pa- · ADJ pa- · GEN pa · DEM hapa/pale · POSS p- · REL -po · Kl.9: SUBJ i- · ADJ Ø/n- · GEN ya · DEM hii/ile · POSS y- · REL -yo</div><div class=hinweis>Ortsklasse 16 hat eigene Konkordanz pangu, pa</div>	A1 SD1 A Arbeitsplatz
Mkono wangu unauma.	Mein Arm tut weh.<hr><table class=gloss><tr class=mo><td>m-kono</td><td>w-angu</td><td>u-na-um-a</td></tr><tr class=la><td>KL3-Arm</td><td>KL3-mein</td><td>KL3-PRÄS-schmerzen-IND</td></tr></table><div class=klassen>mkono Kl. 3/4 (m-/mw- › mi-) → mikono</div><div class=konkordanz>Kl.3: SUBJ u- · ADJ m-/mw- · GEN wa · DEM huu/ule · POSS w- · REL -o</div><div class=hinweis>mkono heißt Arm und Hand</div>	A1 SD1 A Arm
Kesho nina miadi na daktari wangu.	Morgen habe ich einen Termin bei meiner Ärztin.<hr><table class=gloss><tr class=mo><td>kesho</td><td>ni-na</td><td>miadi</td><td>na</td><td>daktari</td><td>w-angu</td></tr><tr class=la><td>morgen</td><td>1SG-haben</td><td>KL9.Termin</td><td>mit</td><td>KL5/KL1.Arzt</td><td>KL1-mein</td></tr></table><div class=klassen>miadi Kl. 9/10 (Ø/n-) → miadi — Numerus nur an der Konkordanz · daktari Kl. 5/6 (ji-/Ø › ma-) → madaktari [Person: Form Kl. 5/6, Kongruenz Kl. 1/2]</div><div class=konkordanz>Kl.9: SUBJ i- · ADJ Ø/n- · GEN ya · DEM hii/ile · POSS y- · REL -yo · Kl.1: SUBJ a- · ADJ m-/mw- · GEN wa · DEM huyu/yule · POSS w- · REL -ye</div><div class=hinweis>daktari ist Kl.5, nimmt als Person aber wangu Kl.1</div>	A1 SD1 A Arzt
Mimi pia ni Mhispania.	Ich bin auch Spanier.<hr><table class=gloss><tr class=mo><td>mimi</td><td>pia</td><td>ni</td><td>M-hispania</td></tr><tr class=la><td>ich</td><td>auch</td><td>KOP</td><td>KL1-Spanier</td></tr></table><div class=konkordanz>Kl.1: SUBJ a- · ADJ m-/mw- · GEN wa · DEM huyu/yule · POSS w- · REL -ye</div><div class=hinweis>Nationalitäten sind Kl.1/2: Mhispania, Wahispania</div>	A1 SD1 A auch
Watoto wanachezea barabarani.	Die Kinder spielen auf der Straße.<hr><table class=gloss><tr class=mo><td>watoto</td><td>wa-na-chez-e-a</td><td>barabara-ni</td></tr><tr class=la><td>KL2.Kind</td><td>KL2-PRÄS-spielen-APPL-IND</td><td>KL9.Straße-LOK</td></tr></table><div class=klassen>mtoto Kl. 1/2 (m-/mw- › wa-) → watoto</div><div class=konkordanz>Kl.1: SUBJ a- · ADJ m-/mw- · GEN wa · DEM huyu/yule · POSS w- · REL -ye</div><div class=hinweis>Ortssuffix -ni ersetzt die Präposition</div>	A1 SD1 A auf
Kwaheri.	Auf Wiedersehen.<hr><table class=gloss><tr class=mo><td>kwaheri</td></tr><tr class=la><td>auf.Wiedersehen</td></tr></table><div class=hinweis>Unveränderliche Formel, nicht analysierbar</div>	A1 SD1 A auf
Hii inaitwaje kwa Kijerumani?	Wie heißt das auf Deutsch?<hr><table class=gloss><tr class=mo><td>hii</td><td>i-na-it-w-a-je</td><td>kwa</td><td>Ki-jerumani</td></tr><tr class=la><td>KL9.DEM</td><td>KL9-PRÄS-nennen-PASS-IND-wie</td><td>für</td><td>KL7-Deutsch</td></tr></table><div class=konkordanz>Kl.9: SUBJ i- · ADJ Ø/n- · GEN ya · DEM hii/ile · POSS y- · REL -yo · Kl.7: SUBJ ki- · ADJ ki- · GEN cha · DEM hiki/kile · POSS ch- · REL -cho</div><div class=hinweis>Sprachen sind Kl.7: Kijerumani, Kiswahili</div>	A1 SD1 A auf
Hili ni zoezi gumu.	Das ist eine schwere Aufgabe.<hr><table class=gloss><tr class=mo><td>hili</td><td>ni</td><td>zoezi</td><td>gumu</td></tr><tr class=la><td>KL5.DEM</td><td>KOP</td><td>KL5.Aufgabe</td><td>schwer</td></tr></table><div class=konkordanz>Kl.5: SUBJ li- · ADJ ji-/Ø · GEN la · DEM hili/lile · POSS l- · REL -lo</div><div class=hinweis>zoezi ist die Übungsaufgabe, kazi die Arbeit</div>	A1 SD1 A Aufgabe
Kozi inaisha baada ya wiki moja.	Der Kurs hört in einer Woche auf.<hr><table class=gloss><tr class=mo><td>kozi</td><td>i-na-ish-a</td><td>baada</td><td>y-a</td><td>wiki</td><td>moja</td></tr><tr class=la><td>KL9.Kurs</td><td>KL9-PRÄS-enden-IND</td><td>nach</td><td>KL9-GEN</td><td>KL9.Woche</td><td>eins</td></tr></table><div class=klassen>kozi Kl. 9/10 (Ø/n-) → kozi — Numerus nur an der Konkordanz [Lehnwort]</div><div class=konkordanz>Kl.9: SUBJ i- · ADJ Ø/n- · GEN ya · DEM hii/ile · POSS y- · REL -yo</div><div class=hinweis>baada ya verlangt den Genitiv</div>	A1 SD1 A aufhören
Barabara ya stesheni inaishia hapa.	Hier hört die Bahnhofstraße auf.<hr><table class=gloss><tr class=mo><td>barabara</td><td>y-a</td><td>stesheni</td><td>i-na-ish-i-a</td><td>hapa</td></tr><tr class=la><td>KL9.Straße</td><td>KL9-GEN</td><td>KL9.Bahnhof</td><td>KL9-PRÄS-enden-APPL-IND</td><td>hier</td></tr></table><div class=klassen>barabara Kl. 9/10 (Ø/n-) → barabara — Numerus nur an der Konkordanz · stesheni Kl. 9/10 (Ø/n-) → stesheni — Numerus nur an der Konkordanz [Lehnwort]</div><div class=konkordanz>Kl.9: SUBJ i- · ADJ Ø/n- · GEN ya · DEM hii/ile · POSS y- · REL -yo</div><div class=hinweis>Applikativ -i- gibt dem Enden einen Ort</div>	A1 SD1 A aufhören
Hauhitaji ufunguo. Nyumba imefunguliwa.	Du brauchst den Schlüssel nicht. Die Wohnung ist auf.<hr><table class=gloss><tr class=mo><td>hau-hitaji</td><td>ufunguo</td><td>nyumba</td><td>i-me-fungu-liw-a</td></tr><tr class=la><td>2SG.NEG-brauchen</td><td>KL11.Schlüssel</td><td>KL9.Haus</td><td>KL9-PERF-öffnen-PASS-IND</td></tr></table><div class=klassen>ufunguo Kl. 11/10 (u- › Ø/n-) → funguo · nyumba Kl. 9/10 (Ø/n-) → nyumba — Numerus nur an der Konkordanz</div><div class=konkordanz>Kl.11: SUBJ u- · ADJ m-/mw- · GEN wa · DEM huu/ule · POSS w- · REL -o · Kl.9: SUBJ i- · ADJ Ø/n- · GEN ya · DEM hii/ile · POSS y- · REL -yo</div><div class=hinweis>Passiv Perfekt beschreibt einen Zustand</div>	A1 SD1 A auf_sein
Lazima niamke saa kumi kila siku.	Ich muss immer um vier Uhr aufstehen.<hr><table class=gloss><tr class=mo><td>lazima</td><td>ni-amk-e</td><td>saa</td><td>kumi</td><td>kila</td><td>siku</td></tr><tr class=la><td>muss</td><td>1SG-aufstehen-KONJ</td><td>KL9.Stunde</td><td>zehn</td><td>jede</td><td>KL9.Tag</td></tr></table><div class=klassen>saa Kl. 9/10 (Ø/n-) → saa — Numerus nur an der Konkordanz [auch &quot;Uhr&quot;] · siku ya kuzaliwa Kl. 9/10 (Ø/n-) → siku za kuzaliwa [Genitiv kongruiert mit dem Kopfnomen]</div><div class=konkordanz>Kl.9: SUBJ i- · ADJ Ø/n- · GEN ya · DEM hii/ile · POSS y- · REL -yo</div><div class=hinweis>saa kumi ist 4 Uhr: zehnte Stunde nach Sonnenaufgang</div>	A1 SD1 A aufstehen
Niamke?	Soll ich aufstehen?<hr><table class=gloss><tr class=mo><td>ni-amk-e</td></tr><tr class=la><td>1SG-aufstehen-KONJ</td></tr></table><div class=hinweis>Konjunktiv allein stellt eine Frage nach dem Sollen</div>	A1 SD1 A aufstehen
Katika nyumba hii hakuna lifti.	In diesem Haus gibt es keinen Aufzug.<hr><table class=gloss><tr class=mo><td>katika</td><td>nyumba</td><td>hii</td><td>haku-na</td><td>lifti</td></tr><tr class=la><td>in</td><td>KL9.Haus</td><td>KL9.DEM</td><td>KL17.NEG-mit</td><td>KL9.Aufzug</td></tr></table><div class=klassen>nyumba Kl. 9/10 (Ø/n-) → nyumba — Numerus nur an der Konkordanz · lifti Kl. 9/10 (Ø/n-) → lifti — Numerus nur an der Konkordanz [Lehnwort]</div><div class=konkordanz>Kl.9: SUBJ i- · ADJ Ø/n- · GEN ya · DEM hii/ile · POSS y- · REL -yo</div><div class=hinweis>hakuna ist die Negation von kuna</div>	A1 SD1 A Aufzug
Ana macho ya bluu.	Er hat blaue Augen.<hr><table class=gloss><tr class=mo><td>a-na</td><td>macho</td><td>y-a</td><td>bluu</td></tr><tr class=la><td>3SG-haben</td><td>KL6.Auge</td><td>KL6-GEN</td><td>blau</td></tr></table><div class=klassen>jicho Kl. 5/6 (ji-/Ø › ma-) → macho [Nullpraefix im Singular]</div><div class=konkordanz>Kl.5: SUBJ li- · ADJ ji-/Ø · GEN la · DEM hili/lile · POSS l- · REL -lo</div><div class=hinweis>macho Kl.6, Singular jicho Kl.5</div>	A1 SD1 A Auge
Anatoka Brazili.	Er kommt aus Brasilien.<hr><table class=gloss><tr class=mo><td>a-na-tok-a</td><td>Brazili</td></tr><tr class=la><td>3SG-PRÄS-kommen-IND</td><td>Brasilien</td></tr></table><div class=hinweis>kutoka deckt herkommen und verlassen ab</div>	A1 SD1 A aus
Kesho tutafanya safari ya kwenda Heidelberg.	Morgen machen wir einen Ausflug nach Heidelberg.<hr><table class=gloss><tr class=mo><td>kesho</td><td>tu-ta-fany-a</td><td>safari</td><td>y-a</td><td>kw-end-a</td><td>Heidelberg</td></tr><tr class=la><td>morgen</td><td>1PL-FUT-tun-IND</td><td>KL9.Ausflug</td><td>KL9-GEN</td><td>KL15-gehen-IND</td><td>Heidelberg</td></tr></table><div class=klassen>safari Kl. 9/10 (Ø/n-) → safari — Numerus nur an der Konkordanz</div><div class=konkordanz>Kl.9: SUBJ i- · ADJ Ø/n- · GEN ya · DEM hii/ile · POSS y- · REL -yo</div><div class=hinweis>safari deckt Reise und Ausflug ab</div>	A1 SD1 A Ausflug
Tafadhali jazeni fomu hii.	Füllen Sie bitte dieses Formular aus.<hr><table class=gloss><tr class=mo><td>tafadhali</td><td>jaz-eni</td><td>fomu</td><td>hii</td></tr><tr class=la><td>bitte</td><td>füllen-IMP.PL</td><td>KL9.Formular</td><td>KL9.DEM</td></tr></table><div class=klassen>fomu Kl. 9/10 (Ø/n-) → fomu — Numerus nur an der Konkordanz [Lehnwort]</div><div class=konkordanz>Kl.9: SUBJ i- · ADJ Ø/n- · GEN ya · DEM hii/ile · POSS y- · REL -yo</div><div class=hinweis>Imperativ Plural für höfliches Sie</div>	A1 SD1 A ausfüllen
Njia ya kutoka iko wapi?	Wo ist der Ausgang?<hr><table class=gloss><tr class=mo><td>njia</td><td>y-a</td><td>ku-tok-a</td><td>i-ko</td><td>wapi</td></tr><tr class=la><td>KL9.Weg</td><td>KL9-GEN</td><td>KL15-hinausgehen-IND</td><td>KL9-sein.da</td><td>wo</td></tr></table><div class=klassen>njia ya kutoka Kl. 9/10 (Ø/n-) → njia za kutoka [Genitiv kongruiert mit dem Kopfnomen]</div><div class=konkordanz>Kl.9: SUBJ i- · ADJ Ø/n- · GEN ya · DEM hii/ile · POSS y- · REL -yo</div><div class=hinweis>Ausgang wird als njia ya kutoka umschrieben</div>	A1 SD1 A Ausgang
Mnaweza kunipa taarifa?	Können Sie mir eine Auskunft geben?<hr><table class=gloss><tr class=mo><td>m-na-wez-a</td><td>ku-ni-p-a</td><td>taarifa</td></tr><tr class=la><td>2PL-PRÄS-können-IND</td><td>KL15-OBJ1SG-geben-IND</td><td>KL9.Auskunft</td></tr></table><div class=klassen>taarifa Kl. 9/10 (Ø/n-) → taarifa — Numerus nur an der Konkordanz</div><div class=konkordanz>Kl.9: SUBJ i- · ADJ Ø/n- · GEN ya · DEM hii/ile · POSS y- · REL -yo</div><div class=hinweis>Objektpräfix -ni- vor der Wurzel</div>	A1 SD1 A Auskunft
Mnasafiri ugenini?	Fahren Sie ins Ausland?<hr><table class=gloss><tr class=mo><td>m-na-safiri</td><td>ugeni-ni</td></tr><tr class=la><td>2PL-PRÄS-reisen</td><td>KL11.Fremde-LOK</td></tr></table><div class=klassen>ugenini Kl. 17 (ku-), kein Numeruswechsel [Ortsform, kein Plural]</div><div class=konkordanz>Kl.17: SUBJ ku- · ADJ ku- · GEN kwa · DEM huku/kule · POSS kw- · REL -ko</div><div class=hinweis>Ausland als Ortsform ugenini</div>	A1 SD1 A Ausland
Wewe ni mgeni?	SInd Sie Ausländerin?<hr><table class=gloss><tr class=mo><td>wewe</td><td>ni</td><td>m-geni</td></tr><tr class=la><td>du</td><td>KOP</td><td>KL1-Ausländerin</td></tr></table><div class=klassen>mgeni Kl. 1/2 (m-/mw- › wa-) → wageni [auch &quot;Gast&quot;]</div><div class=konkordanz>Kl.1: SUBJ a- · ADJ m-/mw- · GEN wa · DEM huyu/yule · POSS w- · REL -ye</div><div class=hinweis>mgeni heißt Gast und Ausländer</div>	A1 SD1 A Ausländer
Kwa bahati mbaya nina pesa za kigeni tu.	Leider habe ich nur ausländisches Geld.<hr><table class=gloss><tr class=mo><td>kwa</td><td>bahati</td><td>m-baya</td><td>ni-na</td><td>pesa</td><td>z-a</td><td>ki-geni</td><td>tu</td></tr><tr class=la><td>für</td><td>KL9.Glück</td><td>KL9-schlecht</td><td>1SG-haben</td><td>KL10.Geld</td><td>KL10-GEN</td><td>KL7-fremd</td><td>nur</td></tr></table><div class=klassen>bahati Kl. 9/10 (Ø/n-) → bahati — Numerus nur an der Konkordanz · pesa Kl. 9/10 (Ø/n-) → pesa — Numerus nur an der Konkordanz</div><div class=konkordanz>Kl.9: SUBJ i- · ADJ Ø/n- · GEN ya · DEM hii/ile · POSS y- · REL -yo</div><div class=hinweis>kigeni ist Kl.7 und bleibt unverändert</div>	A1 SD1 A ausländisch
Tafadhali zima taa!	Mach bitte das Licht aus!<hr><table class=gloss><tr class=mo><td>tafadhali</td><td>zim-a</td><td>taa</td></tr><tr class=la><td>bitte</td><td>ausmachen-IMP</td><td>KL9.Lampe</td></tr></table><div class=konkordanz>Kl.9: SUBJ i- · ADJ Ø/n- · GEN ya · DEM hii/ile · POSS y- · REL -yo</div><div class=hinweis>zima ist das Gegenwort zu washa</div>	A1 SD1 A ausmachen
Kauli hii ni sahihi au si sahihi?	Ist die Aussage richtig oder falsch?<hr><table class=gloss><tr class=mo><td>kauli</td><td>hii</td><td>ni</td><td>sahihi</td><td>au</td><td>si</td><td>sahihi</td></tr><tr class=la><td>KL9.Aussage</td><td>KL9.DEM</td><td>KOP</td><td>richtig</td><td>oder</td><td>NEG.KOP</td><td>richtig</td></tr></table><div class=klassen>kauli Kl. 9/10 (Ø/n-) → kauli — Numerus nur an der Konkordanz · sahihi Kl. 9/10 (Ø/n-) → sahihi — Numerus nur an der Konkordanz</div><div class=konkordanz>Kl.9: SUBJ i- · ADJ Ø/n- · GEN ya · DEM hii/ile · POSS y- · REL -yo</div><div class=hinweis>si ist die negative Kopula zu ni</div>	A1 SD1 A Aussage
Hii inaonekana vizuri.	Das sieht schön aus.<hr><table class=gloss><tr class=mo><td>hii</td><td>i-na-onekan-a</td><td>vi-zuri</td></tr><tr class=la><td>KL9.DEM</td><td>KL9-PRÄS-aussehen-IND</td><td>KL8-gut</td></tr></table><div class=konkordanz>Kl.9: SUBJ i- · ADJ Ø/n- · GEN ya · DEM hii/ile · POSS y- · REL -yo · Kl.8: SUBJ vi- · ADJ vi- · GEN vya · DEM hivi/vile · POSS vy- · REL -vyo</div><div class=hinweis>vizuri ist ein Adverb mit Kl.8-Präfix</div>	A1 SD1 A aussehen
Taa imezimwa.	Das Licht ist aus.<hr><table class=gloss><tr class=mo><td>taa</td><td>i-me-zim-w-a</td></tr><tr class=la><td>KL9.Lampe</td><td>KL9-PERF-ausmachen-PASS-IND</td></tr></table><div class=konkordanz>Kl.9: SUBJ i- · ADJ Ø/n- · GEN ya · DEM hii/ile · POSS y- · REL -yo</div><div class=hinweis>Passiv Perfekt für einen erreichten Zustand</div>	A1 SD1 A aus_sein
Masomo yamekwisha.	Die Schule ist aus.<hr><table class=gloss><tr class=mo><td>ma-somo</td><td>ya-me-kwish-a</td></tr><tr class=la><td>KL6-Unterricht</td><td>KL6-PERF-enden-IND</td></tr></table><div class=klassen>masomo Kl. 6 (ma-), kein Numeruswechsel [nur Plural]</div><div class=konkordanz>Kl.6: SUBJ ya- · ADJ ma- · GEN ya · DEM haya/yale · POSS y- · REL -yo</div><div class=hinweis>kwisha im Perfekt heißt fertig sein</div>	A1 SD1 A aus_sein
Lazima nishuke wapi?	Wo muss ich aussteigen?<hr><table class=gloss><tr class=mo><td>lazima</td><td>ni-shuk-e</td><td>wapi</td></tr><tr class=la><td>muss</td><td>1SG-aussteigen-KONJ</td><td>wo</td></tr></table><div class=hinweis>kushuka heißt hinabsteigen und aussteigen</div>	A1 SD1 A aussteigen
Hiki ni kitambulisho changu.	Hier ist mein Ausweis.<hr><table class=gloss><tr class=mo><td>hiki</td><td>ni</td><td>ki-tambulisho</td><td>ch-angu</td></tr><tr class=la><td>KL7.DEM</td><td>KOP</td><td>KL7-Ausweis</td><td>KL7-mein</td></tr></table><div class=klassen>kitambulisho Kl. 7/8 (ki- › vi-) → vitambulisho</div><div class=konkordanz>Kl.7: SUBJ ki- · ADJ ki- · GEN cha · DEM hiki/kile · POSS ch- · REL -cho</div><div class=hinweis>Demonstrativ hiki und Possessiv changu beide Kl.7</div>	A1 SD1 A Ausweis
Tafadhali vua viatu!	Zieh die Schuhe aus, bitte!<hr><table class=gloss><tr class=mo><td>tafadhali</td><td>vu-a</td><td>vi-atu</td></tr><tr class=la><td>bitte</td><td>ausziehen-IMP</td><td>KL8-Schuh</td></tr></table><div class=klassen>kiatu Kl. 7/8 (ki- › vi-) → viatu</div><div class=konkordanz>Kl.7: SUBJ ki- · ADJ ki- · GEN cha · DEM hiki/kile · POSS ch- · REL -cho</div><div class=hinweis>kuvua ist das Gegenwort zu kuvaa</div>	A1 SD1 A ausziehen
Anakuja na gari.	Er kommt mit dem Auto.<hr><table class=gloss><tr class=mo><td>a-na-kuj-a</td><td>na</td><td>gari</td></tr><tr class=la><td>3SG-PRÄS-kommen-IND</td><td>mit</td><td>KL5.Auto</td></tr></table><div class=klassen>gari Kl. 5/6 (ji-/Ø › ma-) → magari</div><div class=konkordanz>Kl.5: SUBJ li- · ADJ ji-/Ø · GEN la · DEM hili/lile · POSS l- · REL -lo</div><div class=hinweis>na dient als Begleitung und als Mittel</div>	A1 SD1 A Auto
Njia ya kwenda barabara kuu ni ipi?	Wo geht‘s hier bitte zur Autobahn?<hr><table class=gloss><tr class=mo><td>njia</td><td>y-a</td><td>kw-end-a</td><td>barabara</td><td>kuu</td><td>ni</td><td>ipi</td></tr><tr class=la><td>KL9.Weg</td><td>KL9-GEN</td><td>KL15-gehen-IND</td><td>KL9.Straße</td><td>groß</td><td>KOP</td><td>welche</td></tr></table><div class=klassen>njia ya kutoka Kl. 9/10 (Ø/n-) → njia za kutoka [Genitiv kongruiert mit dem Kopfnomen] · barabara Kl. 9/10 (Ø/n-) → barabara — Numerus nur an der Konkordanz</div><div class=konkordanz>Kl.9: SUBJ i- · ADJ Ø/n- · GEN ya · DEM hii/ile · POSS y- · REL -yo</div><div class=hinweis>Autobahn = barabara kuu, kuu bleibt unverändert</div>	A1 SD1 A Autobahn
Tiketi zinapatikana kwenye mashine tu.	Die Fahrkarten gibt es nur am Automaten.<hr><table class=gloss><tr class=mo><td>tiketi</td><td>zi-na-patikan-a</td><td>kwenye</td><td>mashine</td><td>tu</td></tr><tr class=la><td>KL10.Fahrkarte</td><td>KL10-PRÄS-erhältlich.sein-IND</td><td>an</td><td>KL9.Maschine</td><td>nur</td></tr></table><div class=klassen>tiketi Kl. 9/10 (Ø/n-) → tiketi — Numerus nur an der Konkordanz [Lehnwort] · mashine Kl. 9/10 (Ø/n-) → mashine — Numerus nur an der Konkordanz</div><div class=konkordanz>Kl.9: SUBJ i- · ADJ Ø/n- · GEN ya · DEM hii/ile · POSS y- · REL -yo</div><div class=hinweis>Stativ -ik- macht aus bekommen erhältlich sein</div>	A1 SD1 A Automat
Huhitaji kufanya kitu. Inajiendesha.	Du musst nichts machen. Das geht automatisch.<hr><table class=gloss><tr class=mo><td>hu-hitaji</td><td>ku-fany-a</td><td>ki-tu</td><td>i-na-ji-endesh-a</td></tr><tr class=la><td>2SG.NEG-brauchen</td><td>KL15-tun-IND</td><td>KL7-Ding</td><td>KL9-PRÄS-REFL-fahren-IND</td></tr></table><div class=konkordanz>Kl.15: SUBJ ku- · ADJ ku- · GEN kwa · DEM huku/kule · POSS kw- · REL -ko · Kl.7: SUBJ ki- · ADJ ki- · GEN cha · DEM hiki/kile · POSS ch- · REL -cho</div><div class=hinweis>Reflexiv -ji- drückt hier das Automatische aus</div>	A1 SD1 A automatisch
Mtoto wangu ni mchanga bado.	Mein Kind ist noch ein Baby.<hr><table class=gloss><tr class=mo><td>m-toto</td><td>w-angu</td><td>ni</td><td>m-changa</td><td>bado</td></tr><tr class=la><td>KL1-Kind</td><td>KL1-mein</td><td>KOP</td><td>KL1-jung</td><td>noch</td></tr></table><div class=klassen>mtoto Kl. 1/2 (m-/mw- › wa-) → watoto</div><div class=konkordanz>Kl.1: SUBJ a- · ADJ m-/mw- · GEN wa · DEM huyu/yule · POSS w- · REL -ye</div><div class=hinweis>Baby wird als mtoto mchanga umschrieben</div>	A1 SD1 B Baby
Naenda dukani la mikate haraka.	Ich geh mal schnell zur Bäckerei.<hr><table class=gloss><tr class=mo><td>na-end-a</td><td>duka-ni</td><td>l-a</td><td>mi-kate</td><td>haraka</td></tr><tr class=la><td>1SG.PRÄS.ALLG-gehen-IND</td><td>KL5.Laden-LOK</td><td>KL5-GEN</td><td>KL4-Brot</td><td>schnell</td></tr></table><div class=klassen>mkate Kl. 3/4 (m-/mw- › mi-) → mikate</div><div class=konkordanz>Kl.3: SUBJ u- · ADJ m-/mw- · GEN wa · DEM huu/ule · POSS w- · REL -o</div><div class=hinweis>naenda ist die Kurzform von ninaenda</div>	A1 SD1 B Bäckerei
Hatuna bafu kubwa.	Wir haben kein großes Bad.<hr><table class=gloss><tr class=mo><td>hatu-na</td><td>bafu</td><td>kubwa</td></tr><tr class=la><td>1PL.NEG-haben</td><td>KL9.Bad</td><td>groß</td></tr></table><div class=klassen>bafu Kl. 9/10 (Ø/n-) → bafu — Numerus nur an der Konkordanz [Lehnwort]</div><div class=konkordanz>Kl.9: SUBJ i- · ADJ Ø/n- · GEN ya · DEM hii/ile · POSS y- · REL -yo</div><div class=hinweis>kubwa bleibt in Kl.9 ohne Präfix</div>	A1 SD1 B Bad
Sipendi kuoga kwenye bafu, napenda kunyeshewa zaidi.	Ich bade nicht so gern, ich dusche lieber.<hr><table class=gloss><tr class=mo><td>si-pend-i</td><td>ku-og-a</td><td>kwenye</td><td>bafu</td><td>na-pend-a</td><td>ku-nyeshe-w-a</td><td>zaidi</td></tr><tr class=la><td>1SG.NEG-mögen-NEG</td><td>KL15-baden-IND</td><td>an</td><td>KL9.Bad</td><td>1SG.PRÄS.ALLG-mögen-IND</td><td>KL15-duschen-PASS-IND</td><td>mehr</td></tr></table><div class=klassen>bafu Kl. 9/10 (Ø/n-) → bafu — Numerus nur an der Konkordanz [Lehnwort]</div><div class=konkordanz>Kl.9: SUBJ i- · ADJ Ø/n- · GEN ya · DEM hii/ile · POSS y- · REL -yo</div><div class=hinweis>Vergleich mit zaidi statt mit einem eigenen Komparativ</div>	A1 SD1 B baden
Tunapenda kusafiri kwa treni zaidi.	Wir fahren lieber mit der Bahn.<hr><table class=gloss><tr class=mo><td>tu-na-pend-a</td><td>ku-safiri</td><td>kwa</td><td>treni</td><td>zaidi</td></tr><tr class=la><td>1PL-PRÄS-mögen-IND</td><td>KL15-reisen</td><td>mit</td><td>KL9.Bahn</td><td>mehr</td></tr></table><div class=klassen>treni Kl. 9/10 (Ø/n-) → treni — Numerus nur an der Konkordanz [Lehnwort]</div><div class=konkordanz>Kl.9: SUBJ i- · ADJ Ø/n- · GEN ya · DEM hii/ile · POSS y- · REL -yo</div><div class=hinweis>kwa bezeichnet das Verkehrsmittel</div>	A1 SD1 B Bahn
Nitachukua treni inayofuata.	Ich nehme die nächste Bahn.<hr><table class=gloss><tr class=mo><td>ni-ta-chuku-a</td><td>treni</td><td>i-na-yo-fuat-a</td></tr><tr class=la><td>1SG-FUT-nehmen-IND</td><td>KL9.Bahn</td><td>KL9-PRÄS-REL9-folgen-IND</td></tr></table><div class=klassen>treni Kl. 9/10 (Ø/n-) → treni — Numerus nur an der Konkordanz [Lehnwort]</div><div class=konkordanz>Kl.9: SUBJ i- · ADJ Ø/n- · GEN ya · DEM hii/ile · POSS y- · REL -yo</div><div class=hinweis>Relativinfix -yo- verweist auf treni Kl.9</div>	A1 SD1 B Bahn
Nitafika stesheni kwa njia hii?	Komme ich hier zum Bahnhof?<hr><table class=gloss><tr class=mo><td>ni-ta-fik-a</td><td>stesheni</td><td>kwa</td><td>njia</td><td>hii</td></tr><tr class=la><td>1SG-FUT-ankommen-IND</td><td>KL9.Bahnhof</td><td>über</td><td>KL9.Weg</td><td>KL9.DEM</td></tr></table><div class=klassen>stesheni Kl. 9/10 (Ø/n-) → stesheni — Numerus nur an der Konkordanz [Lehnwort] · njia ya kutoka Kl. 9/10 (Ø/n-) → njia za kutoka [Genitiv kongruiert mit dem Kopfnomen]</div><div class=konkordanz>Kl.9: SUBJ i- · ADJ Ø/n- · GEN ya · DEM hii/ile · POSS y- · REL -yo</div><div class=hinweis>Zukunft auch für höfliche Erkundigung</div>	A1 SD1 B Bahnhof
Treni inaondoka jukwaa lipi?	Auf welchem Bahnsteig fährt der Zug?<hr><table class=gloss><tr class=mo><td>treni</td><td>i-na-ondok-a</td><td>jukwaa</td><td>lipi</td></tr><tr class=la><td>KL9.Bahn</td><td>KL9-PRÄS-abfahren-IND</td><td>KL5.Bahnsteig</td><td>KL5.welche</td></tr></table><div class=klassen>treni Kl. 9/10 (Ø/n-) → treni — Numerus nur an der Konkordanz [Lehnwort] · jukwaa Kl. 5/6 (ji-/Ø › ma-) → majukwaa [Bahnsteig]</div><div class=konkordanz>Kl.9: SUBJ i- · ADJ Ø/n- · GEN ya · DEM hii/ile · POSS y- · REL -yo · Kl.5: SUBJ li- · ADJ ji-/Ø · GEN la · DEM hili/lile · POSS l- · REL -lo</div><div class=hinweis>Fragewort lipi kongruiert mit jukwaa Kl.5</div>	A1 SD1 B Bahnsteig
Nitakuja karibuni.	Ich komme bald.<hr><table class=gloss><tr class=mo><td>ni-ta-kuj-a</td><td>karibuni</td></tr><tr class=la><td>1SG-FUT-kommen-IND</td><td>bald</td></tr></table><div class=hinweis>karibuni ist die Ortsform von karibu</div>	A1 SD1 B bald
Nyumba ina pia roshani ndogo.	Die Wohnung hat auch einen kleinen Balkon.<hr><table class=gloss><tr class=mo><td>nyumba</td><td>i-na</td><td>pia</td><td>roshani</td><td>n-dogo</td></tr><tr class=la><td>KL9.Haus</td><td>KL9-haben</td><td>auch</td><td>KL9.Balkon</td><td>KL9-klein</td></tr></table><div class=klassen>nyumba Kl. 9/10 (Ø/n-) → nyumba — Numerus nur an der Konkordanz · roshani Kl. 9/10 (Ø/n-) → roshani — Numerus nur an der Konkordanz</div><div class=konkordanz>Kl.9: SUBJ i- · ADJ Ø/n- · GEN ya · DEM hii/ile · POSS y- · REL -yo</div><div class=hinweis>Adjektiv ndogo mit Nasalpräfix der Kl.9</div>	A1 SD1 B Balkon
Ndizi tatu, tafadhali!	Drei Bananen, bitte!<hr><table class=gloss><tr class=mo><td>ndizi</td><td>tatu</td><td>tafadhali</td></tr><tr class=la><td>KL10.Banane</td><td>drei</td><td>bitte</td></tr></table><div class=klassen>ndizi Kl. 9/10 (Ø/n-) → ndizi — Numerus nur an der Konkordanz</div><div class=konkordanz>Kl.9: SUBJ i- · ADJ Ø/n- · GEN ya · DEM hii/ile · POSS y- · REL -yo</div><div class=hinweis>ndizi ist Kl.9 und Kl.10 gleich</div>	A1 SD1 B Banane
Benki inafunga saa kumi.	Die Bank schließt schon um vier Uhr.<hr><table class=gloss><tr class=mo><td>benki</td><td>i-na-fung-a</td><td>saa</td><td>kumi</td></tr><tr class=la><td>KL9.Bank</td><td>KL9-PRÄS-schließen-IND</td><td>KL9.Stunde</td><td>zehn</td></tr></table><div class=klassen>benki Kl. 9/10 (Ø/n-) → benki — Numerus nur an der Konkordanz [Geldinstitut; Sitzbank = &quot;benchi&quot;] · saa Kl. 9/10 (Ø/n-) → saa — Numerus nur an der Konkordanz [auch &quot;Uhr&quot;]</div><div class=konkordanz>Kl.9: SUBJ i- · ADJ Ø/n- · GEN ya · DEM hii/ile · POSS y- · REL -yo</div><div class=hinweis>saa kumi = 4 Uhr nachmittags</div>	A1 SD1 B Bank
Anakaa bustanini kwenye benchi na anasoma.	Er sitzt im Park auf einer Bank und liest.<hr><table class=gloss><tr class=mo><td>a-na-ka-a</td><td>bustani-ni</td><td>kwenye</td><td>benchi</td><td>na</td><td>a-na-som-a</td></tr><tr class=la><td>3SG-PRÄS-sitzen-IND</td><td>KL9.Park-LOK</td><td>auf</td><td>KL9.Bank</td><td>und</td><td>3SG-PRÄS-lesen-IND</td></tr></table><div class=konkordanz>Kl.9: SUBJ i- · ADJ Ø/n- · GEN ya · DEM hii/ile · POSS y- · REL -yo</div><div class=hinweis>Sitzbank ist benchi, Geldinstitut benki</div>	A1 SD1 B Bank
Lazima nilipe kwa pesa taslimu au kadi inakubaliwa?	Muss ich bar zahlen oder geht‘s auch mit Karte?<hr><table class=gloss><tr class=mo><td>lazima</td><td>ni-lip-e</td><td>kwa</td><td>pesa</td><td>taslimu</td><td>au</td><td>kadi</td><td>i-na-kubali-w-a</td></tr><tr class=la><td>muss</td><td>1SG-zahlen-KONJ</td><td>mit</td><td>KL10.Geld</td><td>bar</td><td>oder</td><td>KL9.Karte</td><td>KL9-PRÄS-annehmen-PASS-IND</td></tr></table><div class=klassen>pesa Kl. 9/10 (Ø/n-) → pesa — Numerus nur an der Konkordanz · kadi Kl. 9/10 (Ø/n-) → kadi — Numerus nur an der Konkordanz [Speisekarte = &quot;menyu&quot; Kl. 9]</div><div class=konkordanz>Kl.9: SUBJ i- · ADJ Ø/n- · GEN ya · DEM hii/ile · POSS y- · REL -yo</div><div class=hinweis>bar zahlen = kwa pesa taslimu</div>	A1 SD1 B bar
Tangu jana tumbo linaniuma.	Seit gestern tut mir der Bauch weh.<hr><table class=gloss><tr class=mo><td>tangu</td><td>jana</td><td>tumbo</td><td>li-na-ni-um-a</td></tr><tr class=la><td>seit</td><td>gestern</td><td>KL5.Bauch</td><td>KL5-PRÄS-OBJ1SG-schmerzen-IND</td></tr></table><div class=klassen>tumbo Kl. 5/6 (ji-/Ø › ma-) → matumbo</div><div class=konkordanz>Kl.5: SUBJ li- · ADJ ji-/Ø · GEN la · DEM hili/lile · POSS l- · REL -lo</div><div class=hinweis>Schmerz wird mit Objektpräfix ausgedrückt: es schmerzt mich</div>	A1 SD1 B Bauch
Tahadhari, usiendeshe hadi mtini!	Vorsicht, fahr nicht an den Baum!<hr><table class=gloss><tr class=mo><td>tahadhari</td><td>u-si-endesh-e</td><td>hadi</td><td>m-ti-ni</td></tr><tr class=la><td>KL9.Vorsicht</td><td>2SG-NEG-fahren-KONJ</td><td>bis</td><td>KL3-Baum-LOK</td></tr></table><div class=konkordanz>Kl.9: SUBJ i- · ADJ Ø/n- · GEN ya · DEM hii/ile · POSS y- · REL -yo · Kl.3: SUBJ u- · ADJ m-/mw- · GEN wa · DEM huu/ule · POSS w- · REL -o</div><div class=hinweis>Negativer Imperativ ist 2SG plus -si- plus Konjunktiv</div>	A1 SD1 B Baum
Muulizeni mtumishi kwenye kaunta namba nane!	Fragen Sie die Beamtin an Schalter acht!<hr><table class=gloss><tr class=mo><td>mu-uliz-eni</td><td>m-tumishi</td><td>kwenye</td><td>kaunta</td><td>namba</td><td>nane</td></tr><tr class=la><td>OBJ1-fragen-IMP.PL</td><td>KL1-Beamtin</td><td>an</td><td>KL9.Schalter</td><td>KL9.Nummer</td><td>acht</td></tr></table><div class=klassen>mtumishi wa umma Kl. 1/2 (m-/mw- › wa-) → watumishi wa umma · kaunta Kl. 9/10 (Ø/n-) → kaunta — Numerus nur an der Konkordanz [Lehnwort] · namba Kl. 9/10 (Ø/n-) → namba — Numerus nur an der Konkordanz [Lehnwort]</div><div class=konkordanz>Kl.1: SUBJ a- · ADJ m-/mw- · GEN wa · DEM huyu/yule · POSS w- · REL -ye · Kl.9: SUBJ i- · ADJ Ø/n- · GEN ya · DEM hii/ile · POSS y- · REL -yo</div><div class=hinweis>Objektpräfix mu- steht vor der Wurzel im Imperativ</div>	A1 SD1 B Beamte
Neno hili lina maana gani?	Was bedeutet das Wort?<hr><table class=gloss><tr class=mo><td>neno</td><td>hili</td><td>li-na</td><td>maana</td><td>gani</td></tr><tr class=la><td>KL5.Wort</td><td>KL5.DEM</td><td>KL5-haben</td><td>KL9.Bedeutung</td><td>welche</td></tr></table><div class=klassen>neno Kl. 5/6 (ji-/Ø › ma-) → maneno</div><div class=konkordanz>Kl.5: SUBJ li- · ADJ ji-/Ø · GEN la · DEM hili/lile · POSS l- · REL -lo</div><div class=hinweis>bedeuten = kuwa na maana, &quot;Bedeutung haben&quot;</div>	A1 SD1 B bedeuten
Mchezo unaanza saa tisa na nusu.	Das Spiel beginnt um 15.30 Uhr.<hr><table class=gloss><tr class=mo><td>m-chezo</td><td>u-na-anz-a</td><td>saa</td><td>tisa</td><td>na</td><td>nusu</td></tr><tr class=la><td>KL3-Spiel</td><td>KL3-PRÄS-anfangen-IND</td><td>KL9.Stunde</td><td>neun</td><td>und</td><td>KL9.Hälfte</td></tr></table><div class=klassen>mchezo Kl. 3/4 (m-/mw- › mi-) → michezo · saa Kl. 9/10 (Ø/n-) → saa — Numerus nur an der Konkordanz [auch &quot;Uhr&quot;]</div><div class=konkordanz>Kl.3: SUBJ u- · ADJ m-/mw- · GEN wa · DEM huu/ule · POSS w- · REL -o · Kl.9: SUBJ i- · ADJ Ø/n- · GEN ya · DEM hii/ile · POSS y- · REL -yo</div><div class=hinweis>saa tisa na nusu = 15.30 Uhr</div>	A1 SD1 B beginnen
Offenbach iko karibu na Frankfurt.	Offenbach liegt bei Frankfurt.<hr><table class=gloss><tr class=mo><td>Offenbach</td><td>i-ko</td><td>karibu</td><td>na</td><td>Frankfurt</td></tr><tr class=la><td>Offenbach</td><td>KL9-sein.da</td><td>nahe</td><td>bei</td><td>Frankfurt</td></tr></table><div class=konkordanz>Kl.9: SUBJ i- · ADJ Ø/n- · GEN ya · DEM hii/ile · POSS y- · REL -yo</div><div class=hinweis>karibu na für räumliche Nähe</div>	A1 SD1 B bei
Nakaa kwa wazazi wangu.	Ich wohne bei meinen Eltern.<hr><table class=gloss><tr class=mo><td>na-ka-a</td><td>kwa</td><td>wazazi</td><td>w-angu</td></tr><tr class=la><td>1SG.PRÄS.ALLG-wohnen-IND</td><td>bei</td><td>KL2.Eltern</td><td>KL2-mein</td></tr></table><div class=klassen>mzazi Kl. 1/2 (m-/mw- › wa-) → wazazi [deutsch nur Plural]</div><div class=konkordanz>Kl.1: SUBJ a- · ADJ m-/mw- · GEN wa · DEM huyu/yule · POSS w- · REL -ye</div><div class=hinweis>kwa bezeichnet auch den Aufenthalt bei Personen</div>	A1 SD1 B bei
Kwetu leo inanyesha.	Bei uns regnet es heute.<hr><table class=gloss><tr class=mo><td>kwetu</td><td>leo</td><td>i-na-nyesh-a</td></tr><tr class=la><td>bei.uns</td><td>heute</td><td>KL9-PRÄS-regnen-IND</td></tr></table><div class=konkordanz>Kl.9: SUBJ i- · ADJ Ø/n- · GEN ya · DEM hii/ile · POSS y- · REL -yo</div><div class=hinweis>kwetu ist ein Ortswort der Kl.17</div>	A1 SD1 B bei
Anafanya kazi kwenye polisi.	Er arbeitet bei der Polizei.<hr><table class=gloss><tr class=mo><td>a-na-fany-a</td><td>kazi</td><td>kwenye</td><td>polisi</td></tr><tr class=la><td>3SG-PRÄS-tun-IND</td><td>KL9.Arbeit</td><td>bei</td><td>KL9.Polizei</td></tr></table><div class=klassen>kazi Kl. 9/10 (Ø/n-) → kazi — Numerus nur an der Konkordanz · polisi Kl. 9/10 (Ø/n-) → polisi — Numerus nur an der Konkordanz [Kongruenz Kl. 1/2 bei Personen]</div><div class=konkordanz>Kl.9: SUBJ i- · ADJ Ø/n- · GEN ya · DEM hii/ile · POSS y- · REL -yo</div><div class=hinweis>kwenye für Institutionen</div>	A1 SD1 B bei
Wazazi wote wawili wanafanya kazi.	Beide Eltern arbeiten.<hr><table class=gloss><tr class=mo><td>wazazi</td><td>w-ote</td><td>w-awili</td><td>wa-na-fany-a</td><td>kazi</td></tr><tr class=la><td>KL2.Eltern</td><td>KL2-alle</td><td>KL2-zwei</td><td>KL2-PRÄS-tun-IND</td><td>KL9.Arbeit</td></tr></table><div class=klassen>mzazi Kl. 1/2 (m-/mw- › wa-) → wazazi [deutsch nur Plural] · kazi Kl. 9/10 (Ø/n-) → kazi — Numerus nur an der Konkordanz</div><div class=konkordanz>Kl.1: SUBJ a- · ADJ m-/mw- · GEN wa · DEM huyu/yule · POSS w- · REL -ye · Kl.9: SUBJ i- · ADJ Ø/n- · GEN ya · DEM hii/ile · POSS y- · REL -yo</div><div class=hinweis>beide = wote wawili, zweifache Kl.2-Kongruenz</div>	A1 SD1 B beide
Tunakuja sote wawili.	Wir kommen beide.<hr><table class=gloss><tr class=mo><td>tu-na-kuj-a</td><td>s-ote</td><td>w-awili</td></tr><tr class=la><td>1PL-PRÄS-kommen-IND</td><td>1PL-alle</td><td>KL2-zwei</td></tr></table><div class=konkordanz>Kl.2: SUBJ wa- · ADJ wa- · GEN wa · DEM hawa/wale · POSS w- · REL -o</div><div class=hinweis>sote ist die 1PL-Form von -ote</div>	A1 SD1 B beide
Mguu wangu wa kulia unauma.	Mein rechtes Bein tut weh.<hr><table class=gloss><tr class=mo><td>m-guu</td><td>w-angu</td><td>w-a</td><td>ku-lia</td><td>u-na-um-a</td></tr><tr class=la><td>KL3-Bein</td><td>KL3-mein</td><td>KL3-GEN</td><td>KL17-rechts</td><td>KL3-PRÄS-schmerzen-IND</td></tr></table><div class=klassen>mguu Kl. 3/4 (m-/mw- › mi-) → miguu</div><div class=konkordanz>Kl.3: SUBJ u- · ADJ m-/mw- · GEN wa · DEM huu/ule · POSS w- · REL -o</div><div class=hinweis>Dreifache Kl.3-Kongruenz: wangu, wa, una-</div>	A1 SD1 B Bein
Unaweza kunipa mfano?	Kannst du mir ein Beispiel sagen?<hr><table class=gloss><tr class=mo><td>u-na-wez-a</td><td>ku-ni-p-a</td><td>m-fano</td></tr><tr class=la><td>2SG-PRÄS-können-IND</td><td>KL15-OBJ1SG-geben-IND</td><td>KL3-Beispiel</td></tr></table><div class=klassen>mfano Kl. 3/4 (m-/mw- › mi-) → mifano</div><div class=konkordanz>Kl.3: SUBJ u- · ADJ m-/mw- · GEN wa · DEM huu/ule · POSS w- · REL -o</div><div class=hinweis>mfano Kl.3, Plural mifano Kl.4</div>	A1 SD1 B Beispiel
Ndugu wangu wengi, kwa mfano kaka zangu wawili, wanafanya kazi hapa pia.	Viele meiner Verwandten, z. B. meine beiden Brüder, arbeiten auch hier.<hr><table class=gloss><tr class=mo><td>ndugu</td><td>w-angu</td><td>w-engi</td><td>kwa</td><td>m-fano</td><td>kaka</td><td>z-angu</td><td>w-awili</td><td>wa-na-fany-a</td><td>kazi</td><td>hapa</td><td>pia</td></tr><tr class=la><td>KL9/KL2.Verwandte</td><td>KL2-mein</td><td>KL2-viele</td><td>für</td><td>KL3-Beispiel</td><td>KL9/KL2.Bruder</td><td>KL10-mein</td><td>KL2-zwei</td><td>KL2-PRÄS-tun-IND</td><td>KL9.Arbeit</td><td>hier</td><td>auch</td></tr></table><div class=klassen>ndugu Kl. 9/10 (Ø/n-) → ndugu — Numerus nur an der Konkordanz [Person: Form Kl. 9/10, Kongruenz Kl. 1/2] · mfano Kl. 3/4 (m-/mw- › mi-) → mifano · kaka Kl. 9/10 (Ø/n-) → kaka — Numerus nur an der Konkordanz [Person: Form Kl. 9/10, Kongruenz Kl. 1/2] · kazi Kl. 9/10 (Ø/n-) → kazi — Numerus nur an der Konkordanz</div><div class=konkordanz>Kl.1: SUBJ a- · ADJ m-/mw- · GEN wa · DEM huyu/yule · POSS w- · REL -ye · Kl.3: SUBJ u- · ADJ m-/mw- · GEN wa · DEM huu/ule · POSS w- · REL -o</div><div class=hinweis>kaka zangu nutzt Kl.10-Possessiv, die Verbkongruenz aber Kl.2</div>	A1 SD1 B zum_Beispiel/z__B_
Picasso anajulikana sana.	Picasso ist sehr bekannt.<hr><table class=gloss><tr class=mo><td>Picasso</td><td>a-na-julikan-a</td><td>sana</td></tr><tr class=la><td>Picasso</td><td>3SG-PRÄS-bekannt.sein-IND</td><td>sehr</td></tr></table><div class=hinweis>Stativ -ik- macht aus wissen bekannt sein</div>	A1 SD1 B bekannt
Mtu nimemfahamu anaitwa Klaus.	Ein Bekannter von mir heißt Klaus.<hr><table class=gloss><tr class=mo><td>mtu</td><td>ni-me-m-fahamu</td><td>a-na-it-w-a</td><td>Klaus</td></tr><tr class=la><td>KL1.Bekannter</td><td>1SG-PERF-OBJ1-kennen</td><td>3SG-PRÄS-nennen-PASS-IND</td><td>Klaus</td></tr></table><div class=klassen>mtu Kl. 1/2 (m-/mw- › wa-) → watu [Musterwort fuer Kl. 1/2]</div><div class=konkordanz>Kl.1: SUBJ a- · ADJ m-/mw- · GEN wa · DEM huyu/yule · POSS w- · REL -ye</div><div class=hinweis>Swahili hat kein Einzelwort für Bekannter</div>	A1 SD1 B Bekannte
Mmepokea barua yangu?	Haben Sie meinen Brief bekommen?<hr><table class=gloss><tr class=mo><td>m-me-poke-a</td><td>barua</td><td>y-angu</td></tr><tr class=la><td>2PL-PERF-empfangen-IND</td><td>KL9.Brief</td><td>KL9-mein</td></tr></table><div class=klassen>barua Kl. 9/10 (Ø/n-) → barua — Numerus nur an der Konkordanz [Numerus nur an der Konkordanz]</div><div class=konkordanz>Kl.9: SUBJ i- · ADJ Ø/n- · GEN ya · DEM hii/ile · POSS y- · REL -yo</div><div class=hinweis>Perfekt -me- ersetzt das deutsche Perfekt</div>	A1 SD1 B bekommen
Mnapata nini?	Was bekommen Sie?<hr><table class=gloss><tr class=mo><td>m-na-pat-a</td><td>nini</td></tr><tr class=la><td>2PL-PRÄS-bekommen-IND</td><td>was</td></tr></table><div class=hinweis>Im Laden fragt man wörtlich &quot;was bekommt ihr&quot;</div>	A1 SD1 B bekommen
Dawa hii mnaipata kwenye duka la dawa.	Dieses Medikament bekommen Sie in der Apotheke.<hr><table class=gloss><tr class=mo><td>dawa</td><td>hii</td><td>m-na-i-pat-a</td><td>kwenye</td><td>duka</td><td>l-a</td><td>dawa</td></tr><tr class=la><td>KL9.Medikament</td><td>KL9.DEM</td><td>2PL-PRÄS-OBJ9-bekommen-IND</td><td>an</td><td>KL5.Laden</td><td>KL5-GEN</td><td>KL9.Medikament</td></tr></table><div class=klassen>duka Kl. 5/6 (ji-/Ø › ma-) → maduka</div><div class=konkordanz>Kl.5: SUBJ li- · ADJ ji-/Ø · GEN la · DEM hili/lile · POSS l- · REL -lo</div><div class=hinweis>Objektpräfix -i- greift das vorangestellte dawa auf</div>	A1 SD1 B bekommen
Tafadhali msitumie lifti!	Die Aufzüge bitte nicht benutzen!<hr><table class=gloss><tr class=mo><td>tafadhali</td><td>m-si-tumi-e</td><td>lifti</td></tr><tr class=la><td>bitte</td><td>2PL-NEG-benutzen-KONJ</td><td>KL9.Aufzug</td></tr></table><div class=klassen>lifti Kl. 9/10 (Ø/n-) → lifti — Numerus nur an der Konkordanz [Lehnwort]</div><div class=konkordanz>Kl.9: SUBJ i- · ADJ Ø/n- · GEN ya · DEM hii/ile · POSS y- · REL -yo</div><div class=hinweis>Verbot: 2PL plus -si- plus Konjunktiv</div>	A1 SD1 B benutzen
Kazi yenu ni ipi?	Was sind Sie von Beruf?<hr><table class=gloss><tr class=mo><td>kazi</td><td>y-enu</td><td>ni</td><td>ipi</td></tr><tr class=la><td>KL9.Beruf</td><td>KL9-euer</td><td>KOP</td><td>welche</td></tr></table><div class=klassen>kazi Kl. 9/10 (Ø/n-) → kazi — Numerus nur an der Konkordanz</div><div class=konkordanz>Kl.9: SUBJ i- · ADJ Ø/n- · GEN ya · DEM hii/ile · POSS y- · REL -yo</div><div class=hinweis>Possessiv yenu für 2PL</div>	A1 SD1 B Beruf
Kazi yako ni nini?	Was ist Ihr Beruf?<hr><table class=gloss><tr class=mo><td>kazi</td><td>y-ako</td><td>ni</td><td>nini</td></tr><tr class=la><td>KL9.Beruf</td><td>KL9-dein</td><td>KOP</td><td>was</td></tr></table><div class=klassen>kazi Kl. 9/10 (Ø/n-) → kazi — Numerus nur an der Konkordanz</div><div class=konkordanz>Kl.9: SUBJ i- · ADJ Ø/n- · GEN ya · DEM hii/ile · POSS y- · REL -yo</div><div class=hinweis>nini fragt nach Sachen, ipi nach der Auswahl</div>	A1 SD1 B Beruf
Namba inakuwa na shughuli kila wakati.	Die Nummer ist immer besetzt.<hr><table class=gloss><tr class=mo><td>namba</td><td>i-na-kuw-a</td><td>na</td><td>shughuli</td><td>kila</td><td>wakati</td></tr><tr class=la><td>KL9.Nummer</td><td>KL9-PRÄS-sein-IND</td><td>mit</td><td>KL9.Beschäftigung</td><td>jede</td><td>KL11.Zeit</td></tr></table><div class=klassen>namba Kl. 9/10 (Ø/n-) → namba — Numerus nur an der Konkordanz [Lehnwort] · wakati Kl. 11/10 (u- › Ø/n-) → nyakati</div><div class=konkordanz>Kl.9: SUBJ i- · ADJ Ø/n- · GEN ya · DEM hii/ile · POSS y- · REL -yo · Kl.11: SUBJ u- · ADJ m-/mw- · GEN wa · DEM huu/ule · POSS w- · REL -o</div><div class=hinweis>besetzt = kuwa na shughuli</div>	A1 SD1 B besetzt
Nafasi hii imechukuliwa.	Der Platz ist besetzt.<hr><table class=gloss><tr class=mo><td>nafasi</td><td>hii</td><td>i-me-chuku-liw-a</td></tr><tr class=la><td>KL9.Platz</td><td>KL9.DEM</td><td>KL9-PERF-nehmen-PASS-IND</td></tr></table><div class=klassen>nafasi Kl. 9/10 (Ø/n-) → nafasi — Numerus nur an der Konkordanz [Sitzplatz; Ort = &quot;mahali&quot; Kl. 16]</div><div class=konkordanz>Kl.9: SUBJ i- · ADJ Ø/n- · GEN ya · DEM hii/ile · POSS y- · REL -yo</div><div class=hinweis>Passiv Perfekt für besetzt</div>	A1 SD1 B besetzt
Ningependa kutembelea kanisa kuu.	Ich möchte gern den Dom besichtigen.<hr><table class=gloss><tr class=mo><td>ni-nge-pend-a</td><td>ku-tembel-e-a</td><td>kanisa</td><td>kuu</td></tr><tr class=la><td>1SG-IRR-mögen-IND</td><td>KL15-besuchen-APPL-IND</td><td>KL5.Kirche</td><td>groß</td></tr></table><div class=konkordanz>Kl.15: SUBJ ku- · ADJ ku- · GEN kwa · DEM huku/kule · POSS kw- · REL -ko · Kl.5: SUBJ li- · ADJ ji-/Ø · GEN la · DEM hili/lile · POSS l- · REL -lo</div><div class=hinweis>-nge- bildet die Höflichkeitsform &quot;ich würde&quot;</div>	A1 SD1 B besichtigen
Nahisi vizuri zaidi sasa.	Es geht mir schon besser.<hr><table class=gloss><tr class=mo><td>na-hisi</td><td>vi-zuri</td><td>zaidi</td><td>sasa</td></tr><tr class=la><td>1SG.PRÄS.ALLG-fühlen</td><td>KL8-gut</td><td>mehr</td><td>jetzt</td></tr></table><div class=konkordanz>Kl.8: SUBJ vi- · ADJ vi- · GEN vya · DEM hivi/vile · POSS vy- · REL -vyo</div><div class=hinweis>kuhisi ist arabisches Lehnverb auf -i</div>	A1 SD1 B besser
Ni bora tukutane kesho.	Am besten treffen wir uns morgen.<hr><table class=gloss><tr class=mo><td>ni</td><td>bora</td><td>tu-kutan-e</td><td>kesho</td></tr><tr class=la><td>KOP</td><td>besser</td><td>1PL-treffen-KONJ</td><td>morgen</td></tr></table><div class=hinweis>ni bora plus Konjunktiv für einen Vorschlag</div>	A1 SD1 B best
Tungependa kuagiza, tafadhali.	Wir möchten bestellen, bitte.<hr><table class=gloss><tr class=mo><td>tu-nge-pend-a</td><td>ku-agiz-a</td><td>tafadhali</td></tr><tr class=la><td>1PL-IRR-mögen-IND</td><td>KL15-bestellen-IND</td><td>bitte</td></tr></table><div class=konkordanz>Kl.15: SUBJ ku- · ADJ ku- · GEN kwa · DEM huku/kule · POSS kw- · REL -ko</div><div class=hinweis>-nge- macht die Bitte höflich</div>	A1 SD1 B bestellen
Kitabu hiki hatuna, tukiagize kwa ajili yako?	Dieses Buch haben wir nicht – sollen wir es für Sie bestellen?<hr><table class=gloss><tr class=mo><td>ki-tabu</td><td>hiki</td><td>hatu-na</td><td>tu-ki-agiz-e</td><td>kwa</td><td>ajili</td><td>y-ako</td></tr><tr class=la><td>KL7-Buch</td><td>KL7.DEM</td><td>1PL.NEG-haben</td><td>1PL-OBJ7-bestellen-KONJ</td><td>für</td><td>KL9.Zweck</td><td>KL9-dein</td></tr></table><div class=klassen>kitabu Kl. 7/8 (ki- › vi-) → vitabu</div><div class=konkordanz>Kl.7: SUBJ ki- · ADJ ki- · GEN cha · DEM hiki/kile · POSS ch- · REL -cho</div><div class=hinweis>Objektpräfix -ki- greift kitabu Kl.7 auf</div>	A1 SD1 B bestellen
Naweza kukutembelea?	Darf ich dich besuchen?<hr><table class=gloss><tr class=mo><td>na-wez-a</td><td>ku-ku-tembel-e-a</td></tr><tr class=la><td>1SG.PRÄS.ALLG-können-IND</td><td>KL15-OBJ2SG-besuchen-APPL-IND</td></tr></table><div class=konkordanz>Kl.15: SUBJ ku- · ADJ ku- · GEN kwa · DEM huku/kule · POSS kw- · REL -ko</div><div class=hinweis>Applikativ -e- weil das Ziel eine Person ist</div>	A1 SD1 B besuchen
Tunahitaji bado kitanda cha mtoto.	Wir brauchen noch ein Kinderbett.<hr><table class=gloss><tr class=mo><td>tu-na-hitaji</td><td>bado</td><td>ki-tanda</td><td>ch-a</td><td>m-toto</td></tr><tr class=la><td>1PL-PRÄS-brauchen</td><td>noch</td><td>KL7-Bett</td><td>KL7-GEN</td><td>KL1-Kind</td></tr></table><div class=klassen>kitanda Kl. 7/8 (ki- › vi-) → vitanda · mtoto Kl. 1/2 (m-/mw- › wa-) → watoto</div><div class=konkordanz>Kl.7: SUBJ ki- · ADJ ki- · GEN cha · DEM hiki/kile · POSS ch- · REL -cho · Kl.1: SUBJ a- · ADJ m-/mw- · GEN wa · DEM huyu/yule · POSS w- · REL -ye</div><div class=hinweis>Genitiv cha nach kitanda Kl.7</div>	A1 SD1 B Bett
Lazima nilipe wapi?	Wo muss ich bezahlen?<hr><table class=gloss><tr class=mo><td>lazima</td><td>ni-lip-e</td><td>wapi</td></tr><tr class=la><td>muss</td><td>1SG-zahlen-KONJ</td><td>wo</td></tr></table><div class=hinweis>lazima zieht stets den Konjunktiv nach sich</div>	A1 SD1 B bezahlen
Bia nyingine tafadhali.	Noch ein Bier bitte.<hr><table class=gloss><tr class=mo><td>bia</td><td>ny-ingine</td><td>tafadhali</td></tr><tr class=la><td>KL9.Bier</td><td>KL9-andere</td><td>bitte</td></tr></table><div class=klassen>bia Kl. 9/10 (Ø/n-) → bia — Numerus nur an der Konkordanz [Lehnwort]</div><div class=konkordanz>Kl.9: SUBJ i- · ADJ Ø/n- · GEN ya · DEM hii/ile · POSS y- · REL -yo</div><div class=hinweis>nyingine heißt &quot;ein weiteres&quot;</div>	A1 SD1 B Bier
Una picha ya mwana wako?	Hast du ein Bild von deinem Sohn?<hr><table class=gloss><tr class=mo><td>u-na</td><td>picha</td><td>y-a</td><td>mwana</td><td>w-ako</td></tr><tr class=la><td>2SG-haben</td><td>KL9.Bild</td><td>KL9-GEN</td><td>KL1.Sohn</td><td>KL1-dein</td></tr></table><div class=klassen>picha Kl. 9/10 (Ø/n-) → picha — Numerus nur an der Konkordanz [Lehnwort] · mwana Kl. 1/2 (m-/mw- › wa-) → wana</div><div class=konkordanz>Kl.9: SUBJ i- · ADJ Ø/n- · GEN ya · DEM hii/ile · POSS y- · REL -yo · Kl.1: SUBJ a- · ADJ m-/mw- · GEN wa · DEM huyu/yule · POSS w- · REL -ye</div><div class=hinweis>picha nimmt ya, mwana nimmt wako</div>	A1 SD1 B Bild
Koti linagharimu Euro kumi tu! Ni rahisi kweli!	Die Jacke kostet nur 10 Euro! Die ist aber billig!<hr><table class=gloss><tr class=mo><td>koti</td><td>li-na-gharimu</td><td>Euro</td><td>kumi</td><td>tu</td><td>ni</td><td>rahisi</td><td>kweli</td></tr><tr class=la><td>KL5.Jacke</td><td>KL5-PRÄS-kosten</td><td>Euro</td><td>zehn</td><td>nur</td><td>KOP</td><td>billig</td><td>wirklich</td></tr></table><div class=klassen>koti Kl. 5/6 (ji-/Ø › ma-) → makoti</div><div class=konkordanz>Kl.5: SUBJ li- · ADJ ji-/Ø · GEN la · DEM hili/lile · POSS l- · REL -lo</div><div class=hinweis>kugharimu ist arabisches Lehnverb auf -u</div>	A1 SD1 B billig
Kilo moja ya mapea, tafadhali!	Ein Kilo Birnen, bitte!<hr><table class=gloss><tr class=mo><td>kilo</td><td>moja</td><td>y-a</td><td>ma-pea</td><td>tafadhali</td></tr><tr class=la><td>KL9.Kilo</td><td>eins</td><td>KL9-GEN</td><td>KL6-Birne</td><td>bitte</td></tr></table><div class=klassen>pea Kl. 5/6 (ji-/Ø › ma-) → mapea</div><div class=konkordanz>Kl.5: SUBJ li- · ADJ ji-/Ø · GEN la · DEM hili/lile · POSS l- · REL -lo</div><div class=hinweis>pea Kl.5, Plural mapea Kl.6</div>	A1 SD1 B Birne
Nasafiri hadi Stuttgart tu.	Ich fahre nur bis Stuttgart.<hr><table class=gloss><tr class=mo><td>na-safiri</td><td>hadi</td><td>Stuttgart</td><td>tu</td></tr><tr class=la><td>1SG.PRÄS.ALLG-reisen</td><td>bis</td><td>Stuttgart</td><td>nur</td></tr></table><div class=hinweis>hadi für räumliche und zeitliche Grenze</div>	A1 SD1 B bis
Nitasubiri hadi kesho.	Ich warte bis morgen.<hr><table class=gloss><tr class=mo><td>ni-ta-subiri</td><td>hadi</td><td>kesho</td></tr><tr class=la><td>1SG-FUT-warten</td><td>bis</td><td>morgen</td></tr></table><div class=hinweis>kusubiri ist arabisches Lehnverb auf -i</div>	A1 SD1 B bis
Nasema Kiingereza, Kifaransa na Kijerumani kidogo.	Ich spreche Englisch, Französisch und ein bisschen Deutsch.<hr><table class=gloss><tr class=mo><td>na-sem-a</td><td>Ki-ingereza</td><td>Ki-faransa</td><td>na</td><td>Ki-jerumani</td><td>ki-dogo</td></tr><tr class=la><td>1SG.PRÄS.ALLG-sprechen-IND</td><td>KL7-Englisch</td><td>KL7-Französisch</td><td>und</td><td>KL7-Deutsch</td><td>KL7-klein</td></tr></table><div class=konkordanz>Kl.7: SUBJ ki- · ADJ ki- · GEN cha · DEM hiki/kile · POSS ch- · REL -cho</div><div class=hinweis>kidogo kongruiert mit der Sprache in Kl.7</div>	A1 SD1 B bisschen
Kikombe kimoja cha kahawa, tafadhali!	Eine Tasse Kaffee, bitte!<hr><table class=gloss><tr class=mo><td>ki-kombe</td><td>ki-moja</td><td>ch-a</td><td>kahawa</td><td>tafadhali</td></tr><tr class=la><td>KL7-Tasse</td><td>KL7-eins</td><td>KL7-GEN</td><td>KL9.Kaffee</td><td>bitte</td></tr></table><div class=klassen>kahawa Kl. 9/10 (Ø/n-) → kahawa — Numerus nur an der Konkordanz</div><div class=konkordanz>Kl.9: SUBJ i- · ADJ Ø/n- · GEN ya · DEM hii/ile · POSS y- · REL -yo</div><div class=hinweis>Zahlwort und Genitiv kongruieren beide mit Kl.7</div>	A1 SD1 B bitte
Tafadhali semeni kwa sauti ya chini!	Sprechen Sie bitte leise!<hr><table class=gloss><tr class=mo><td>tafadhali</td><td>sem-eni</td><td>kwa</td><td>sauti</td><td>y-a</td><td>chini</td></tr><tr class=la><td>bitte</td><td>sprechen-IMP.PL</td><td>mit</td><td>KL9.Stimme</td><td>KL9-GEN</td><td>unten</td></tr></table><div class=konkordanz>Kl.9: SUBJ i- · ADJ Ø/n- · GEN ya · DEM hii/ile · POSS y- · REL -yo</div><div class=hinweis>leise = kwa sauti ya chini, &quot;mit tiefer Stimme&quot;</div>	A1 SD1 B bitte
Nina ombi lingine.	Ich habe noch eine Bitte.<hr><table class=gloss><tr class=mo><td>ni-na</td><td>ombi</td><td>li-ngine</td></tr><tr class=la><td>1SG-haben</td><td>KL5.Bitte</td><td>KL5-andere</td></tr></table><div class=klassen>ombi Kl. 5/6 (ji-/Ø › ma-) → maombi</div><div class=konkordanz>Kl.5: SUBJ li- · ADJ ji-/Ø · GEN la · DEM hili/lile · POSS l- · REL -lo</div><div class=hinweis>ombi Kl.5, Plural maombi Kl.6</div>	A1 SD1 B Bitte
Naweza kuwaomba kitu?	Darf ich Sie um etwas bitten?<hr><table class=gloss><tr class=mo><td>na-wez-a</td><td>ku-wa-omb-a</td><td>ki-tu</td></tr><tr class=la><td>1SG.PRÄS.ALLG-können-IND</td><td>KL15-OBJ2PL-bitten-IND</td><td>KL7-Ding</td></tr></table><div class=konkordanz>Kl.15: SUBJ ku- · ADJ ku- · GEN kwa · DEM huku/kule · POSS kw- · REL -ko · Kl.7: SUBJ ki- · ADJ ki- · GEN cha · DEM hiki/kile · POSS ch- · REL -cho</div><div class=hinweis>Objektpräfix -wa- für höfliches Sie</div>	A1 SD1 B bitten
Kahawa ina ladha chungu.	Der Kaffee schmeckt bitter.<hr><table class=gloss><tr class=mo><td>kahawa</td><td>i-na</td><td>ladha</td><td>chungu</td></tr><tr class=la><td>KL9.Kaffee</td><td>KL9-haben</td><td>KL9.Geschmack</td><td>bitter</td></tr></table><div class=klassen>kahawa Kl. 9/10 (Ø/n-) → kahawa — Numerus nur an der Konkordanz</div><div class=konkordanz>Kl.9: SUBJ i- · ADJ Ø/n- · GEN ya · DEM hii/ile · POSS y- · REL -yo</div><div class=hinweis>schmecken = kuwa na ladha</div>	A1 SD1 B bitter
Leo nabaki nyumbani.	Ich bleibe heute zu Hause.<hr><table class=gloss><tr class=mo><td>na-baki</td><td>nyumbani</td></tr><tr class=la><td>1SG.PRÄS.ALLG-bleiben</td><td>KL9.Haus.LOK</td></tr></table><div class=konkordanz>Kl.9: SUBJ i- · ADJ Ø/n- · GEN ya · DEM hii/ile · POSS y- · REL -yo</div><div class=hinweis>nyumbani ist die feste Ortsform für zu Hause</div>	A1 SD1 B bleiben
Tunabaki hadi kesho tu.	Wir bleiben nur bis morgen.<hr><table class=gloss><tr class=mo><td>tu-na-baki</td><td>hadi</td><td>kesho</td><td>tu</td></tr><tr class=la><td>1PL-PRÄS-bleiben</td><td>bis</td><td>morgen</td><td>nur</td></tr></table><div class=hinweis>kubaki endet auf -i, das ist kein Negationszeichen</div>	A1 SD1 B bleiben
Una kalamu ya risasi?	Hast du einen Bleistift?<hr><table class=gloss><tr class=mo><td>u-na</td><td>kalamu</td><td>y-a</td><td>risasi</td></tr><tr class=la><td>2SG-haben</td><td>KL9.Stift</td><td>KL9-GEN</td><td>KL9.Blei</td></tr></table><div class=klassen>kalamu Kl. 9/10 (Ø/n-) → kalamu — Numerus nur an der Konkordanz</div><div class=konkordanz>Kl.9: SUBJ i- · ADJ Ø/n- · GEN ya · DEM hii/ile · POSS y- · REL -yo</div><div class=hinweis>Bleistift wörtlich &quot;Stift aus Blei&quot;</div>	A1 SD1 B Bleistift
Kutoka hoteli hii kuna mandhari mazuri ya mto Rhein.	Von diesem Hotel hat man einen guten Blick auf den Rhein.<hr><table class=gloss><tr class=mo><td>ku-tok-a</td><td>hoteli</td><td>hii</td><td>ku-na</td><td>mandhari</td><td>ma-zuri</td><td>y-a</td><td>mto</td><td>Rhein</td></tr><tr class=la><td>KL15-kommen-IND</td><td>KL9.Hotel</td><td>KL9.DEM</td><td>KL17-mit</td><td>KL9.Aussicht</td><td>KL6-gut</td><td>KL9-GEN</td><td>KL3.Fluss</td><td>Rhein</td></tr></table><div class=klassen>hoteli Kl. 9/10 (Ø/n-) → hoteli — Numerus nur an der Konkordanz [Lehnwort] · mandhari Kl. 9/10 (Ø/n-) → mandhari — Numerus nur an der Konkordanz [Aussicht]</div><div class=konkordanz>Kl.9: SUBJ i- · ADJ Ø/n- · GEN ya · DEM hii/ile · POSS y- · REL -yo</div><div class=hinweis>mandhari schwankt zwischen Kl.9 und Kl.6</div>	A1 SD1 B Blick
Maua yanakupendeza?	Gefallen dir die Blumen?<hr><table class=gloss><tr class=mo><td>ma-ua</td><td>ya-na-ku-pendez-a</td></tr><tr class=la><td>KL6-Blume</td><td>KL6-PRÄS-OBJ2SG-gefallen-IND</td></tr></table><div class=klassen>ua Kl. 5/6 (ji-/Ø › ma-) → maua [Nullpraefix im Singular]</div><div class=konkordanz>Kl.5: SUBJ li- · ADJ ji-/Ø · GEN la · DEM hili/lile · POSS l- · REL -lo</div><div class=hinweis>gefallen stellt den Menschen ins Objekt</div>	A1 SD1 B Blume
Tafadhali andikeni majibu yenu kwenye fomu ya majibu.	Schreiben Sie Ihre Lösungen bitte auf den Antwortbogen.<hr><table class=gloss><tr class=mo><td>tafadhali</td><td>andik-eni</td><td>ma-jibu</td><td>y-enu</td><td>kwenye</td><td>fomu</td><td>y-a</td><td>ma-jibu</td></tr><tr class=la><td>bitte</td><td>schreiben-IMP.PL</td><td>KL6-Antwort</td><td>KL6-euer</td><td>an</td><td>KL9.Formular</td><td>KL9-GEN</td><td>KL6-Antwort</td></tr></table><div class=klassen>jibu Kl. 5/6 (ji-/Ø › ma-) → majibu · fomu Kl. 9/10 (Ø/n-) → fomu — Numerus nur an der Konkordanz [Lehnwort]</div><div class=konkordanz>Kl.5: SUBJ li- · ADJ ji-/Ø · GEN la · DEM hili/lile · POSS l- · REL -lo · Kl.9: SUBJ i- · ADJ Ø/n- · GEN ya · DEM hii/ile · POSS y- · REL -yo</div><div class=hinweis>yenu kongruiert mit majibu Kl.6</div>	A1 SD1 B Bogen
Amenikasirikia.	Sie ist böse auf mich.<hr><table class=gloss><tr class=mo><td>a-me-ni-kasirik-i-a</td></tr><tr class=la><td>3SG-PERF-OBJ1SG-zornig.sein-APPL-IND</td></tr></table><div class=hinweis>Applikativ nennt die Person, auf die der Zorn zielt</div>	A1 SD1 B böse
Unaihitaji gazeti bado?	Brauchst du die Zeitung noch?<hr><table class=gloss><tr class=mo><td>u-na-i-hitaji</td><td>gazeti</td><td>bado</td></tr><tr class=la><td>2SG-PRÄS-OBJ9-brauchen</td><td>KL5.Zeitung</td><td>noch</td></tr></table><div class=klassen>gazeti Kl. 5/6 (ji-/Ø › ma-) → magazeti</div><div class=konkordanz>Kl.5: SUBJ li- · ADJ ji-/Ø · GEN la · DEM hili/lile · POSS l- · REL -lo</div><div class=hinweis>Objektpräfix greift das Genannte nochmals auf</div>	A1 SD1 B brauchen
Kabati lina upana gani?	Wie breit ist der Schrank?<hr><table class=gloss><tr class=mo><td>kabati</td><td>li-na</td><td>upana</td><td>gani</td></tr><tr class=la><td>KL5.Schrank</td><td>KL5-haben</td><td>KL11.Breite</td><td>welche</td></tr></table><div class=klassen>kabati Kl. 5/6 (ji-/Ø › ma-) → makabati</div><div class=konkordanz>Kl.5: SUBJ li- · ADJ ji-/Ø · GEN la · DEM hili/lile · POSS l- · REL -lo</div><div class=hinweis>Maße mit kuwa na plus Abstraktum</div>	A1 SD1 B breit
Mnayo barua kwa ajili yangu?	Haben Sie einen Brief für mich?<hr><table class=gloss><tr class=mo><td>m-na-yo</td><td>barua</td><td>kwa</td><td>ajili</td><td>y-angu</td></tr><tr class=la><td>2PL-haben-REL9</td><td>KL9.Brief</td><td>für</td><td>KL9.Zweck</td><td>KL9-mein</td></tr></table><div class=klassen>barua Kl. 9/10 (Ø/n-) → barua — Numerus nur an der Konkordanz [Numerus nur an der Konkordanz]</div><div class=konkordanz>Kl.9: SUBJ i- · ADJ Ø/n- · GEN ya · DEM hii/ile · POSS y- · REL -yo</div><div class=hinweis>-yo am Verb verweist voraus auf barua</div>	A1 SD1 B Brief
Tafadhali nunua stempu kwenye posta.	Kaufst du bitte Briefmarken bei der Post.<hr><table class=gloss><tr class=mo><td>tafadhali</td><td>nunu-a</td><td>stempu</td><td>kwenye</td><td>posta</td></tr><tr class=la><td>bitte</td><td>kaufen-IMP</td><td>KL10.Briefmarke</td><td>an</td><td>KL9.Post</td></tr></table><div class=klassen>stempu Kl. 9/10 (Ø/n-) → stempu — Numerus nur an der Konkordanz [Lehnwort] · posta Kl. 9/10 (Ø/n-) → posta — Numerus nur an der Konkordanz [Lehnwort]</div><div class=konkordanz>Kl.9: SUBJ i- · ADJ Ø/n- · GEN ya · DEM hii/ile · POSS y- · REL -yo</div><div class=hinweis>stempu ist Kl.9 und Kl.10 gleich</div>	A1 SD1 B Briefmarke
Tafadhali niletee kahawa nyingine!	Bringen Sie mir bitte noch einen Kaffee!<hr><table class=gloss><tr class=mo><td>tafadhali</td><td>ni-let-e-e</td><td>kahawa</td><td>ny-ingine</td></tr><tr class=la><td>bitte</td><td>OBJ1SG-bringen-APPL-KONJ</td><td>KL9.Kaffee</td><td>KL9-andere</td></tr></table><div class=klassen>kahawa Kl. 9/10 (Ø/n-) → kahawa — Numerus nur an der Konkordanz</div><div class=konkordanz>Kl.9: SUBJ i- · ADJ Ø/n- · GEN ya · DEM hii/ile · POSS y- · REL -yo</div><div class=hinweis>Applikativ plus Konjunktiv ergibt eine höfliche Bitte</div>	A1 SD1 B bringen
Lazima tumpeleke kwa daktari.	Wir müssen ihn zum Arzt bringen.<hr><table class=gloss><tr class=mo><td>lazima</td><td>tu-m-pelek-e</td><td>kwa</td><td>daktari</td></tr><tr class=la><td>muss</td><td>1PL-OBJ1-bringen-KONJ</td><td>zu</td><td>KL5/KL1.Arzt</td></tr></table><div class=klassen>daktari Kl. 5/6 (ji-/Ø › ma-) → madaktari [Person: Form Kl. 5/6, Kongruenz Kl. 1/2]</div><div class=konkordanz>Kl.1: SUBJ a- · ADJ m-/mw- · GEN wa · DEM huyu/yule · POSS w- · REL -ye</div><div class=hinweis>kupeleka für Personen, kuleta für Sachen</div>	A1 SD1 B bringen
Mnayo pia mkate mweupe?	Haben Sie auch Weißbrot?<hr><table class=gloss><tr class=mo><td>m-na-yo</td><td>pia</td><td>m-kate</td><td>mw-eupe</td></tr><tr class=la><td>2PL-haben-REL9</td><td>auch</td><td>KL3-Brot</td><td>KL3-weiß</td></tr></table><div class=klassen>mkate Kl. 3/4 (m-/mw- › mi-) → mikate</div><div class=konkordanz>Kl.3: SUBJ u- · ADJ m-/mw- · GEN wa · DEM huu/ule · POSS w- · REL -o</div><div class=hinweis>mweupe kongruiert mit mkate Kl.3</div>	A1 SD1 B Brot
Chukua mikate michache kwa safari.	Nimm noch ein paar Brote für die Fahrt mit.<hr><table class=gloss><tr class=mo><td>chuku-a</td><td>mi-kate</td><td>mi-chache</td><td>kwa</td><td>safari</td></tr><tr class=la><td>nehmen-IMP</td><td>KL4-Brot</td><td>KL4-wenige</td><td>für</td><td>KL9.Reise</td></tr></table><div class=klassen>mkate Kl. 3/4 (m-/mw- › mi-) → mikate · safari Kl. 9/10 (Ø/n-) → safari — Numerus nur an der Konkordanz</div><div class=konkordanz>Kl.3: SUBJ u- · ADJ m-/mw- · GEN wa · DEM huu/ule · POSS w- · REL -o · Kl.9: SUBJ i- · ADJ Ø/n- · GEN ya · DEM hii/ile · POSS y- · REL -yo</div><div class=hinweis>michache kongruiert mit mikate Kl.4</div>	A1 SD1 B Brot
Unataka mikate midogo kwa kifungua kinywa?	Möchtest du Brötchen zum Frühstück?<hr><table class=gloss><tr class=mo><td>u-na-tak-a</td><td>mi-kate</td><td>mi-dogo</td><td>kwa</td><td>ki-fungua</td><td>kinywa</td></tr><tr class=la><td>2SG-PRÄS-wollen-IND</td><td>KL4-Brot</td><td>KL4-klein</td><td>für</td><td>KL7-öffnen</td><td>KL7.Mund</td></tr></table><div class=klassen>mkate Kl. 3/4 (m-/mw- › mi-) → mikate · kifungua kinywa Kl. 7/8 (ki- › vi-) → vifungua kinywa [woertlich &quot;Mundoeffner&quot;]</div><div class=konkordanz>Kl.3: SUBJ u- · ADJ m-/mw- · GEN wa · DEM huu/ule · POSS w- · REL -o · Kl.7: SUBJ ki- · ADJ ki- · GEN cha · DEM hiki/kile · POSS ch- · REL -cho</div><div class=hinweis>Brötchen als mkate mdogo umschrieben</div>	A1 SD1 B Brötchen
Kaka yake anafanya kazi hapa pia.	Sein Bruder arbeitet auch hier.<hr><table class=gloss><tr class=mo><td>kaka</td><td>y-ake</td><td>a-na-fany-a</td><td>kazi</td><td>hapa</td><td>pia</td></tr><tr class=la><td>KL9/KL1.Bruder</td><td>KL9-sein</td><td>3SG-PRÄS-tun-IND</td><td>KL9.Arbeit</td><td>hier</td><td>auch</td></tr></table><div class=klassen>kaka Kl. 9/10 (Ø/n-) → kaka — Numerus nur an der Konkordanz [Person: Form Kl. 9/10, Kongruenz Kl. 1/2] · kazi Kl. 9/10 (Ø/n-) → kazi — Numerus nur an der Konkordanz</div><div class=konkordanz>Kl.1: SUBJ a- · ADJ m-/mw- · GEN wa · DEM huyu/yule · POSS w- · REL -ye · Kl.9: SUBJ i- · ADJ Ø/n- · GEN ya · DEM hii/ile · POSS y- · REL -yo</div><div class=hinweis>yake Kl.9, Verbkongruenz a- aber Kl.1</div>	A1 SD1 B Bruder
Vitabu vizuri mara nyingi ni ghali sana.	Gute Bücher sind oft sehr teuer.<hr><table class=gloss><tr class=mo><td>vi-tabu</td><td>vi-zuri</td><td>mara</td><td>ny-ingi</td><td>ni</td><td>ghali</td><td>sana</td></tr><tr class=la><td>KL8-Buch</td><td>KL8-gut</td><td>KL9.Mal</td><td>KL10-viele</td><td>KOP</td><td>teuer</td><td>sehr</td></tr></table><div class=klassen>kitabu Kl. 7/8 (ki- › vi-) → vitabu</div><div class=konkordanz>Kl.7: SUBJ ki- · ADJ ki- · GEN cha · DEM hiki/kile · POSS ch- · REL -cho</div><div class=hinweis>vizuri kongruiert mit vitabu Kl.8</div>	A1 SD1 B Buch
Katika kamusi hii mnapata maneno zaidi ya elfu ishirini.	In diesem Wörterbuch finden Sie mehr als 20.000 Wörter.<hr><table class=gloss><tr class=mo><td>katika</td><td>kamusi</td><td>hii</td><td>m-na-pat-a</td><td>ma-neno</td><td>zaidi</td><td>y-a</td><td>elfu</td><td>ishirini</td></tr><tr class=la><td>in</td><td>KL9.Wörterbuch</td><td>KL9.DEM</td><td>2PL-PRÄS-finden-IND</td><td>KL6-Wort</td><td>mehr</td><td>KL9-GEN</td><td>KL9.Tausend</td><td>zwanzig</td></tr></table><div class=klassen>neno Kl. 5/6 (ji-/Ø › ma-) → maneno</div><div class=konkordanz>Kl.5: SUBJ li- · ADJ ji-/Ø · GEN la · DEM hili/lile · POSS l- · REL -lo</div><div class=hinweis>zaidi ya für den Vergleich &quot;mehr als&quot;</div>	A1 SD1 B Buch
Herufi hii haipo katika lugha yangu.	Diesen Buchstaben gibt es in meiner Sprache nicht.<hr><table class=gloss><tr class=mo><td>herufi</td><td>hii</td><td>hai-po</td><td>katika</td><td>lugha</td><td>y-angu</td></tr><tr class=la><td>KL9.Buchstabe</td><td>KL9.DEM</td><td>KL9.NEG-sein.da</td><td>in</td><td>KL9.Sprache</td><td>KL9-mein</td></tr></table><div class=klassen>herufi Kl. 9/10 (Ø/n-) → herufi — Numerus nur an der Konkordanz · lugha Kl. 9/10 (Ø/n-) → lugha — Numerus nur an der Konkordanz</div><div class=konkordanz>Kl.9: SUBJ i- · ADJ Ø/n- · GEN ya · DEM hii/ile · POSS y- · REL -yo</div><div class=hinweis>haipo verneint das Vorhandensein</div>	A1 SD1 B Buchstabe
Tafadhali tajeni herufi za jina lenu.	Bitte buchstabieren Sie Ihren Namen.<hr><table class=gloss><tr class=mo><td>tafadhali</td><td>taj-eni</td><td>herufi</td><td>z-a</td><td>jina</td><td>l-enu</td></tr><tr class=la><td>bitte</td><td>nennen-IMP.PL</td><td>KL10.Buchstabe</td><td>KL10-GEN</td><td>KL5.Name</td><td>KL5-euer</td></tr></table><div class=klassen>herufi Kl. 9/10 (Ø/n-) → herufi — Numerus nur an der Konkordanz · jina Kl. 5/6 (ji-/Ø › ma-) → majina</div><div class=konkordanz>Kl.9: SUBJ i- · ADJ Ø/n- · GEN ya · DEM hii/ile · POSS y- · REL -yo · Kl.5: SUBJ li- · ADJ ji-/Ø · GEN la · DEM hili/lile · POSS l- · REL -lo</div><div class=hinweis>buchstabieren = die Buchstaben nennen</div>	A1 SD1 B buchstabieren
Basi linalofuata linakuja saa ngapi?	Wann kommt der nächste Bus?<hr><table class=gloss><tr class=mo><td>basi</td><td>li-na-lo-fuat-a</td><td>li-na-kuj-a</td><td>saa</td><td>ngapi</td></tr><tr class=la><td>KL5.Bus</td><td>KL5-PRÄS-REL5-folgen-IND</td><td>KL5-PRÄS-kommen-IND</td><td>KL9.Stunde</td><td>wieviel</td></tr></table><div class=klassen>basi Kl. 5/6 (ji-/Ø › ma-) → mabasi · saa Kl. 9/10 (Ø/n-) → saa — Numerus nur an der Konkordanz [auch &quot;Uhr&quot;]</div><div class=konkordanz>Kl.5: SUBJ li- · ADJ ji-/Ø · GEN la · DEM hili/lile · POSS l- · REL -lo · Kl.9: SUBJ i- · ADJ Ø/n- · GEN ya · DEM hii/ile · POSS y- · REL -yo</div><div class=hinweis>Relativinfix -lo- für Kl.5</div>	A1 SD1 B Bus
Kwangu tafadhali mkate mdogo na siagi na jibini.	Für mich bitte ein Brötchen mit Butter und Käse.<hr><table class=gloss><tr class=mo><td>kw-angu</td><td>tafadhali</td><td>m-kate</td><td>m-dogo</td><td>na</td><td>siagi</td><td>na</td><td>jibini</td></tr><tr class=la><td>KL17-mein</td><td>bitte</td><td>KL3-Brot</td><td>KL3-klein</td><td>mit</td><td>KL9.Butter</td><td>und</td><td>KL9.Käse</td></tr></table><div class=klassen>mkate Kl. 3/4 (m-/mw- › mi-) → mikate · siagi Kl. 9 (Ø/n-), kein Numeruswechsel [kein Plural]</div><div class=konkordanz>Kl.3: SUBJ u- · ADJ m-/mw- · GEN wa · DEM huu/ule · POSS w- · REL -o · Kl.9: SUBJ i- · ADJ Ø/n- · GEN ya · DEM hii/ile · POSS y- · REL -yo</div><div class=hinweis>kwangu heißt &quot;für mich&quot; mit Ortsklasse 17</div>	A1 SD1 B Butter
Tukutane kwenye mkahawa?	Sollen wir uns im Café treffen?<hr><table class=gloss><tr class=mo><td>tu-kutan-e</td><td>kwenye</td><td>m-kahawa</td></tr><tr class=la><td>1PL-treffen-KONJ</td><td>an</td><td>KL3-Café</td></tr></table><div class=klassen>mkahawa Kl. 3/4 (m-/mw- › mi-) → mikahawa</div><div class=konkordanz>Kl.3: SUBJ u- · ADJ m-/mw- · GEN wa · DEM huu/ule · POSS w- · REL -o</div><div class=hinweis>Konjunktiv ohne lazima als Vorschlag</div>	A1 SD1 C Caf_
Tafadhali lete CD unayoipenda zaidi.	Bring bitte deine Lieblings-CD mit.<hr><table class=gloss><tr class=mo><td>tafadhali</td><td>let-e</td><td>CD</td><td>u-na-yo-i-pend-a</td><td>zaidi</td></tr><tr class=la><td>bitte</td><td>bringen-KONJ</td><td>KL9.CD</td><td>2SG-PRÄS-REL9-OBJ9-mögen-IND</td><td>mehr</td></tr></table><div class=klassen>CD Kl. 9/10 (Ø/n-) → CD — Numerus nur an der Konkordanz [Lehnwort]</div><div class=konkordanz>Kl.9: SUBJ i- · ADJ Ø/n- · GEN ya · DEM hii/ile · POSS y- · REL -yo</div><div class=hinweis>Relativ -yo- und Objekt -i- stehen beide im Verb</div>	A1 SD1 C CD
Tuna bosi mpya mwanamke.	Wir haben eine neue Chefin.<hr><table class=gloss><tr class=mo><td>tu-na</td><td>bosi</td><td>m-pya</td><td>mwanamke</td></tr><tr class=la><td>1PL-haben</td><td>KL5/KL1.Chefin</td><td>KL1-neu</td><td>KL1.Frau</td></tr></table><div class=klassen>bosi Kl. 5/6 (ji-/Ø › ma-) → mabosi [Person: Form Kl. 5/6, Kongruenz Kl. 1/2] · mwanamke Kl. 1/2 (m-/mw- › wa-) → wanawake</div><div class=konkordanz>Kl.1: SUBJ a- · ADJ m-/mw- · GEN wa · DEM huyu/yule · POSS w- · REL -ye</div><div class=hinweis>bosi ist Kl.5, kongruiert als Person aber Kl.1</div>	A1 SD1 C Chef
Kutoka Mainz hadi Frankfurt ni kama kilomita hamsini.	Von Mainz nach Frankfurt sind es circa fünfzig Kilometer.<hr><table class=gloss><tr class=mo><td>ku-tok-a</td><td>Mainz</td><td>hadi</td><td>Frankfurt</td><td>ni</td><td>kama</td><td>kilomita</td><td>hamsini</td></tr><tr class=la><td>KL15-kommen-IND</td><td>Mainz</td><td>bis</td><td>Frankfurt</td><td>KOP</td><td>etwa</td><td>KL9.Kilometer</td><td>fünfzig</td></tr></table><div class=konkordanz>Kl.15: SUBJ ku- · ADJ ku- · GEN kwa · DEM huku/kule · POSS kw- · REL -ko · Kl.9: SUBJ i- · ADJ Ø/n- · GEN ya · DEM hii/ile · POSS y- · REL -yo</div><div class=hinweis>kama dient als &quot;etwa&quot; und als &quot;wie&quot;</div>	A1 SD1 C circa/ca_
Utapata kompyuta yako mpya lini?	Wann bekommst du deinen neuen Computer?<hr><table class=gloss><tr class=mo><td>u-ta-pat-a</td><td>kompyuta</td><td>y-ako</td><td>m-pya</td><td>lini</td></tr><tr class=la><td>2SG-FUT-bekommen-IND</td><td>KL9.Computer</td><td>KL9-dein</td><td>KL9-neu</td><td>wann</td></tr></table><div class=klassen>kompyuta Kl. 9/10 (Ø/n-) → kompyuta — Numerus nur an der Konkordanz [Lehnwort]</div><div class=konkordanz>Kl.9: SUBJ i- · ADJ Ø/n- · GEN ya · DEM hii/ile · POSS y- · REL -yo</div><div class=hinweis>mpya steht hier für Kl.9 ohne Nasalpräfix</div>	A1 SD1 C Computer
Yuko huko nyuma.	Da hinten ist er ja.<hr><table class=gloss><tr class=mo><td>yu-ko</td><td>huko</td><td>nyuma</td></tr><tr class=la><td>3SG-sein.da</td><td>dort</td><td>hinten</td></tr></table><div class=hinweis>yuko ist die Sonderform von a- plus -ko</div>	A1 SD1 D da
Tunazungumza kuhusu Paul. Tazama, anakuja hivi sasa.	Wir sprechen gerade über Paul. Da kommt er ja gerade.<hr><table class=gloss><tr class=mo><td>tu-na-zungumz-a</td><td>kuhusu</td><td>Paul</td><td>tazam-a</td><td>a-na-kuj-a</td><td>hivi</td><td>sasa</td></tr><tr class=la><td>1PL-PRÄS-sprechen-IND</td><td>über</td><td>Paul</td><td>schauen-IMP</td><td>3SG-PRÄS-kommen-IND</td><td>gleich</td><td>jetzt</td></tr></table><div class=hinweis>kuhusu &quot;über&quot; verlangt keinen Genitiv</div>	A1 SD1 D da
Nachukua hiki hapa.	Ich nehme das da.<hr><table class=gloss><tr class=mo><td>na-chuku-a</td><td>hiki</td><td>hapa</td></tr><tr class=la><td>1SG.PRÄS.ALLG-nehmen-IND</td><td>KL7.DEM</td><td>hier</td></tr></table><div class=konkordanz>Kl.7: SUBJ ki- · ADJ ki- · GEN cha · DEM hiki/kile · POSS ch- · REL -cho</div><div class=hinweis>hiki zeigt auf ein Ding der Kl.7</div>	A1 SD1 D da
Bwana Klein yuko tayari?	Ist Herr Klein schon da?<hr><table class=gloss><tr class=mo><td>bwana</td><td>Klein</td><td>yu-ko</td><td>tayari</td></tr><tr class=la><td>KL5/KL1.Herr</td><td>Klein</td><td>3SG-sein.da</td><td>schon</td></tr></table><div class=klassen>bwana Kl. 5/6 (ji-/Ø › ma-) → mabwana [Person: Form Kl. 5/6, Kongruenz Kl. 1/2]</div><div class=konkordanz>Kl.1: SUBJ a- · ADJ m-/mw- · GEN wa · DEM huyu/yule · POSS w- · REL -ye</div><div class=hinweis>yuko für Personen, iko für Sachen der Kl.9</div>	A1 SD1 D da
Wanawake (kwenye choo)	Damen (an der Toilette)<hr><table class=gloss><tr class=mo><td>wanawake</td><td>kwenye</td><td>choo</td></tr><tr class=la><td>KL2.Dame</td><td>an</td><td>KL7.Toilette</td></tr></table><div class=klassen>mwanamke Kl. 1/2 (m-/mw- › wa-) → wanawake · choo Kl. 7/8 (ki- › vi-) → vyoo</div><div class=konkordanz>Kl.1: SUBJ a- · ADJ m-/mw- · GEN wa · DEM huyu/yule · POSS w- · REL -ye · Kl.7: SUBJ ki- · ADJ ki- · GEN cha · DEM hiki/kile · POSS ch- · REL -cho</div><div class=hinweis>Beschilderung ohne Verb</div>	A1 SD1 D Dame
Wanawake na wanaume waheshimiwa!	Sehr geehrte Damen und Herren!<hr><table class=gloss><tr class=mo><td>wanawake</td><td>na</td><td>wanaume</td><td>wa-heshimi-w-a</td></tr><tr class=la><td>KL2.Dame</td><td>und</td><td>KL2.Herr</td><td>KL2-ehren-PASS-IND</td></tr></table><div class=klassen>mwanamke Kl. 1/2 (m-/mw- › wa-) → wanawake · mwanamume Kl. 1/2 (m-/mw- › wa-) → wanaume</div><div class=konkordanz>Kl.1: SUBJ a- · ADJ m-/mw- · GEN wa · DEM huyu/yule · POSS w- · REL -ye</div><div class=hinweis>Anredeformel mit Passiv: &quot;die Geehrten&quot;</div>	A1 SD1 D Dame
Unaijua posta. Benki iko kando yake.	Du kennst doch die Post. Daneben ist die Bank.<hr><table class=gloss><tr class=mo><td>u-na-i-ju-a</td><td>posta</td><td>benki</td><td>i-ko</td><td>kando</td><td>y-ake</td></tr><tr class=la><td>2SG-PRÄS-OBJ9-kennen-IND</td><td>KL9.Post</td><td>KL9.Bank</td><td>KL9-sein.da</td><td>neben</td><td>KL9-sein</td></tr></table><div class=klassen>posta Kl. 9/10 (Ø/n-) → posta — Numerus nur an der Konkordanz [Lehnwort] · benki Kl. 9/10 (Ø/n-) → benki — Numerus nur an der Konkordanz [Geldinstitut; Sitzbank = &quot;benchi&quot;]</div><div class=konkordanz>Kl.9: SUBJ i- · ADJ Ø/n- · GEN ya · DEM hii/ile · POSS y- · REL -yo</div><div class=hinweis>kando yake heißt wörtlich &quot;an ihrer Seite&quot;</div>	A1 SD1 D daneben
Nawashukuru kwa mwaliko.	Ich danke Ihnen für die Einladung.<hr><table class=gloss><tr class=mo><td>na-wa-shukuru</td><td>kwa</td><td>mw-aliko</td></tr><tr class=la><td>1SG.PRÄS.ALLG-OBJ2PL-danken</td><td>für</td><td>KL3-Einladung</td></tr></table><div class=klassen>mwaliko Kl. 3/4 (m-/mw- › mi-) → mialiko</div><div class=konkordanz>Kl.3: SUBJ u- · ADJ m-/mw- · GEN wa · DEM huu/ule · POSS w- · REL -o</div><div class=hinweis>kushukuru ist arabisches Lehnverb auf -u</div>	A1 SD1 D danken
Shukrani nyingi!	Vielen Dank!<hr><table class=gloss><tr class=mo><td>shukrani</td><td>ny-ingi</td></tr><tr class=la><td>KL10.Dank</td><td>KL10-viele</td></tr></table><div class=klassen>shukrani Kl. 9/10 (Ø/n-) → shukrani — Numerus nur an der Konkordanz</div><div class=konkordanz>Kl.9: SUBJ i- · ADJ Ø/n- · GEN ya · DEM hii/ile · POSS y- · REL -yo</div><div class=hinweis>nyingi kongruiert mit shukrani Kl.10</div>	A1 SD1 D Dank
Shukrani za moyo!	Herzlichen Dank!<hr><table class=gloss><tr class=mo><td>shukrani</td><td>z-a</td><td>moyo</td></tr><tr class=la><td>KL10.Dank</td><td>KL10-GEN</td><td>KL3.Herz</td></tr></table><div class=klassen>shukrani Kl. 9/10 (Ø/n-) → shukrani — Numerus nur an der Konkordanz</div><div class=konkordanz>Kl.9: SUBJ i- · ADJ Ø/n- · GEN ya · DEM hii/ile · POSS y- · REL -yo</div><div class=hinweis>wörtlich &quot;Dank des Herzens&quot;</div>	A1 SD1 D Dank
Nikusaidie? - Hapana, asante!	Soll ich Ihnen helfen? - Nein, danke!<hr><table class=gloss><tr class=mo><td>ni-ku-saidi-e</td><td>hapana</td><td>asante</td></tr><tr class=la><td>1SG-OBJ2SG-helfen-KONJ</td><td>nein</td><td>danke</td></tr></table><div class=hinweis>Konjunktiv allein bietet Hilfe an</div>	A1 SD1 D danke
Lazima niende posta haraka, kisha nitakuja.	Ich muss noch schnell zur Post, dann komme ich.<hr><table class=gloss><tr class=mo><td>lazima</td><td>ni-end-e</td><td>posta</td><td>haraka</td><td>kisha</td><td>ni-ta-kuj-a</td></tr><tr class=la><td>muss</td><td>1SG-gehen-KONJ</td><td>KL9.Post</td><td>schnell</td><td>dann</td><td>1SG-FUT-kommen-IND</td></tr></table><div class=klassen>posta Kl. 9/10 (Ø/n-) → posta — Numerus nur an der Konkordanz [Lehnwort]</div><div class=konkordanz>Kl.9: SUBJ i- · ADJ Ø/n- · GEN ya · DEM hii/ile · POSS y- · REL -yo</div><div class=hinweis>kisha verknüpft zwei Handlungen zeitlich</div>	A1 SD1 D dann
Tafadhali andikeni pia tarehe kwenye fomu.	Bitte schreiben Sie noch das Datum auf das Formular.<hr><table class=gloss><tr class=mo><td>tafadhali</td><td>andik-eni</td><td>pia</td><td>tarehe</td><td>kwenye</td><td>fomu</td></tr><tr class=la><td>bitte</td><td>schreiben-IMP.PL</td><td>auch</td><td>KL9.Datum</td><td>an</td><td>KL9.Formular</td></tr></table><div class=klassen>tarehe Kl. 9/10 (Ø/n-) → tarehe — Numerus nur an der Konkordanz · fomu Kl. 9/10 (Ø/n-) → fomu — Numerus nur an der Konkordanz [Lehnwort]</div><div class=konkordanz>Kl.9: SUBJ i- · ADJ Ø/n- · GEN ya · DEM hii/ile · POSS y- · REL -yo</div><div class=hinweis>tarehe ist Kl.9 und Kl.10 gleich</div>	A1 SD1 D Datum
Filamu inachukua muda gani?	Wie lange dauert der Film?<hr><table class=gloss><tr class=mo><td>filamu</td><td>i-na-chuku-a</td><td>muda</td><td>gani</td></tr><tr class=la><td>KL9.Film</td><td>KL9-PRÄS-nehmen-IND</td><td>KL3.Zeit</td><td>welche</td></tr></table><div class=klassen>filamu Kl. 9/10 (Ø/n-) → filamu — Numerus nur an der Konkordanz [Lehnwort] · muda Kl. 3/10 (m-/mw- › Ø/n-) → nyakati [Plural unregelmaessig]</div><div class=konkordanz>Kl.9: SUBJ i- · ADJ Ø/n- · GEN ya · DEM hii/ile · POSS y- · REL -yo · Kl.3: SUBJ u- · ADJ m-/mw- · GEN wa · DEM huu/ule · POSS w- · REL -o</div><div class=hinweis>dauern = Zeit nehmen</div>	A1 SD1 D dauern
Hili ni gari lako?	Ist das dein Auto?<hr><table class=gloss><tr class=mo><td>hili</td><td>ni</td><td>gari</td><td>l-ako</td></tr><tr class=la><td>KL5.DEM</td><td>KOP</td><td>KL5.Auto</td><td>KL5-dein</td></tr></table><div class=klassen>gari Kl. 5/6 (ji-/Ø › ma-) → magari</div><div class=konkordanz>Kl.5: SUBJ li- · ADJ ji-/Ø · GEN la · DEM hili/lile · POSS l- · REL -lo</div><div class=hinweis>hili und lako kongruieren beide mit Kl.5</div>	A1 SD1 D dein
Hili ni lako?	Ist das deins?<hr><table class=gloss><tr class=mo><td>hili</td><td>ni</td><td>l-ako</td></tr><tr class=la><td>KL5.DEM</td><td>KOP</td><td>KL5-dein</td></tr></table><div class=konkordanz>Kl.5: SUBJ li- · ADJ ji-/Ø · GEN la · DEM hili/lile · POSS l- · REL -lo</div><div class=hinweis>Possessiv steht allein, Klasse bleibt erkennbar</div>	A1 SD1 D dein
Siwezi kuja, kwa sababu mimi ni mgonjwa.	Ich kann nicht kommen, denn ich bin krank.<hr><table class=gloss><tr class=mo><td>si-wez-i</td><td>ku-j-a</td><td>kwa</td><td>sababu</td><td>mimi</td><td>ni</td><td>m-gonjwa</td></tr><tr class=la><td>1SG.NEG-können-NEG</td><td>KL15-kommen-IND</td><td>für</td><td>KL9.Ursache</td><td>ich</td><td>KOP</td><td>KL1-krank</td></tr></table><div class=konkordanz>Kl.15: SUBJ ku- · ADJ ku- · GEN kwa · DEM huku/kule · POSS kw- · REL -ko · Kl.9: SUBJ i- · ADJ Ø/n- · GEN ya · DEM hii/ile · POSS y- · REL -yo</div><div class=hinweis>siwezi: negatives si- plus Endvokal -i</div>	A1 SD1 D denn
Nachukua hiki hapa.	Ich nehme das da.<hr><table class=gloss><tr class=mo><td>na-chuku-a</td><td>hiki</td><td>hapa</td></tr><tr class=la><td>1SG.PRÄS.ALLG-nehmen-IND</td><td>KL7.DEM</td><td>hier</td></tr></table><div class=konkordanz>Kl.7: SUBJ ki- · ADJ ki- · GEN cha · DEM hiki/kile · POSS ch- · REL -cho</div><div class=hinweis>Swahili hat keinen Artikel, nur Demonstrativa</div>	A1 SD1 D der
Hii ni barua unayoitafuta.	Hier ist der Brief, den du suchst.<hr><table class=gloss><tr class=mo><td>hii</td><td>ni</td><td>barua</td><td>u-na-yo-i-tafut-a</td></tr><tr class=la><td>KL9.DEM</td><td>KOP</td><td>KL9.Brief</td><td>2SG-PRÄS-REL9-OBJ9-suchen-IND</td></tr></table><div class=klassen>barua Kl. 9/10 (Ø/n-) → barua — Numerus nur an der Konkordanz [Numerus nur an der Konkordanz]</div><div class=konkordanz>Kl.9: SUBJ i- · ADJ Ø/n- · GEN ya · DEM hii/ile · POSS y- · REL -yo</div><div class=hinweis>Relativsatz ohne Relativpronomen, nur Infixe</div>	A1 SD1 D der
Tiketi utaipata stesheni.	Die Fahrkarte bekommst du am Bahnhof.<hr><table class=gloss><tr class=mo><td>tiketi</td><td>u-ta-i-pat-a</td><td>stesheni</td></tr><tr class=la><td>KL9.Fahrkarte</td><td>2SG-FUT-OBJ9-bekommen-IND</td><td>KL9.Bahnhof</td></tr></table><div class=klassen>tiketi Kl. 9/10 (Ø/n-) → tiketi — Numerus nur an der Konkordanz [Lehnwort] · stesheni Kl. 9/10 (Ø/n-) → stesheni — Numerus nur an der Konkordanz [Lehnwort]</div><div class=konkordanz>Kl.9: SUBJ i- · ADJ Ø/n- · GEN ya · DEM hii/ile · POSS y- · REL -yo</div><div class=hinweis>Vorangestelltes Objekt wird im Verb wiederholt</div>	A1 SD1 D der
Maua ni kwa ajili yako.	Die Blumen sind für dich.<hr><table class=gloss><tr class=mo><td>ma-ua</td><td>ni</td><td>kwa</td><td>ajili</td><td>y-ako</td></tr><tr class=la><td>KL6-Blume</td><td>KOP</td><td>für</td><td>KL9.Zweck</td><td>KL9-dein</td></tr></table><div class=klassen>ua Kl. 5/6 (ji-/Ø › ma-) → maua [Nullpraefix im Singular]</div><div class=konkordanz>Kl.5: SUBJ li- · ADJ ji-/Ø · GEN la · DEM hili/lile · POSS l- · REL -lo</div><div class=hinweis>kwa ajili ya für den Zweck</div>	A1 SD1 D dich
Napenda kuchukua keki hii zaidi.	Ich nehme lieber diesen Kuchen.<hr><table class=gloss><tr class=mo><td>na-pend-a</td><td>ku-chuku-a</td><td>keki</td><td>hii</td><td>zaidi</td></tr><tr class=la><td>1SG.PRÄS.ALLG-mögen-IND</td><td>KL15-nehmen-IND</td><td>KL9.Kuchen</td><td>KL9.DEM</td><td>mehr</td></tr></table><div class=klassen>keki Kl. 9/10 (Ø/n-) → keki — Numerus nur an der Konkordanz [Lehnwort]</div><div class=konkordanz>Kl.9: SUBJ i- · ADJ Ø/n- · GEN ya · DEM hii/ile · POSS y- · REL -yo</div><div class=hinweis>lieber = kupenda zaidi</div>	A1 SD1 D dies
Maua yanakupendeza?	Gefallen dir die Blumen?<hr><table class=gloss><tr class=mo><td>ma-ua</td><td>ya-na-ku-pendez-a</td></tr><tr class=la><td>KL6-Blume</td><td>KL6-PRÄS-OBJ2SG-gefallen-IND</td></tr></table><div class=klassen>ua Kl. 5/6 (ji-/Ø › ma-) → maua [Nullpraefix im Singular]</div><div class=konkordanz>Kl.5: SUBJ li- · ADJ ji-/Ø · GEN la · DEM hili/lile · POSS l- · REL -lo</div><div class=hinweis>Das Gefallende ist Subjekt, der Mensch Objekt</div>	A1 SD1 D dir
Leo jioni tunaenda disko kucheza.	Heute abend gehen wir in die Disco tanzen.<hr><table class=gloss><tr class=mo><td>leo</td><td>jioni</td><td>tu-na-end-a</td><td>disko</td><td>ku-chez-a</td></tr><tr class=la><td>heute</td><td>KL9.Abend</td><td>1PL-PRÄS-gehen-IND</td><td>KL9.Disco</td><td>KL15-tanzen-IND</td></tr></table><div class=klassen>disko Kl. 9/10 (Ø/n-) → disko — Numerus nur an der Konkordanz [Lehnwort]</div><div class=konkordanz>Kl.9: SUBJ i- · ADJ Ø/n- · GEN ya · DEM hii/ile · POSS y- · REL -yo</div><div class=hinweis>Zweck durch Infinitiv der Kl.15</div>	A1 SD1 D Disco
Binti yangu ni mgonjwa. Tunaenda kwa daktari.	Meine Tochter ist krank. Wir gehen zum Doktor.<hr><table class=gloss><tr class=mo><td>binti</td><td>y-angu</td><td>ni</td><td>m-gonjwa</td><td>tu-na-end-a</td><td>kwa</td><td>daktari</td></tr><tr class=la><td>KL5/KL1.Tochter</td><td>KL9-mein</td><td>KOP</td><td>KL1-krank</td><td>1PL-PRÄS-gehen-IND</td><td>zu</td><td>KL5/KL1.Arzt</td></tr></table><div class=klassen>binti Kl. 5/6 (ji-/Ø › ma-) → mabinti [Person: Form Kl. 5/6, Kongruenz Kl. 1/2] · daktari Kl. 5/6 (ji-/Ø › ma-) → madaktari [Person: Form Kl. 5/6, Kongruenz Kl. 1/2]</div><div class=konkordanz>Kl.1: SUBJ a- · ADJ m-/mw- · GEN wa · DEM huyu/yule · POSS w- · REL -ye</div><div class=hinweis>binti nimmt yangu Kl.9, kongruiert aber als Person</div>	A1 SD1 D Doktor
Mnataka chumba cha watu wawili au cha mtu mmoja?	Wollen Sie ein Doppelzimmer oder ein Einzelzimmer?<hr><table class=gloss><tr class=mo><td>m-na-tak-a</td><td>ki-umba</td><td>ch-a</td><td>watu</td><td>w-awili</td><td>au</td><td>ch-a</td><td>mtu</td><td>m-moja</td></tr><tr class=la><td>2PL-PRÄS-wollen-IND</td><td>KL7-Zimmer</td><td>KL7-GEN</td><td>KL2.Leute</td><td>KL2-zwei</td><td>oder</td><td>KL7-GEN</td><td>KL1.Mensch</td><td>KL1-eins</td></tr></table><div class=klassen>chumba Kl. 7/8 (ki- › vi-) → vyumba · mtu Kl. 1/2 (m-/mw- › wa-) → watu [Musterwort fuer Kl. 1/2]</div><div class=konkordanz>Kl.7: SUBJ ki- · ADJ ki- · GEN cha · DEM hiki/kile · POSS ch- · REL -cho · Kl.1: SUBJ a- · ADJ m-/mw- · GEN wa · DEM huyu/yule · POSS w- · REL -ye</div><div class=hinweis>Der Genitiv cha wiederholt sich beim zweiten Glied</div>	A1 SD1 D Doppelzimmer
Familia yangu inakaa kijijini.	Meine Familie lebt in einem Dorf.<hr><table class=gloss><tr class=mo><td>familia</td><td>y-angu</td><td>i-na-ka-a</td><td>ki-jiji-ni</td></tr><tr class=la><td>KL9.Familie</td><td>KL9-mein</td><td>KL9-PRÄS-wohnen-IND</td><td>KL7-Dorf-LOK</td></tr></table><div class=klassen>familia Kl. 9/10 (Ø/n-) → familia — Numerus nur an der Konkordanz [Lehnwort]</div><div class=konkordanz>Kl.9: SUBJ i- · ADJ Ø/n- · GEN ya · DEM hii/ile · POSS y- · REL -yo</div><div class=hinweis>Ortssuffix -ni tritt an das Nomen der Kl.7</div>	A1 SD1 D Dorf
Mfuko wako unaweza kuuweka huko.	Deine Tasche kannst du dorthin stellen.<hr><table class=gloss><tr class=mo><td>m-fuko</td><td>w-ako</td><td>u-na-wez-a</td><td>ku-u-wek-a</td><td>huko</td></tr><tr class=la><td>KL3-Tasche</td><td>KL3-dein</td><td>KL3-PRÄS-können-IND</td><td>KL15-OBJ3-stellen-IND</td><td>dorthin</td></tr></table><div class=klassen>mfuko Kl. 3/4 (m-/mw- › mi-) → mifuko</div><div class=konkordanz>Kl.3: SUBJ u- · ADJ m-/mw- · GEN wa · DEM huu/ule · POSS w- · REL -o</div><div class=hinweis>Objektpräfix -u- greift mfuko Kl.3 auf</div>	A1 SD1 D dort
Nyumba yetu iko huko.	Dort ist unser Haus.<hr><table class=gloss><tr class=mo><td>nyumba</td><td>y-etu</td><td>i-ko</td><td>huko</td></tr><tr class=la><td>KL9.Haus</td><td>KL9-unser</td><td>KL9-sein.da</td><td>dort</td></tr></table><div class=klassen>nyumba Kl. 9/10 (Ø/n-) → nyumba — Numerus nur an der Konkordanz</div><div class=konkordanz>Kl.9: SUBJ i- · ADJ Ø/n- · GEN ya · DEM hii/ile · POSS y- · REL -yo</div><div class=hinweis>iko für Sachen, yuko für Personen</div>	A1 SD1 D dort
Tukae nje?	Wollen wir draußen sitzen?<hr><table class=gloss><tr class=mo><td>tu-ka-e</td><td>nje</td></tr><tr class=la><td>1PL-sitzen-KONJ</td><td>draußen</td></tr></table><div class=hinweis>nje ist unveränderlich</div>	A1 SD1 D draußen
Tafadhali nichapishie fomu.	Bitte drucke das Formular für mich.<hr><table class=gloss><tr class=mo><td>tafadhali</td><td>ni-chapish-i-e</td><td>fomu</td></tr><tr class=la><td>bitte</td><td>OBJ1SG-drucken-APPL-KONJ</td><td>KL9.Formular</td></tr></table><div class=klassen>fomu Kl. 9/10 (Ø/n-) → fomu — Numerus nur an der Konkordanz [Lehnwort]</div><div class=konkordanz>Kl.9: SUBJ i- · ADJ Ø/n- · GEN ya · DEM hii/ile · POSS y- · REL -yo</div><div class=hinweis>Applikativ nennt den Begünstigten</div>	A1 SD1 D drucken
Printa yangu imeharibika.	Mein Drucker ist kaputt.<hr><table class=gloss><tr class=mo><td>printa</td><td>y-angu</td><td>i-me-haribik-a</td></tr><tr class=la><td>KL9.Drucker</td><td>KL9-mein</td><td>KL9-PERF-kaputt.gehen-IND</td></tr></table><div class=klassen>printa Kl. 9/10 (Ø/n-) → printa — Numerus nur an der Konkordanz [Lehnwort]</div><div class=konkordanz>Kl.9: SUBJ i- · ADJ Ø/n- · GEN ya · DEM hii/ile · POSS y- · REL -yo</div><div class=hinweis>Stativ -ik- plus Perfekt ergibt &quot;ist kaputt&quot;</div>	A1 SD1 D Drucker
Bonyeza hapa, kisha kompyuta itawaka.	Drück hier, dann geht der Computer an.<hr><table class=gloss><tr class=mo><td>bonyez-a</td><td>hapa</td><td>kisha</td><td>kompyuta</td><td>i-ta-wak-a</td></tr><tr class=la><td>drücken-IMP</td><td>hier</td><td>dann</td><td>KL9.Computer</td><td>KL9-FUT-angehen-IND</td></tr></table><div class=klassen>kompyuta Kl. 9/10 (Ø/n-) → kompyuta — Numerus nur an der Konkordanz [Lehnwort]</div><div class=konkordanz>Kl.9: SUBJ i- · ADJ Ø/n- · GEN ya · DEM hii/ile · POSS y- · REL -yo</div><div class=hinweis>kuwaka für Licht und Geräte</div>	A1 SD1 D drücken
Ni bora mpite katika barabara pana.	Am besten gehen Sie durch die Breite Straße.<hr><table class=gloss><tr class=mo><td>ni</td><td>bora</td><td>m-pit-e</td><td>katika</td><td>barabara</td><td>pana</td></tr><tr class=la><td>KOP</td><td>besser</td><td>2PL-gehen-KONJ</td><td>durch</td><td>KL9.Straße</td><td>breit</td></tr></table><div class=klassen>barabara Kl. 9/10 (Ø/n-) → barabara — Numerus nur an der Konkordanz</div><div class=konkordanz>Kl.9: SUBJ i- · ADJ Ø/n- · GEN ya · DEM hii/ile · POSS y- · REL -yo</div><div class=hinweis>pana bleibt in Kl.9 ohne Präfix</div>	A1 SD1 D durch
Sijaelewa tangazo.	Ich habe die Durchsage nicht verstanden.<hr><table class=gloss><tr class=mo><td>si-ja-elew-a</td><td>tangazo</td></tr><tr class=la><td>1SG.NEG-PERF.NEG-verstehen-IND</td><td>KL5.Durchsage</td></tr></table><div class=klassen>tangazo Kl. 5/6 (ji-/Ø › ma-) → matangazo</div><div class=konkordanz>Kl.5: SUBJ li- · ADJ ji-/Ø · GEN la · DEM hili/lile · POSS l- · REL -lo</div><div class=hinweis>-ja- ist das negative Perfekt: noch nicht</div>	A1 SD1 D Durchsage
Hamruhusiwi kuvuta sigara hapa.	Sie dürfen hier nicht rauchen.<hr><table class=gloss><tr class=mo><td>ham-ruhus-iw-i</td><td>ku-vut-a</td><td>sigara</td><td>hapa</td></tr><tr class=la><td>2PL.NEG-erlauben-PASS-NEG</td><td>KL15-ziehen-IND</td><td>KL9.Zigarette</td><td>hier</td></tr></table><div class=klassen>sigara Kl. 9/10 (Ø/n-) → sigara — Numerus nur an der Konkordanz [Lehnwort]</div><div class=konkordanz>Kl.9: SUBJ i- · ADJ Ø/n- · GEN ya · DEM hii/ile · POSS y- · REL -yo</div><div class=hinweis>rauchen = kuvuta sigara, &quot;Zigarette ziehen&quot;</div>	A1 SD1 D dürfen
Naweza kuwakaribisha kahawa?	Darf ich Sie zu einem Kaffee einladen?<hr><table class=gloss><tr class=mo><td>na-wez-a</td><td>ku-wa-karibish-a</td><td>kahawa</td></tr><tr class=la><td>1SG.PRÄS.ALLG-können-IND</td><td>KL15-OBJ2PL-einladen-IND</td><td>KL9.Kaffee</td></tr></table><div class=klassen>kahawa Kl. 9/10 (Ø/n-) → kahawa — Numerus nur an der Konkordanz</div><div class=konkordanz>Kl.9: SUBJ i- · ADJ Ø/n- · GEN ya · DEM hii/ile · POSS y- · REL -yo</div><div class=hinweis>karibisha ist der Kausativ zu karibu</div>	A1 SD1 D dürfen
Haipaswi kugharimu zaidi ya Euro kumi na tano.	Es darf nicht mehr als 15 Euro kosten.<hr><table class=gloss><tr class=mo><td>hai-pasw-i</td><td>ku-gharimu</td><td>zaidi</td><td>y-a</td><td>Euro</td><td>kumi</td><td>na</td><td>tano</td></tr><tr class=la><td>KL9.NEG-sollen-NEG</td><td>KL15-kosten</td><td>mehr</td><td>KL9-GEN</td><td>Euro</td><td>zehn</td><td>und</td><td>fünf</td></tr></table><div class=konkordanz>Kl.9: SUBJ i- · ADJ Ø/n- · GEN ya · DEM hii/ile · POSS y- · REL -yo · Kl.15: SUBJ ku- · ADJ ku- · GEN kwa · DEM huku/kule · POSS kw- · REL -ko</div><div class=hinweis>fünfzehn = kumi na tano</div>	A1 SD1 D dürfen
Una kitu cha kunywa? Nina kiu kali.	Hast du etwas zu trinken? Ich habe großen Durst.<hr><table class=gloss><tr class=mo><td>u-na</td><td>ki-tu</td><td>ch-a</td><td>ku-nyw-a</td><td>ni-na</td><td>kiu</td><td>kali</td></tr><tr class=la><td>2SG-haben</td><td>KL7-Ding</td><td>KL7-GEN</td><td>KL15-trinken-IND</td><td>1SG-haben</td><td>KL9.Durst</td><td>scharf</td></tr></table><div class=klassen>kiu Kl. 9 (Ø/n-), kein Numeruswechsel [kein Plural]</div><div class=konkordanz>Kl.9: SUBJ i- · ADJ Ø/n- · GEN ya · DEM hii/ile · POSS y- · REL -yo</div><div class=hinweis>Durst haben, nicht durstig sein</div>	A1 SD1 D Durst
Sipendi kuoga kwenye bafu, napenda kunyeshewa zaidi.	Ich bade nicht so gern, ich dusche lieber.<hr><table class=gloss><tr class=mo><td>si-pend-i</td><td>ku-og-a</td><td>kwenye</td><td>bafu</td><td>na-pend-a</td><td>ku-nyeshe-w-a</td><td>zaidi</td></tr><tr class=la><td>1SG.NEG-mögen-NEG</td><td>KL15-baden-IND</td><td>an</td><td>KL9.Bad</td><td>1SG.PRÄS.ALLG-mögen-IND</td><td>KL15-duschen-PASS-IND</td><td>mehr</td></tr></table><div class=klassen>bafu Kl. 9/10 (Ø/n-) → bafu — Numerus nur an der Konkordanz [Lehnwort]</div><div class=konkordanz>Kl.9: SUBJ i- · ADJ Ø/n- · GEN ya · DEM hii/ile · POSS y- · REL -yo</div><div class=hinweis>duschen steht im Passiv: man wird berieselt</div>	A1 SD1 D duschen
Nyumba yetu ina bomba la kunyeshea tu.	Unsere Wohnung hat nur eine Dusche.<hr><table class=gloss><tr class=mo><td>nyumba</td><td>y-etu</td><td>i-na</td><td>bomba</td><td>l-a</td><td>ku-nyeshe-a</td><td>tu</td></tr><tr class=la><td>KL9.Haus</td><td>KL9-unser</td><td>KL9-haben</td><td>KL5.Rohr</td><td>KL5-GEN</td><td>KL15-berieseln-IND</td><td>nur</td></tr></table><div class=klassen>nyumba Kl. 9/10 (Ø/n-) → nyumba — Numerus nur an der Konkordanz · bomba la kunyeshea Kl. 5/6 (ji-/Ø › ma-) → mabomba ya kunyeshea [Genitiv kongruiert mit dem Kopfnomen]</div><div class=konkordanz>Kl.9: SUBJ i- · ADJ Ø/n- · GEN ya · DEM hii/ile · POSS y- · REL -yo · Kl.5: SUBJ li- · ADJ ji-/Ø · GEN la · DEM hili/lile · POSS l- · REL -lo</div><div class=hinweis>Dusche als bomba la kunyeshea umschrieben</div>	A1 SD1 D Dusche
Kwenye kona inayofuata kushoto.	An der nächsten Ecke links.<hr><table class=gloss><tr class=mo><td>kwenye</td><td>kona</td><td>i-na-yo-fuat-a</td><td>ku-shoto</td></tr><tr class=la><td>an</td><td>KL9.Ecke</td><td>KL9-PRÄS-REL9-folgen-IND</td><td>KL17-links</td></tr></table><div class=klassen>kona Kl. 9/10 (Ø/n-) → kona — Numerus nur an der Konkordanz [Lehnwort]</div><div class=konkordanz>Kl.9: SUBJ i- · ADJ Ø/n- · GEN ya · DEM hii/ile · POSS y- · REL -yo</div><div class=hinweis>links und rechts sind Ortswörter der Kl.17</div>	A1 SD1 E Ecke
Huyu ni mume wangu/mke wangu.	Das ist mein (Ehe-) Mann/meine (Ehe-) Frau.<hr><table class=gloss><tr class=mo><td>huyu</td><td>ni</td><td>mume</td><td>w-angu</td><td>mke</td><td>w-angu</td></tr><tr class=la><td>KL1.DEM</td><td>KOP</td><td>KL1.Ehemann</td><td>KL1-mein</td><td>KL1.Ehefrau</td><td>KL1-mein</td></tr></table><div class=klassen>mke Kl. 1/2 (m-/mw- › wa-) → wake [Ehemann = &quot;mume&quot; Kl. 1/2]</div><div class=konkordanz>Kl.1: SUBJ a- · ADJ m-/mw- · GEN wa · DEM huyu/yule · POSS w- · REL -ye</div><div class=hinweis>mume und mke sind beide Kl.1</div>	A1 SD1 E Ehefrau
Unataka yai kwa kifungua kinywa?	Möchtest du ein Ei zum Frühstück?<hr><table class=gloss><tr class=mo><td>u-na-tak-a</td><td>yai</td><td>kwa</td><td>ki-fungua</td><td>kinywa</td></tr><tr class=la><td>2SG-PRÄS-wollen-IND</td><td>KL5.Ei</td><td>für</td><td>KL7-öffnen</td><td>KL7.Mund</td></tr></table><div class=klassen>yai Kl. 5/6 (ji-/Ø › ma-) → mayai · kifungua kinywa Kl. 7/8 (ki- › vi-) → vifungua kinywa [woertlich &quot;Mundoeffner&quot;]</div><div class=konkordanz>Kl.5: SUBJ li- · ADJ ji-/Ø · GEN la · DEM hili/lile · POSS l- · REL -lo · Kl.7: SUBJ ki- · ADJ ki- · GEN cha · DEM hiki/kile · POSS ch- · REL -cho</div><div class=hinweis>yai Kl.5, Plural mayai Kl.6</div>	A1 SD1 E Ei
Una haraka?	Hast du es eilig?<hr><table class=gloss><tr class=mo><td>u-na</td><td>haraka</td></tr><tr class=la><td>2SG-haben</td><td>KL9.Eile</td></tr></table><div class=konkordanz>Kl.9: SUBJ i- · ADJ Ø/n- · GEN ya · DEM hii/ile · POSS y- · REL -yo</div><div class=hinweis>Eile haben statt eilig sein</div>	A1 SD1 E eilig
Nachukua bia. Unataka moja pia?	Ich nehme ein Bier. Willst du auch eins?<hr><table class=gloss><tr class=mo><td>na-chuku-a</td><td>bia</td><td>u-na-tak-a</td><td>moja</td><td>pia</td></tr><tr class=la><td>1SG.PRÄS.ALLG-nehmen-IND</td><td>KL9.Bier</td><td>2SG-PRÄS-wollen-IND</td><td>eins</td><td>auch</td></tr></table><div class=klassen>bia Kl. 9/10 (Ø/n-) → bia — Numerus nur an der Konkordanz [Lehnwort]</div><div class=konkordanz>Kl.9: SUBJ i- · ADJ Ø/n- · GEN ya · DEM hii/ile · POSS y- · REL -yo</div><div class=hinweis>moja steht allein für &quot;eines&quot;</div>	A1 SD1 E ein
Kuna mtu hapa anayeweza kufanya hivi?	Ist hier einer, der das kann?<hr><table class=gloss><tr class=mo><td>ku-na</td><td>mtu</td><td>hapa</td><td>a-na-ye-wez-a</td><td>ku-fany-a</td><td>hivi</td></tr><tr class=la><td>KL17-mit</td><td>KL1.Mensch</td><td>hier</td><td>KL1-PRÄS-REL1-können-IND</td><td>KL15-tun-IND</td><td>so</td></tr></table><div class=klassen>mtu Kl. 1/2 (m-/mw- › wa-) → watu [Musterwort fuer Kl. 1/2]</div><div class=konkordanz>Kl.1: SUBJ a- · ADJ m-/mw- · GEN wa · DEM huyu/yule · POSS w- · REL -ye</div><div class=hinweis>Relativinfix -ye- für Personen der Kl.1</div>	A1 SD1 E ein
Mtihani ni rahisi kabisa.	Die Prüfung ist ganz einfach.<hr><table class=gloss><tr class=mo><td>m-tihani</td><td>ni</td><td>rahisi</td><td>kabisa</td></tr><tr class=la><td>KL3-Prüfung</td><td>KOP</td><td>einfach</td><td>ganz</td></tr></table><div class=klassen>mtihani Kl. 3/4 (m-/mw- › mi-) → mitihani</div><div class=konkordanz>Kl.3: SUBJ u- · ADJ m-/mw- · GEN wa · DEM huu/ule · POSS w- · REL -o</div><div class=hinweis>rahisi heißt einfach und billig</div>	A1 SD1 E einfach
Kwenda na kurudi? - Hapana, kwenda tu tafadhali.	Hin und zurück? – Nein, bitte nur einfach.<hr><table class=gloss><tr class=mo><td>kw-end-a</td><td>na</td><td>ku-rudi</td><td>hapana</td><td>kw-end-a</td><td>tu</td><td>tafadhali</td></tr><tr class=la><td>KL15-gehen-IND</td><td>und</td><td>KL15-zurückkehren</td><td>nein</td><td>KL15-gehen-IND</td><td>nur</td><td>bitte</td></tr></table><div class=konkordanz>Kl.15: SUBJ ku- · ADJ ku- · GEN kwa · DEM huku/kule · POSS kw- · REL -ko</div><div class=hinweis>einfache Fahrt wörtlich &quot;nur hin&quot;</div>	A1 SD1 E einfach
Nahitaji chumba cha kawaida tu.	Ich brauche nur ein einfaches Zimmer.<hr><table class=gloss><tr class=mo><td>na-hitaji</td><td>ki-umba</td><td>ch-a</td><td>kawaida</td><td>tu</td></tr><tr class=la><td>1SG.PRÄS.ALLG-brauchen</td><td>KL7-Zimmer</td><td>KL7-GEN</td><td>KL9.Gewohnheit</td><td>nur</td></tr></table><div class=klassen>chumba Kl. 7/8 (ki- › vi-) → vyumba</div><div class=konkordanz>Kl.7: SUBJ ki- · ADJ ki- · GEN cha · DEM hiki/kile · POSS ch- · REL -cho</div><div class=hinweis>cha kawaida heißt &quot;gewöhnlich, schlicht&quot;</div>	A1 SD1 E einfach
Njia ya kuingia iko kwenye kona.	Der Eingang ist um die Ecke.<hr><table class=gloss><tr class=mo><td>njia</td><td>y-a</td><td>ku-ingi-a</td><td>i-ko</td><td>kwenye</td><td>kona</td></tr><tr class=la><td>KL9.Weg</td><td>KL9-GEN</td><td>KL15-hineingehen-IND</td><td>KL9-sein.da</td><td>an</td><td>KL9.Ecke</td></tr></table><div class=klassen>njia ya kutoka Kl. 9/10 (Ø/n-) → njia za kutoka [Genitiv kongruiert mit dem Kopfnomen] · kona Kl. 9/10 (Ø/n-) → kona — Numerus nur an der Konkordanz [Lehnwort]</div><div class=konkordanz>Kl.9: SUBJ i- · ADJ Ø/n- · GEN ya · DEM hii/ile · POSS y- · REL -yo</div><div class=hinweis>Eingang als njia ya kuingia umschrieben</div>	A1 SD1 E Eingang
Lazima ninunue vitu kwa kesho.	Ich muss noch für morgen einkaufen.<hr><table class=gloss><tr class=mo><td>lazima</td><td>ni-nunu-e</td><td>vi-tu</td><td>kwa</td><td>kesho</td></tr><tr class=la><td>muss</td><td>1SG-kaufen-KONJ</td><td>KL8-Ding</td><td>für</td><td>morgen</td></tr></table><div class=konkordanz>Kl.8: SUBJ vi- · ADJ vi- · GEN vya · DEM hivi/vile · POSS vy- · REL -vyo</div><div class=hinweis>einkaufen = vitu kununua, &quot;Dinge kaufen&quot;</div>	A1 SD1 E einkaufen
Naweza kuwakaribisha kahawa?	Darf ich Sie zu einem Kaffee einladen?<hr><table class=gloss><tr class=mo><td>na-wez-a</td><td>ku-wa-karibish-a</td><td>kahawa</td></tr><tr class=la><td>1SG.PRÄS.ALLG-können-IND</td><td>KL15-OBJ2PL-einladen-IND</td><td>KL9.Kaffee</td></tr></table><div class=klassen>kahawa Kl. 9/10 (Ø/n-) → kahawa — Numerus nur an der Konkordanz</div><div class=konkordanz>Kl.9: SUBJ i- · ADJ Ø/n- · GEN ya · DEM hii/ile · POSS y- · REL -yo</div><div class=hinweis>Objektpräfix -wa- steht für höfliches Sie</div>	A1 SD1 E einladen
Asante kwa mwaliko!	Danke für die Einladung!<hr><table class=gloss><tr class=mo><td>asante</td><td>kwa</td><td>mw-aliko</td></tr><tr class=la><td>danke</td><td>für</td><td>KL3-Einladung</td></tr></table><div class=klassen>mwaliko Kl. 3/4 (m-/mw- › mi-) → mialiko</div><div class=konkordanz>Kl.3: SUBJ u- · ADJ m-/mw- · GEN wa · DEM huu/ule · POSS w- · REL -o</div><div class=hinweis>mwaliko Kl.3, Plural mialiko Kl.4</div>	A1 SD1 E Einladung
Mtihani huu sitaufanya tena.	Diese Prüfung mache ich nicht noch einmal.<hr><table class=gloss><tr class=mo><td>m-tihani</td><td>huu</td><td>si-ta-u-fany-a</td><td>tena</td></tr><tr class=la><td>KL3-Prüfung</td><td>KL3.DEM</td><td>1SG.NEG-FUT-OBJ3-tun-IND</td><td>wieder</td></tr></table><div class=klassen>mtihani Kl. 3/4 (m-/mw- › mi-) → mitihani</div><div class=konkordanz>Kl.3: SUBJ u- · ADJ m-/mw- · GEN wa · DEM huu/ule · POSS w- · REL -o</div><div class=hinweis>Negatives Futur behält -ta-, nur si- tritt hinzu</div>	A1 SD1 E einmal
Haraka, panda, treni inaondoka hivi punde.	Schnell, steig ein, der Zug fährt gleich.<hr><table class=gloss><tr class=mo><td>haraka</td><td>pand-a</td><td>treni</td><td>i-na-ondok-a</td><td>hivi</td><td>punde</td></tr><tr class=la><td>schnell</td><td>einsteigen-IMP</td><td>KL9.Zug</td><td>KL9-PRÄS-abfahren-IND</td><td>gleich</td><td>sofort</td></tr></table><div class=klassen>treni Kl. 9/10 (Ø/n-) → treni — Numerus nur an der Konkordanz [Lehnwort]</div><div class=konkordanz>Kl.9: SUBJ i- · ADJ Ø/n- · GEN ya · DEM hii/ile · POSS y- · REL -yo</div><div class=hinweis>kupanda heißt einsteigen und aufsteigen</div>	A1 SD1 E einsteigen
Bei ya kiingilio ni Euro tano.	Der Preis für den Eintritt ist 5 Euro.<hr><table class=gloss><tr class=mo><td>bei</td><td>y-a</td><td>ki-ingilio</td><td>ni</td><td>Euro</td><td>tano</td></tr><tr class=la><td>KL9.Preis</td><td>KL9-GEN</td><td>KL7-Eintritt</td><td>KOP</td><td>Euro</td><td>fünf</td></tr></table><div class=klassen>bei Kl. 9/10 (Ø/n-) → bei — Numerus nur an der Konkordanz · kiingilio Kl. 7/8 (ki- › vi-) → viingilio</div><div class=konkordanz>Kl.9: SUBJ i- · ADJ Ø/n- · GEN ya · DEM hii/ile · POSS y- · REL -yo · Kl.7: SUBJ ki- · ADJ ki- · GEN cha · DEM hiki/kile · POSS ch- · REL -cho</div><div class=hinweis>kiingilio Kl.7, Plural viingilio Kl.8</div>	A1 SD1 E Eintritt
Mnayo bado chumba cha mtu mmoja?	Haben Sie noch ein Einzelzimmer?<hr><table class=gloss><tr class=mo><td>m-na-yo</td><td>bado</td><td>ki-umba</td><td>ch-a</td><td>mtu</td><td>m-moja</td></tr><tr class=la><td>2PL-haben-REL9</td><td>noch</td><td>KL7-Zimmer</td><td>KL7-GEN</td><td>KL1.Mensch</td><td>KL1-eins</td></tr></table><div class=klassen>chumba Kl. 7/8 (ki- › vi-) → vyumba · mtu Kl. 1/2 (m-/mw- › wa-) → watu [Musterwort fuer Kl. 1/2]</div><div class=konkordanz>Kl.7: SUBJ ki- · ADJ ki- · GEN cha · DEM hiki/kile · POSS ch- · REL -cho · Kl.1: SUBJ a- · ADJ m-/mw- · GEN wa · DEM huyu/yule · POSS w- · REL -ye</div><div class=hinweis>mmoja kongruiert mit mtu Kl.1</div>	A1 SD1 E Einzelzimmer
Wazazi wangu wanakaa Hispania.	Meine Eltern leben in Spanien.<hr><table class=gloss><tr class=mo><td>wazazi</td><td>w-angu</td><td>wa-na-ka-a</td><td>Hispania</td></tr><tr class=la><td>KL2.Eltern</td><td>KL2-mein</td><td>KL2-PRÄS-wohnen-IND</td><td>Spanien</td></tr></table><div class=klassen>mzazi Kl. 1/2 (m-/mw- › wa-) → wazazi [deutsch nur Plural]</div><div class=konkordanz>Kl.1: SUBJ a- · ADJ m-/mw- · GEN wa · DEM huyu/yule · POSS w- · REL -ye</div><div class=hinweis>mzazi Kl.1, Plural wazazi Kl.2</div>	A1 SD1 E Eltern__pl__
Sijapokea barua pepe yako.	Ich habe Ihre E-Mail nicht bekommen.<hr><table class=gloss><tr class=mo><td>si-ja-poke-a</td><td>barua</td><td>pepe</td><td>y-ako</td></tr><tr class=la><td>1SG.NEG-PERF.NEG-empfangen-IND</td><td>KL9.Brief</td><td>Wind</td><td>KL9-dein</td></tr></table><div class=klassen>barua Kl. 9/10 (Ø/n-) → barua — Numerus nur an der Konkordanz [Numerus nur an der Konkordanz]</div><div class=konkordanz>Kl.9: SUBJ i- · ADJ Ø/n- · GEN ya · DEM hii/ile · POSS y- · REL -yo</div><div class=hinweis>barua pepe heißt wörtlich &quot;Windbrief&quot;</div>	A1 SD1 E E
Kwenye barua kumeandikwa jina lako, kwa hiyo wewe ni mpokeaji.	Auf dem Brief steht dein Name, also bist du der Empfänger.<hr><table class=gloss><tr class=mo><td>kwenye</td><td>barua</td><td>ku-me-andik-w-a</td><td>jina</td><td>l-ako</td><td>kwa</td><td>hiyo</td><td>wewe</td><td>ni</td><td>m-pokeaji</td></tr><tr class=la><td>an</td><td>KL9.Brief</td><td>KL17-PERF-schreiben-PASS-IND</td><td>KL5.Name</td><td>KL5-dein</td><td>für</td><td>KL9.DEM</td><td>du</td><td>KOP</td><td>KL1-Empfänger</td></tr></table><div class=klassen>barua Kl. 9/10 (Ø/n-) → barua — Numerus nur an der Konkordanz [Numerus nur an der Konkordanz] · jina Kl. 5/6 (ji-/Ø › ma-) → majina · mpokeaji Kl. 1/2 (m-/mw- › wa-) → wapokeaji</div><div class=konkordanz>Kl.9: SUBJ i- · ADJ Ø/n- · GEN ya · DEM hii/ile · POSS y- · REL -yo · Kl.5: SUBJ li- · ADJ ji-/Ø · GEN la · DEM hili/lile · POSS l- · REL -lo</div><div class=hinweis>Unpersönliches Passiv nimmt die Ortsklasse 17</div>	A1 SD1 E Empfänger
Mvinyo upi mnaweza kunipendekeza?	Welchen Wein können Sie mir empfehlen?<hr><table class=gloss><tr class=mo><td>m-vinyo</td><td>upi</td><td>m-na-wez-a</td><td>ku-ni-pendekez-a</td></tr><tr class=la><td>KL3-Wein</td><td>KL3.welche</td><td>2PL-PRÄS-können-IND</td><td>KL15-OBJ1SG-empfehlen-IND</td></tr></table><div class=klassen>mvinyo Kl. 3/4 (m-/mw- › mi-) → mivinyo</div><div class=konkordanz>Kl.3: SUBJ u- · ADJ m-/mw- · GEN wa · DEM huu/ule · POSS w- · REL -o</div><div class=hinweis>Fragewort upi kongruiert mit mvinyo Kl.3</div>	A1 SD1 E empfehlen
Barabara inaishia hapa.	Die Straße endet hier.<hr><table class=gloss><tr class=mo><td>barabara</td><td>i-na-ish-i-a</td><td>hapa</td></tr><tr class=la><td>KL9.Straße</td><td>KL9-PRÄS-enden-APPL-IND</td><td>hier</td></tr></table><div class=klassen>barabara Kl. 9/10 (Ø/n-) → barabara — Numerus nur an der Konkordanz</div><div class=konkordanz>Kl.9: SUBJ i- · ADJ Ø/n- · GEN ya · DEM hii/ile · POSS y- · REL -yo</div><div class=hinweis>Applikativ -i- verlangt die Ortsangabe</div>	A1 SD1 E enden
Anakaa mwishoni mwa barabara.	Sie wohnt am Ende der Straße.<hr><table class=gloss><tr class=mo><td>a-na-ka-a</td><td>mwisho-ni</td><td>mw-a</td><td>barabara</td></tr><tr class=la><td>3SG-PRÄS-wohnen-IND</td><td>KL3.Ende-LOK</td><td>KL18-GEN</td><td>KL9.Straße</td></tr></table><div class=klassen>barabara Kl. 9/10 (Ø/n-) → barabara — Numerus nur an der Konkordanz</div><div class=konkordanz>Kl.9: SUBJ i- · ADJ Ø/n- · GEN ya · DEM hii/ile · POSS y- · REL -yo</div><div class=hinweis>Nach -ni folgt der Genitiv mwa der Kl.18</div>	A1 SD1 E Ende
Anapata pesa zake mwishoni mwa mwezi.	Er bekommt sein Geld am Ende des Monats.<hr><table class=gloss><tr class=mo><td>a-na-pat-a</td><td>pesa</td><td>z-ake</td><td>mwisho-ni</td><td>mw-a</td><td>mw-ezi</td></tr><tr class=la><td>3SG-PRÄS-bekommen-IND</td><td>KL10.Geld</td><td>KL10-sein</td><td>KL3.Ende-LOK</td><td>KL18-GEN</td><td>KL3-Monat</td></tr></table><div class=klassen>pesa Kl. 9/10 (Ø/n-) → pesa — Numerus nur an der Konkordanz</div><div class=konkordanz>Kl.9: SUBJ i- · ADJ Ø/n- · GEN ya · DEM hii/ile · POSS y- · REL -yo</div><div class=hinweis>pesa nimmt zake Kl.10</div>	A1 SD1 E Ende
Samahani tafadhali!	Entschuldigen Sie bitte!<hr><table class=gloss><tr class=mo><td>samahani</td><td>tafadhali</td></tr><tr class=la><td>KL9.Entschuldigung</td><td>bitte</td></tr></table><div class=konkordanz>Kl.9: SUBJ i- · ADJ Ø/n- · GEN ya · DEM hii/ile · POSS y- · REL -yo</div><div class=hinweis>samahani entschuldigt, radhi erbittet Verzeihung</div>	A1 SD1 E entschuldigen
Samahani! - Haidhuru.	Entschuldigung! – Bitte.<hr><table class=gloss><tr class=mo><td>samahani</td><td>hai-dhuru</td></tr><tr class=la><td>KL9.Entschuldigung</td><td>KL9.NEG-schaden</td></tr></table><div class=konkordanz>Kl.9: SUBJ i- · ADJ Ø/n- · GEN ya · DEM hii/ile · POSS y- · REL -yo</div><div class=hinweis>haidhuru heißt wörtlich &quot;es schadet nicht&quot;</div>	A1 SD1 E Entschuldigung
Anaitwa Ali.	Er heißt Ali.<hr><table class=gloss><tr class=mo><td>a-na-it-w-a</td><td>Ali</td></tr><tr class=la><td>3SG-PRÄS-nennen-PASS-IND</td><td>Ali</td></tr></table><div class=hinweis>heißen steht im Passiv: er wird genannt</div>	A1 SD1 E er
Matokeo ya mtihani mtayapata baada ya wiki mbili.	Das Ergebnis des Tests bekommen Sie in zwei Wochen.<hr><table class=gloss><tr class=mo><td>ma-tokeo</td><td>y-a</td><td>m-tihani</td><td>m-ta-ya-pat-a</td><td>baada</td><td>y-a</td><td>wiki</td><td>mbili</td></tr><tr class=la><td>KL6-Ergebnis</td><td>KL6-GEN</td><td>KL3-Prüfung</td><td>2PL-FUT-OBJ6-bekommen-IND</td><td>nach</td><td>KL9-GEN</td><td>KL9.Woche</td><td>zwei</td></tr></table><div class=klassen>tokeo Kl. 5/6 (ji-/Ø › ma-) → matokeo [meist im Plural] · mtihani Kl. 3/4 (m-/mw- › mi-) → mitihani</div><div class=konkordanz>Kl.5: SUBJ li- · ADJ ji-/Ø · GEN la · DEM hili/lile · POSS l- · REL -lo · Kl.3: SUBJ u- · ADJ m-/mw- · GEN wa · DEM huu/ule · POSS w- · REL -o</div><div class=hinweis>Objektpräfix -ya- greift matokeo Kl.6 auf</div>	A1 SD1 E Ergebnis
Unaweza kunielezea hili?	Kannst du mir das erklären?<hr><table class=gloss><tr class=mo><td>u-na-wez-a</td><td>ku-ni-elez-e-a</td><td>hili</td></tr><tr class=la><td>2SG-PRÄS-können-IND</td><td>KL15-OBJ1SG-erklären-APPL-IND</td><td>KL5.DEM</td></tr></table><div class=konkordanz>Kl.15: SUBJ ku- · ADJ ku- · GEN kwa · DEM huku/kule · POSS kw- · REL -ko · Kl.5: SUBJ li- · ADJ ji-/Ø · GEN la · DEM hili/lile · POSS l- · REL -lo</div><div class=hinweis>Applikativ nennt den, für den erklärt wird</div>	A1 SD1 E erklären
Kuvuta sigara hakuruhusiwi hapa.	Rauchen ist hier nicht erlaubt.<hr><table class=gloss><tr class=mo><td>ku-vut-a</td><td>sigara</td><td>haku-ruhus-iw-i</td><td>hapa</td></tr><tr class=la><td>KL15-ziehen-IND</td><td>KL9.Zigarette</td><td>KL15.NEG-erlauben-PASS-NEG</td><td>hier</td></tr></table><div class=klassen>sigara Kl. 9/10 (Ø/n-) → sigara — Numerus nur an der Konkordanz [Lehnwort]</div><div class=konkordanz>Kl.9: SUBJ i- · ADJ Ø/n- · GEN ya · DEM hii/ile · POSS y- · REL -yo</div><div class=hinweis>Verbalnomen Kl.15 ist Subjekt, darum haku-</div>	A1 SD1 E erlauben
Filamu hii ni kwa watu wazima tu.	Dieser Film ist nur für Erwachsene.<hr><table class=gloss><tr class=mo><td>filamu</td><td>hii</td><td>ni</td><td>kwa</td><td>watu</td><td>wa-zima</td><td>tu</td></tr><tr class=la><td>KL9.Film</td><td>KL9.DEM</td><td>KOP</td><td>für</td><td>KL2.Mensch</td><td>KL2-erwachsen</td><td>nur</td></tr></table><div class=klassen>filamu Kl. 9/10 (Ø/n-) → filamu — Numerus nur an der Konkordanz [Lehnwort] · mtu Kl. 1/2 (m-/mw- › wa-) → watu [Musterwort fuer Kl. 1/2]</div><div class=konkordanz>Kl.9: SUBJ i- · ADJ Ø/n- · GEN ya · DEM hii/ile · POSS y- · REL -yo · Kl.1: SUBJ a- · ADJ m-/mw- · GEN wa · DEM huyu/yule · POSS w- · REL -ye</div><div class=hinweis>Erwachsene = watu wazima</div>	A1 SD1 E Erwachsene
Lazima tuwaeleze kitu!	Wir müssen euch etwas erzählen!<hr><table class=gloss><tr class=mo><td>lazima</td><td>tu-wa-elez-e</td><td>ki-tu</td></tr><tr class=la><td>muss</td><td>1PL-OBJ2PL-erzählen-KONJ</td><td>KL7-Ding</td></tr></table><div class=konkordanz>Kl.7: SUBJ ki- · ADJ ki- · GEN cha · DEM hiki/kile · POSS ch- · REL -cho</div><div class=hinweis>Objektpräfix -wa- auch für euch</div>	A1 SD1 E erzählen
Inanyesha.	Es regnet.<hr><table class=gloss><tr class=mo><td>i-na-nyesh-a</td></tr><tr class=la><td>KL9-PRÄS-regnen-IND</td></tr></table><div class=konkordanz>Kl.9: SUBJ i- · ADJ Ø/n- · GEN ya · DEM hii/ile · POSS y- · REL -yo</div><div class=hinweis>Wetterverben nehmen das Subjektpräfix der Kl.9</div>	A1 SD1 E es
Kuna nini cha kula?	Was gibt es zu essen?<hr><table class=gloss><tr class=mo><td>ku-na</td><td>nini</td><td>ch-a</td><td>ku-l-a</td></tr><tr class=la><td>KL17-mit</td><td>was</td><td>KL7-GEN</td><td>KL15-essen-IND</td></tr></table><div class=konkordanz>Kl.17: SUBJ ku- · ADJ ku- · GEN kwa · DEM huku/kule · POSS kw- · REL -ko · Kl.7: SUBJ ki- · ADJ ki- · GEN cha · DEM hiki/kile · POSS ch- · REL -cho</div><div class=hinweis>Genitiv cha verweist auf kitu &quot;Ding&quot;</div>	A1 SD1 E essen
Chakula ni kizuri sana leo.	Das Essen ist heute sehr gut.<hr><table class=gloss><tr class=mo><td>chakula</td><td>ni</td><td>ki-zuri</td><td>sana</td><td>leo</td></tr><tr class=la><td>KL7.Essen</td><td>KOP</td><td>KL7-gut</td><td>sehr</td><td>heute</td></tr></table><div class=klassen>chakula Kl. 7/8 (ki- › vi-) → vyakula</div><div class=konkordanz>Kl.7: SUBJ ki- · ADJ ki- · GEN cha · DEM hiki/kile · POSS ch- · REL -cho</div><div class=hinweis>kizuri kongruiert mit chakula Kl.7</div>	A1 SD1 E Essen
Kozi yenu inaanza leo.	Euer Kurs beginnt heute.<hr><table class=gloss><tr class=mo><td>kozi</td><td>y-enu</td><td>i-na-anz-a</td><td>leo</td></tr><tr class=la><td>KL9.Kurs</td><td>KL9-euer</td><td>KL9-PRÄS-anfangen-IND</td><td>heute</td></tr></table><div class=klassen>kozi Kl. 9/10 (Ø/n-) → kozi — Numerus nur an der Konkordanz [Lehnwort]</div><div class=konkordanz>Kl.9: SUBJ i- · ADJ Ø/n- · GEN ya · DEM hii/ile · POSS y- · REL -yo</div><div class=hinweis>yenu ist der Possessiv für 2PL</div>	A1 SD1 E euer
Naenda kazini kwa gari.	Ich fahre mit dem Auto zur Arbeit.<hr><table class=gloss><tr class=mo><td>na-end-a</td><td>kazi-ni</td><td>kwa</td><td>gari</td></tr><tr class=la><td>1SG.PRÄS.ALLG-gehen-IND</td><td>KL9.Arbeit-LOK</td><td>mit</td><td>KL5.Auto</td></tr></table><div class=klassen>gari Kl. 5/6 (ji-/Ø › ma-) → magari</div><div class=konkordanz>Kl.5: SUBJ li- · ADJ ji-/Ø · GEN la · DEM hili/lile · POSS l- · REL -lo</div><div class=hinweis>kwa bezeichnet das Verkehrsmittel</div>	A1 SD1 F fahren
Tafadhali msizungumze na dereva!	Bitte nicht mit dem Fahrer sprechen!<hr><table class=gloss><tr class=mo><td>tafadhali</td><td>m-si-zungumz-e</td><td>na</td><td>dereva</td></tr><tr class=la><td>bitte</td><td>2PL-NEG-sprechen-KONJ</td><td>mit</td><td>KL5/KL1.Fahrer</td></tr></table><div class=klassen>dereva Kl. 5/6 (ji-/Ø › ma-) → madereva [Person: Form Kl. 5/6, Kongruenz Kl. 1/2]</div><div class=konkordanz>Kl.1: SUBJ a- · ADJ m-/mw- · GEN wa · DEM huyu/yule · POSS w- · REL -ye</div><div class=hinweis>Verbot: 2PL plus -si- plus Konjunktiv</div>	A1 SD1 F Fahrer
Unayo tiketi tayari?	Hast du schon eine Fahrkarte?<hr><table class=gloss><tr class=mo><td>u-na-yo</td><td>tiketi</td><td>tayari</td></tr><tr class=la><td>2SG-haben-REL9</td><td>KL9.Fahrkarte</td><td>schon</td></tr></table><div class=klassen>tiketi Kl. 9/10 (Ø/n-) → tiketi — Numerus nur an der Konkordanz [Lehnwort]</div><div class=konkordanz>Kl.9: SUBJ i- · ADJ Ø/n- · GEN ya · DEM hii/ile · POSS y- · REL -yo</div><div class=hinweis>-yo im Verb nimmt tiketi Kl.9 auf</div>	A1 SD1 F Fahrkarte
Unasafiri kwa baiskeli au kwa gari?	Fährst du mit dem Fahrrad oder mit dem Auto?<hr><table class=gloss><tr class=mo><td>u-na-safiri</td><td>kwa</td><td>baiskeli</td><td>au</td><td>kwa</td><td>gari</td></tr><tr class=la><td>2SG-PRÄS-reisen</td><td>mit</td><td>KL9.Fahrrad</td><td>oder</td><td>mit</td><td>KL5.Auto</td></tr></table><div class=klassen>baiskeli Kl. 9/10 (Ø/n-) → baiskeli — Numerus nur an der Konkordanz [Lehnwort] · gari Kl. 5/6 (ji-/Ø › ma-) → magari</div><div class=konkordanz>Kl.9: SUBJ i- · ADJ Ø/n- · GEN ya · DEM hii/ile · POSS y- · REL -yo · Kl.5: SUBJ li- · ADJ ji-/Ø · GEN la · DEM hili/lile · POSS l- · REL -lo</div><div class=hinweis>kwa bleibt bei allen Verkehrsmitteln gleich</div>	A1 SD1 F Fahrrad
Hii si sahihi.	Das ist falsch.<hr><table class=gloss><tr class=mo><td>hii</td><td>si</td><td>sahihi</td></tr><tr class=la><td>KL9.DEM</td><td>NEG.KOP</td><td>richtig</td></tr></table><div class=klassen>sahihi Kl. 9/10 (Ø/n-) → sahihi — Numerus nur an der Konkordanz</div><div class=konkordanz>Kl.9: SUBJ i- · ADJ Ø/n- · GEN ya · DEM hii/ile · POSS y- · REL -yo</div><div class=hinweis>si ist die Negation der Kopula ni</div>	A1 SD1 F falsch
Familia yangu inakaa Hispania.	Meine Familie lebt in Spanien.<hr><table class=gloss><tr class=mo><td>familia</td><td>y-angu</td><td>i-na-ka-a</td><td>Hispania</td></tr><tr class=la><td>KL9.Familie</td><td>KL9-mein</td><td>KL9-PRÄS-wohnen-IND</td><td>Spanien</td></tr></table><div class=klassen>familia Kl. 9/10 (Ø/n-) → familia — Numerus nur an der Konkordanz [Lehnwort]</div><div class=konkordanz>Kl.9: SUBJ i- · ADJ Ø/n- · GEN ya · DEM hii/ile · POSS y- · REL -yo</div><div class=hinweis>familia ist Kl.9, darum i- und yangu</div>	A1 SD1 F Familie
Majina yangu ya familia ni García González.	Meine Familiennamen sind García González.<hr><table class=gloss><tr class=mo><td>ma-jina</td><td>y-angu</td><td>y-a</td><td>familia</td><td>ni</td><td>García</td><td>González</td></tr><tr class=la><td>KL6-Name</td><td>KL6-mein</td><td>KL6-GEN</td><td>KL9.Familie</td><td>KOP</td><td>García</td><td>González</td></tr></table><div class=klassen>jina Kl. 5/6 (ji-/Ø › ma-) → majina · familia Kl. 9/10 (Ø/n-) → familia — Numerus nur an der Konkordanz [Lehnwort]</div><div class=konkordanz>Kl.5: SUBJ li- · ADJ ji-/Ø · GEN la · DEM hili/lile · POSS l- · REL -lo · Kl.9: SUBJ i- · ADJ Ø/n- · GEN ya · DEM hii/ile · POSS y- · REL -yo</div><div class=hinweis>Doppelte Kl.6-Kongruenz: yangu und ya</div>	A1 SD1 F Familienname
Kwenye "hali ya ndoa" lazima utie alama "sijaoa".	Bei „Familienstand“ musst du „ledig“ ankreuzen.<hr><table class=gloss><tr class=mo><td>kwenye</td><td>hali</td><td>y-a</td><td>ndoa</td><td>lazima</td><td>u-ti-e</td><td>alama</td><td>si-ja-o-a</td></tr><tr class=la><td>an</td><td>KL9.Lage</td><td>KL9-GEN</td><td>KL9.Ehe</td><td>muss</td><td>2SG-setzen-KONJ</td><td>KL9.Zeichen</td><td>1SG.NEG-PERF.NEG-heiraten-IND</td></tr></table><div class=klassen>hali ya hewa Kl. 9 (Ø/n-), kein Numeruswechsel [Genitivfuegung, kein Plural] · alama Kl. 9/10 (Ø/n-) → alama — Numerus nur an der Konkordanz</div><div class=konkordanz>Kl.9: SUBJ i- · ADJ Ø/n- · GEN ya · DEM hii/ile · POSS y- · REL -yo</div><div class=hinweis>ledig wörtlich &quot;ich habe noch nicht geheiratet&quot;</div>	A1 SD1 F Familienstand
Rangi inanipendeza sana.	Die Farbe gefällt mir gut.<hr><table class=gloss><tr class=mo><td>rangi</td><td>i-na-ni-pendez-a</td><td>sana</td></tr><tr class=la><td>KL9.Farbe</td><td>KL9-PRÄS-OBJ1SG-gefallen-IND</td><td>sehr</td></tr></table><div class=klassen>rangi Kl. 9/10 (Ø/n-) → rangi — Numerus nur an der Konkordanz</div><div class=konkordanz>Kl.9: SUBJ i- · ADJ Ø/n- · GEN ya · DEM hii/ile · POSS y- · REL -yo</div><div class=hinweis>Die Farbe gefällt mich, nicht mir</div>	A1 SD1 F Farbe
Tutumieni faksi tu!	Schicken Sie uns einfach ein Fax!<hr><table class=gloss><tr class=mo><td>tu-tumi-eni</td><td>faksi</td><td>tu</td></tr><tr class=la><td>OBJ1PL-schicken-IMP.PL</td><td>KL9.Fax</td><td>nur</td></tr></table><div class=klassen>faksi Kl. 9/10 (Ø/n-) → faksi — Numerus nur an der Konkordanz [Lehnwort]</div><div class=konkordanz>Kl.9: SUBJ i- · ADJ Ø/n- · GEN ya · DEM hii/ile · POSS y- · REL -yo</div><div class=hinweis>Objektpräfix tu- im Imperativ Plural</div>	A1 SD1 F Fax
kwa mfano siku ya mapumziko, sikukuu	z. B. Feierabend, Feiertag<hr><table class=gloss><tr class=mo><td>kwa</td><td>m-fano</td><td>siku</td><td>y-a</td><td>ma-pumziko</td><td>sikukuu</td></tr><tr class=la><td>für</td><td>KL3-Beispiel</td><td>KL9.Tag</td><td>KL9-GEN</td><td>KL6-Pause</td><td>KL9.Feiertag</td></tr></table><div class=klassen>mfano Kl. 3/4 (m-/mw- › mi-) → mifano · siku ya kuzaliwa Kl. 9/10 (Ø/n-) → siku za kuzaliwa [Genitiv kongruiert mit dem Kopfnomen] · mapumziko Kl. 6 (ma-), kein Numeruswechsel [nur Plural]</div><div class=konkordanz>Kl.3: SUBJ u- · ADJ m-/mw- · GEN wa · DEM huu/ule · POSS w- · REL -o · Kl.9: SUBJ i- · ADJ Ø/n- · GEN ya · DEM hii/ile · POSS y- · REL -yo</div><div class=hinweis>Feierabend als siku ya mapumziko umschrieben</div>	A1 SD1 F Feier
Jumatatu ni sikukuu.	Am Montag ist Feiertag.<hr><table class=gloss><tr class=mo><td>Jumatatu</td><td>ni</td><td>sikukuu</td></tr><tr class=la><td>KL9.Montag</td><td>KOP</td><td>KL9.Feiertag</td></tr></table><div class=konkordanz>Kl.9: SUBJ i- · ADJ Ø/n- · GEN ya · DEM hii/ile · POSS y- · REL -yo</div><div class=hinweis>sikukuu ist ein festes Kompositum</div>	A1 SD1 F Feier
Leo tunasherehekea siku yangu ya kuzaliwa.	Wir feiern heute meinen Geburtstag.<hr><table class=gloss><tr class=mo><td>leo</td><td>tu-na-sherehek-e-a</td><td>siku</td><td>y-angu</td><td>y-a</td><td>ku-zali-w-a</td></tr><tr class=la><td>heute</td><td>1PL-PRÄS-feiern-APPL-IND</td><td>KL9.Tag</td><td>KL9-mein</td><td>KL9-GEN</td><td>KL15-gebären-PASS-IND</td></tr></table><div class=klassen>siku ya kuzaliwa Kl. 9/10 (Ø/n-) → siku za kuzaliwa [Genitiv kongruiert mit dem Kopfnomen]</div><div class=konkordanz>Kl.9: SUBJ i- · ADJ Ø/n- · GEN ya · DEM hii/ile · POSS y- · REL -yo</div><div class=hinweis>Geburtstag wörtlich &quot;Tag meines Geborenwerdens&quot;</div>	A1 SD1 F feiern
Bwana Müller hayupo, hayupo tangu siku tatu.	Herr Müller ist nicht da, er fehlt schon seit drei Tagen.<hr><table class=gloss><tr class=mo><td>bwana</td><td>Müller</td><td>ha-yu-po</td><td>ha-yu-po</td><td>tangu</td><td>siku</td><td>tatu</td></tr><tr class=la><td>KL5/KL1.Herr</td><td>Müller</td><td>3SG.NEG-KL1-sein.da</td><td>3SG.NEG-KL1-sein.da</td><td>seit</td><td>KL9.Tag</td><td>drei</td></tr></table><div class=klassen>bwana Kl. 5/6 (ji-/Ø › ma-) → mabwana [Person: Form Kl. 5/6, Kongruenz Kl. 1/2] · siku ya kuzaliwa Kl. 9/10 (Ø/n-) → siku za kuzaliwa [Genitiv kongruiert mit dem Kopfnomen]</div><div class=konkordanz>Kl.1: SUBJ a- · ADJ m-/mw- · GEN wa · DEM huyu/yule · POSS w- · REL -ye · Kl.9: SUBJ i- · ADJ Ø/n- · GEN ya · DEM hii/ile · POSS y- · REL -yo</div><div class=hinweis>hayupo ist die Personenform der Negation</div>	A1 SD1 F fehlen
Mnaumwa nini?	Was fehlt Ihnen?<hr><table class=gloss><tr class=mo><td>m-na-um-w-a</td><td>nini</td></tr><tr class=la><td>2PL-PRÄS-schmerzen-PASS-IND</td><td>was</td></tr></table><div class=hinweis>Krankheit im Passiv: man wird geschmerzt</div>	A1 SD1 F fehlen
Kosa hili nalifanya kila mara.	Diesen Fehler mache ich immer.<hr><table class=gloss><tr class=mo><td>kosa</td><td>hili</td><td>na-li-fany-a</td><td>kila</td><td>mara</td></tr><tr class=la><td>KL5.Fehler</td><td>KL5.DEM</td><td>1SG.PRÄS.ALLG-OBJ5-tun-IND</td><td>jede</td><td>KL9.Mal</td></tr></table><div class=klassen>kosa Kl. 5/6 (ji-/Ø › ma-) → makosa</div><div class=konkordanz>Kl.5: SUBJ li- · ADJ ji-/Ø · GEN la · DEM hili/lile · POSS l- · REL -lo</div><div class=hinweis>Objektpräfix -li- greift kosa Kl.5 auf</div>	A1 SD1 F Fehler
Tutazame televisheni leo jioni?	Wollen wir heute Abend mal fernsehen?<hr><table class=gloss><tr class=mo><td>tu-tazam-e</td><td>televisheni</td><td>leo</td><td>jioni</td></tr><tr class=la><td>1PL-schauen-KONJ</td><td>KL9.Fernsehen</td><td>heute</td><td>KL9.Abend</td></tr></table><div class=konkordanz>Kl.9: SUBJ i- · ADJ Ø/n- · GEN ya · DEM hii/ile · POSS y- · REL -yo</div><div class=hinweis>Konjunktiv als Vorschlag</div>	A1 SD1 F fernsehen
Umemaliza?	Bist du fertig?<hr><table class=gloss><tr class=mo><td>u-me-maliz-a</td></tr><tr class=la><td>2SG-PERF-fertig.werden-IND</td></tr></table><div class=hinweis>Perfekt beschreibt den erreichten Zustand</div>	A1 SD1 F fertig
Gari langu limekwisha kutengenezwa?	Ist mein Auto schon fertig?<hr><table class=gloss><tr class=mo><td>gari</td><td>l-angu</td><td>li-me-kwish-a</td><td>ku-tengenez-w-a</td></tr><tr class=la><td>KL5.Auto</td><td>KL5-mein</td><td>KL5-PERF-beenden-IND</td><td>KL15-reparieren-PASS-IND</td></tr></table><div class=klassen>gari Kl. 5/6 (ji-/Ø › ma-) → magari</div><div class=konkordanz>Kl.5: SUBJ li- · ADJ ji-/Ø · GEN la · DEM hili/lile · POSS l- · REL -lo</div><div class=hinweis>kwisha plus Infinitiv heißt &quot;schon fertig&quot;</div>	A1 SD1 F fertig
Mnayo moto?	Haben Sie Feuer?<hr><table class=gloss><tr class=mo><td>m-na-yo</td><td>moto</td></tr><tr class=la><td>2PL-haben-REL9</td><td>KL3.Feuer</td></tr></table><div class=klassen>moto Kl. 3/4 (m-/mw- › mi-) → mioto</div><div class=konkordanz>Kl.3: SUBJ u- · ADJ m-/mw- · GEN wa · DEM huu/ule · POSS w- · REL -o</div><div class=hinweis>moto heißt Feuer und Hitze</div>	A1 SD1 F Feuer
Mume wangu bado ana homa.	Mein Mann hat noch immer Fieber.<hr><table class=gloss><tr class=mo><td>mume</td><td>w-angu</td><td>bado</td><td>a-na</td><td>homa</td></tr><tr class=la><td>KL1.Ehemann</td><td>KL1-mein</td><td>noch</td><td>3SG-haben</td><td>KL9.Fieber</td></tr></table><div class=klassen>homa Kl. 9/10 (Ø/n-) → homa — Numerus nur an der Konkordanz</div><div class=konkordanz>Kl.9: SUBJ i- · ADJ Ø/n- · GEN ya · DEM hii/ile · POSS y- · REL -yo</div><div class=hinweis>Fieber haben, nicht fiebrig sein</div>	A1 SD1 F Fieber
Ningependa kuona filamu hii.	Ich möchte gern diesen Film sehen.<hr><table class=gloss><tr class=mo><td>ni-nge-pend-a</td><td>ku-on-a</td><td>filamu</td><td>hii</td></tr><tr class=la><td>1SG-IRR-mögen-IND</td><td>KL15-sehen-IND</td><td>KL9.Film</td><td>KL9.DEM</td></tr></table><div class=klassen>filamu Kl. 9/10 (Ø/n-) → filamu — Numerus nur an der Konkordanz [Lehnwort]</div><div class=konkordanz>Kl.9: SUBJ i- · ADJ Ø/n- · GEN ya · DEM hii/ile · POSS y- · REL -yo</div><div class=hinweis>-nge- bildet die höfliche Wunschform</div>	A1 SD1 F Film
Lazima tupate ufunguo.	Wir müssen den Schlüssel finden.<hr><table class=gloss><tr class=mo><td>lazima</td><td>tu-pat-e</td><td>ufunguo</td></tr><tr class=la><td>muss</td><td>1PL-finden-KONJ</td><td>KL11.Schlüssel</td></tr></table><div class=klassen>ufunguo Kl. 11/10 (u- › Ø/n-) → funguo</div><div class=konkordanz>Kl.11: SUBJ u- · ADJ m-/mw- · GEN wa · DEM huu/ule · POSS w- · REL -o</div><div class=hinweis>ufunguo Kl.11, Plural funguo Kl.10</div>	A1 SD1 F finden
Sasa anafanya kazi kwenye kampuni nyingine.	Er arbeitet jetzt bei einer anderen Firma.<hr><table class=gloss><tr class=mo><td>sasa</td><td>a-na-fany-a</td><td>kazi</td><td>kwenye</td><td>kampuni</td><td>ny-ingine</td></tr><tr class=la><td>jetzt</td><td>3SG-PRÄS-tun-IND</td><td>KL9.Arbeit</td><td>bei</td><td>KL9.Firma</td><td>KL9-andere</td></tr></table><div class=klassen>kazi Kl. 9/10 (Ø/n-) → kazi — Numerus nur an der Konkordanz · kampuni Kl. 9/10 (Ø/n-) → kampuni — Numerus nur an der Konkordanz [Lehnwort]</div><div class=konkordanz>Kl.9: SUBJ i- · ADJ Ø/n- · GEN ya · DEM hii/ile · POSS y- · REL -yo</div><div class=hinweis>nyingine mit Nasalpräfix der Kl.9</div>	A1 SD1 F Firma
Napenda kula samaki. Nyama sipendi.	Ich esse gern Fisch. Fleisch mag ich nicht.<hr><table class=gloss><tr class=mo><td>na-pend-a</td><td>ku-l-a</td><td>samaki</td><td>nyama</td><td>si-pend-i</td></tr><tr class=la><td>1SG.PRÄS.ALLG-mögen-IND</td><td>KL15-essen-IND</td><td>KL9.Fisch</td><td>KL9.Fleisch</td><td>1SG.NEG-mögen-NEG</td></tr></table><div class=klassen>samaki Kl. 9/10 (Ø/n-) → samaki — Numerus nur an der Konkordanz · nyama Kl. 9/10 (Ø/n-) → nyama — Numerus nur an der Konkordanz</div><div class=konkordanz>Kl.9: SUBJ i- · ADJ Ø/n- · GEN ya · DEM hii/ile · POSS y- · REL -yo</div><div class=hinweis>Vorangestelltes Objekt betont den Gegensatz</div>	A1 SD1 F Fisch
Chupa moja ya bia, tafadhali.	Eine Flasche Bier, bitte.<hr><table class=gloss><tr class=mo><td>chupa</td><td>moja</td><td>y-a</td><td>bia</td><td>tafadhali</td></tr><tr class=la><td>KL9.Flasche</td><td>eins</td><td>KL9-GEN</td><td>KL9.Bier</td><td>bitte</td></tr></table><div class=klassen>chupa Kl. 9/10 (Ø/n-) → chupa — Numerus nur an der Konkordanz · bia Kl. 9/10 (Ø/n-) → bia — Numerus nur an der Konkordanz [Lehnwort]</div><div class=konkordanz>Kl.9: SUBJ i- · ADJ Ø/n- · GEN ya · DEM hii/ile · POSS y- · REL -yo</div><div class=hinweis>chupa ist Kl.9 und Kl.10 gleich</div>	A1 SD1 F Flasche
Nyama sipendi.	Fleisch mag ich nicht.<hr><table class=gloss><tr class=mo><td>nyama</td><td>si-pend-i</td></tr><tr class=la><td>KL9.Fleisch</td><td>1SG.NEG-mögen-NEG</td></tr></table><div class=klassen>nyama Kl. 9/10 (Ø/n-) → nyama — Numerus nur an der Konkordanz</div><div class=konkordanz>Kl.9: SUBJ i- · ADJ Ø/n- · GEN ya · DEM hii/ile · POSS y- · REL -yo</div><div class=hinweis>Objekt vorangestellt zur Betonung</div>	A1 SD1 F Fleisch
Sipendi kusafiri kwa ndege. Kwa hiyo nasafiri kwa treni.	Ich fliege nicht gern. Deshalb fahre ich mit dem Zug.<hr><table class=gloss><tr class=mo><td>si-pend-i</td><td>ku-safiri</td><td>kwa</td><td>ndege</td><td>kwa</td><td>hiyo</td><td>na-safiri</td><td>kwa</td><td>treni</td></tr><tr class=la><td>1SG.NEG-mögen-NEG</td><td>KL15-reisen</td><td>mit</td><td>KL9.Flugzeug</td><td>für</td><td>KL9.DEM</td><td>1SG.PRÄS.ALLG-reisen</td><td>mit</td><td>KL9.Zug</td></tr></table><div class=klassen>ndege Kl. 9/10 (Ø/n-) → ndege — Numerus nur an der Konkordanz [auch &quot;Vogel&quot;] · treni Kl. 9/10 (Ø/n-) → treni — Numerus nur an der Konkordanz [Lehnwort]</div><div class=konkordanz>Kl.9: SUBJ i- · ADJ Ø/n- · GEN ya · DEM hii/ile · POSS y- · REL -yo</div><div class=hinweis>kwa hiyo heißt deshalb</div>	A1 SD1 F fliegen
Unaondoka lini kwa ndege?	Wann fliegst du ab?<hr><table class=gloss><tr class=mo><td>u-na-ondok-a</td><td>lini</td><td>kwa</td><td>ndege</td></tr><tr class=la><td>2SG-PRÄS-abfliegen-IND</td><td>wann</td><td>mit</td><td>KL9.Flugzeug</td></tr></table><div class=klassen>ndege Kl. 9/10 (Ø/n-) → ndege — Numerus nur an der Konkordanz [auch &quot;Vogel&quot;]</div><div class=konkordanz>Kl.9: SUBJ i- · ADJ Ø/n- · GEN ya · DEM hii/ile · POSS y- · REL -yo</div><div class=hinweis>kuondoka deckt abfahren und abfliegen ab</div>	A1 SD1 F abfliegen
Kuondoka ni saa tano na dakika ishirini.	Der Abflug ist um 11.20 Uhr.<hr><table class=gloss><tr class=mo><td>ku-ondok-a</td><td>ni</td><td>saa</td><td>tano</td><td>na</td><td>dakika</td><td>ishirini</td></tr><tr class=la><td>KL15-abfliegen-IND</td><td>KOP</td><td>KL9.Stunde</td><td>fünf</td><td>und</td><td>KL9.Minute</td><td>zwanzig</td></tr></table><div class=klassen>kuondoka Kl. 15 (ku-), kein Numeruswechsel [Verbalnomen] · saa Kl. 9/10 (Ø/n-) → saa — Numerus nur an der Konkordanz [auch &quot;Uhr&quot;]</div><div class=konkordanz>Kl.15: SUBJ ku- · ADJ ku- · GEN kwa · DEM huku/kule · POSS kw- · REL -ko · Kl.9: SUBJ i- · ADJ Ø/n- · GEN ya · DEM hii/ile · POSS y- · REL -yo</div><div class=hinweis>saa tano = 11 Uhr, fünfte Stunde nach Sonnenaufgang</div>	A1 SD1 F Abflug
Unaweza kunipeleka uwanja wa ndege?	Kannst du mich zum Flughafen bringen?<hr><table class=gloss><tr class=mo><td>u-na-wez-a</td><td>ku-ni-pelek-a</td><td>uwanja</td><td>w-a</td><td>ndege</td></tr><tr class=la><td>2SG-PRÄS-können-IND</td><td>KL15-OBJ1SG-bringen-IND</td><td>KL11.Platz</td><td>KL11-GEN</td><td>KL9.Flugzeug</td></tr></table><div class=klassen>uwanja wa ndege Kl. 11/8 (u- › vi-) → viwanja vya ndege [Plural wechselt nach Kl. 8] · ndege Kl. 9/10 (Ø/n-) → ndege — Numerus nur an der Konkordanz [auch &quot;Vogel&quot;]</div><div class=konkordanz>Kl.11: SUBJ u- · ADJ m-/mw- · GEN wa · DEM huu/ule · POSS w- · REL -o · Kl.9: SUBJ i- · ADJ Ø/n- · GEN ya · DEM hii/ile · POSS y- · REL -yo</div><div class=hinweis>Flughafen wörtlich &quot;Platz der Flugzeuge&quot;</div>	A1 SD1 F Flughafen
Ndege kutoka Berlin inafika kwa kuchelewa leo.	Das Flugzeug aus Berlin kommt heute später an.<hr><table class=gloss><tr class=mo><td>ndege</td><td>ku-tok-a</td><td>Berlin</td><td>i-na-fik-a</td><td>kwa</td><td>ku-chelew-a</td><td>leo</td></tr><tr class=la><td>KL9.Flugzeug</td><td>KL15-kommen-IND</td><td>Berlin</td><td>KL9-PRÄS-ankommen-IND</td><td>mit</td><td>KL15-sich.verspäten-IND</td><td>heute</td></tr></table><div class=klassen>ndege Kl. 9/10 (Ø/n-) → ndege — Numerus nur an der Konkordanz [auch &quot;Vogel&quot;]</div><div class=konkordanz>Kl.9: SUBJ i- · ADJ Ø/n- · GEN ya · DEM hii/ile · POSS y- · REL -yo</div><div class=hinweis>kwa plus Verbalnomen bildet eine Umstandsangabe</div>	A1 SD1 F Flugzeug
Lazima mjaze fomu hii.	Sie müssen dieses Formular ausfüllen.<hr><table class=gloss><tr class=mo><td>lazima</td><td>m-jaz-e</td><td>fomu</td><td>hii</td></tr><tr class=la><td>muss</td><td>2PL-füllen-KONJ</td><td>KL9.Formular</td><td>KL9.DEM</td></tr></table><div class=klassen>fomu Kl. 9/10 (Ø/n-) → fomu — Numerus nur an der Konkordanz [Lehnwort]</div><div class=konkordanz>Kl.9: SUBJ i- · ADJ Ø/n- · GEN ya · DEM hii/ile · POSS y- · REL -yo</div><div class=hinweis>kujaza heißt füllen und ausfüllen</div>	A1 SD1 F Formular
Naweza kupiga picha?	Darf ich ein Foto machen?<hr><table class=gloss><tr class=mo><td>na-wez-a</td><td>ku-pig-a</td><td>picha</td></tr><tr class=la><td>1SG.PRÄS.ALLG-können-IND</td><td>KL15-schlagen-IND</td><td>KL9.Foto</td></tr></table><div class=klassen>picha Kl. 9/10 (Ø/n-) → picha — Numerus nur an der Konkordanz [Lehnwort]</div><div class=konkordanz>Kl.9: SUBJ i- · ADJ Ø/n- · GEN ya · DEM hii/ile · POSS y- · REL -yo</div><div class=hinweis>fotografieren = kupiga picha, &quot;Bild schlagen&quot;</div>	A1 SD1 F Foto
Anataka kuwauliza kitu. Mnakuja lini?	Er möchte Sie etwas fragen. Wann kommen Sie?<hr><table class=gloss><tr class=mo><td>a-na-tak-a</td><td>ku-wa-uliz-a</td><td>ki-tu</td><td>m-na-kuj-a</td><td>lini</td></tr><tr class=la><td>3SG-PRÄS-wollen-IND</td><td>KL15-OBJ2PL-fragen-IND</td><td>KL7-Ding</td><td>2PL-PRÄS-kommen-IND</td><td>wann</td></tr></table><div class=konkordanz>Kl.15: SUBJ ku- · ADJ ku- · GEN kwa · DEM huku/kule · POSS kw- · REL -ko · Kl.7: SUBJ ki- · ADJ ki- · GEN cha · DEM hiki/kile · POSS ch- · REL -cho</div><div class=hinweis>Objektpräfix -wa- für höfliches Sie</div>	A1 SD1 F fragen
Nina swali.	Ich habe eine Frage.<hr><table class=gloss><tr class=mo><td>ni-na</td><td>swali</td></tr><tr class=la><td>1SG-haben</td><td>KL5.Frage</td></tr></table><div class=klassen>swali Kl. 5/6 (ji-/Ø › ma-) → maswali</div><div class=konkordanz>Kl.5: SUBJ li- · ADJ ji-/Ø · GEN la · DEM hili/lile · POSS l- · REL -lo</div><div class=hinweis>swali Kl.5, Plural maswali Kl.6</div>	A1 SD1 F Frage
Huyu ni Bibi Becker.	Das ist Frau Becker.<hr><table class=gloss><tr class=mo><td>huyu</td><td>ni</td><td>bibi</td><td>Becker</td></tr><tr class=la><td>KL1.DEM</td><td>KOP</td><td>KL5/KL1.Frau</td><td>Becker</td></tr></table><div class=klassen>bibi Kl. 5/6 (ji-/Ø › ma-) → mabibi [Person: Form Kl. 5/6, Kongruenz Kl. 1/2]</div><div class=konkordanz>Kl.1: SUBJ a- · ADJ m-/mw- · GEN wa · DEM huyu/yule · POSS w- · REL -ye</div><div class=hinweis>bibi als Anrede, mwanamke als Gattungswort</div>	A1 SD1 F Frau
Habari za siku, Bibi Schmitt!	Guten Tag, Frau Schmitt!<hr><table class=gloss><tr class=mo><td>habari</td><td>z-a</td><td>siku</td><td>bibi</td><td>Schmitt</td></tr><tr class=la><td>KL10.Nachricht</td><td>KL10-GEN</td><td>KL9.Tag</td><td>KL5/KL1.Frau</td><td>Schmitt</td></tr></table><div class=klassen>siku ya kuzaliwa Kl. 9/10 (Ø/n-) → siku za kuzaliwa [Genitiv kongruiert mit dem Kopfnomen] · bibi Kl. 5/6 (ji-/Ø › ma-) → mabibi [Person: Form Kl. 5/6, Kongruenz Kl. 1/2]</div><div class=konkordanz>Kl.9: SUBJ i- · ADJ Ø/n- · GEN ya · DEM hii/ile · POSS y- · REL -yo · Kl.1: SUBJ a- · ADJ m-/mw- · GEN wa · DEM huyu/yule · POSS w- · REL -ye</div><div class=hinweis>Grußformel fragt wörtlich nach den Nachrichten</div>	A1 SD1 F Frau
Hapa wanafanya kazi wanawake wengi kuliko wanaume.	Hier arbeiten mehr Frauen als Männer.<hr><table class=gloss><tr class=mo><td>hapa</td><td>wa-na-fany-a</td><td>kazi</td><td>wanawake</td><td>w-engi</td><td>kuliko</td><td>wanaume</td></tr><tr class=la><td>hier</td><td>KL2-PRÄS-tun-IND</td><td>KL9.Arbeit</td><td>KL2.Frau</td><td>KL2-viele</td><td>als</td><td>KL2.Mann</td></tr></table><div class=klassen>kazi Kl. 9/10 (Ø/n-) → kazi — Numerus nur an der Konkordanz · mwanamke Kl. 1/2 (m-/mw- › wa-) → wanawake · mwanamume Kl. 1/2 (m-/mw- › wa-) → wanaume</div><div class=konkordanz>Kl.9: SUBJ i- · ADJ Ø/n- · GEN ya · DEM hii/ile · POSS y- · REL -yo · Kl.1: SUBJ a- · ADJ m-/mw- · GEN wa · DEM huyu/yule · POSS w- · REL -ye</div><div class=hinweis>kuliko bildet den Vergleich &quot;mehr als&quot;</div>	A1 SD1 F Frau
Nafasi hii ingali wazi?	Ist der Platz noch frei?<hr><table class=gloss><tr class=mo><td>nafasi</td><td>hii</td><td>i-ngali</td><td>wazi</td></tr><tr class=la><td>KL9.Platz</td><td>KL9.DEM</td><td>KL9-noch.sein</td><td>frei</td></tr></table><div class=klassen>nafasi Kl. 9/10 (Ø/n-) → nafasi — Numerus nur an der Konkordanz [Sitzplatz; Ort = &quot;mahali&quot; Kl. 16]</div><div class=konkordanz>Kl.9: SUBJ i- · ADJ Ø/n- · GEN ya · DEM hii/ile · POSS y- · REL -yo</div><div class=hinweis>ingali heißt &quot;ist noch&quot;</div>	A1 SD1 F frei
Katika muda wangu wa mapumziko nacheza mpira wa miguu mara nyingi.	In meiner Freizeit spiele ich oft Fußball.<hr><table class=gloss><tr class=mo><td>katika</td><td>muda</td><td>w-angu</td><td>w-a</td><td>ma-pumziko</td><td>na-chez-a</td><td>m-pira</td><td>w-a</td><td>mi-guu</td><td>mara</td><td>ny-ingi</td></tr><tr class=la><td>in</td><td>KL3.Zeit</td><td>KL3-mein</td><td>KL3-GEN</td><td>KL6-Pause</td><td>1SG.PRÄS.ALLG-spielen-IND</td><td>KL3-Ball</td><td>KL3-GEN</td><td>KL4-Fuß</td><td>KL9.Mal</td><td>KL10-viele</td></tr></table><div class=klassen>muda Kl. 3/10 (m-/mw- › Ø/n-) → nyakati [Plural unregelmaessig] · mapumziko Kl. 6 (ma-), kein Numeruswechsel [nur Plural] · mpira wa miguu Kl. 3/4 (m-/mw- › mi-) → mipira ya miguu [Genitiv kongruiert mit dem Kopfnomen] · mguu Kl. 3/4 (m-/mw- › mi-) → miguu</div><div class=konkordanz>Kl.3: SUBJ u- · ADJ m-/mw- · GEN wa · DEM huu/ule · POSS w- · REL -o · Kl.6: SUBJ ya- · ADJ ma- · GEN ya · DEM haya/yale · POSS y- · REL -yo</div><div class=hinweis>Dreifache Kl.3-Kongruenz: wangu, wa, und wa</div>	A1 SD1 F Freizeit
Hilo sijui; mimi ni mgeni hapa.	Das weiß ich nicht; ich bin fremd hier.<hr><table class=gloss><tr class=mo><td>hilo</td><td>si-ju-i</td><td>mimi</td><td>ni</td><td>m-geni</td><td>hapa</td></tr><tr class=la><td>KL5.DEM</td><td>1SG.NEG-wissen-NEG</td><td>ich</td><td>KOP</td><td>KL1-fremd</td><td>hier</td></tr></table><div class=klassen>mgeni Kl. 1/2 (m-/mw- › wa-) → wageni [auch &quot;Gast&quot;]</div><div class=konkordanz>Kl.1: SUBJ a- · ADJ m-/mw- · GEN wa · DEM huyu/yule · POSS w- · REL -ye</div><div class=hinweis>mgeni heißt Gast, Fremder und Ausländer</div>	A1 SD1 F fremd
Nafurahia likizo.	Ich freue mich auf den Urlaub.<hr><table class=gloss><tr class=mo><td>na-furahi-a</td><td>likizo</td></tr><tr class=la><td>1SG.PRÄS.ALLG-sich.freuen-IND</td><td>KL9.Urlaub</td></tr></table><div class=klassen>likizo Kl. 9/10 (Ø/n-) → likizo — Numerus nur an der Konkordanz</div><div class=konkordanz>Kl.9: SUBJ i- · ADJ Ø/n- · GEN ya · DEM hii/ile · POSS y- · REL -yo</div><div class=hinweis>kufurahia braucht kein Reflexivpronomen</div>	A1 SD1 F freuen
Huyu ni rafiki yangu.	Das ist ein Freund von mir.<hr><table class=gloss><tr class=mo><td>huyu</td><td>ni</td><td>rafiki</td><td>y-angu</td></tr><tr class=la><td>KL1.DEM</td><td>KOP</td><td>KL9/KL1.Freund</td><td>KL9-mein</td></tr></table><div class=klassen>rafiki Kl. 9/10 (Ø/n-) → rafiki — Numerus nur an der Konkordanz [Musterfall: &quot;rafiki yangu&quot; Kl. 9, aber &quot;rafiki anakuja&quot; Kl. 1]</div><div class=konkordanz>Kl.1: SUBJ a- · ADJ m-/mw- · GEN wa · DEM huyu/yule · POSS w- · REL -ye</div><div class=hinweis>huyu Kl.1, yangu aber Kl.9: der rafiki-Fall</div>	A1 SD1 F Freund
Huyu ni rafiki yangu wa kike.	Das ist meine Freundin.<hr><table class=gloss><tr class=mo><td>huyu</td><td>ni</td><td>rafiki</td><td>y-angu</td><td>w-a</td><td>ki-ke</td></tr><tr class=la><td>KL1.DEM</td><td>KOP</td><td>KL9/KL1.Freundin</td><td>KL9-mein</td><td>KL1-GEN</td><td>KL7-weiblich</td></tr></table><div class=klassen>rafiki Kl. 9/10 (Ø/n-) → rafiki — Numerus nur an der Konkordanz [Musterfall: &quot;rafiki yangu&quot; Kl. 9, aber &quot;rafiki anakuja&quot; Kl. 1]</div><div class=konkordanz>Kl.1: SUBJ a- · ADJ m-/mw- · GEN wa · DEM huyu/yule · POSS w- · REL -ye</div><div class=hinweis>Geschlecht durch wa kike nachgestellt</div>	A1 SD1 F Freund
Zamani tulikuwa pamoja sinemani mara nyingi.	Früher waren wir oft zusammen im Kino.<hr><table class=gloss><tr class=mo><td>zamani</td><td>tu-li-kuw-a</td><td>pamoja</td><td>sinema-ni</td><td>mara</td><td>ny-ingi</td></tr><tr class=la><td>früher</td><td>1PL-PRÄT-sein-IND</td><td>zusammen</td><td>KL9.Kino-LOK</td><td>KL9.Mal</td><td>KL10-viele</td></tr></table><div class=konkordanz>Kl.9: SUBJ i- · ADJ Ø/n- · GEN ya · DEM hii/ile · POSS y- · REL -yo · Kl.10: SUBJ zi- · ADJ Ø/n- · GEN za · DEM hizi/zile · POSS z- · REL -zo</div><div class=hinweis>zamani bezeichnet die ferne Vergangenheit</div>	A1 SD1 F früher
Jumapili napenda kula kifungua kinywa kitandani.	Am Sonntag frühstücke ich gern im Bett.<hr><table class=gloss><tr class=mo><td>Jumapili</td><td>na-pend-a</td><td>ku-l-a</td><td>ki-fungua</td><td>kinywa</td><td>ki-tanda-ni</td></tr><tr class=la><td>KL9.Sonntag</td><td>1SG.PRÄS.ALLG-mögen-IND</td><td>KL15-essen-IND</td><td>KL7-öffnen</td><td>KL7.Mund</td><td>KL7-Bett-LOK</td></tr></table><div class=klassen>kifungua kinywa Kl. 7/8 (ki- › vi-) → vifungua kinywa [woertlich &quot;Mundoeffner&quot;]</div><div class=konkordanz>Kl.7: SUBJ ki- · ADJ ki- · GEN cha · DEM hiki/kile · POSS ch- · REL -cho</div><div class=hinweis>Ortssuffix -ni an kitanda Kl.7</div>	A1 SD1 F frühstücken
Unataka yai kwa kifungua kinywa?	Möchtest du ein Ei zum Frühstück?<hr><table class=gloss><tr class=mo><td>u-na-tak-a</td><td>yai</td><td>kwa</td><td>ki-fungua</td><td>kinywa</td></tr><tr class=la><td>2SG-PRÄS-wollen-IND</td><td>KL5.Ei</td><td>für</td><td>KL7-öffnen</td><td>KL7.Mund</td></tr></table><div class=klassen>yai Kl. 5/6 (ji-/Ø › ma-) → mayai · kifungua kinywa Kl. 7/8 (ki- › vi-) → vifungua kinywa [woertlich &quot;Mundoeffner&quot;]</div><div class=konkordanz>Kl.5: SUBJ li- · ADJ ji-/Ø · GEN la · DEM hili/lile · POSS l- · REL -lo · Kl.7: SUBJ ki- · ADJ ki- · GEN cha · DEM hiki/kile · POSS ch- · REL -cho</div><div class=hinweis>kifungua kinywa heißt wörtlich &quot;Mundöffner&quot;</div>	A1 SD1 F Frühstück
Uongozi katika nyumba unaanza baada ya dakika tatu.	Die Führung durch das Haus beginnt in 3 Minuten.<hr><table class=gloss><tr class=mo><td>uongozi</td><td>katika</td><td>nyumba</td><td>u-na-anz-a</td><td>baada</td><td>y-a</td><td>dakika</td><td>tatu</td></tr><tr class=la><td>KL14.Führung</td><td>in</td><td>KL9.Haus</td><td>KL14-PRÄS-anfangen-IND</td><td>nach</td><td>KL9-GEN</td><td>KL9.Minute</td><td>drei</td></tr></table><div class=klassen>uongozi Kl. 14 (u-), kein Numeruswechsel [Abstraktum] · nyumba Kl. 9/10 (Ø/n-) → nyumba — Numerus nur an der Konkordanz</div><div class=konkordanz>Kl.14: SUBJ u- · ADJ m-/mw- · GEN wa · DEM huu/ule · POSS w- · REL -o · Kl.9: SUBJ i- · ADJ Ø/n- · GEN ya · DEM hii/ile · POSS y- · REL -yo</div><div class=hinweis>uongozi Kl.14 nimmt das Subjektpräfix u-</div>	A1 SD1 F Führung
Hii ni kwa ajili yenu.	Das ist für Sie.<hr><table class=gloss><tr class=mo><td>hii</td><td>ni</td><td>kwa</td><td>ajili</td><td>y-enu</td></tr><tr class=la><td>KL9.DEM</td><td>KOP</td><td>für</td><td>KL9.Zweck</td><td>KL9-euer</td></tr></table><div class=konkordanz>Kl.9: SUBJ i- · ADJ Ø/n- · GEN ya · DEM hii/ile · POSS y- · REL -yo</div><div class=hinweis>yenu für höfliches Sie</div>	A1 SD1 F für
Huu ni ufunguo wa mlango wa nyumba.	Das ist der Schlüssel für die Haustür.<hr><table class=gloss><tr class=mo><td>huu</td><td>ni</td><td>ufunguo</td><td>w-a</td><td>m-lango</td><td>w-a</td><td>nyumba</td></tr><tr class=la><td>KL11.DEM</td><td>KOP</td><td>KL11.Schlüssel</td><td>KL11-GEN</td><td>KL3-Tür</td><td>KL3-GEN</td><td>KL9.Haus</td></tr></table><div class=klassen>ufunguo Kl. 11/10 (u- › Ø/n-) → funguo · nyumba Kl. 9/10 (Ø/n-) → nyumba — Numerus nur an der Konkordanz</div><div class=konkordanz>Kl.11: SUBJ u- · ADJ m-/mw- · GEN wa · DEM huu/ule · POSS w- · REL -o · Kl.9: SUBJ i- · ADJ Ø/n- · GEN ya · DEM hii/ile · POSS y- · REL -yo</div><div class=hinweis>Zwei Genitive hintereinander, beide mit wa</div>	A1 SD1 F für
Huu ni mkate wa kesho.	Das ist das Brot für morgen.<hr><table class=gloss><tr class=mo><td>huu</td><td>ni</td><td>m-kate</td><td>w-a</td><td>kesho</td></tr><tr class=la><td>KL3.DEM</td><td>KOP</td><td>KL3-Brot</td><td>KL3-GEN</td><td>morgen</td></tr></table><div class=klassen>mkate Kl. 3/4 (m-/mw- › mi-) → mikate</div><div class=konkordanz>Kl.3: SUBJ u- · ADJ m-/mw- · GEN wa · DEM huu/ule · POSS w- · REL -o</div><div class=hinweis>huu und wa kongruieren beide mit Kl.3</div>	A1 SD1 F für
Mguu wangu wa kushoto unaniuma.	Der linke Fuß tut mir weh.<hr><table class=gloss><tr class=mo><td>m-guu</td><td>w-angu</td><td>w-a</td><td>ku-shoto</td><td>u-na-ni-um-a</td></tr><tr class=la><td>KL3-Fuß</td><td>KL3-mein</td><td>KL3-GEN</td><td>KL17-links</td><td>KL3-PRÄS-OBJ1SG-schmerzen-IND</td></tr></table><div class=klassen>mguu Kl. 3/4 (m-/mw- › mi-) → miguu</div><div class=konkordanz>Kl.3: SUBJ u- · ADJ m-/mw- · GEN wa · DEM huu/ule · POSS w- · REL -o</div><div class=hinweis>Der Fuß schmerzt mich: Objektpräfix -ni-</div>	A1 SD1 F Fuß
Mnapenda kucheza mpira wa miguu?	Spielt ihr gerne Fußball?<hr><table class=gloss><tr class=mo><td>m-na-pend-a</td><td>ku-chez-a</td><td>m-pira</td><td>w-a</td><td>mi-guu</td></tr><tr class=la><td>2PL-PRÄS-mögen-IND</td><td>KL15-spielen-IND</td><td>KL3-Ball</td><td>KL3-GEN</td><td>KL4-Fuß</td></tr></table><div class=klassen>mpira wa miguu Kl. 3/4 (m-/mw- › mi-) → mipira ya miguu [Genitiv kongruiert mit dem Kopfnomen] · mguu Kl. 3/4 (m-/mw- › mi-) → miguu</div><div class=konkordanz>Kl.3: SUBJ u- · ADJ m-/mw- · GEN wa · DEM huu/ule · POSS w- · REL -o</div><div class=hinweis>mpira wa miguu wörtlich &quot;Ball der Füße&quot;</div>	A1 SD1 F Fußball
Kwa bahati mbaya hatuna bustani.	Wir haben leider keinen Garten.<hr><table class=gloss><tr class=mo><td>kwa</td><td>bahati</td><td>m-baya</td><td>hatu-na</td><td>bustani</td></tr><tr class=la><td>für</td><td>KL9.Glück</td><td>KL9-schlecht</td><td>1PL.NEG-haben</td><td>KL9.Garten</td></tr></table><div class=klassen>bahati Kl. 9/10 (Ø/n-) → bahati — Numerus nur an der Konkordanz · bustani Kl. 9/10 (Ø/n-) → bustani — Numerus nur an der Konkordanz</div><div class=konkordanz>Kl.9: SUBJ i- · ADJ Ø/n- · GEN ya · DEM hii/ile · POSS y- · REL -yo</div><div class=hinweis>hatuna ist die 1PL-Negation von tuna</div>	A1 SD1 G Garten
Mwishoni wa wiki tunakuwa na wageni kadhaa.	Am Wochenende haben wir mehrere Gäste.<hr><table class=gloss><tr class=mo><td>mwisho-ni</td><td>w-a</td><td>wiki</td><td>tu-na-kuw-a</td><td>na</td><td>wa-geni</td><td>kadhaa</td></tr><tr class=la><td>KL3.Ende-LOK</td><td>KL3-GEN</td><td>KL9.Woche</td><td>1PL-PRÄS-sein-IND</td><td>mit</td><td>KL2-Gast</td><td>mehrere</td></tr></table><div class=klassen>mgeni Kl. 1/2 (m-/mw- › wa-) → wageni [auch &quot;Gast&quot;]</div><div class=konkordanz>Kl.1: SUBJ a- · ADJ m-/mw- · GEN wa · DEM huyu/yule · POSS w- · REL -ye</div><div class=hinweis>Wochenende als mwishoni wa wiki</div>	A1 SD1 G Gast
Unaweza kunipa kalamu yako tafadhali?	Kannst du mir bitte deinen Kugelschreiber geben?<hr><table class=gloss><tr class=mo><td>u-na-wez-a</td><td>ku-ni-p-a</td><td>kalamu</td><td>y-ako</td><td>tafadhali</td></tr><tr class=la><td>2SG-PRÄS-können-IND</td><td>KL15-OBJ1SG-geben-IND</td><td>KL9.Kugelschreiber</td><td>KL9-dein</td><td>bitte</td></tr></table><div class=klassen>kalamu Kl. 9/10 (Ø/n-) → kalamu — Numerus nur an der Konkordanz</div><div class=konkordanz>Kl.9: SUBJ i- · ADJ Ø/n- · GEN ya · DEM hii/ile · POSS y- · REL -yo</div><div class=hinweis>kalamu deckt Stift und Kugelschreiber ab</div>	A1 SD1 G geben
Hakuna tiketi tena.	Es gibt keine Karten mehr.<hr><table class=gloss><tr class=mo><td>haku-na</td><td>tiketi</td><td>tena</td></tr><tr class=la><td>KL17.NEG-mit</td><td>KL10.Fahrkarte</td><td>mehr</td></tr></table><div class=klassen>tiketi Kl. 9/10 (Ø/n-) → tiketi — Numerus nur an der Konkordanz [Lehnwort]</div><div class=konkordanz>Kl.9: SUBJ i- · ADJ Ø/n- · GEN ya · DEM hii/ile · POSS y- · REL -yo</div><div class=hinweis>hakuna ist die Negation von kuna</div>	A1 SD1 G geben
Nilizaliwa Zagreb.	Ich bin in Zagreb geboren.<hr><table class=gloss><tr class=mo><td>ni-li-zali-w-a</td><td>Zagreb</td></tr><tr class=la><td>1SG-PRÄT-gebären-PASS-IND</td><td>Zagreb</td></tr></table><div class=hinweis>geboren sein steht im Passiv Vergangenheit</div>	A1 SD1 G geboren
Mwaka wa kuzaliwa wa mwana wako, tafadhali?	Das Geburtsjahr Ihres Sohnes, bitte?<hr><table class=gloss><tr class=mo><td>mw-aka</td><td>w-a</td><td>ku-zali-w-a</td><td>w-a</td><td>mw-ana</td><td>w-ako</td><td>tafadhali</td></tr><tr class=la><td>KL3-Jahr</td><td>KL3-GEN</td><td>KL15-gebären-PASS-IND</td><td>KL3-GEN</td><td>KL1-Sohn</td><td>KL1-dein</td><td>bitte</td></tr></table><div class=klassen>mwaka wa kuzaliwa Kl. 3/4 (m-/mw- › mi-) → miaka ya kuzaliwa [Genitiv kongruiert mit dem Kopfnomen] · mwana Kl. 1/2 (m-/mw- › wa-) → wana</div><div class=konkordanz>Kl.3: SUBJ u- · ADJ m-/mw- · GEN wa · DEM huu/ule · POSS w- · REL -o · Kl.1: SUBJ a- · ADJ m-/mw- · GEN wa · DEM huyu/yule · POSS w- · REL -ye</div><div class=hinweis>Drei Genitive, alle mit wa für Kl.3 und Kl.1</div>	A1 SD1 G Geburtsjahr
Tafadhali andikeni mahali penu pa kuzaliwa kwenye fomu.	Bitte schreiben Sie Ihren Geburtsort auf das Formular.<hr><table class=gloss><tr class=mo><td>tafadhali</td><td>andik-eni</td><td>mahali</td><td>p-enu</td><td>p-a</td><td>ku-zali-w-a</td><td>kwenye</td><td>fomu</td></tr><tr class=la><td>bitte</td><td>schreiben-IMP.PL</td><td>KL16.Ort</td><td>KL16-euer</td><td>KL16-GEN</td><td>KL15-gebären-PASS-IND</td><td>an</td><td>KL9.Formular</td></tr></table><div class=klassen>mahali Kl. 16 (pa-), kein Numeruswechsel [Ortsklasse] · fomu Kl. 9/10 (Ø/n-) → fomu — Numerus nur an der Konkordanz [Lehnwort]</div><div class=konkordanz>Kl.16: SUBJ pa- · ADJ pa- · GEN pa · DEM hapa/pale · POSS p- · REL -po · Kl.9: SUBJ i- · ADJ Ø/n- · GEN ya · DEM hii/ile · POSS y- · REL -yo</div><div class=hinweis>Ortsklasse 16 hat eigene Formen penu und pa</div>	A1 SD1 G Geburtsort
Hongera kwa siku yako ya kuzaliwa!	Herzlichen Glückwunsch zum Geburtstag!<hr><table class=gloss><tr class=mo><td>hongera</td><td>kwa</td><td>siku</td><td>y-ako</td><td>y-a</td><td>ku-zali-w-a</td></tr><tr class=la><td>KL9.Glückwunsch</td><td>für</td><td>KL9.Tag</td><td>KL9-dein</td><td>KL9-GEN</td><td>KL15-gebären-PASS-IND</td></tr></table><div class=klassen>hongera Kl. 9/10 (Ø/n-) → hongera — Numerus nur an der Konkordanz · siku ya kuzaliwa Kl. 9/10 (Ø/n-) → siku za kuzaliwa [Genitiv kongruiert mit dem Kopfnomen]</div><div class=konkordanz>Kl.9: SUBJ i- · ADJ Ø/n- · GEN ya · DEM hii/ile · POSS y- · REL -yo</div><div class=hinweis>hongera ist die übliche Gratulationsformel</div>	A1 SD1 G Geburtstag
Hii inanipendeza.	Das gefällt mir.<hr><table class=gloss><tr class=mo><td>hii</td><td>i-na-ni-pendez-a</td></tr><tr class=la><td>KL9.DEM</td><td>KL9-PRÄS-OBJ1SG-gefallen-IND</td></tr></table><div class=konkordanz>Kl.9: SUBJ i- · ADJ Ø/n- · GEN ya · DEM hii/ile · POSS y- · REL -yo</div><div class=hinweis>Das Gefallende ist Subjekt, ich bin Objekt</div>	A1 SD1 G gefallen
Usiendeshe hadi mtini!	Fahr nicht gegen den Baum!<hr><table class=gloss><tr class=mo><td>u-si-endesh-e</td><td>hadi</td><td>m-ti-ni</td></tr><tr class=la><td>2SG-NEG-fahren-KONJ</td><td>bis</td><td>KL3-Baum-LOK</td></tr></table><div class=konkordanz>Kl.3: SUBJ u- · ADJ m-/mw- · GEN wa · DEM huu/ule · POSS w- · REL -o</div><div class=hinweis>Negativer Imperativ mit -si- und Konjunktiv</div>	A1 SD1 G gegen
Mimi ni kinyume cha suluhisho hili.	Ich bin gegen diese Lösung.<hr><table class=gloss><tr class=mo><td>mimi</td><td>ni</td><td>ki-nyume</td><td>ch-a</td><td>suluhisho</td><td>hili</td></tr><tr class=la><td>ich</td><td>KOP</td><td>KL7-Gegenteil</td><td>KL7-GEN</td><td>KL5.Lösung</td><td>KL5.DEM</td></tr></table><div class=konkordanz>Kl.7: SUBJ ki- · ADJ ki- · GEN cha · DEM hiki/kile · POSS ch- · REL -cho · Kl.5: SUBJ li- · ADJ ji-/Ø · GEN la · DEM hili/lile · POSS l- · REL -lo</div><div class=hinweis>gegen etwas sein = kinyume cha</div>	A1 SD1 G gegen
Nani anacheza na nani?	Wer spielt gegen wen?<hr><table class=gloss><tr class=mo><td>nani</td><td>a-na-chez-a</td><td>na</td><td>nani</td></tr><tr class=la><td>wer</td><td>KL1-PRÄS-spielen-IND</td><td>gegen</td><td>wer</td></tr></table><div class=konkordanz>Kl.1: SUBJ a- · ADJ m-/mw- · GEN wa · DEM huyu/yule · POSS w- · REL -ye</div><div class=hinweis>na deckt mit und gegen ab</div>	A1 SD1 G gegen
Sijui hii inafanya kazi vipi.	Ich weiß nicht, wie das geht.<hr><table class=gloss><tr class=mo><td>si-ju-i</td><td>hii</td><td>i-na-fany-a</td><td>kazi</td><td>vipi</td></tr><tr class=la><td>1SG.NEG-wissen-NEG</td><td>KL9.DEM</td><td>KL9-PRÄS-tun-IND</td><td>KL9.Arbeit</td><td>wie</td></tr></table><div class=klassen>kazi Kl. 9/10 (Ø/n-) → kazi — Numerus nur an der Konkordanz</div><div class=konkordanz>Kl.9: SUBJ i- · ADJ Ø/n- · GEN ya · DEM hii/ile · POSS y- · REL -yo</div><div class=hinweis>funktionieren = kufanya kazi, wie Arbeit tun</div>	A1 SD1 G gehen
Habari?	Wie geht‘s?<hr><table class=gloss><tr class=mo><td>habari</td></tr><tr class=la><td>KL10.Nachricht</td></tr></table><div class=konkordanz>Kl.10: SUBJ zi- · ADJ Ø/n- · GEN za · DEM hizi/zile · POSS z- · REL -zo</div><div class=hinweis>Begrüßung fragt nach den Nachrichten</div>	A1 SD1 G gehen
Kwa bahati mbaya lazima niende sasa.	Jetzt muss ich (aber) leider gehen.<hr><table class=gloss><tr class=mo><td>kwa</td><td>bahati</td><td>m-baya</td><td>lazima</td><td>ni-end-e</td><td>sasa</td></tr><tr class=la><td>für</td><td>KL9.Glück</td><td>KL9-schlecht</td><td>muss</td><td>1SG-gehen-KONJ</td><td>jetzt</td></tr></table><div class=klassen>bahati Kl. 9/10 (Ø/n-) → bahati — Numerus nur an der Konkordanz</div><div class=konkordanz>Kl.9: SUBJ i- · ADJ Ø/n- · GEN ya · DEM hii/ile · POSS y- · REL -yo</div><div class=hinweis>lazima plus Konjunktiv für Notwendigkeit</div>	A1 SD1 G gehen
Lazima niende kwa daktari.	Ich muss zum Arzt gehen.<hr><table class=gloss><tr class=mo><td>lazima</td><td>ni-end-e</td><td>kwa</td><td>daktari</td></tr><tr class=la><td>muss</td><td>1SG-gehen-KONJ</td><td>zu</td><td>KL5/KL1.Arzt</td></tr></table><div class=klassen>daktari Kl. 5/6 (ji-/Ø › ma-) → madaktari [Person: Form Kl. 5/6, Kongruenz Kl. 1/2]</div><div class=konkordanz>Kl.1: SUBJ a- · ADJ m-/mw- · GEN wa · DEM huyu/yule · POSS w- · REL -ye</div><div class=hinweis>kwa für den Weg zu einer Person</div>	A1 SD1 G gehen
Haiwezekani!	Das geht nicht!<hr><table class=gloss><tr class=mo><td>hai-wezekan-i</td></tr><tr class=la><td>KL9.NEG-möglich.sein-NEG</td></tr></table><div class=konkordanz>Kl.9: SUBJ i- · ADJ Ø/n- · GEN ya · DEM hii/ile · POSS y- · REL -yo</div><div class=hinweis>Unpersönliches Subjekt ist Kl.9</div>	A1 SD1 G gehen
Hii ni ya nani?	Wem gehört das?<hr><table class=gloss><tr class=mo><td>hii</td><td>ni</td><td>y-a</td><td>nani</td></tr><tr class=la><td>KL9.DEM</td><td>KOP</td><td>KL9-GEN</td><td>wer</td></tr></table><div class=konkordanz>Kl.9: SUBJ i- · ADJ Ø/n- · GEN ya · DEM hii/ile · POSS y- · REL -yo</div><div class=hinweis>gehören wird mit dem Genitiv ausgedrückt</div>	A1 SD1 G gehören
Unayo pesa bado?	Hast du noch Geld?<hr><table class=gloss><tr class=mo><td>u-na-yo</td><td>pesa</td><td>bado</td></tr><tr class=la><td>2SG-haben-REL9</td><td>KL10.Geld</td><td>noch</td></tr></table><div class=klassen>pesa Kl. 9/10 (Ø/n-) → pesa — Numerus nur an der Konkordanz</div><div class=konkordanz>Kl.9: SUBJ i- · ADJ Ø/n- · GEN ya · DEM hii/ile · POSS y- · REL -yo</div><div class=hinweis>pesa ist Kl.10, grammatisch Plural</div>	A1 SD1 G Geld
Mboga tunahitaji pia bado.	Gemüse brauchen wir auch noch.<hr><table class=gloss><tr class=mo><td>mboga</td><td>tu-na-hitaji</td><td>pia</td><td>bado</td></tr><tr class=la><td>KL9.Gemüse</td><td>1PL-PRÄS-brauchen</td><td>auch</td><td>noch</td></tr></table><div class=klassen>mboga Kl. 9/10 (Ø/n-) → mboga — Numerus nur an der Konkordanz</div><div class=konkordanz>Kl.9: SUBJ i- · ADJ Ø/n- · GEN ya · DEM hii/ile · POSS y- · REL -yo</div><div class=hinweis>Vorangestelltes Objekt als Thema des Satzes</div>	A1 SD1 G Gemüse
Mnataka kuchukua mizigo yenu?	Wollen Sie Ihr Gepäck mitnehmen?<hr><table class=gloss><tr class=mo><td>m-na-tak-a</td><td>ku-chuku-a</td><td>mi-zigo</td><td>y-enu</td></tr><tr class=la><td>2PL-PRÄS-wollen-IND</td><td>KL15-nehmen-IND</td><td>KL4-Gepäck</td><td>KL4-euer</td></tr></table><div class=klassen>mzigo Kl. 3/4 (m-/mw- › mi-) → mizigo [meist Plural &quot;mizigo&quot;]</div><div class=konkordanz>Kl.3: SUBJ u- · ADJ m-/mw- · GEN wa · DEM huu/ule · POSS w- · REL -o</div><div class=hinweis>mzigo Kl.3, Plural mizigo Kl.4</div>	A1 SD1 G Gepäck
Tazama, anakuja hivi sasa.	Da kommt er ja gerade.<hr><table class=gloss><tr class=mo><td>tazam-a</td><td>a-na-kuj-a</td><td>hivi</td><td>sasa</td></tr><tr class=la><td>schauen-IMP</td><td>3SG-PRÄS-kommen-IND</td><td>gleich</td><td>jetzt</td></tr></table><div class=hinweis>hivi sasa heißt &quot;eben jetzt&quot;</div>	A1 SD1 G gerade
Endeleeni moja kwa moja!	Gehen Sie immer geradeaus!<hr><table class=gloss><tr class=mo><td>endele-eni</td><td>moja</td><td>kwa</td><td>moja</td></tr><tr class=la><td>weitergehen-IMP.PL</td><td>eins</td><td>für</td><td>eins</td></tr></table><div class=hinweis>geradeaus wörtlich &quot;eins für eins&quot;</div>	A1 SD1 G geradeaus
Napenda kwenda kununua vitu.	Ich gehe gerne einkaufen.<hr><table class=gloss><tr class=mo><td>na-pend-a</td><td>kw-end-a</td><td>ku-nunu-a</td><td>vi-tu</td></tr><tr class=la><td>1SG.PRÄS.ALLG-mögen-IND</td><td>KL15-gehen-IND</td><td>KL15-kaufen-IND</td><td>KL8-Ding</td></tr></table><div class=konkordanz>Kl.15: SUBJ ku- · ADJ ku- · GEN kwa · DEM huku/kule · POSS kw- · REL -ko · Kl.8: SUBJ vi- · ADJ vi- · GEN vya · DEM hivi/vile · POSS vy- · REL -vyo</div><div class=hinweis>gern wird durch kupenda ausgedrückt</div>	A1 SD1 G gern_e_
Maduka yanafunga saa kumi na mbili na nusu.	Die Geschäfte schließen um 18.30 Uhr.<hr><table class=gloss><tr class=mo><td>ma-duka</td><td>ya-na-fung-a</td><td>saa</td><td>kumi</td><td>na</td><td>mbili</td><td>na</td><td>nusu</td></tr><tr class=la><td>KL6-Geschäft</td><td>KL6-PRÄS-schließen-IND</td><td>KL9.Stunde</td><td>zehn</td><td>und</td><td>zwei</td><td>und</td><td>KL9.Hälfte</td></tr></table><div class=klassen>duka Kl. 5/6 (ji-/Ø › ma-) → maduka · saa Kl. 9/10 (Ø/n-) → saa — Numerus nur an der Konkordanz [auch &quot;Uhr&quot;]</div><div class=konkordanz>Kl.5: SUBJ li- · ADJ ji-/Ø · GEN la · DEM hili/lile · POSS l- · REL -lo · Kl.9: SUBJ i- · ADJ Ø/n- · GEN ya · DEM hii/ile · POSS y- · REL -yo</div><div class=hinweis>saa kumi na mbili na nusu = 18.30 Uhr</div>	A1 SD1 G Geschäft
Asante kwa zawadi nzuri.	Danke für das schöne Geschenk.<hr><table class=gloss><tr class=mo><td>asante</td><td>kwa</td><td>zawadi</td><td>n-zuri</td></tr><tr class=la><td>danke</td><td>für</td><td>KL9.Geschenk</td><td>KL9-gut</td></tr></table><div class=klassen>zawadi Kl. 9/10 (Ø/n-) → zawadi — Numerus nur an der Konkordanz</div><div class=konkordanz>Kl.9: SUBJ i- · ADJ Ø/n- · GEN ya · DEM hii/ile · POSS y- · REL -yo</div><div class=hinweis>nzuri mit Nasalpräfix der Kl.9</div>	A1 SD1 G Geschenk
Kwa bahati mbaya sina ndugu.	Ich habe leider keine Geschwister.<hr><table class=gloss><tr class=mo><td>kwa</td><td>bahati</td><td>m-baya</td><td>si-na</td><td>ndugu</td></tr><tr class=la><td>für</td><td>KL9.Glück</td><td>KL9-schlecht</td><td>1SG.NEG-haben</td><td>KL9/KL2.Geschwister</td></tr></table><div class=klassen>bahati Kl. 9/10 (Ø/n-) → bahati — Numerus nur an der Konkordanz · ndugu Kl. 9/10 (Ø/n-) → ndugu — Numerus nur an der Konkordanz [Person: Form Kl. 9/10, Kongruenz Kl. 1/2]</div><div class=konkordanz>Kl.9: SUBJ i- · ADJ Ø/n- · GEN ya · DEM hii/ile · POSS y- · REL -yo · Kl.1: SUBJ a- · ADJ m-/mw- · GEN wa · DEM huyu/yule · POSS w- · REL -ye</div><div class=hinweis>ndugu deckt Geschwister und Verwandte ab</div>	A1 SD1 G Geschwister__pl__
Mazungumzo na Bibi Kunz ni saa nane.	Das Gespräch mit Frau Kunz ist um 14 Uhr.<hr><table class=gloss><tr class=mo><td>ma-zungumzo</td><td>na</td><td>bibi</td><td>Kunz</td><td>ni</td><td>saa</td><td>nane</td></tr><tr class=la><td>KL6-Gespräch</td><td>mit</td><td>KL5/KL1.Frau</td><td>Kunz</td><td>KOP</td><td>KL9.Stunde</td><td>acht</td></tr></table><div class=klassen>mazungumzo Kl. 6 (ma-), kein Numeruswechsel [nur Plural] · bibi Kl. 5/6 (ji-/Ø › ma-) → mabibi [Person: Form Kl. 5/6, Kongruenz Kl. 1/2] · saa Kl. 9/10 (Ø/n-) → saa — Numerus nur an der Konkordanz [auch &quot;Uhr&quot;]</div><div class=konkordanz>Kl.6: SUBJ ya- · ADJ ma- · GEN ya · DEM haya/yale · POSS y- · REL -yo · Kl.1: SUBJ a- · ADJ m-/mw- · GEN wa · DEM huyu/yule · POSS w- · REL -ye</div><div class=hinweis>saa nane = 14 Uhr, achte Stunde nach Sonnenaufgang</div>	A1 SD1 G Gespräch
Jana nilikuwa mgonjwa.	Gestern war ich krank.<hr><table class=gloss><tr class=mo><td>jana</td><td>ni-li-kuw-a</td><td>m-gonjwa</td></tr><tr class=la><td>gestern</td><td>1SG-PRÄT-sein-IND</td><td>KL1-krank</td></tr></table><div class=konkordanz>Kl.1: SUBJ a- · ADJ m-/mw- · GEN wa · DEM huyu/yule · POSS w- · REL -ye</div><div class=hinweis>Vergangenheit mit -li-, Zustand mit kuwa</div>	A1 SD1 G gestern
Mke wangu alifariki jana.	Meine Frau ist gestern gestorben.<hr><table class=gloss><tr class=mo><td>mke</td><td>w-angu</td><td>a-li-fariki</td><td>jana</td></tr><tr class=la><td>KL1.Ehefrau</td><td>KL1-mein</td><td>3SG-PRÄT-sterben</td><td>gestern</td></tr></table><div class=klassen>mke Kl. 1/2 (m-/mw- › wa-) → wake [Ehemann = &quot;mume&quot; Kl. 1/2]</div><div class=konkordanz>Kl.1: SUBJ a- · ADJ m-/mw- · GEN wa · DEM huyu/yule · POSS w- · REL -ye</div><div class=hinweis>kufariki ist arabisches Lehnverb auf -i</div>	A1 SD1 G gestorben
Kinywaji nikipendacho zaidi ni juisi ya nyanya.	Mein Lieblingsgetränk ist Tomatensaft.<hr><table class=gloss><tr class=mo><td>ki-nywaji</td><td>ni-ki-pend-a-cho</td><td>zaidi</td><td>ni</td><td>juisi</td><td>y-a</td><td>nyanya</td></tr><tr class=la><td>KL7-Getränk</td><td>1SG-OBJ7-mögen-IND-REL7</td><td>mehr</td><td>KOP</td><td>KL9.Saft</td><td>KL9-GEN</td><td>KL9.Tomate</td></tr></table><div class=klassen>kinywaji Kl. 7/8 (ki- › vi-) → vinywaji · juisi Kl. 9/10 (Ø/n-) → juisi — Numerus nur an der Konkordanz [Lehnwort] · nyanya Kl. 9/10 (Ø/n-) → nyanya — Numerus nur an der Konkordanz</div><div class=konkordanz>Kl.7: SUBJ ki- · ADJ ki- · GEN cha · DEM hiki/kile · POSS ch- · REL -cho · Kl.9: SUBJ i- · ADJ Ø/n- · GEN ya · DEM hii/ile · POSS y- · REL -yo</div><div class=hinweis>Relativsuffix -cho steht am Verbende, Klasse 7</div>	A1 SD1 G Getränk
Kwenye "uzito" unaandika: kilo sitini na mbili.	Bei „Gewicht“ schreibst du: 62 Kilo.<hr><table class=gloss><tr class=mo><td>kwenye</td><td>uzito</td><td>u-na-andik-a</td><td>kilo</td><td>sitini</td><td>na</td><td>mbili</td></tr><tr class=la><td>an</td><td>KL14.Gewicht</td><td>2SG-PRÄS-schreiben-IND</td><td>KL9.Kilo</td><td>sechzig</td><td>und</td><td>zwei</td></tr></table><div class=klassen>uzito Kl. 14 (u-), kein Numeruswechsel [Abstraktum]</div><div class=konkordanz>Kl.14: SUBJ u- · ADJ m-/mw- · GEN wa · DEM huu/ule · POSS w- · REL -o</div><div class=hinweis>zweiundsechzig = sitini na mbili</div>	A1 SD1 G Gewicht
Nani anashinda mchezo?	Wer gewinnt das Spiel?<hr><table class=gloss><tr class=mo><td>nani</td><td>a-na-shind-a</td><td>m-chezo</td></tr><tr class=la><td>wer</td><td>KL1-PRÄS-gewinnen-IND</td><td>KL3-Spiel</td></tr></table><div class=klassen>mchezo Kl. 3/4 (m-/mw- › mi-) → michezo</div><div class=konkordanz>Kl.3: SUBJ u- · ADJ m-/mw- · GEN wa · DEM huu/ule · POSS w- · REL -o</div><div class=hinweis>kushinda heißt gewinnen und besiegen</div>	A1 SD1 G gewinnen
Tafadhali glasi nyingine ya mvinyo!	Bitte noch ein Glas Wein!<hr><table class=gloss><tr class=mo><td>tafadhali</td><td>glasi</td><td>ny-ingine</td><td>y-a</td><td>m-vinyo</td></tr><tr class=la><td>bitte</td><td>KL9.Glas</td><td>KL9-andere</td><td>KL9-GEN</td><td>KL3-Wein</td></tr></table><div class=klassen>glasi Kl. 9/10 (Ø/n-) → glasi — Numerus nur an der Konkordanz [Lehnwort] · mvinyo Kl. 3/4 (m-/mw- › mi-) → mivinyo</div><div class=konkordanz>Kl.9: SUBJ i- · ADJ Ø/n- · GEN ya · DEM hii/ile · POSS y- · REL -yo · Kl.3: SUBJ u- · ADJ m-/mw- · GEN wa · DEM huu/ule · POSS w- · REL -o</div><div class=hinweis>nyingine heißt &quot;ein weiteres&quot;</div>	A1 SD1 G Glas
Tunahitaji glasi tatu bado.	Wir brauchen noch drei Gläser.<hr><table class=gloss><tr class=mo><td>tu-na-hitaji</td><td>glasi</td><td>tatu</td><td>bado</td></tr><tr class=la><td>1PL-PRÄS-brauchen</td><td>KL10.Glas</td><td>drei</td><td>noch</td></tr></table><div class=klassen>glasi Kl. 9/10 (Ø/n-) → glasi — Numerus nur an der Konkordanz [Lehnwort]</div><div class=konkordanz>Kl.9: SUBJ i- · ADJ Ø/n- · GEN ya · DEM hii/ile · POSS y- · REL -yo</div><div class=hinweis>glasi ist Kl.9 und Kl.10 gleich</div>	A1 SD1 G Glas
Mnaweza kuniamini, ni hivyo.	Sie können mir glauben, es ist so.<hr><table class=gloss><tr class=mo><td>m-na-wez-a</td><td>ku-ni-amini</td><td>ni</td><td>hivyo</td></tr><tr class=la><td>2PL-PRÄS-können-IND</td><td>KL15-OBJ1SG-glauben</td><td>KOP</td><td>so</td></tr></table><div class=konkordanz>Kl.15: SUBJ ku- · ADJ ku- · GEN kwa · DEM huku/kule · POSS kw- · REL -ko</div><div class=hinweis>kuamini ist arabisches Lehnverb auf -i</div>	A1 SD1 G glauben
Nadhani anakuja hivi punde.	Ich glaube, er kommt gleich.<hr><table class=gloss><tr class=mo><td>na-dhani</td><td>a-na-kuj-a</td><td>hivi</td><td>punde</td></tr><tr class=la><td>1SG.PRÄS.ALLG-meinen</td><td>3SG-PRÄS-kommen-IND</td><td>gleich</td><td>sofort</td></tr></table><div class=hinweis>kudhani für Vermutung, kuamini für Vertrauen</div>	A1 SD1 G glauben
Kwangu ni sawa.	Das ist mir gleich.<hr><table class=gloss><tr class=mo><td>kw-angu</td><td>ni</td><td>sawa</td></tr><tr class=la><td>KL17-mein</td><td>KOP</td><td>gleich</td></tr></table><div class=konkordanz>Kl.17: SUBJ ku- · ADJ ku- · GEN kwa · DEM huku/kule · POSS kw- · REL -ko</div><div class=hinweis>sawa heißt gleich, in Ordnung und einverstanden</div>	A1 SD1 G gleich
Hii ni bei ile ile.	Das ist der gleiche Preis.<hr><table class=gloss><tr class=mo><td>hii</td><td>ni</td><td>bei</td><td>ile</td><td>ile</td></tr><tr class=la><td>KL9.DEM</td><td>KOP</td><td>KL9.Preis</td><td>KL9.DEM.fern</td><td>KL9.DEM.fern</td></tr></table><div class=klassen>bei Kl. 9/10 (Ø/n-) → bei — Numerus nur an der Konkordanz</div><div class=konkordanz>Kl.9: SUBJ i- · ADJ Ø/n- · GEN ya · DEM hii/ile · POSS y- · REL -yo</div><div class=hinweis>Verdoppeltes Demonstrativ heißt &quot;derselbe&quot;</div>	A1 SD1 G gleich
Nakuja hivi punde.	Ich komme gleich.<hr><table class=gloss><tr class=mo><td>na-kuj-a</td><td>hivi</td><td>punde</td></tr><tr class=la><td>1SG.PRÄS.ALLG-kommen-IND</td><td>gleich</td><td>sofort</td></tr></table><div class=hinweis>hivi punde für die unmittelbare Zukunft</div>	A1 SD1 G gleich
Treni ya kasi kwenda Berlin leo inasimama jukwaa namba kumi na mbili.	Der ICE nach Berlin hält heute an Gleis 12.<hr><table class=gloss><tr class=mo><td>treni</td><td>y-a</td><td>kasi</td><td>kw-end-a</td><td>Berlin</td><td>leo</td><td>i-na-simam-a</td><td>jukwaa</td><td>namba</td><td>kumi</td><td>na</td><td>mbili</td></tr><tr class=la><td>KL9.Zug</td><td>KL9-GEN</td><td>KL9.Geschwindigkeit</td><td>KL15-gehen-IND</td><td>Berlin</td><td>heute</td><td>KL9-PRÄS-halten-IND</td><td>KL5.Bahnsteig</td><td>KL9.Nummer</td><td>zehn</td><td>und</td><td>zwei</td></tr></table><div class=klassen>treni Kl. 9/10 (Ø/n-) → treni — Numerus nur an der Konkordanz [Lehnwort] · jukwaa Kl. 5/6 (ji-/Ø › ma-) → majukwaa [Bahnsteig] · namba Kl. 9/10 (Ø/n-) → namba — Numerus nur an der Konkordanz [Lehnwort]</div><div class=konkordanz>Kl.9: SUBJ i- · ADJ Ø/n- · GEN ya · DEM hii/ile · POSS y- · REL -yo · Kl.5: SUBJ li- · ADJ ji-/Ø · GEN la · DEM hili/lile · POSS l- · REL -lo</div><div class=hinweis>zwölf = kumi na mbili</div>	A1 SD1 G Gleis
Bahati njema!	Viel Glück!<hr><table class=gloss><tr class=mo><td>bahati</td><td>n-jema</td></tr><tr class=la><td>KL9.Glück</td><td>KL9-gut</td></tr></table><div class=klassen>bahati Kl. 9/10 (Ø/n-) → bahati — Numerus nur an der Konkordanz</div><div class=konkordanz>Kl.9: SUBJ i- · ADJ Ø/n- · GEN ya · DEM hii/ile · POSS y- · REL -yo</div><div class=hinweis>njema mit Nasalpräfix der Kl.9</div>	A1 SD1 G Glück
Watoto wangu wameoa kwa furaha.	Meine Kinder sind glücklich verheiratet.<hr><table class=gloss><tr class=mo><td>watoto</td><td>w-angu</td><td>wa-me-o-a</td><td>kwa</td><td>furaha</td></tr><tr class=la><td>KL2.Kind</td><td>KL2-mein</td><td>KL2-PERF-heiraten-IND</td><td>mit</td><td>KL9.Freude</td></tr></table><div class=klassen>mtoto Kl. 1/2 (m-/mw- › wa-) → watoto</div><div class=konkordanz>Kl.1: SUBJ a- · ADJ m-/mw- · GEN wa · DEM huyu/yule · POSS w- · REL -ye</div><div class=hinweis>kuoa heiratet eine Frau, kuolewa einen Mann</div>	A1 SD1 G glücklich
Hongera kwa siku yako ya kuzaliwa.	Herzlichen Glückwunsch zum Geburtstag.<hr><table class=gloss><tr class=mo><td>hongera</td><td>kwa</td><td>siku</td><td>y-ako</td><td>y-a</td><td>ku-zali-w-a</td></tr><tr class=la><td>KL9.Glückwunsch</td><td>für</td><td>KL9.Tag</td><td>KL9-dein</td><td>KL9-GEN</td><td>KL15-gebären-PASS-IND</td></tr></table><div class=klassen>hongera Kl. 9/10 (Ø/n-) → hongera — Numerus nur an der Konkordanz · siku ya kuzaliwa Kl. 9/10 (Ø/n-) → siku za kuzaliwa [Genitiv kongruiert mit dem Kopfnomen]</div><div class=konkordanz>Kl.9: SUBJ i- · ADJ Ø/n- · GEN ya · DEM hii/ile · POSS y- · REL -yo</div><div class=hinweis>Zweifache Kl.9-Kongruenz: yako und ya</div>	A1 SD1 G Glückwunsch
Leo tuna nyuzi joto thelathini.	Heute haben wir dreißig Grad.<hr><table class=gloss><tr class=mo><td>leo</td><td>tu-na</td><td>nyuzi</td><td>joto</td><td>thelathini</td></tr><tr class=la><td>heute</td><td>1PL-haben</td><td>KL10.Grad</td><td>KL9.Hitze</td><td>dreißig</td></tr></table><div class=konkordanz>Kl.10: SUBJ zi- · ADJ Ø/n- · GEN za · DEM hizi/zile · POSS z- · REL -zo · Kl.9: SUBJ i- · ADJ Ø/n- · GEN ya · DEM hii/ile · POSS y- · REL -yo</div><div class=hinweis>Grad Celsius = nyuzi joto</div>	A1 SD1 G Grad__Celsius_
Nakupongeza!	Ich gratuliere dir!<hr><table class=gloss><tr class=mo><td>na-ku-pongez-a</td></tr><tr class=la><td>1SG.PRÄS.ALLG-OBJ2SG-gratulieren-IND</td></tr></table><div class=hinweis>Objektpräfix -ku- für dich</div>	A1 SD1 G gratulieren
Leo tunachoma nyama bustanini.	Heute grillen wir im Garten.<hr><table class=gloss><tr class=mo><td>leo</td><td>tu-na-chom-a</td><td>nyama</td><td>bustani-ni</td></tr><tr class=la><td>heute</td><td>1PL-PRÄS-grillen-IND</td><td>KL9.Fleisch</td><td>KL9.Garten-LOK</td></tr></table><div class=klassen>nyama Kl. 9/10 (Ø/n-) → nyama — Numerus nur an der Konkordanz</div><div class=konkordanz>Kl.9: SUBJ i- · ADJ Ø/n- · GEN ya · DEM hii/ile · POSS y- · REL -yo</div><div class=hinweis>grillen = kuchoma nyama, &quot;Fleisch brennen&quot;</div>	A1 SD1 G grillen
Kaka yangu na mimi tuna urefu sawa.	Mein Bruder und ich sind gleich groß.<hr><table class=gloss><tr class=mo><td>kaka</td><td>y-angu</td><td>na</td><td>mimi</td><td>tu-na</td><td>urefu</td><td>sawa</td></tr><tr class=la><td>KL9/KL1.Bruder</td><td>KL9-mein</td><td>und</td><td>ich</td><td>1PL-haben</td><td>KL14.Größe</td><td>gleich</td></tr></table><div class=klassen>kaka Kl. 9/10 (Ø/n-) → kaka — Numerus nur an der Konkordanz [Person: Form Kl. 9/10, Kongruenz Kl. 1/2]</div><div class=konkordanz>Kl.1: SUBJ a- · ADJ m-/mw- · GEN wa · DEM huyu/yule · POSS w- · REL -ye</div><div class=hinweis>Größe haben statt groß sein</div>	A1 SD1 G groß
Frankfurt ni mji mkubwa.	Frankfurt ist eine große Stadt.<hr><table class=gloss><tr class=mo><td>Frankfurt</td><td>ni</td><td>m-ji</td><td>m-kubwa</td></tr><tr class=la><td>Frankfurt</td><td>KOP</td><td>KL3-Stadt</td><td>KL3-groß</td></tr></table><div class=klassen>mji Kl. 3/4 (m-/mw- › mi-) → miji</div><div class=konkordanz>Kl.3: SUBJ u- · ADJ m-/mw- · GEN wa · DEM huu/ule · POSS w- · REL -o</div><div class=hinweis>mkubwa kongruiert mit mji Kl.3</div>	A1 SD1 G groß
Mnayo hii pia kwa ukubwa arobaini?	Haben Sie das auch in Größe 40?<hr><table class=gloss><tr class=mo><td>m-na-yo</td><td>hii</td><td>pia</td><td>kwa</td><td>ukubwa</td><td>arobaini</td></tr><tr class=la><td>2PL-haben-REL9</td><td>KL9.DEM</td><td>auch</td><td>für</td><td>KL14.Größe</td><td>vierzig</td></tr></table><div class=klassen>ukubwa Kl. 14 (u-), kein Numeruswechsel [Abstraktum]</div><div class=konkordanz>Kl.14: SUBJ u- · ADJ m-/mw- · GEN wa · DEM huu/ule · POSS w- · REL -o</div><div class=hinweis>ukubwa ist Kl.14, ein Abstraktum</div>	A1 SD1 G Größe
Babu na bibi wangu wanakaa Japani.	Meine Großeltern leben in Japan.<hr><table class=gloss><tr class=mo><td>babu</td><td>na</td><td>bibi</td><td>w-angu</td><td>wa-na-ka-a</td><td>Japani</td></tr><tr class=la><td>KL9/KL1.Großvater</td><td>und</td><td>KL9/KL1.Großmutter</td><td>KL2-mein</td><td>KL2-PRÄS-wohnen-IND</td><td>Japan</td></tr></table><div class=klassen>babu Kl. 9/10 (Ø/n-) → babu — Numerus nur an der Konkordanz [Person: Form Kl. 9/10, Kongruenz Kl. 1/2] · bibi Kl. 5/6 (ji-/Ø › ma-) → mabibi [Person: Form Kl. 5/6, Kongruenz Kl. 1/2]</div><div class=konkordanz>Kl.1: SUBJ a- · ADJ m-/mw- · GEN wa · DEM huyu/yule · POSS w- · REL -ye</div><div class=hinweis>Großeltern als babu na bibi, Kongruenz Kl.2</div>	A1 SD1 G Großeltern__pl__
Bibi yangu anaitwa Eva.	Meine Großmutter heißt Eva.<hr><table class=gloss><tr class=mo><td>bibi</td><td>y-angu</td><td>a-na-it-w-a</td><td>Eva</td></tr><tr class=la><td>KL9/KL1.Großmutter</td><td>KL9-mein</td><td>3SG-PRÄS-nennen-PASS-IND</td><td>Eva</td></tr></table><div class=klassen>bibi Kl. 5/6 (ji-/Ø › ma-) → mabibi [Person: Form Kl. 5/6, Kongruenz Kl. 1/2]</div><div class=konkordanz>Kl.1: SUBJ a- · ADJ m-/mw- · GEN wa · DEM huyu/yule · POSS w- · REL -ye</div><div class=hinweis>yangu Kl.9, Verbkongruenz a- aber Kl.1</div>	A1 SD1 G Großmutter
Babu yangu ana miaka themanini tayari.	Mein Großvater ist schon 80.<hr><table class=gloss><tr class=mo><td>babu</td><td>y-angu</td><td>a-na</td><td>mi-aka</td><td>themanini</td><td>tayari</td></tr><tr class=la><td>KL9/KL1.Großvater</td><td>KL9-mein</td><td>3SG-haben</td><td>KL4-Jahr</td><td>achtzig</td><td>schon</td></tr></table><div class=klassen>babu Kl. 9/10 (Ø/n-) → babu — Numerus nur an der Konkordanz [Person: Form Kl. 9/10, Kongruenz Kl. 1/2] · mwaka wa kuzaliwa Kl. 3/4 (m-/mw- › mi-) → miaka ya kuzaliwa [Genitiv kongruiert mit dem Kopfnomen]</div><div class=konkordanz>Kl.1: SUBJ a- · ADJ m-/mw- · GEN wa · DEM huyu/yule · POSS w- · REL -ye · Kl.3: SUBJ u- · ADJ m-/mw- · GEN wa · DEM huu/ule · POSS w- · REL -o</div><div class=hinweis>Alter durch &quot;Jahre haben&quot;</div>	A1 SD1 G Großvater
Kikundi cha kwanza kinaanza saa kumi.	Die erste Gruppe beginnt um 16 Uhr.<hr><table class=gloss><tr class=mo><td>ki-kundi</td><td>ch-a</td><td>kwanza</td><td>ki-na-anz-a</td><td>saa</td><td>kumi</td></tr><tr class=la><td>KL7-Gruppe</td><td>KL7-GEN</td><td>erste</td><td>KL7-PRÄS-anfangen-IND</td><td>KL9.Stunde</td><td>zehn</td></tr></table><div class=klassen>kikundi Kl. 7/8 (ki- › vi-) → vikundi · saa Kl. 9/10 (Ø/n-) → saa — Numerus nur an der Konkordanz [auch &quot;Uhr&quot;]</div><div class=konkordanz>Kl.7: SUBJ ki- · ADJ ki- · GEN cha · DEM hiki/kile · POSS ch- · REL -cho · Kl.9: SUBJ i- · ADJ Ø/n- · GEN ya · DEM hii/ile · POSS y- · REL -yo</div><div class=hinweis>saa kumi = 16 Uhr, zehnte Stunde nach Sonnenaufgang</div>	A1 SD1 G Gruppe
Salamu nyingi kwa mke wako.	Viele Grüße an Ihre Frau.<hr><table class=gloss><tr class=mo><td>salamu</td><td>ny-ingi</td><td>kwa</td><td>mke</td><td>w-ako</td></tr><tr class=la><td>KL10.Gruß</td><td>KL10-viele</td><td>für</td><td>KL1.Ehefrau</td><td>KL1-dein</td></tr></table><div class=klassen>salamu Kl. 9/10 (Ø/n-) → salamu — Numerus nur an der Konkordanz · mke Kl. 1/2 (m-/mw- › wa-) → wake [Ehemann = &quot;mume&quot; Kl. 1/2]</div><div class=konkordanz>Kl.9: SUBJ i- · ADJ Ø/n- · GEN ya · DEM hii/ile · POSS y- · REL -yo · Kl.1: SUBJ a- · ADJ m-/mw- · GEN wa · DEM huyu/yule · POSS w- · REL -ye</div><div class=hinweis>salamu ist Kl.9 und Kl.10 gleich</div>	A1 SD1 G Gruß
Kwa salamu za heri	Mit freundlichen Grüßen<hr><table class=gloss><tr class=mo><td>kwa</td><td>salamu</td><td>z-a</td><td>heri</td></tr><tr class=la><td>mit</td><td>KL10.Gruß</td><td>KL10-GEN</td><td>KL9.Segen</td></tr></table><div class=klassen>salamu Kl. 9/10 (Ø/n-) → salamu — Numerus nur an der Konkordanz</div><div class=konkordanz>Kl.9: SUBJ i- · ADJ Ø/n- · GEN ya · DEM hii/ile · POSS y- · REL -yo</div><div class=hinweis>Briefschluss ohne Satzzeichen</div>	A1 SD1 G Gruß
Pasipoti haifai tena.	Der Pass ist nicht mehr gültig.<hr><table class=gloss><tr class=mo><td>pasipoti</td><td>hai-fa-i</td><td>tena</td></tr><tr class=la><td>KL9.Pass</td><td>KL9.NEG-taugen-NEG</td><td>mehr</td></tr></table><div class=klassen>pasipoti Kl. 9/10 (Ø/n-) → pasipoti — Numerus nur an der Konkordanz [Lehnwort]</div><div class=konkordanz>Kl.9: SUBJ i- · ADJ Ø/n- · GEN ya · DEM hii/ile · POSS y- · REL -yo</div><div class=hinweis>kufaa heißt taugen, gültig sein</div>	A1 SD1 G gültig
Huko kuna ofa nafuu.	Dort gibt es günstige Angebote.<hr><table class=gloss><tr class=mo><td>huko</td><td>ku-na</td><td>ofa</td><td>nafuu</td></tr><tr class=la><td>dort</td><td>KL17-mit</td><td>KL10.Angebot</td><td>günstig</td></tr></table><div class=klassen>ofa Kl. 9/10 (Ø/n-) → ofa — Numerus nur an der Konkordanz [Lehnwort]</div><div class=konkordanz>Kl.9: SUBJ i- · ADJ Ø/n- · GEN ya · DEM hii/ile · POSS y- · REL -yo</div><div class=hinweis>nafuu bleibt unverändert</div>	A1 SD1 G günstig
Hii naiona nzuri.	Das finde ich gut.<hr><table class=gloss><tr class=mo><td>hii</td><td>na-i-on-a</td><td>n-zuri</td></tr><tr class=la><td>KL9.DEM</td><td>1SG.PRÄS.ALLG-OBJ9-sehen-IND</td><td>KL9-gut</td></tr></table><div class=konkordanz>Kl.9: SUBJ i- · ADJ Ø/n- · GEN ya · DEM hii/ile · POSS y- · REL -yo</div><div class=hinweis>finden = kuona, wörtlich sehen</div>	A1 SD1 G gut
Nakuja saa saba. - Vizuri!	Ich komme um 13 Uhr. – Gut!<hr><table class=gloss><tr class=mo><td>na-kuj-a</td><td>saa</td><td>saba</td><td>vi-zuri</td></tr><tr class=la><td>1SG.PRÄS.ALLG-kommen-IND</td><td>KL9.Stunde</td><td>sieben</td><td>KL8-gut</td></tr></table><div class=klassen>saa Kl. 9/10 (Ø/n-) → saa — Numerus nur an der Konkordanz [auch &quot;Uhr&quot;]</div><div class=konkordanz>Kl.9: SUBJ i- · ADJ Ø/n- · GEN ya · DEM hii/ile · POSS y- · REL -yo</div><div class=hinweis>saa saba = 13 Uhr, siebte Stunde</div>	A1 SD1 G gut
Habari za asubuhi!	Guten Morgen!<hr><table class=gloss><tr class=mo><td>habari</td><td>z-a</td><td>asubuhi</td></tr><tr class=la><td>KL10.Nachricht</td><td>KL10-GEN</td><td>KL9.Morgen</td></tr></table><div class=konkordanz>Kl.10: SUBJ zi- · ADJ Ø/n- · GEN za · DEM hizi/zile · POSS z- · REL -zo · Kl.9: SUBJ i- · ADJ Ø/n- · GEN ya · DEM hii/ile · POSS y- · REL -yo</div><div class=hinweis>Gruß fragt nach den Nachrichten des Morgens</div>	A1 SD1 G gut
Mwaka mpya mwema!	Ein gutes neues Jahr!<hr><table class=gloss><tr class=mo><td>mw-aka</td><td>m-pya</td><td>mw-ema</td></tr><tr class=la><td>KL3-Jahr</td><td>KL3-neu</td><td>KL3-gut</td></tr></table><div class=klassen>mwaka wa kuzaliwa Kl. 3/4 (m-/mw- › mi-) → miaka ya kuzaliwa [Genitiv kongruiert mit dem Kopfnomen]</div><div class=konkordanz>Kl.3: SUBJ u- · ADJ m-/mw- · GEN wa · DEM huu/ule · POSS w- · REL -o</div><div class=hinweis>Dreifache Kl.3-Kongruenz in drei Wörtern</div>	A1 SD1 G gut
Karibu chakula!	Guten Appetit!<hr><table class=gloss><tr class=mo><td>karibu</td><td>chakula</td></tr><tr class=la><td>willkommen</td><td>KL7.Essen</td></tr></table><div class=klassen>chakula Kl. 7/8 (ki- › vi-) → vyakula</div><div class=konkordanz>Kl.7: SUBJ ki- · ADJ ki- · GEN cha · DEM hiki/kile · POSS ch- · REL -cho</div><div class=hinweis>karibu lädt ein, es ist kein Wunsch</div>	A1 SD1 G gut
Ana nywele ndefu.	Sie hat lange Haare.<hr><table class=gloss><tr class=mo><td>a-na</td><td>nywele</td><td>n-defu</td></tr><tr class=la><td>3SG-haben</td><td>KL10.Haar</td><td>KL10-lang</td></tr></table><div class=klassen>unywele Kl. 11/10 (u- › Ø/n-) → nywele [meist Plural &quot;nywele&quot;]</div><div class=konkordanz>Kl.11: SUBJ u- · ADJ m-/mw- · GEN wa · DEM huu/ule · POSS w- · REL -o</div><div class=hinweis>nywele Kl.10, Singular unywele Kl.11</div>	A1 SD1 H Haar
Nina gari jipya.	Ich habe ein neues Auto.<hr><table class=gloss><tr class=mo><td>ni-na</td><td>gari</td><td>ji-pya</td></tr><tr class=la><td>1SG-haben</td><td>KL5.Auto</td><td>KL5-neu</td></tr></table><div class=klassen>gari Kl. 5/6 (ji-/Ø › ma-) → magari</div><div class=konkordanz>Kl.5: SUBJ li- · ADJ ji-/Ø · GEN la · DEM hili/lile · POSS l- · REL -lo</div><div class=hinweis>jipya mit ji-Präfix der Kl.5</div>	A1 SD1 H haben
Kuku mmoja na chipsi tafadhali!	Ein Hähnchen mit Pommes bitte!<hr><table class=gloss><tr class=mo><td>kuku</td><td>m-moja</td><td>na</td><td>chipsi</td><td>tafadhali</td></tr><tr class=la><td>KL9.Hähnchen</td><td>KL1-eins</td><td>und</td><td>KL10.Pommes</td><td>bitte</td></tr></table><div class=klassen>kuku Kl. 9/10 (Ø/n-) → kuku — Numerus nur an der Konkordanz · chipsi Kl. 10 (Ø/n-), kein Numeruswechsel [nur Plural, Lehnwort]</div><div class=konkordanz>Kl.9: SUBJ i- · ADJ Ø/n- · GEN ya · DEM hii/ile · POSS y- · REL -yo · Kl.10: SUBJ zi- · ADJ Ø/n- · GEN za · DEM hizi/zile · POSS z- · REL -zo</div><div class=hinweis>Tiere nehmen oft die Personenkongruenz</div>	A1 SD1 H Hähnchen
Mnataka malazi na chakula chote au chakula kimoja?	Möchten Sie Vollpension oder Halbpension?<hr><table class=gloss><tr class=mo><td>m-na-tak-a</td><td>ma-lazi</td><td>na</td><td>chakula</td><td>ch-ote</td><td>au</td><td>chakula</td><td>ki-moja</td></tr><tr class=la><td>2PL-PRÄS-wollen-IND</td><td>KL6-Unterkunft</td><td>und</td><td>KL7.Essen</td><td>KL7-alle</td><td>oder</td><td>KL7.Essen</td><td>KL7-eins</td></tr></table><div class=klassen>malazi na chakula kimoja Kl. 6 (ma-), kein Numeruswechsel [feste Fuegung] · chakula Kl. 7/8 (ki- › vi-) → vyakula</div><div class=konkordanz>Kl.6: SUBJ ya- · ADJ ma- · GEN ya · DEM haya/yale · POSS y- · REL -yo · Kl.7: SUBJ ki- · ADJ ki- · GEN cha · DEM hiki/kile · POSS ch- · REL -cho</div><div class=hinweis>chote und kimoja kongruieren mit chakula Kl.7</div>	A1 SD1 H Halbpension
Tunakutana ukumbi B	Wir treffen uns in Halle B<hr><table class=gloss><tr class=mo><td>tu-na-kut-an-a</td><td>ukumbi</td><td>B</td></tr><tr class=la><td>1PL-PRÄS-treffen-REZ-IND</td><td>KL11.Halle</td><td>B</td></tr></table><div class=klassen>ukumbi Kl. 11/10 (u- › Ø/n-) → kumbi</div><div class=konkordanz>Kl.11: SUBJ u- · ADJ m-/mw- · GEN wa · DEM huu/ule · POSS w- · REL -o</div><div class=hinweis>ukumbi Kl.11, Plural kumbi Kl.10</div>	A1 SD1 H Halle
Hujambo Inge! Habari?	Hallo Inge! Wie geht’s?<hr><table class=gloss><tr class=mo><td>hu-jambo</td><td>Inge</td><td>habari</td></tr><tr class=la><td>2SG.NEG-Sache</td><td>Inge</td><td>KL10.Nachricht</td></tr></table><div class=konkordanz>Kl.10: SUBJ zi- · ADJ Ø/n- · GEN za · DEM hizi/zile · POSS z- · REL -zo</div><div class=hinweis>hujambo heißt wörtlich &quot;du hast keine Sache&quot;</div>	A1 SD1 H hallo
Treni hii haisimami Rüdesheim.	Dieser Zug hält nicht in Rüdesheim.<hr><table class=gloss><tr class=mo><td>treni</td><td>hii</td><td>hai-simam-i</td><td>Rüdesheim</td></tr><tr class=la><td>KL9.Zug</td><td>KL9.DEM</td><td>KL9.NEG-halten-NEG</td><td>Rüdesheim</td></tr></table><div class=klassen>treni Kl. 9/10 (Ø/n-) → treni — Numerus nur an der Konkordanz [Lehnwort]</div><div class=konkordanz>Kl.9: SUBJ i- · ADJ Ø/n- · GEN ya · DEM hii/ile · POSS y- · REL -yo</div><div class=hinweis>haisimami: Kl.9-Negation plus Endvokal -i</div>	A1 SD1 H halten
Kituo kinachofuata lazima mshuke.	An der nächsten Haltestelle müssen Sie aussteigen.<hr><table class=gloss><tr class=mo><td>ki-tuo</td><td>ki-na-cho-fuat-a</td><td>lazima</td><td>m-shuk-e</td></tr><tr class=la><td>KL7-Haltestelle</td><td>KL7-PRÄS-REL7-folgen-IND</td><td>muss</td><td>2PL-aussteigen-KONJ</td></tr></table><div class=klassen>kituo Kl. 7/8 (ki- › vi-) → vituo</div><div class=konkordanz>Kl.7: SUBJ ki- · ADJ ki- · GEN cha · DEM hiki/kile · POSS ch- · REL -cho</div><div class=hinweis>Relativinfix -cho- für Kl.7</div>	A1 SD1 H Haltestelle
Ananipa mkono.	Er gibt mir die Hand.<hr><table class=gloss><tr class=mo><td>a-na-ni-p-a</td><td>m-kono</td></tr><tr class=la><td>3SG-PRÄS-OBJ1SG-geben-IND</td><td>KL3-Hand</td></tr></table><div class=klassen>mkono Kl. 3/4 (m-/mw- › mi-) → mikono</div><div class=konkordanz>Kl.3: SUBJ u- · ADJ m-/mw- · GEN wa · DEM huu/ule · POSS w- · REL -o</div><div class=hinweis>mkono heißt Hand und Arm</div>	A1 SD1 H Hand
Shuleni tafadhali zimeni simu za mkononi!	In der Schule bitte die Handys ausmachen!<hr><table class=gloss><tr class=mo><td>shule-ni</td><td>tafadhali</td><td>zim-eni</td><td>simu</td><td>z-a</td><td>m-kono-ni</td></tr><tr class=la><td>KL9.Schule-LOK</td><td>bitte</td><td>ausmachen-IMP.PL</td><td>KL10.Telefon</td><td>KL10-GEN</td><td>KL3-Hand-LOK</td></tr></table><div class=klassen>simu Kl. 9/10 (Ø/n-) → simu — Numerus nur an der Konkordanz</div><div class=konkordanz>Kl.9: SUBJ i- · ADJ Ø/n- · GEN ya · DEM hii/ile · POSS y- · REL -yo</div><div class=hinweis>Handy wörtlich &quot;Telefon der Hand&quot;</div>	A1 SD1 H Handy
Unakaa nyumba ipi?	In welchem Haus wohnst du?<hr><table class=gloss><tr class=mo><td>u-na-ka-a</td><td>nyumba</td><td>ipi</td></tr><tr class=la><td>2SG-PRÄS-wohnen-IND</td><td>KL9.Haus</td><td>KL9.welche</td></tr></table><div class=klassen>nyumba Kl. 9/10 (Ø/n-) → nyumba — Numerus nur an der Konkordanz</div><div class=konkordanz>Kl.9: SUBJ i- · ADJ Ø/n- · GEN ya · DEM hii/ile · POSS y- · REL -yo</div><div class=hinweis>Fragewort ipi kongruiert mit nyumba Kl.9</div>	A1 SD1 H Haus
Sasa naenda nyumbani.	Ich gehe jetzt nach Hause.<hr><table class=gloss><tr class=mo><td>sasa</td><td>na-end-a</td><td>nyumbani</td></tr><tr class=la><td>jetzt</td><td>1SG.PRÄS.ALLG-gehen-IND</td><td>KL9.Haus.LOK</td></tr></table><div class=konkordanz>Kl.9: SUBJ i- · ADJ Ø/n- · GEN ya · DEM hii/ile · POSS y- · REL -yo</div><div class=hinweis>nyumbani deckt &quot;nach Hause&quot; und &quot;zu Hause&quot; ab</div>	A1 SD1 H Haus
Paul hayupo nyumbani.	Paul ist nicht zu Hause.<hr><table class=gloss><tr class=mo><td>Paul</td><td>ha-yu-po</td><td>nyumbani</td></tr><tr class=la><td>Paul</td><td>3SG.NEG-KL1-sein.da</td><td>KL9.Haus.LOK</td></tr></table><div class=konkordanz>Kl.1: SUBJ a- · ADJ m-/mw- · GEN wa · DEM huyu/yule · POSS w- · REL -ye · Kl.9: SUBJ i- · ADJ Ø/n- · GEN ya · DEM hii/ile · POSS y- · REL -yo</div><div class=hinweis>hayupo ist die Personenform von hakuna</div>	A1 SD1 H Haus
Unaweza kunisaidia kwa kazi za nyumbani?	Kannst du mir bei den Hausaufgaben helfen?<hr><table class=gloss><tr class=mo><td>u-na-wez-a</td><td>ku-ni-saidi-a</td><td>kwa</td><td>kazi</td><td>z-a</td><td>nyumbani</td></tr><tr class=la><td>2SG-PRÄS-können-IND</td><td>KL15-OBJ1SG-helfen-IND</td><td>bei</td><td>KL10.Aufgabe</td><td>KL10-GEN</td><td>KL9.Haus.LOK</td></tr></table><div class=klassen>kazi Kl. 9/10 (Ø/n-) → kazi — Numerus nur an der Konkordanz</div><div class=konkordanz>Kl.9: SUBJ i- · ADJ Ø/n- · GEN ya · DEM hii/ile · POSS y- · REL -yo</div><div class=hinweis>Hausaufgaben als kazi za nyumbani</div>	A1 SD1 H Hausaufgabe
Mama wa nyumbani anafua, anapika na ananunua vitu.	Die Hausfrau/der Hausmann wäscht, kocht und kauft ein.<hr><table class=gloss><tr class=mo><td>mama</td><td>w-a</td><td>nyumbani</td><td>a-na-fu-a</td><td>a-na-pik-a</td><td>na</td><td>a-na-nunu-a</td><td>vi-tu</td></tr><tr class=la><td>KL9/KL1.Hausfrau</td><td>KL1-GEN</td><td>KL9.Haus.LOK</td><td>3SG-PRÄS-waschen-IND</td><td>3SG-PRÄS-kochen-IND</td><td>und</td><td>3SG-PRÄS-kaufen-IND</td><td>KL8-Ding</td></tr></table><div class=klassen>mama Kl. 9/10 (Ø/n-) → mama — Numerus nur an der Konkordanz [Person: Form Kl. 9/10, Kongruenz Kl. 1/2]</div><div class=konkordanz>Kl.1: SUBJ a- · ADJ m-/mw- · GEN wa · DEM huyu/yule · POSS w- · REL -ye</div><div class=hinweis>kufua wäscht Wäsche, kuosha wäscht Geschirr</div>	A1 SD1 H Hausfrau
Natoka Uswisi. Hiyo ni nchi yangu ya asili.	Ich komme aus der Schweiz. Das ist meine Heimat.<hr><table class=gloss><tr class=mo><td>na-tok-a</td><td>Uswisi</td><td>hiyo</td><td>ni</td><td>nchi</td><td>y-angu</td><td>y-a</td><td>asili</td></tr><tr class=la><td>1SG.PRÄS.ALLG-kommen-IND</td><td>Schweiz</td><td>KL9.DEM</td><td>KOP</td><td>KL9.Land</td><td>KL9-mein</td><td>KL9-GEN</td><td>KL9.Ursprung</td></tr></table><div class=klassen>nchi Kl. 9/10 (Ø/n-) → nchi — Numerus nur an der Konkordanz</div><div class=konkordanz>Kl.9: SUBJ i- · ADJ Ø/n- · GEN ya · DEM hii/ile · POSS y- · REL -yo</div><div class=hinweis>Ländernamen tragen oft das u- der Kl.11</div>	A1 SD1 H Heimat
Dada yangu anaolewa na Mjapani.	Meine Schwester heiratet einen Japaner.<hr><table class=gloss><tr class=mo><td>dada</td><td>y-angu</td><td>a-na-ol-ew-a</td><td>na</td><td>M-japani</td></tr><tr class=la><td>KL9/KL1.Schwester</td><td>KL9-mein</td><td>3SG-PRÄS-heiraten-PASS-IND</td><td>mit</td><td>KL1-Japaner</td></tr></table><div class=klassen>dada Kl. 9/10 (Ø/n-) → dada — Numerus nur an der Konkordanz [Person: Form Kl. 9/10, Kongruenz Kl. 1/2]</div><div class=konkordanz>Kl.1: SUBJ a- · ADJ m-/mw- · GEN wa · DEM huyu/yule · POSS w- · REL -ye</div><div class=hinweis>Die Frau heiratet im Passiv: kuolewa</div>	A1 SD1 H heiraten
Naitwa Charlotte Meier.	Ich heiße Charlotte Meier.<hr><table class=gloss><tr class=mo><td>na-it-w-a</td><td>Charlotte</td><td>Meier</td></tr><tr class=la><td>1SG.PRÄS.ALLG-nennen-PASS-IND</td><td>Charlotte</td><td>Meier</td></tr></table><div class=hinweis>heißen steht stets im Passiv</div>	A1 SD1 H heißen
Hii inaitwaje kwa Kijerumani?	Wie heißt das auf Deutsch?<hr><table class=gloss><tr class=mo><td>hii</td><td>i-na-it-w-a-je</td><td>kwa</td><td>Ki-jerumani</td></tr><tr class=la><td>KL9.DEM</td><td>KL9-PRÄS-nennen-PASS-IND-wie</td><td>für</td><td>KL7-Deutsch</td></tr></table><div class=konkordanz>Kl.9: SUBJ i- · ADJ Ø/n- · GEN ya · DEM hii/ile · POSS y- · REL -yo · Kl.7: SUBJ ki- · ADJ ki- · GEN cha · DEM hiki/kile · POSS ch- · REL -cho</div><div class=hinweis>Fragesuffix -je tritt an das Verbende</div>	A1 SD1 H heißen
Mnaweza kunisaidia, tafadhali?	Können Sie mir helfen, bitte?<hr><table class=gloss><tr class=mo><td>m-na-wez-a</td><td>ku-ni-saidi-a</td><td>tafadhali</td></tr><tr class=la><td>2PL-PRÄS-können-IND</td><td>KL15-OBJ1SG-helfen-IND</td><td>bitte</td></tr></table><div class=konkordanz>Kl.15: SUBJ ku- · ADJ ku- · GEN kwa · DEM huku/kule · POSS kw- · REL -ko</div><div class=hinweis>Objektpräfix -ni- für mir</div>	A1 SD1 H helfen
Kiangazi kuna mwanga hadi saa tatu usiku.	Im Sommer ist es bis 21 Uhr hell.<hr><table class=gloss><tr class=mo><td>ki-angazi</td><td>ku-na</td><td>mw-anga</td><td>hadi</td><td>saa</td><td>tatu</td><td>usiku</td></tr><tr class=la><td>KL7-Sommer</td><td>KL17-mit</td><td>KL3-Licht</td><td>bis</td><td>KL9.Stunde</td><td>drei</td><td>KL11.Nacht</td></tr></table><div class=klassen>mwanga Kl. 3/4 (m-/mw- › mi-) → mianga [Lampe = &quot;taa&quot; Kl. 9/10] · saa Kl. 9/10 (Ø/n-) → saa — Numerus nur an der Konkordanz [auch &quot;Uhr&quot;]</div><div class=konkordanz>Kl.3: SUBJ u- · ADJ m-/mw- · GEN wa · DEM huu/ule · POSS w- · REL -o · Kl.9: SUBJ i- · ADJ Ø/n- · GEN ya · DEM hii/ile · POSS y- · REL -yo</div><div class=hinweis>saa tatu usiku = 21 Uhr, dritte Stunde der Nacht</div>	A1 SD1 H hell
Jikoni jipya hakuna jiko bado.	In der neuen Küche fehlt noch der Herd.<hr><table class=gloss><tr class=mo><td>jiko-ni</td><td>ji-pya</td><td>haku-na</td><td>jiko</td><td>bado</td></tr><tr class=la><td>KL5.Küche-LOK</td><td>KL5-neu</td><td>KL17.NEG-mit</td><td>KL5.Herd</td><td>noch</td></tr></table><div class=klassen>jiko Kl. 5/6 (ji-/Ø › ma-) → majiko</div><div class=konkordanz>Kl.5: SUBJ li- · ADJ ji-/Ø · GEN la · DEM hili/lile · POSS l- · REL -lo</div><div class=hinweis>jiko heißt Küche und Herd zugleich; jipya kongruiert mit Kl.5</div>	A1 SD1 H Herd
Habari za siku, Bwana Sommer!	Guten Tag, Herr Sommer!<hr><table class=gloss><tr class=mo><td>habari</td><td>z-a</td><td>siku</td><td>bwana</td><td>Sommer</td></tr><tr class=la><td>KL10.Nachricht</td><td>KL10-GEN</td><td>KL9.Tag</td><td>KL5/KL1.Herr</td><td>Sommer</td></tr></table><div class=klassen>siku ya kuzaliwa Kl. 9/10 (Ø/n-) → siku za kuzaliwa [Genitiv kongruiert mit dem Kopfnomen] · bwana Kl. 5/6 (ji-/Ø › ma-) → mabwana [Person: Form Kl. 5/6, Kongruenz Kl. 1/2]</div><div class=konkordanz>Kl.9: SUBJ i- · ADJ Ø/n- · GEN ya · DEM hii/ile · POSS y- · REL -yo · Kl.1: SUBJ a- · ADJ m-/mw- · GEN wa · DEM huyu/yule · POSS w- · REL -ye</div><div class=hinweis>bwana ist Kl.5, kongruiert als Person Kl.1</div>	A1 SD1 H Herr
Hongera za moyo!	Herzlichen Glückwunsch!<hr><table class=gloss><tr class=mo><td>hongera</td><td>z-a</td><td>moyo</td></tr><tr class=la><td>KL10.Glückwunsch</td><td>KL10-GEN</td><td>KL3.Herz</td></tr></table><div class=klassen>hongera Kl. 9/10 (Ø/n-) → hongera — Numerus nur an der Konkordanz</div><div class=konkordanz>Kl.9: SUBJ i- · ADJ Ø/n- · GEN ya · DEM hii/ile · POSS y- · REL -yo</div><div class=hinweis>za moyo heißt wörtlich &quot;des Herzens&quot;</div>	A1 SD1 H herzlich
Leo ni siku nzuri.	Heute ist ein schöner Tag.<hr><table class=gloss><tr class=mo><td>leo</td><td>ni</td><td>siku</td><td>n-zuri</td></tr><tr class=la><td>heute</td><td>KOP</td><td>KL9.Tag</td><td>KL9-gut</td></tr></table><div class=klassen>siku ya kuzaliwa Kl. 9/10 (Ø/n-) → siku za kuzaliwa [Genitiv kongruiert mit dem Kopfnomen]</div><div class=konkordanz>Kl.9: SUBJ i- · ADJ Ø/n- · GEN ya · DEM hii/ile · POSS y- · REL -yo</div><div class=hinweis>nzuri mit Nasalpräfix der Kl.9</div>	A1 SD1 H heute
Hapa ni 06131-553221, Pamela Linke.	Hier ist 06131-553221, Pamela Linke.<hr><table class=gloss><tr class=mo><td>hapa</td><td>ni</td><td>Pamela</td><td>Linke</td></tr><tr class=la><td>hier</td><td>KOP</td><td>Pamela</td><td>Linke</td></tr></table><div class=hinweis>Am Telefon nennt man sich mit hapa ni</div>	A1 SD1 H hier
Nakaa hapa.	Hier wohne ich.<hr><table class=gloss><tr class=mo><td>na-ka-a</td><td>hapa</td></tr><tr class=la><td>1SG.PRÄS.ALLG-wohnen-IND</td><td>hier</td></tr></table><div class=hinweis>hapa ist ein Ortswort der Kl.16</div>	A1 SD1 H hier
Msaada! Tafadhali nisaidieni!	Hilfe! Bitte helfen Sie mir!<hr><table class=gloss><tr class=mo><td>m-saada</td><td>tafadhali</td><td>ni-saidi-eni</td></tr><tr class=la><td>KL3-Hilfe</td><td>bitte</td><td>OBJ1SG-helfen-IMP.PL</td></tr></table><div class=klassen>msaada Kl. 3/4 (m-/mw- › mi-) → misaada</div><div class=konkordanz>Kl.3: SUBJ u- · ADJ m-/mw- · GEN wa · DEM huu/ule · POSS w- · REL -o</div><div class=hinweis>Objektpräfix ni- vor dem Imperativ Plural</div>	A1 SD1 H Hilfe
Mnahitaji msaada wangu?	Brauchen Sie meine Hilfe?<hr><table class=gloss><tr class=mo><td>m-na-hitaji</td><td>m-saada</td><td>w-angu</td></tr><tr class=la><td>2PL-PRÄS-brauchen</td><td>KL3-Hilfe</td><td>KL3-mein</td></tr></table><div class=klassen>msaada Kl. 3/4 (m-/mw- › mi-) → misaada</div><div class=konkordanz>Kl.3: SUBJ u- · ADJ m-/mw- · GEN wa · DEM huu/ule · POSS w- · REL -o</div><div class=hinweis>msaada Kl.3 nimmt wangu</div>	A1 SD1 H Hilfe
Mlango wa kushuka uko nyuma.	Die Tür zum Aussteigen ist hinten.<hr><table class=gloss><tr class=mo><td>m-lango</td><td>w-a</td><td>ku-shuk-a</td><td>u-ko</td><td>nyuma</td></tr><tr class=la><td>KL3-Tür</td><td>KL3-GEN</td><td>KL15-aussteigen-IND</td><td>KL3-sein.da</td><td>hinten</td></tr></table><div class=konkordanz>Kl.3: SUBJ u- · ADJ m-/mw- · GEN wa · DEM huu/ule · POSS w- · REL -o · Kl.15: SUBJ ku- · ADJ ku- · GEN kwa · DEM huku/kule · POSS kw- · REL -ko</div><div class=hinweis>Dreifache Kl.3-Kongruenz: wa, u-, und mlango</div>	A1 SD1 H hinten
Burudani zangu ni kutembea na kuogelea.	Meine Hobbys sind Wandern und Schwimmen.<hr><table class=gloss><tr class=mo><td>burudani</td><td>z-angu</td><td>ni</td><td>ku-tembe-a</td><td>na</td><td>ku-ogele-a</td></tr><tr class=la><td>KL10.Hobby</td><td>KL10-mein</td><td>KOP</td><td>KL15-wandern-IND</td><td>und</td><td>KL15-schwimmen-IND</td></tr></table><div class=klassen>burudani Kl. 9/10 (Ø/n-) → burudani — Numerus nur an der Konkordanz</div><div class=konkordanz>Kl.9: SUBJ i- · ADJ Ø/n- · GEN ya · DEM hii/ile · POSS y- · REL -yo</div><div class=hinweis>Verbalnomen der Kl.15 dienen als Nomen</div>	A1 SD1 H Hobby
Mount Everest una urefu wa mita elfu nane mia nane themanini.	Der Mount Everest ist 8.880 Meter hoch.<hr><table class=gloss><tr class=mo><td>Mount</td><td>Everest</td><td>u-na</td><td>urefu</td><td>w-a</td><td>mita</td><td>elfu</td><td>nane</td><td>mia</td><td>nane</td><td>themanini</td></tr><tr class=la><td>Mount</td><td>Everest</td><td>KL3-haben</td><td>KL14.Höhe</td><td>KL14-GEN</td><td>KL9.Meter</td><td>KL9.Tausend</td><td>acht</td><td>KL9.Hundert</td><td>acht</td><td>achtzig</td></tr></table><div class=konkordanz>Kl.3: SUBJ u- · ADJ m-/mw- · GEN wa · DEM huu/ule · POSS w- · REL -o · Kl.14: SUBJ u- · ADJ m-/mw- · GEN wa · DEM huu/ule · POSS w- · REL -o</div><div class=hinweis>Höhe haben statt hoch sein</div>	A1 SD1 H hoch
Kwenye harusi hii wanakuja wageni zaidi ya hamsini.	Zur dieser Hochzeit kommen mehr als fünfzig Gäste.<hr><table class=gloss><tr class=mo><td>kwenye</td><td>harusi</td><td>hii</td><td>wa-na-kuj-a</td><td>wa-geni</td><td>zaidi</td><td>y-a</td><td>hamsini</td></tr><tr class=la><td>an</td><td>KL9.Hochzeit</td><td>KL9.DEM</td><td>KL2-PRÄS-kommen-IND</td><td>KL2-Gast</td><td>mehr</td><td>KL9-GEN</td><td>fünfzig</td></tr></table><div class=klassen>harusi Kl. 9/10 (Ø/n-) → harusi — Numerus nur an der Konkordanz · mgeni Kl. 1/2 (m-/mw- › wa-) → wageni [auch &quot;Gast&quot;]</div><div class=konkordanz>Kl.9: SUBJ i- · ADJ Ø/n- · GEN ya · DEM hii/ile · POSS y- · REL -yo · Kl.1: SUBJ a- · ADJ m-/mw- · GEN wa · DEM huyu/yule · POSS w- · REL -ye</div><div class=hinweis>zaidi ya für &quot;mehr als&quot;</div>	A1 SD1 H Hochzeit
Nachukua chupa mbili za maji kutoka jikoni.	Ich hole zwei Flaschen Wasser aus der Küche.<hr><table class=gloss><tr class=mo><td>na-chuku-a</td><td>chupa</td><td>mbili</td><td>z-a</td><td>maji</td><td>ku-tok-a</td><td>jiko-ni</td></tr><tr class=la><td>1SG.PRÄS.ALLG-holen-IND</td><td>KL10.Flasche</td><td>zwei</td><td>KL10-GEN</td><td>KL6.Wasser</td><td>KL15-kommen-IND</td><td>KL5.Küche-LOK</td></tr></table><div class=klassen>chupa Kl. 9/10 (Ø/n-) → chupa — Numerus nur an der Konkordanz · maji Kl. 6 (ma-), kein Numeruswechsel [nur Plural]</div><div class=konkordanz>Kl.9: SUBJ i- · ADJ Ø/n- · GEN ya · DEM hii/ile · POSS y- · REL -yo · Kl.6: SUBJ ya- · ADJ ma- · GEN ya · DEM haya/yale · POSS y- · REL -yo</div><div class=hinweis>kutoka dient als Präposition &quot;aus&quot;</div>	A1 SD1 H holen
Sikiliza! Ni nini hii?	Hör mal! Was ist das?<hr><table class=gloss><tr class=mo><td>sikiliz-a</td><td>ni</td><td>nini</td><td>hii</td></tr><tr class=la><td>zuhören-IMP</td><td>KOP</td><td>was</td><td>KL9.DEM</td></tr></table><div class=konkordanz>Kl.9: SUBJ i- · ADJ Ø/n- · GEN ya · DEM hii/ile · POSS y- · REL -yo</div><div class=hinweis>kusikiliza hört zu, kusikia hört wahr</div>	A1 SD1 H hören
Nimekwisha kusikia wimbo huu.	Ich habe das Lied schon mal gehört.<hr><table class=gloss><tr class=mo><td>ni-me-kwish-a</td><td>ku-siki-a</td><td>wimbo</td><td>huu</td></tr><tr class=la><td>1SG-PERF-beenden-IND</td><td>KL15-hören-IND</td><td>KL11.Lied</td><td>KL11.DEM</td></tr></table><div class=klassen>wimbo Kl. 11/10 (u- › Ø/n-) → nyimbo</div><div class=konkordanz>Kl.11: SUBJ u- · ADJ m-/mw- · GEN wa · DEM huu/ule · POSS w- · REL -o</div><div class=hinweis>kwisha plus Infinitiv heißt &quot;schon einmal&quot;</div>	A1 SD1 H hören
Likizoni tunakaa kwenye hoteli baharini.	Im Urlaub sind wir in einem Hotel am Meer.<hr><table class=gloss><tr class=mo><td>likizo-ni</td><td>tu-na-ka-a</td><td>kwenye</td><td>hoteli</td><td>bahari-ni</td></tr><tr class=la><td>KL9.Urlaub-LOK</td><td>1PL-PRÄS-wohnen-IND</td><td>an</td><td>KL9.Hotel</td><td>KL9.Meer-LOK</td></tr></table><div class=klassen>hoteli Kl. 9/10 (Ø/n-) → hoteli — Numerus nur an der Konkordanz [Lehnwort]</div><div class=konkordanz>Kl.9: SUBJ i- · ADJ Ø/n- · GEN ya · DEM hii/ile · POSS y- · REL -yo</div><div class=hinweis>Zwei Ortsangaben mit -ni im selben Satz</div>	A1 SD1 H Hotel
Mbwa bado ni mdogo.	Der Hund ist noch jung.<hr><table class=gloss><tr class=mo><td>mbwa</td><td>bado</td><td>ni</td><td>m-dogo</td></tr><tr class=la><td>KL9.Hund</td><td>noch</td><td>KOP</td><td>KL1-jung</td></tr></table><div class=klassen>mbwa Kl. 9/10 (Ø/n-) → mbwa — Numerus nur an der Konkordanz</div><div class=konkordanz>Kl.9: SUBJ i- · ADJ Ø/n- · GEN ya · DEM hii/ile · POSS y- · REL -yo</div><div class=hinweis>Tiere nehmen oft die Personenkongruenz</div>	A1 SD1 H Hund
Nina njaa! Chakula kitakuwa tayari lini?	Ich habe Hunger! Wann ist das Essen fertig?<hr><table class=gloss><tr class=mo><td>ni-na</td><td>njaa</td><td>chakula</td><td>ki-ta-kuw-a</td><td>tayari</td><td>lini</td></tr><tr class=la><td>1SG-haben</td><td>KL9.Hunger</td><td>KL7.Essen</td><td>KL7-FUT-sein-IND</td><td>fertig</td><td>wann</td></tr></table><div class=klassen>njaa Kl. 9 (Ø/n-), kein Numeruswechsel [kein Plural] · chakula Kl. 7/8 (ki- › vi-) → vyakula</div><div class=konkordanz>Kl.9: SUBJ i- · ADJ Ø/n- · GEN ya · DEM hii/ile · POSS y- · REL -yo · Kl.7: SUBJ ki- · ADJ ki- · GEN cha · DEM hiki/kile · POSS ch- · REL -cho</div><div class=hinweis>Hunger haben, nicht hungrig sein</div>	A1 SD1 H Hunger
Naitwa Veronika.	Ich heiße Veronika.<hr><table class=gloss><tr class=mo><td>na-it-w-a</td><td>Veronika</td></tr><tr class=la><td>1SG.PRÄS.ALLG-nennen-PASS-IND</td><td>Veronika</td></tr></table><div class=hinweis>Passiv auch bei der eigenen Vorstellung</div>	A1 SD1 I ich
Tafadhali mpe kitabu.	Gib ihr/ihm bitte das Buch.<hr><table class=gloss><tr class=mo><td>tafadhali</td><td>m-p-e</td><td>ki-tabu</td></tr><tr class=la><td>bitte</td><td>OBJ1-geben-KONJ</td><td>KL7-Buch</td></tr></table><div class=klassen>kitabu Kl. 7/8 (ki- › vi-) → vitabu</div><div class=konkordanz>Kl.7: SUBJ ki- · ADJ ki- · GEN cha · DEM hiki/kile · POSS ch- · REL -cho</div><div class=hinweis>Ein Objektpräfix -m- für ihr und ihm</div>	A1 SD1 I ihr/ihm/ihn
Tafadhali mpigie simu.	Ruf ihn bitte an.<hr><table class=gloss><tr class=mo><td>tafadhali</td><td>m-pig-i-e</td><td>simu</td></tr><tr class=la><td>bitte</td><td>OBJ1-schlagen-APPL-KONJ</td><td>KL9.Telefon</td></tr></table><div class=klassen>simu Kl. 9/10 (Ø/n-) → simu — Numerus nur an der Konkordanz</div><div class=konkordanz>Kl.9: SUBJ i- · ADJ Ø/n- · GEN ya · DEM hii/ile · POSS y- · REL -yo</div><div class=hinweis>Applikativ plus Objektpräfix für &quot;ihn anrufen&quot;</div>	A1 SD1 I ihr/ihm/ihn
Bibi Bast anafika kwa kuchelewa kila mara.	Frau Bast kommt immer zu spät.<hr><table class=gloss><tr class=mo><td>bibi</td><td>Bast</td><td>a-na-fik-a</td><td>kwa</td><td>ku-chelew-a</td><td>kila</td><td>mara</td></tr><tr class=la><td>KL5/KL1.Frau</td><td>Bast</td><td>3SG-PRÄS-ankommen-IND</td><td>mit</td><td>KL15-sich.verspäten-IND</td><td>jede</td><td>KL9.Mal</td></tr></table><div class=klassen>bibi Kl. 5/6 (ji-/Ø › ma-) → mabibi [Person: Form Kl. 5/6, Kongruenz Kl. 1/2]</div><div class=konkordanz>Kl.1: SUBJ a- · ADJ m-/mw- · GEN wa · DEM huyu/yule · POSS w- · REL -ye</div><div class=hinweis>zu spät kommen als kwa kuchelewa</div>	A1 SD1 I immer
Nakaa Wiesbaden.	Ich wohne in Wiesbaden.<hr><table class=gloss><tr class=mo><td>na-ka-a</td><td>Wiesbaden</td></tr><tr class=la><td>1SG.PRÄS.ALLG-wohnen-IND</td><td>Wiesbaden</td></tr></table><div class=hinweis>Ortsnamen brauchen keine Präposition</div>	A1 SD1 I in
Treni inakuja baada ya dakika tano.	Der Zug kommt in fünf Minuten.<hr><table class=gloss><tr class=mo><td>treni</td><td>i-na-kuj-a</td><td>baada</td><td>y-a</td><td>dakika</td><td>tano</td></tr><tr class=la><td>KL9.Zug</td><td>KL9-PRÄS-kommen-IND</td><td>nach</td><td>KL9-GEN</td><td>KL9.Minute</td><td>fünf</td></tr></table><div class=klassen>treni Kl. 9/10 (Ø/n-) → treni — Numerus nur an der Konkordanz [Lehnwort]</div><div class=konkordanz>Kl.9: SUBJ i- · ADJ Ø/n- · GEN ya · DEM hii/ile · POSS y- · REL -yo</div><div class=hinweis>baada ya verlangt den Genitiv</div>	A1 SD1 I in
Bibi Rausch anafanya kazi kwenye duka.	Frau Rausch arbeitet in einem Geschäft.<hr><table class=gloss><tr class=mo><td>bibi</td><td>Rausch</td><td>a-na-fany-a</td><td>kazi</td><td>kwenye</td><td>duka</td></tr><tr class=la><td>KL5/KL1.Frau</td><td>Rausch</td><td>3SG-PRÄS-tun-IND</td><td>KL9.Arbeit</td><td>an</td><td>KL5.Geschäft</td></tr></table><div class=klassen>bibi Kl. 5/6 (ji-/Ø › ma-) → mabibi [Person: Form Kl. 5/6, Kongruenz Kl. 1/2] · kazi Kl. 9/10 (Ø/n-) → kazi — Numerus nur an der Konkordanz · duka Kl. 5/6 (ji-/Ø › ma-) → maduka</div><div class=konkordanz>Kl.1: SUBJ a- · ADJ m-/mw- · GEN wa · DEM huyu/yule · POSS w- · REL -ye · Kl.9: SUBJ i- · ADJ Ø/n- · GEN ya · DEM hii/ile · POSS y- · REL -yo</div><div class=hinweis>kwenye für Orte und Institutionen</div>	A1 SD1 I in
Njoo, tunaenda sinemani.	Komm, wir gehen ins Kino.<hr><table class=gloss><tr class=mo><td>njoo</td><td>tu-na-end-a</td><td>sinema-ni</td></tr><tr class=la><td>komm</td><td>1PL-PRÄS-gehen-IND</td><td>KL9.Kino-LOK</td></tr></table><div class=konkordanz>Kl.9: SUBJ i- · ADJ Ø/n- · GEN ya · DEM hii/ile · POSS y- · REL -yo</div><div class=hinweis>njoo ist der unregelmäßige Imperativ von kuja</div>	A1 SD1 I in
Kama mnayo maswali, nendeni kwenye taarifa.	Wenn Sie Fragen haben, gehen Sie zur Information.<hr><table class=gloss><tr class=mo><td>kama</td><td>m-na-yo</td><td>ma-swali</td><td>nend-eni</td><td>kwenye</td><td>taarifa</td></tr><tr class=la><td>wenn</td><td>2PL-haben-REL9</td><td>KL6-Frage</td><td>gehen-IMP.PL</td><td>an</td><td>KL9.Information</td></tr></table><div class=klassen>swali Kl. 5/6 (ji-/Ø › ma-) → maswali · taarifa Kl. 9/10 (Ø/n-) → taarifa — Numerus nur an der Konkordanz</div><div class=konkordanz>Kl.5: SUBJ li- · ADJ ji-/Ø · GEN la · DEM hili/lile · POSS l- · REL -lo · Kl.9: SUBJ i- · ADJ Ø/n- · GEN ya · DEM hii/ile · POSS y- · REL -yo</div><div class=hinweis>kama leitet den Bedingungssatz ein</div>	A1 SD1 I Information
Tunayo taarifa muhimu kwa ajili yenu hapa.	Wir haben hier wichtige Informationen für Sie.<hr><table class=gloss><tr class=mo><td>tu-na-yo</td><td>taarifa</td><td>muhimu</td><td>kwa</td><td>ajili</td><td>y-enu</td><td>hapa</td></tr><tr class=la><td>1PL-haben-REL9</td><td>KL10.Information</td><td>wichtig</td><td>für</td><td>KL9.Zweck</td><td>KL9-euer</td><td>hier</td></tr></table><div class=klassen>taarifa Kl. 9/10 (Ø/n-) → taarifa — Numerus nur an der Konkordanz</div><div class=konkordanz>Kl.9: SUBJ i- · ADJ Ø/n- · GEN ya · DEM hii/ile · POSS y- · REL -yo</div><div class=hinweis>muhimu bleibt unverändert</div>	A1 SD1 I Information
Kozi yetu ya Kijerumani ni ya kimataifa: Silvana anatoka Italia, Conchi kutoka Hispania, Yin kutoka China ...	Unser Deutschkurs ist international: Silvana kommt aus Italien, Conchi aus Spanien, Yin aus China ...<hr><table class=gloss><tr class=mo><td>kozi</td><td>y-etu</td><td>y-a</td><td>Ki-jerumani</td><td>ni</td><td>y-a</td><td>ki-mataifa</td><td>Silvana</td><td>a-na-tok-a</td><td>Italia</td><td>Conchi</td><td>ku-tok-a</td><td>Hispania</td><td>Yin</td><td>ku-tok-a</td><td>China</td></tr><tr class=la><td>KL9.Kurs</td><td>KL9-unser</td><td>KL9-GEN</td><td>KL7-Deutsch</td><td>KOP</td><td>KL9-GEN</td><td>KL7-international</td><td>Silvana</td><td>3SG-PRÄS-kommen-IND</td><td>Italien</td><td>Conchi</td><td>KL15-kommen-IND</td><td>Spanien</td><td>Yin</td><td>KL15-kommen-IND</td><td>China</td></tr></table><div class=klassen>kozi Kl. 9/10 (Ø/n-) → kozi — Numerus nur an der Konkordanz [Lehnwort]</div><div class=konkordanz>Kl.9: SUBJ i- · ADJ Ø/n- · GEN ya · DEM hii/ile · POSS y- · REL -yo</div><div class=hinweis>ki- bildet Adjektive der Art: kimataifa</div>	A1 SD1 I international
Hii unaipata kwenye mtandao.	Das findest du im Internet.<hr><table class=gloss><tr class=mo><td>hii</td><td>u-na-i-pat-a</td><td>kwenye</td><td>m-tandao</td></tr><tr class=la><td>KL9.DEM</td><td>2SG-PRÄS-OBJ9-finden-IND</td><td>an</td><td>KL3-Internet</td></tr></table><div class=klassen>mtandao Kl. 3/4 (m-/mw- › mi-) → mitandao</div><div class=konkordanz>Kl.3: SUBJ u- · ADJ m-/mw- · GEN wa · DEM huu/ule · POSS w- · REL -o</div><div class=hinweis>mtandao Kl.3 heißt Netz und Internet</div>	A1 SD1 I Internet
Nyinyi ni Bwana Watanabe? - Ndiyo.	Sind Sie Herr Watanabe? – Ja.<hr><table class=gloss><tr class=mo><td>nyinyi</td><td>ni</td><td>bwana</td><td>Watanabe</td><td>ndiyo</td></tr><tr class=la><td>ihr</td><td>KOP</td><td>KL5/KL1.Herr</td><td>Watanabe</td><td>ja</td></tr></table><div class=klassen>bwana Kl. 5/6 (ji-/Ø › ma-) → mabwana [Person: Form Kl. 5/6, Kongruenz Kl. 1/2]</div><div class=konkordanz>Kl.1: SUBJ a- · ADJ m-/mw- · GEN wa · DEM huyu/yule · POSS w- · REL -ye</div><div class=hinweis>ndiyo bejaht einen Satz, ndio bestätigt ein Nomen</div>	A1 SD1 J ja
Vaa koti. Kuna baridi.	Zieh dir eine Jacke an. Es ist kalt.<hr><table class=gloss><tr class=mo><td>va-a</td><td>koti</td><td>ku-na</td><td>baridi</td></tr><tr class=la><td>anziehen-IMP</td><td>KL5.Jacke</td><td>KL17-mit</td><td>KL9.Kälte</td></tr></table><div class=klassen>koti Kl. 5/6 (ji-/Ø › ma-) → makoti</div><div class=konkordanz>Kl.5: SUBJ li- · ADJ ji-/Ø · GEN la · DEM hili/lile · POSS l- · REL -lo</div><div class=hinweis>Wetter mit kuna: es gibt Kälte</div>	A1 SD1 J Jacke
Maua unaweza kuyanunua kwenye stesheni yoyote.	Blumen kannst du in jedem Bahnhof kaufen.<hr><table class=gloss><tr class=mo><td>ma-ua</td><td>u-na-wez-a</td><td>ku-ya-nunu-a</td><td>kwenye</td><td>stesheni</td><td>y-oyote</td></tr><tr class=la><td>KL6-Blume</td><td>2SG-PRÄS-können-IND</td><td>KL15-OBJ6-kaufen-IND</td><td>an</td><td>KL9.Bahnhof</td><td>KL9-jede</td></tr></table><div class=klassen>ua Kl. 5/6 (ji-/Ø › ma-) → maua [Nullpraefix im Singular] · stesheni Kl. 9/10 (Ø/n-) → stesheni — Numerus nur an der Konkordanz [Lehnwort]</div><div class=konkordanz>Kl.5: SUBJ li- · ADJ ji-/Ø · GEN la · DEM hili/lile · POSS l- · REL -lo · Kl.9: SUBJ i- · ADJ Ø/n- · GEN ya · DEM hii/ile · POSS y- · REL -yo</div><div class=hinweis>yoyote kongruiert mit stesheni Kl.9</div>	A1 SD1 J jed
Sasa tunachukua mapumziko.	Jetzt machen wir eine Pause.<hr><table class=gloss><tr class=mo><td>sasa</td><td>tu-na-chuku-a</td><td>ma-pumziko</td></tr><tr class=la><td>jetzt</td><td>1PL-PRÄS-nehmen-IND</td><td>KL6-Pause</td></tr></table><div class=klassen>mapumziko Kl. 6 (ma-), kein Numeruswechsel [nur Plural]</div><div class=konkordanz>Kl.6: SUBJ ya- · ADJ ma- · GEN ya · DEM haya/yale · POSS y- · REL -yo</div><div class=hinweis>mapumziko ist Kl.6 und hat keinen Singular</div>	A1 SD1 J jetzt
Jenny ana kazi mpya kwenye posta.	Jenny hat einen neuen Job bei der Post.<hr><table class=gloss><tr class=mo><td>Jenny</td><td>a-na</td><td>kazi</td><td>m-pya</td><td>kwenye</td><td>posta</td></tr><tr class=la><td>Jenny</td><td>3SG-haben</td><td>KL9.Arbeit</td><td>KL9-neu</td><td>an</td><td>KL9.Post</td></tr></table><div class=klassen>kazi Kl. 9/10 (Ø/n-) → kazi — Numerus nur an der Konkordanz · posta Kl. 9/10 (Ø/n-) → posta — Numerus nur an der Konkordanz [Lehnwort]</div><div class=konkordanz>Kl.9: SUBJ i- · ADJ Ø/n- · GEN ya · DEM hii/ile · POSS y- · REL -yo</div><div class=hinweis>kazi deckt Arbeit, Beruf und Job ab</div>	A1 SD1 J Job
Vijana wengi wanapenda kununua vitu.	Viele Jugendliche kaufen gern ein.<hr><table class=gloss><tr class=mo><td>vi-jana</td><td>w-engi</td><td>wa-na-pend-a</td><td>ku-nunu-a</td><td>vi-tu</td></tr><tr class=la><td>KL8-Jugendliche</td><td>KL2-viele</td><td>KL2-PRÄS-mögen-IND</td><td>KL15-kaufen-IND</td><td>KL8-Ding</td></tr></table><div class=klassen>kijana Kl. 7/8 (ki- › vi-) → vijana [Person: Form Kl. 7/8, Kongruenz Kl. 1/2]</div><div class=konkordanz>Kl.1: SUBJ a- · ADJ m-/mw- · GEN wa · DEM huyu/yule · POSS w- · REL -ye</div><div class=hinweis>vijana ist Kl.8, kongruiert als Person aber Kl.2</div>	A1 SD1 J Jugendliche
Claudia ana miaka ishirini na moja. - Nini? Mdogo hivyo bado?	Claudia ist 21. – Was? Noch so jung?<hr><table class=gloss><tr class=mo><td>Claudia</td><td>a-na</td><td>mi-aka</td><td>ishirini</td><td>na</td><td>moja</td><td>nini</td><td>m-dogo</td><td>hivyo</td><td>bado</td></tr><tr class=la><td>Claudia</td><td>3SG-haben</td><td>KL4-Jahr</td><td>zwanzig</td><td>und</td><td>eins</td><td>was</td><td>KL1-jung</td><td>so</td><td>noch</td></tr></table><div class=klassen>mwaka wa kuzaliwa Kl. 3/4 (m-/mw- › mi-) → miaka ya kuzaliwa [Genitiv kongruiert mit dem Kopfnomen]</div><div class=konkordanz>Kl.3: SUBJ u- · ADJ m-/mw- · GEN wa · DEM huu/ule · POSS w- · REL -o</div><div class=hinweis>einundzwanzig = ishirini na moja</div>	A1 SD1 J jung
Nina watoto wawili. Mvulana mmoja na msichana mmoja.	Ich habe zwei Kinder. Einen Jungen und ein Mädchen.<hr><table class=gloss><tr class=mo><td>ni-na</td><td>watoto</td><td>w-awili</td><td>m-vulana</td><td>m-moja</td><td>na</td><td>m-sichana</td><td>m-moja</td></tr><tr class=la><td>1SG-haben</td><td>KL2.Kind</td><td>KL2-zwei</td><td>KL1-Junge</td><td>KL1-eins</td><td>und</td><td>KL1-Mädchen</td><td>KL1-eins</td></tr></table><div class=klassen>mtoto Kl. 1/2 (m-/mw- › wa-) → watoto · mvulana Kl. 1/2 (m-/mw- › wa-) → wavulana · msichana Kl. 1/2 (m-/mw- › wa-) → wasichana</div><div class=konkordanz>Kl.1: SUBJ a- · ADJ m-/mw- · GEN wa · DEM huyu/yule · POSS w- · REL -ye</div><div class=hinweis>mmoja kongruiert dreimal mit Kl.1 und Kl.2</div>	A1 SD1 J Junge
Kwa kifungua kinywa nanywa kahawa kila mara.	Zum Frühstück trinke ich immer Kaffee.<hr><table class=gloss><tr class=mo><td>kwa</td><td>ki-fungua</td><td>kinywa</td><td>na-nyw-a</td><td>kahawa</td><td>kila</td><td>mara</td></tr><tr class=la><td>für</td><td>KL7-öffnen</td><td>KL7.Mund</td><td>1SG.PRÄS.ALLG-trinken-IND</td><td>KL9.Kaffee</td><td>jede</td><td>KL9.Mal</td></tr></table><div class=klassen>kifungua kinywa Kl. 7/8 (ki- › vi-) → vifungua kinywa [woertlich &quot;Mundoeffner&quot;] · kahawa Kl. 9/10 (Ø/n-) → kahawa — Numerus nur an der Konkordanz</div><div class=konkordanz>Kl.7: SUBJ ki- · ADJ ki- · GEN cha · DEM hiki/kile · POSS ch- · REL -cho · Kl.9: SUBJ i- · ADJ Ø/n- · GEN ya · DEM hii/ile · POSS y- · REL -yo</div><div class=hinweis>kunywa hat den unregelmäßigen Stamm nyw-</div>	A1 SD1 K Kaffee
Glasi ilikuwa ghali. Inavunjika kwa urahisi sana.	Das Glas war teuer. Es geht sehr leicht kaputt.<hr><table class=gloss><tr class=mo><td>glasi</td><td>i-li-kuw-a</td><td>ghali</td><td>i-na-vunjik-a</td><td>kwa</td><td>urahisi</td><td>sana</td></tr><tr class=la><td>KL9.Glas</td><td>KL9-PRÄT-sein-IND</td><td>teuer</td><td>KL9-PRÄS-zerbrechen-IND</td><td>mit</td><td>KL14.Leichtigkeit</td><td>sehr</td></tr></table><div class=klassen>glasi Kl. 9/10 (Ø/n-) → glasi — Numerus nur an der Konkordanz [Lehnwort]</div><div class=konkordanz>Kl.9: SUBJ i- · ADJ Ø/n- · GEN ya · DEM hii/ile · POSS y- · REL -yo</div><div class=hinweis>Stativ -ik- macht aus zerbrechen &quot;kaputtgehen&quot;</div>	A1 SD1 K kaputt
Naandikia watu niwafahamu kadi kutoka likizoni.	Ich schreibe meinen Bekannten eine Karte aus dem Urlaub.<hr><table class=gloss><tr class=mo><td>na-andik-i-a</td><td>watu</td><td>ni-wa-fahamu</td><td>kadi</td><td>ku-tok-a</td><td>likizo-ni</td></tr><tr class=la><td>1SG.PRÄS.ALLG-schreiben-APPL-IND</td><td>KL2.Bekannte</td><td>1SG-OBJ2-kennen</td><td>KL9.Karte</td><td>KL15-kommen-IND</td><td>KL9.Urlaub-LOK</td></tr></table><div class=klassen>mtu Kl. 1/2 (m-/mw- › wa-) → watu [Musterwort fuer Kl. 1/2] · kadi Kl. 9/10 (Ø/n-) → kadi — Numerus nur an der Konkordanz [Speisekarte = &quot;menyu&quot; Kl. 9]</div><div class=konkordanz>Kl.1: SUBJ a- · ADJ m-/mw- · GEN wa · DEM huyu/yule · POSS w- · REL -ye · Kl.9: SUBJ i- · ADJ Ø/n- · GEN ya · DEM hii/ile · POSS y- · REL -yo</div><div class=hinweis>Applikativ -i- nennt die Empfänger</div>	A1 SD1 K Karte
Tucheze karata?	Wollen wir Karten spielen?<hr><table class=gloss><tr class=mo><td>tu-chez-e</td><td>karata</td></tr><tr class=la><td>1PL-spielen-KONJ</td><td>KL10.Spielkarte</td></tr></table><div class=konkordanz>Kl.10: SUBJ zi- · ADJ Ø/n- · GEN za · DEM hizi/zile · POSS z- · REL -zo</div><div class=hinweis>Spielkarte ist karata, Postkarte kadi</div>	A1 SD1 K Karte
Nataka kula kitu pia. Tafadhali niletee menyu.	Ich möchte auch etwas essen. Bringen Sie mir die Karte, bitte.<hr><table class=gloss><tr class=mo><td>na-tak-a</td><td>ku-l-a</td><td>ki-tu</td><td>pia</td><td>tafadhali</td><td>ni-let-e-e</td><td>menyu</td></tr><tr class=la><td>1SG.PRÄS.ALLG-wollen-IND</td><td>KL15-essen-IND</td><td>KL7-Ding</td><td>auch</td><td>bitte</td><td>OBJ1SG-bringen-APPL-KONJ</td><td>KL9.Speisekarte</td></tr></table><div class=klassen>menyu Kl. 9/10 (Ø/n-) → menyu — Numerus nur an der Konkordanz [Lehnwort]</div><div class=konkordanz>Kl.9: SUBJ i- · ADJ Ø/n- · GEN ya · DEM hii/ile · POSS y- · REL -yo</div><div class=hinweis>Speisekarte ist menyu, nicht kadi</div>	A1 SD1 K Karte
Naweza kulipa kwa kadi pia?	Kann ich auch mit Karte (be-) zahlen?<hr><table class=gloss><tr class=mo><td>na-wez-a</td><td>ku-lip-a</td><td>kwa</td><td>kadi</td><td>pia</td></tr><tr class=la><td>1SG.PRÄS.ALLG-können-IND</td><td>KL15-zahlen-IND</td><td>mit</td><td>KL9.Karte</td><td>auch</td></tr></table><div class=klassen>kadi Kl. 9/10 (Ø/n-) → kadi — Numerus nur an der Konkordanz [Speisekarte = &quot;menyu&quot; Kl. 9]</div><div class=konkordanz>Kl.9: SUBJ i- · ADJ Ø/n- · GEN ya · DEM hii/ile · POSS y- · REL -yo</div><div class=hinweis>kwa bezeichnet das Zahlungsmittel</div>	A1 SD1 K _Kredit_
Kwa chipsi unahitaji viazi.	Für Pommes frites braucht man Kartoffeln.<hr><table class=gloss><tr class=mo><td>kwa</td><td>chipsi</td><td>u-na-hitaji</td><td>vi-azi</td></tr><tr class=la><td>für</td><td>KL10.Pommes</td><td>2SG-PRÄS-brauchen</td><td>KL8-Kartoffel</td></tr></table><div class=klassen>chipsi Kl. 10 (Ø/n-), kein Numeruswechsel [nur Plural, Lehnwort] · kiazi Kl. 7/8 (ki- › vi-) → viazi</div><div class=konkordanz>Kl.10: SUBJ zi- · ADJ Ø/n- · GEN za · DEM hizi/zile · POSS z- · REL -zo · Kl.7: SUBJ ki- · ADJ ki- · GEN cha · DEM hiki/kile · POSS ch- · REL -cho</div><div class=hinweis>kiazi Kl.7, Plural viazi Kl.8</div>	A1 SD1 K Kartoffel
Tafadhali lipeni kwenye kaunta ya kulipia.	Zahlen Sie bitte an der Kasse.<hr><table class=gloss><tr class=mo><td>tafadhali</td><td>lip-eni</td><td>kwenye</td><td>kaunta</td><td>y-a</td><td>ku-lip-i-a</td></tr><tr class=la><td>bitte</td><td>zahlen-IMP.PL</td><td>an</td><td>KL9.Kasse</td><td>KL9-GEN</td><td>KL15-zahlen-APPL-IND</td></tr></table><div class=klassen>kaunta Kl. 9/10 (Ø/n-) → kaunta — Numerus nur an der Konkordanz [Lehnwort]</div><div class=konkordanz>Kl.9: SUBJ i- · ADJ Ø/n- · GEN ya · DEM hii/ile · POSS y- · REL -yo</div><div class=hinweis>Kasse als kaunta ya kulipia umschrieben</div>	A1 SD1 K Kasse
Tim anajinunulia gari jipya.	Tim kauft sich ein neues Auto.<hr><table class=gloss><tr class=mo><td>Tim</td><td>a-na-ji-nunu-li-a</td><td>gari</td><td>ji-pya</td></tr><tr class=la><td>Tim</td><td>3SG-PRÄS-REFL-kaufen-APPL-IND</td><td>KL5.Auto</td><td>KL5-neu</td></tr></table><div class=klassen>gari Kl. 5/6 (ji-/Ø › ma-) → magari</div><div class=konkordanz>Kl.5: SUBJ li- · ADJ ji-/Ø · GEN la · DEM hili/lile · POSS l- · REL -lo</div><div class=hinweis>Reflexiv -ji- plus Applikativ: für sich kaufen</div>	A1 SD1 K kaufen
Hakuna tiketi za kiingilio tena.	Es gibt keine Eintrittskarten mehr.<hr><table class=gloss><tr class=mo><td>haku-na</td><td>tiketi</td><td>z-a</td><td>ki-ingilio</td><td>tena</td></tr><tr class=la><td>KL17.NEG-mit</td><td>KL10.Fahrkarte</td><td>KL10-GEN</td><td>KL7-Eintritt</td><td>mehr</td></tr></table><div class=klassen>tiketi Kl. 9/10 (Ø/n-) → tiketi — Numerus nur an der Konkordanz [Lehnwort] · kiingilio Kl. 7/8 (ki- › vi-) → viingilio</div><div class=konkordanz>Kl.9: SUBJ i- · ADJ Ø/n- · GEN ya · DEM hii/ile · POSS y- · REL -yo · Kl.7: SUBJ ki- · ADJ ki- · GEN cha · DEM hiki/kile · POSS ch- · REL -cho</div><div class=hinweis>hakuna verneint das Vorhandensein</div>	A1 SD1 K kein
Mnamfahamu mwanamke huyu? - Hapana, kwa bahati mbaya.	Kennen Sie diese Frau? – Nein, leider nicht.<hr><table class=gloss><tr class=mo><td>m-na-m-fahamu</td><td>mw-anamke</td><td>huyu</td><td>hapana</td><td>kwa</td><td>bahati</td><td>m-baya</td></tr><tr class=la><td>2PL-PRÄS-OBJ1-kennen</td><td>KL1-Frau</td><td>KL1.DEM</td><td>nein</td><td>für</td><td>KL9.Glück</td><td>KL9-schlecht</td></tr></table><div class=klassen>mwanamke Kl. 1/2 (m-/mw- › wa-) → wanawake · bahati Kl. 9/10 (Ø/n-) → bahati — Numerus nur an der Konkordanz</div><div class=konkordanz>Kl.1: SUBJ a- · ADJ m-/mw- · GEN wa · DEM huyu/yule · POSS w- · REL -ye · Kl.9: SUBJ i- · ADJ Ø/n- · GEN ya · DEM hii/ile · POSS y- · REL -yo</div><div class=hinweis>Objektpräfix -m- für Personen der Kl.1</div>	A1 SD1 K kennen
Tu wageni hapa. Tungependa kufahamiana nanyi.	Wir sind neu hier. Wir möchten Sie kennenlernen.<hr><table class=gloss><tr class=mo><td>tu</td><td>wa-geni</td><td>hapa</td><td>tu-nge-pend-a</td><td>ku-fahami-an-a</td><td>nanyi</td></tr><tr class=la><td>1PL.KOP</td><td>KL2-neu</td><td>hier</td><td>1PL-IRR-mögen-IND</td><td>KL15-kennen-REZ-IND</td><td>mit.ihr</td></tr></table><div class=klassen>mgeni Kl. 1/2 (m-/mw- › wa-) → wageni [auch &quot;Gast&quot;]</div><div class=konkordanz>Kl.1: SUBJ a- · ADJ m-/mw- · GEN wa · DEM huyu/yule · POSS w- · REL -ye</div><div class=hinweis>Reziprok -an-: einander kennenlernen</div>	A1 SD1 K kennenlernen
Mna watoto wangapi?	Wie viele Kinder haben Sie?<hr><table class=gloss><tr class=mo><td>m-na</td><td>watoto</td><td>w-angapi</td></tr><tr class=la><td>2PL-haben</td><td>KL2.Kind</td><td>KL2-wieviel</td></tr></table><div class=klassen>mtoto Kl. 1/2 (m-/mw- › wa-) → watoto</div><div class=konkordanz>Kl.1: SUBJ a- · ADJ m-/mw- · GEN wa · DEM huyu/yule · POSS w- · REL -ye</div><div class=hinweis>wangapi kongruiert mit watoto Kl.2</div>	A1 SD1 K Kind
Laura mdogo anaenda shule ya awali tayari.	Die kleine Laura geht schon in den Kindergarten.<hr><table class=gloss><tr class=mo><td>Laura</td><td>m-dogo</td><td>a-na-end-a</td><td>shule</td><td>y-a</td><td>awali</td><td>tayari</td></tr><tr class=la><td>Laura</td><td>KL1-klein</td><td>3SG-PRÄS-gehen-IND</td><td>KL9.Schule</td><td>KL9-GEN</td><td>KL9.Anfang</td><td>schon</td></tr></table><div class=klassen>shule Kl. 9/10 (Ø/n-) → shule — Numerus nur an der Konkordanz</div><div class=konkordanz>Kl.9: SUBJ i- · ADJ Ø/n- · GEN ya · DEM hii/ile · POSS y- · REL -yo</div><div class=hinweis>Kindergarten als shule ya awali</div>	A1 SD1 K Kindergarten
Leo jioni tunaona filamu nzuri sinemani.	Wir sehen heute Abend im Kino einen schönen Film.<hr><table class=gloss><tr class=mo><td>leo</td><td>jioni</td><td>tu-na-on-a</td><td>filamu</td><td>n-zuri</td><td>sinema-ni</td></tr><tr class=la><td>heute</td><td>KL9.Abend</td><td>1PL-PRÄS-sehen-IND</td><td>KL9.Film</td><td>KL9-gut</td><td>KL9.Kino-LOK</td></tr></table><div class=klassen>filamu Kl. 9/10 (Ø/n-) → filamu — Numerus nur an der Konkordanz [Lehnwort]</div><div class=konkordanz>Kl.9: SUBJ i- · ADJ Ø/n- · GEN ya · DEM hii/ile · POSS y- · REL -yo</div><div class=hinweis>nzuri mit Nasalpräfix der Kl.9</div>	A1 SD1 K Kino
Kwenye kibanda mnapata vinywaji, sigara na magazeti.	Am Kiosk bekommen Sie Getränke, Zigaretten und Zeitungen.<hr><table class=gloss><tr class=mo><td>kwenye</td><td>ki-banda</td><td>m-na-pat-a</td><td>vi-nywaji</td><td>sigara</td><td>na</td><td>ma-gazeti</td></tr><tr class=la><td>an</td><td>KL7-Kiosk</td><td>2PL-PRÄS-bekommen-IND</td><td>KL8-Getränk</td><td>KL10.Zigarette</td><td>und</td><td>KL6-Zeitung</td></tr></table><div class=klassen>kibanda Kl. 7/8 (ki- › vi-) → vibanda · kinywaji Kl. 7/8 (ki- › vi-) → vinywaji · sigara Kl. 9/10 (Ø/n-) → sigara — Numerus nur an der Konkordanz [Lehnwort] · gazeti Kl. 5/6 (ji-/Ø › ma-) → magazeti</div><div class=konkordanz>Kl.7: SUBJ ki- · ADJ ki- · GEN cha · DEM hiki/kile · POSS ch- · REL -cho · Kl.9: SUBJ i- · ADJ Ø/n- · GEN ya · DEM hii/ile · POSS y- · REL -yo</div><div class=hinweis>Drei Klassen in einer Aufzählung: 8, 10, 6</div>	A1 SD1 K Kiosk
Unakuja pamoja? - Bila shaka!	Kommst du mit? – Klar!<hr><table class=gloss><tr class=mo><td>u-na-kuj-a</td><td>pamoja</td><td>bila</td><td>shaka</td></tr><tr class=la><td>2SG-PRÄS-kommen-IND</td><td>zusammen</td><td>ohne</td><td>KL9.Zweifel</td></tr></table><div class=konkordanz>Kl.9: SUBJ i- · ADJ Ø/n- · GEN ya · DEM hii/ile · POSS y- · REL -yo</div><div class=hinweis>bila shaka heißt wörtlich &quot;ohne Zweifel&quot;</div>	A1 SD1 K klar
Katika darasa letu kuna wanafunzi ishirini na watano.	In unserer Klasse sind fünfundzwanzig Schüler.<hr><table class=gloss><tr class=mo><td>katika</td><td>darasa</td><td>l-etu</td><td>ku-na</td><td>wanafunzi</td><td>ishirini</td><td>na</td><td>wa-tano</td></tr><tr class=la><td>in</td><td>KL5.Klasse</td><td>KL5-unser</td><td>KL17-mit</td><td>KL2.Schüler</td><td>zwanzig</td><td>und</td><td>KL2-fünf</td></tr></table><div class=klassen>darasa Kl. 5/6 (ji-/Ø › ma-) → madarasa · mwanafunzi Kl. 1/2 (m-/mw- › wa-) → wanafunzi</div><div class=konkordanz>Kl.5: SUBJ li- · ADJ ji-/Ø · GEN la · DEM hili/lile · POSS l- · REL -lo · Kl.1: SUBJ a- · ADJ m-/mw- · GEN wa · DEM huyu/yule · POSS w- · REL -ye</div><div class=hinweis>watano trägt das Kl.2-Präfix, ishirini nicht</div>	A1 SD1 K Klasse
Kwenye treni nasafiri daraja la pili kila mara.	Im Zug fahre ich immer 2. Klasse.<hr><table class=gloss><tr class=mo><td>kwenye</td><td>treni</td><td>na-safiri</td><td>daraja</td><td>l-a</td><td>pili</td><td>kila</td><td>mara</td></tr><tr class=la><td>an</td><td>KL9.Zug</td><td>1SG.PRÄS.ALLG-reisen</td><td>KL5.Klasse</td><td>KL5-GEN</td><td>zweite</td><td>jede</td><td>KL9.Mal</td></tr></table><div class=klassen>treni Kl. 9/10 (Ø/n-) → treni — Numerus nur an der Konkordanz [Lehnwort]</div><div class=konkordanz>Kl.9: SUBJ i- · ADJ Ø/n- · GEN ya · DEM hii/ile · POSS y- · REL -yo</div><div class=hinweis>daraja Kl.5 für Rang und Klasse</div>	A1 SD1 K Klasse
Nguo nazipata wapi? - Makoti ghorofa ya kwanza, jinsi ghorofa ya pili.	Wo finde ich Kleidung? – Jacken im ersten, Jeans im zweiten Stock.<hr><table class=gloss><tr class=mo><td>nguo</td><td>na-zi-pat-a</td><td>wapi</td><td>ma-koti</td><td>ghorofa</td><td>y-a</td><td>kwanza</td><td>jinsi</td><td>ghorofa</td><td>y-a</td><td>pili</td></tr><tr class=la><td>KL10.Kleidung</td><td>1SG.PRÄS.ALLG-OBJ10-finden-IND</td><td>wo</td><td>KL6-Jacke</td><td>KL9.Stock</td><td>KL9-GEN</td><td>erste</td><td>KL10.Jeans</td><td>KL9.Stock</td><td>KL9-GEN</td><td>zweite</td></tr></table><div class=klassen>nguo Kl. 9/10 (Ø/n-) → nguo — Numerus nur an der Konkordanz [meist Plural] · koti Kl. 5/6 (ji-/Ø › ma-) → makoti · ghorofa Kl. 9/10 (Ø/n-) → ghorofa — Numerus nur an der Konkordanz [Etage]</div><div class=konkordanz>Kl.9: SUBJ i- · ADJ Ø/n- · GEN ya · DEM hii/ile · POSS y- · REL -yo · Kl.5: SUBJ li- · ADJ ji-/Ø · GEN la · DEM hili/lile · POSS l- · REL -lo</div><div class=hinweis>Objektpräfix -zi- greift nguo Kl.10 auf</div>	A1 SD1 K Kleidung
Eltville ni mji mdogo kwenye mto Rhein.	Eltville ist eine kleine Stadt am Rhein.<hr><table class=gloss><tr class=mo><td>Eltville</td><td>ni</td><td>m-ji</td><td>m-dogo</td><td>kwenye</td><td>mto</td><td>Rhein</td></tr><tr class=la><td>Eltville</td><td>KOP</td><td>KL3-Stadt</td><td>KL3-klein</td><td>an</td><td>KL3.Fluss</td><td>Rhein</td></tr></table><div class=klassen>mji Kl. 3/4 (m-/mw- › mi-) → miji</div><div class=konkordanz>Kl.3: SUBJ u- · ADJ m-/mw- · GEN wa · DEM huu/ule · POSS w- · REL -o</div><div class=hinweis>mdogo kongruiert mit mji Kl.3</div>	A1 SD1 K klein
Bwana Georgi anaweza kupika vizuri.	Herr Georgi kann gut kochen.<hr><table class=gloss><tr class=mo><td>bwana</td><td>Georgi</td><td>a-na-wez-a</td><td>ku-pik-a</td><td>vi-zuri</td></tr><tr class=la><td>KL5/KL1.Herr</td><td>Georgi</td><td>3SG-PRÄS-können-IND</td><td>KL15-kochen-IND</td><td>KL8-gut</td></tr></table><div class=klassen>bwana Kl. 5/6 (ji-/Ø › ma-) → mabwana [Person: Form Kl. 5/6, Kongruenz Kl. 1/2]</div><div class=konkordanz>Kl.1: SUBJ a- · ADJ m-/mw- · GEN wa · DEM huyu/yule · POSS w- · REL -ye</div><div class=hinweis>vizuri ist das Adverb mit Kl.8-Präfix</div>	A1 SD1 K kochen
Hili ni sanduku lako?	Ist das Ihr Koffer?<hr><table class=gloss><tr class=mo><td>hili</td><td>ni</td><td>sanduku</td><td>l-ako</td></tr><tr class=la><td>KL5.DEM</td><td>KOP</td><td>KL5.Koffer</td><td>KL5-dein</td></tr></table><div class=klassen>sanduku Kl. 5/6 (ji-/Ø › ma-) → masanduku</div><div class=konkordanz>Kl.5: SUBJ li- · ADJ ji-/Ø · GEN la · DEM hili/lile · POSS l- · REL -lo</div><div class=hinweis>hili und lako kongruieren beide mit Kl.5</div>	A1 SD1 K Koffer
Mwenzi mpya anaitwa nani?	Wie heißt die neue Kollegin?<hr><table class=gloss><tr class=mo><td>mw-enzi</td><td>m-pya</td><td>a-na-it-w-a</td><td>nani</td></tr><tr class=la><td>KL1-Kollegin</td><td>KL1-neu</td><td>3SG-PRÄS-nennen-PASS-IND</td><td>wer</td></tr></table><div class=klassen>mwenzi Kl. 1/2 (m-/mw- › wa-) → wenzi</div><div class=konkordanz>Kl.1: SUBJ a- · ADJ m-/mw- · GEN wa · DEM huyu/yule · POSS w- · REL -ye</div><div class=hinweis>mwenzi Kl.1, Plural wenzi Kl.2</div>	A1 SD1 K Kollege
Mnatoka wapi? - Kutoka Ufaransa.	Woher kommen Sie? – Aus Frankreich.<hr><table class=gloss><tr class=mo><td>m-na-tok-a</td><td>wapi</td><td>ku-tok-a</td><td>Ufaransa</td></tr><tr class=la><td>2PL-PRÄS-kommen-IND</td><td>wo</td><td>KL15-kommen-IND</td><td>Frankreich</td></tr></table><div class=konkordanz>Kl.15: SUBJ ku- · ADJ ku- · GEN kwa · DEM huku/kule · POSS kw- · REL -ko</div><div class=hinweis>Ländernamen mit u- der Kl.11: Ufaransa</div>	A1 SD1 K kommen
Unakuja pamoja bwawani la kuogelea?	Kommst du mit ins Schwimmbad?<hr><table class=gloss><tr class=mo><td>u-na-kuj-a</td><td>pamoja</td><td>bwawa-ni</td><td>l-a</td><td>ku-ogele-a</td></tr><tr class=la><td>2SG-PRÄS-kommen-IND</td><td>zusammen</td><td>KL5.Becken-LOK</td><td>KL5-GEN</td><td>KL15-schwimmen-IND</td></tr></table><div class=konkordanz>Kl.5: SUBJ li- · ADJ ji-/Ø · GEN la · DEM hili/lile · POSS l- · REL -lo · Kl.15: SUBJ ku- · ADJ ku- · GEN kwa · DEM huku/kule · POSS kw- · REL -ko</div><div class=hinweis>Schwimmbad als bwawa la kuogelea</div>	A1 SD1 K kommen
Najua Kijerumani na Kirusi.	Ich kann Deutsch und Russisch.<hr><table class=gloss><tr class=mo><td>na-ju-a</td><td>Ki-jerumani</td><td>na</td><td>Ki-rusi</td></tr><tr class=la><td>1SG.PRÄS.ALLG-wissen-IND</td><td>KL7-Deutsch</td><td>und</td><td>KL7-Russisch</td></tr></table><div class=konkordanz>Kl.7: SUBJ ki- · ADJ ki- · GEN cha · DEM hiki/kile · POSS ch- · REL -cho</div><div class=hinweis>Sprachen tragen das ki- der Kl.7</div>	A1 SD1 K können
Mnaweza kunisaidia?	Können Sie mir helfen?<hr><table class=gloss><tr class=mo><td>m-na-wez-a</td><td>ku-ni-saidi-a</td></tr><tr class=la><td>2PL-PRÄS-können-IND</td><td>KL15-OBJ1SG-helfen-IND</td></tr></table><div class=konkordanz>Kl.15: SUBJ ku- · ADJ ku- · GEN kwa · DEM huku/kule · POSS kw- · REL -ko</div><div class=hinweis>kuweza für Fähigkeit, kujua für Kenntnis</div>	A1 SD1 K können
Pesa tutazituma kwenye akaunti yako tarehe mosi Machi.	Das Geld überweisen wir am ersten März auf Ihr Konto.<hr><table class=gloss><tr class=mo><td>pesa</td><td>tu-ta-zi-tum-a</td><td>kwenye</td><td>akaunti</td><td>y-ako</td><td>tarehe</td><td>mosi</td><td>Machi</td></tr><tr class=la><td>KL10.Geld</td><td>1PL-FUT-OBJ10-schicken-IND</td><td>an</td><td>KL9.Konto</td><td>KL9-dein</td><td>KL9.Datum</td><td>erste</td><td>März</td></tr></table><div class=klassen>pesa Kl. 9/10 (Ø/n-) → pesa — Numerus nur an der Konkordanz · akaunti Kl. 9/10 (Ø/n-) → akaunti — Numerus nur an der Konkordanz [Lehnwort] · tarehe Kl. 9/10 (Ø/n-) → tarehe — Numerus nur an der Konkordanz</div><div class=konkordanz>Kl.9: SUBJ i- · ADJ Ø/n- · GEN ya · DEM hii/ile · POSS y- · REL -yo</div><div class=hinweis>tarehe mosi ist der erste Tag des Monats</div>	A1 SD1 K Konto
Kichwa changu kinaniuma!	Mein Kopf tut weh!<hr><table class=gloss><tr class=mo><td>ki-chwa</td><td>ch-angu</td><td>ki-na-ni-um-a</td></tr><tr class=la><td>KL7-Kopf</td><td>KL7-mein</td><td>KL7-PRÄS-OBJ1SG-schmerzen-IND</td></tr></table><div class=klassen>kichwa Kl. 7/8 (ki- › vi-) → vichwa</div><div class=konkordanz>Kl.7: SUBJ ki- · ADJ ki- · GEN cha · DEM hiki/kile · POSS ch- · REL -cho</div><div class=hinweis>Dreifache Kl.7-Kongruenz: changu, ki-, kichwa</div>	A1 SD1 K Kopf
Hii inagharimu kiasi gani? - Euro kumi.	Wie viel kostet das? – 10 Euro.<hr><table class=gloss><tr class=mo><td>hii</td><td>i-na-gharimu</td><td>kiasi</td><td>gani</td><td>Euro</td><td>kumi</td></tr><tr class=la><td>KL9.DEM</td><td>KL9-PRÄS-kosten</td><td>KL9.Menge</td><td>welche</td><td>Euro</td><td>zehn</td></tr></table><div class=konkordanz>Kl.9: SUBJ i- · ADJ Ø/n- · GEN ya · DEM hii/ile · POSS y- · REL -yo</div><div class=hinweis>kiasi gani fragt nach der Menge</div>	A1 SD1 K kosten
Siwezi kuja kazini leo, mimi ni mgonjwa na nalala kitandani.	Ich kann heute nicht zur Arbeit kommen, ich bin krank und liege im Bett.<hr><table class=gloss><tr class=mo><td>si-wez-i</td><td>ku-j-a</td><td>kazi-ni</td><td>leo</td><td>mimi</td><td>ni</td><td>m-gonjwa</td><td>na</td><td>na-lal-a</td><td>ki-tanda-ni</td></tr><tr class=la><td>1SG.NEG-können-NEG</td><td>KL15-kommen-IND</td><td>KL9.Arbeit-LOK</td><td>heute</td><td>ich</td><td>KOP</td><td>KL1-krank</td><td>und</td><td>1SG.PRÄS.ALLG-liegen-IND</td><td>KL7-Bett-LOK</td></tr></table><div class=konkordanz>Kl.15: SUBJ ku- · ADJ ku- · GEN kwa · DEM huku/kule · POSS kw- · REL -ko · Kl.9: SUBJ i- · ADJ Ø/n- · GEN ya · DEM hii/ile · POSS y- · REL -yo</div><div class=hinweis>Zwei Ortsangaben mit -ni: kazini und kitandani</div>	A1 SD1 K krank
Napata Euro kumi na tano kwa saa kwa kazi yangu.	Ich kriege 15 Euro in der Stunde für meine Arbeit.<hr><table class=gloss><tr class=mo><td>na-pat-a</td><td>Euro</td><td>kumi</td><td>na</td><td>tano</td><td>kwa</td><td>saa</td><td>kwa</td><td>kazi</td><td>y-angu</td></tr><tr class=la><td>1SG.PRÄS.ALLG-bekommen-IND</td><td>Euro</td><td>zehn</td><td>und</td><td>fünf</td><td>pro</td><td>KL9.Stunde</td><td>für</td><td>KL9.Arbeit</td><td>KL9-mein</td></tr></table><div class=klassen>saa Kl. 9/10 (Ø/n-) → saa — Numerus nur an der Konkordanz [auch &quot;Uhr&quot;] · kazi Kl. 9/10 (Ø/n-) → kazi — Numerus nur an der Konkordanz</div><div class=konkordanz>Kl.9: SUBJ i- · ADJ Ø/n- · GEN ya · DEM hii/ile · POSS y- · REL -yo</div><div class=hinweis>kwa dient als &quot;pro&quot; und als &quot;für&quot;</div>	A1 SD1 K kriegen
Jiko jipya linakwenda jikoni.	Der neue Herd kommt in die Küche.<hr><table class=gloss><tr class=mo><td>jiko</td><td>ji-pya</td><td>li-na-kwend-a</td><td>jiko-ni</td></tr><tr class=la><td>KL5.Herd</td><td>KL5-neu</td><td>KL5-PRÄS-gehen-IND</td><td>KL5.Küche-LOK</td></tr></table><div class=klassen>jiko Kl. 5/6 (ji-/Ø › ma-) → majiko</div><div class=konkordanz>Kl.5: SUBJ li- · ADJ ji-/Ø · GEN la · DEM hili/lile · POSS l- · REL -lo</div><div class=hinweis>jiko ist Herd und Küche; nur -ni unterscheidet</div>	A1 SD1 K Küche
Nachukua kipande cha keki.	Ich nehme ein Stück Kuchen.<hr><table class=gloss><tr class=mo><td>na-chuku-a</td><td>ki-pande</td><td>ch-a</td><td>keki</td></tr><tr class=la><td>1SG.PRÄS.ALLG-nehmen-IND</td><td>KL7-Stück</td><td>KL7-GEN</td><td>KL9.Kuchen</td></tr></table><div class=klassen>keki Kl. 9/10 (Ø/n-) → keki — Numerus nur an der Konkordanz [Lehnwort]</div><div class=konkordanz>Kl.9: SUBJ i- · ADJ Ø/n- · GEN ya · DEM hii/ile · POSS y- · REL -yo</div><div class=hinweis>kipande Kl.7 nimmt den Genitiv cha</div>	A1 SD1 K Kuchen
Unayo kalamu kwa ajili yangu?	Hast du einen Kugelschreiber für mich?<hr><table class=gloss><tr class=mo><td>u-na-yo</td><td>kalamu</td><td>kwa</td><td>ajili</td><td>y-angu</td></tr><tr class=la><td>2SG-haben-REL9</td><td>KL9.Kugelschreiber</td><td>für</td><td>KL9.Zweck</td><td>KL9-mein</td></tr></table><div class=klassen>kalamu Kl. 9/10 (Ø/n-) → kalamu — Numerus nur an der Konkordanz</div><div class=konkordanz>Kl.9: SUBJ i- · ADJ Ø/n- · GEN ya · DEM hii/ile · POSS y- · REL -yo</div><div class=hinweis>kalamu deckt Stift und Kugelschreiber ab</div>	A1 SD1 K Kugelschreiber
Tunayo maziwa bado? - Ndiyo, kwenye friji.	Haben wir noch Milch? – Ja, im Kühlschrank.<hr><table class=gloss><tr class=mo><td>tu-na-yo</td><td>maziwa</td><td>bado</td><td>ndiyo</td><td>kwenye</td><td>friji</td></tr><tr class=la><td>1PL-haben-REL9</td><td>KL6.Milch</td><td>noch</td><td>ja</td><td>an</td><td>KL9.Kühlschrank</td></tr></table><div class=klassen>maziwa Kl. 6 (ma-), kein Numeruswechsel [nur Plural] · friji Kl. 9/10 (Ø/n-) → friji — Numerus nur an der Konkordanz [Lehnwort]</div><div class=konkordanz>Kl.6: SUBJ ya- · ADJ ma- · GEN ya · DEM haya/yale · POSS y- · REL -yo · Kl.9: SUBJ i- · ADJ Ø/n- · GEN ya · DEM hii/ile · POSS y- · REL -yo</div><div class=hinweis>maziwa ist Kl.6 und heißt Milch und Seen</div>	A1 SD1 K Kühlschrank
Nina hamu ya kitamaduni. Naenda jumba la makumbusho mara nyingi.	Ich bin kulturell interessiert. Ich gehe oft ins Museum.<hr><table class=gloss><tr class=mo><td>ni-na</td><td>hamu</td><td>y-a</td><td>ki-tamaduni</td><td>na-end-a</td><td>jumba</td><td>l-a</td><td>ma-kumbusho</td><td>mara</td><td>ny-ingi</td></tr><tr class=la><td>1SG-haben</td><td>KL9.Lust</td><td>KL9-GEN</td><td>KL7-kulturell</td><td>1SG.PRÄS.ALLG-gehen-IND</td><td>KL5.Halle</td><td>KL5-GEN</td><td>KL6-Erinnerung</td><td>KL9.Mal</td><td>KL10-viele</td></tr></table><div class=klassen>hamu ya kula Kl. 9 (Ø/n-), kein Numeruswechsel [Genitivfuegung]</div><div class=konkordanz>Kl.9: SUBJ i- · ADJ Ø/n- · GEN ya · DEM hii/ile · POSS y- · REL -yo</div><div class=hinweis>ki- bildet Adjektive der Art: kitamaduni</div>	A1 SD1 K kulturell
Kila mama anawajali watoto wake wadogo.	Jede Mutter kümmert sich um ihre kleinen Kinder.<hr><table class=gloss><tr class=mo><td>kila</td><td>mama</td><td>a-na-wa-jali</td><td>watoto</td><td>w-ake</td><td>w-adogo</td></tr><tr class=la><td>jede</td><td>KL9/KL1.Mutter</td><td>3SG-PRÄS-OBJ2-sorgen</td><td>KL2.Kind</td><td>KL2-sein</td><td>KL2-klein</td></tr></table><div class=klassen>mama Kl. 9/10 (Ø/n-) → mama — Numerus nur an der Konkordanz [Person: Form Kl. 9/10, Kongruenz Kl. 1/2] · mtoto Kl. 1/2 (m-/mw- › wa-) → watoto · mke Kl. 1/2 (m-/mw- › wa-) → wake [Ehemann = &quot;mume&quot; Kl. 1/2]</div><div class=konkordanz>Kl.1: SUBJ a- · ADJ m-/mw- · GEN wa · DEM huyu/yule · POSS w- · REL -ye</div><div class=hinweis>kujali braucht kein Reflexivpronomen</div>	A1 SD1 K sich_kümmern
Dakika moja, tafadhali. Nina mteja.	Einen Moment, bitte. Ich habe eine Kundin.<hr><table class=gloss><tr class=mo><td>dakika</td><td>moja</td><td>tafadhali</td><td>ni-na</td><td>m-teja</td></tr><tr class=la><td>KL9.Minute</td><td>eins</td><td>bitte</td><td>1SG-haben</td><td>KL1-Kunde</td></tr></table><div class=klassen>mteja Kl. 1/2 (m-/mw- › wa-) → wateja</div><div class=konkordanz>Kl.1: SUBJ a- · ADJ m-/mw- · GEN wa · DEM huyu/yule · POSS w- · REL -ye</div><div class=hinweis>mteja Kl.1, Plural wateja Kl.2</div>	A1 SD1 K Kunde
Kozi ya Kijerumani inaendelea hadi kiangazi.	Der Deutschkurs geht bis zum Sommer.<hr><table class=gloss><tr class=mo><td>kozi</td><td>y-a</td><td>Ki-jerumani</td><td>i-na-endele-a</td><td>hadi</td><td>ki-angazi</td></tr><tr class=la><td>KL9.Kurs</td><td>KL9-GEN</td><td>KL7-Deutsch</td><td>KL9-PRÄS-weitergehen-IND</td><td>bis</td><td>KL7-Sommer</td></tr></table><div class=klassen>kozi Kl. 9/10 (Ø/n-) → kozi — Numerus nur an der Konkordanz [Lehnwort]</div><div class=konkordanz>Kl.9: SUBJ i- · ADJ Ø/n- · GEN ya · DEM hii/ile · POSS y- · REL -yo</div><div class=hinweis>Jahreszeiten tragen oft das ki- der Kl.7</div>	A1 SD1 K Kurs
Ricardo ana nywele fupi.	Ricardo hat kurzes Haar.<hr><table class=gloss><tr class=mo><td>Ricardo</td><td>a-na</td><td>nywele</td><td>fupi</td></tr><tr class=la><td>Ricardo</td><td>3SG-haben</td><td>KL10.Haar</td><td>kurz</td></tr></table><div class=klassen>unywele Kl. 11/10 (u- › Ø/n-) → nywele [meist Plural &quot;nywele&quot;]</div><div class=konkordanz>Kl.11: SUBJ u- · ADJ m-/mw- · GEN wa · DEM huu/ule · POSS w- · REL -o</div><div class=hinweis>fupi bleibt in Kl.10 ohne Präfix</div>	A1 SD1 K kurz
Watoto wanacheka sana.	Die Kinder lachen viel.<hr><table class=gloss><tr class=mo><td>watoto</td><td>wa-na-chek-a</td><td>sana</td></tr><tr class=la><td>KL2.Kind</td><td>KL2-PRÄS-lachen-IND</td><td>sehr</td></tr></table><div class=klassen>mtoto Kl. 1/2 (m-/mw- › wa-) → watoto</div><div class=konkordanz>Kl.1: SUBJ a- · ADJ m-/mw- · GEN wa · DEM huyu/yule · POSS w- · REL -ye</div><div class=hinweis>sana verstärkt das Verb</div>	A1 SD1 L lachen
Kwenye duka la vitabu mnaweza kununua vitabu.	Im Buchladen können Sie Bücher kaufen.<hr><table class=gloss><tr class=mo><td>kwenye</td><td>duka</td><td>l-a</td><td>vi-tabu</td><td>m-na-wez-a</td><td>ku-nunu-a</td><td>vi-tabu</td></tr><tr class=la><td>an</td><td>KL5.Laden</td><td>KL5-GEN</td><td>KL8-Buch</td><td>2PL-PRÄS-können-IND</td><td>KL15-kaufen-IND</td><td>KL8-Buch</td></tr></table><div class=klassen>duka Kl. 5/6 (ji-/Ø › ma-) → maduka · kitabu Kl. 7/8 (ki- › vi-) → vitabu</div><div class=konkordanz>Kl.5: SUBJ li- · ADJ ji-/Ø · GEN la · DEM hili/lile · POSS l- · REL -lo · Kl.7: SUBJ ki- · ADJ ki- · GEN cha · DEM hiki/kile · POSS ch- · REL -cho</div><div class=hinweis>duka la vitabu heißt wörtlich &quot;Laden der Bücher&quot;</div>	A1 SD1 L Laden
Italia ni nchi nzuri.	Italien ist ein schönes Land.<hr><table class=gloss><tr class=mo><td>Italia</td><td>ni</td><td>nchi</td><td>n-zuri</td></tr><tr class=la><td>Italien</td><td>KOP</td><td>KL9.Land</td><td>KL9-gut</td></tr></table><div class=klassen>nchi Kl. 9/10 (Ø/n-) → nchi — Numerus nur an der Konkordanz</div><div class=konkordanz>Kl.9: SUBJ i- · ADJ Ø/n- · GEN ya · DEM hii/ile · POSS y- · REL -yo</div><div class=hinweis>nzuri mit Nasalpräfix der Kl.9</div>	A1 SD1 L Land
Jinsi ni ndefu mno.	Die Jeans ist zu lang.<hr><table class=gloss><tr class=mo><td>jinsi</td><td>ni</td><td>n-defu</td><td>mno</td></tr><tr class=la><td>KL10.Jeans</td><td>KOP</td><td>KL10-lang</td><td>zu</td></tr></table><div class=konkordanz>Kl.10: SUBJ zi- · ADJ Ø/n- · GEN za · DEM hizi/zile · POSS z- · REL -zo</div><div class=hinweis>mno heißt &quot;allzu&quot;, sana heißt &quot;sehr&quot;</div>	A1 SD1 L lang
Treni inachukua muda gani kutoka Hamburg hadi Berlin?	Wie lange fährt der Zug von Hamburg nach Berlin?<hr><table class=gloss><tr class=mo><td>treni</td><td>i-na-chuku-a</td><td>muda</td><td>gani</td><td>ku-tok-a</td><td>Hamburg</td><td>hadi</td><td>Berlin</td></tr><tr class=la><td>KL9.Zug</td><td>KL9-PRÄS-nehmen-IND</td><td>KL3.Zeit</td><td>welche</td><td>KL15-kommen-IND</td><td>Hamburg</td><td>bis</td><td>Berlin</td></tr></table><div class=klassen>treni Kl. 9/10 (Ø/n-) → treni — Numerus nur an der Konkordanz [Lehnwort] · muda Kl. 3/10 (m-/mw- › Ø/n-) → nyakati [Plural unregelmaessig]</div><div class=konkordanz>Kl.9: SUBJ i- · ADJ Ø/n- · GEN ya · DEM hii/ile · POSS y- · REL -yo · Kl.3: SUBJ u- · ADJ m-/mw- · GEN wa · DEM huu/ule · POSS w- · REL -o</div><div class=hinweis>Dauer wird mit kuchukua muda ausgedrückt</div>	A1 SD1 L lange
Mngeweza kusema polepole zaidi, tafadhali?	Könnten Sie bitte etwas langsamer sprechen?<hr><table class=gloss><tr class=mo><td>m-nge-wez-a</td><td>ku-sem-a</td><td>polepole</td><td>zaidi</td><td>tafadhali</td></tr><tr class=la><td>2PL-IRR-können-IND</td><td>KL15-sprechen-IND</td><td>langsam</td><td>mehr</td><td>bitte</td></tr></table><div class=konkordanz>Kl.15: SUBJ ku- · ADJ ku- · GEN kwa · DEM huku/kule · POSS kw- · REL -ko</div><div class=hinweis>-nge- bildet die Höflichkeitsform &quot;könnten Sie&quot;</div>	A1 SD1 L langsam
Sitaki kuendesha gari, nataka kutembea.	Ich möchte nicht Auto fahren, ich möchte laufen.<hr><table class=gloss><tr class=mo><td>si-tak-i</td><td>ku-endesh-a</td><td>gari</td><td>na-tak-a</td><td>ku-tembe-a</td></tr><tr class=la><td>1SG.NEG-wollen-NEG</td><td>KL15-fahren-IND</td><td>KL5.Auto</td><td>1SG.PRÄS.ALLG-wollen-IND</td><td>KL15-gehen-IND</td></tr></table><div class=klassen>gari Kl. 5/6 (ji-/Ø › ma-) → magari</div><div class=konkordanz>Kl.5: SUBJ li- · ADJ ji-/Ø · GEN la · DEM hili/lile · POSS l- · REL -lo</div><div class=hinweis>kutembea heißt gehen, wandern und spazieren</div>	A1 SD1 L laufen
Si kwa sauti kubwa hivyo! Mtoto mchanga analala.	Nicht so laut! Das Baby schläft.<hr><table class=gloss><tr class=mo><td>si</td><td>kwa</td><td>sauti</td><td>kubwa</td><td>hivyo</td><td>m-toto</td><td>m-changa</td><td>a-na-lal-a</td></tr><tr class=la><td>NEG</td><td>mit</td><td>KL9.Stimme</td><td>groß</td><td>so</td><td>KL1-Kind</td><td>KL1-jung</td><td>3SG-PRÄS-schlafen-IND</td></tr></table><div class=klassen>mtoto Kl. 1/2 (m-/mw- › wa-) → watoto</div><div class=konkordanz>Kl.1: SUBJ a- · ADJ m-/mw- · GEN wa · DEM huyu/yule · POSS w- · REL -ye</div><div class=hinweis>laut = kwa sauti kubwa, &quot;mit großer Stimme&quot;</div>	A1 SD1 L laut
Anakaa kwa dada yake.	Sie lebt bei ihrer Schwester.<hr><table class=gloss><tr class=mo><td>a-na-ka-a</td><td>kwa</td><td>dada</td><td>y-ake</td></tr><tr class=la><td>3SG-PRÄS-wohnen-IND</td><td>bei</td><td>KL9/KL1.Schwester</td><td>KL9-sein</td></tr></table><div class=klassen>dada Kl. 9/10 (Ø/n-) → dada — Numerus nur an der Konkordanz [Person: Form Kl. 9/10, Kongruenz Kl. 1/2]</div><div class=konkordanz>Kl.1: SUBJ a- · ADJ m-/mw- · GEN wa · DEM huyu/yule · POSS w- · REL -ye</div><div class=hinweis>kwa bezeichnet den Aufenthalt bei Personen</div>	A1 SD1 L leben
Wazazi wake hawapo tena hai.	Ihre Eltern leben nicht mehr.<hr><table class=gloss><tr class=mo><td>wazazi</td><td>w-ake</td><td>hawa-po</td><td>tena</td><td>hai</td></tr><tr class=la><td>KL2.Eltern</td><td>KL2-sein</td><td>3PL.NEG-sein.da</td><td>mehr</td><td>lebendig</td></tr></table><div class=klassen>mzazi Kl. 1/2 (m-/mw- › wa-) → wazazi [deutsch nur Plural] · mke Kl. 1/2 (m-/mw- › wa-) → wake [Ehemann = &quot;mume&quot; Kl. 1/2]</div><div class=konkordanz>Kl.1: SUBJ a- · ADJ m-/mw- · GEN wa · DEM huyu/yule · POSS w- · REL -ye</div><div class=hinweis>hai bleibt unverändert</div>	A1 SD1 L leben
Maisha katika nchi hii ni ghali.	Das Leben in diesem Land ist teuer.<hr><table class=gloss><tr class=mo><td>maisha</td><td>katika</td><td>nchi</td><td>hii</td><td>ni</td><td>ghali</td></tr><tr class=la><td>KL6.Leben</td><td>in</td><td>KL9.Land</td><td>KL9.DEM</td><td>KOP</td><td>teuer</td></tr></table><div class=klassen>maisha Kl. 6 (ma-), kein Numeruswechsel [nur Plural] · nchi Kl. 9/10 (Ø/n-) → nchi — Numerus nur an der Konkordanz</div><div class=konkordanz>Kl.6: SUBJ ya- · ADJ ma- · GEN ya · DEM haya/yale · POSS y- · REL -yo · Kl.9: SUBJ i- · ADJ Ø/n- · GEN ya · DEM hii/ile · POSS y- · REL -yo</div><div class=hinweis>maisha ist Kl.6 und hat keinen Singular</div>	A1 SD1 L Leben
Chakula mnapata kwenye duka kuu.	Lebensmittel bekommen Sie im Supermarkt.<hr><table class=gloss><tr class=mo><td>chakula</td><td>m-na-pat-a</td><td>kwenye</td><td>duka</td><td>kuu</td></tr><tr class=la><td>KL7.Essen</td><td>2PL-PRÄS-bekommen-IND</td><td>an</td><td>KL5.Laden</td><td>groß</td></tr></table><div class=klassen>chakula Kl. 7/8 (ki- › vi-) → vyakula · duka Kl. 5/6 (ji-/Ø › ma-) → maduka</div><div class=konkordanz>Kl.7: SUBJ ki- · ADJ ki- · GEN cha · DEM hiki/kile · POSS ch- · REL -cho · Kl.5: SUBJ li- · ADJ ji-/Ø · GEN la · DEM hili/lile · POSS l- · REL -lo</div><div class=hinweis>Supermarkt als duka kuu</div>	A1 SD1 L Lebensmittel__pl__
Mmeoa? - Hapana. Sijaoa.	Sind Sie verheiratet? – Nein. Ledig.<hr><table class=gloss><tr class=mo><td>m-me-o-a</td><td>hapana</td><td>si-ja-o-a</td></tr><tr class=la><td>2PL-PERF-heiraten-IND</td><td>nein</td><td>1SG.NEG-PERF.NEG-heiraten-IND</td></tr></table><div class=hinweis>ledig wörtlich &quot;ich habe noch nicht geheiratet&quot;</div>	A1 SD1 L ledig
Wekeni kitabu mezani.	Legen Sie das Buch auf den Tisch.<hr><table class=gloss><tr class=mo><td>wek-eni</td><td>ki-tabu</td><td>meza-ni</td></tr><tr class=la><td>legen-IMP.PL</td><td>KL7-Buch</td><td>KL9.Tisch-LOK</td></tr></table><div class=klassen>kitabu Kl. 7/8 (ki- › vi-) → vitabu</div><div class=konkordanz>Kl.7: SUBJ ki- · ADJ ki- · GEN cha · DEM hiki/kile · POSS ch- · REL -cho</div><div class=hinweis>Ortssuffix -ni ersetzt die Präposition auf</div>	A1 SD1 L legen
Mwalimu wetu wa Kijerumani anaitwa Bibi Müller.	Unsere Deutschlehrerin heißt Frau Müller.<hr><table class=gloss><tr class=mo><td>mw-alimu</td><td>w-etu</td><td>w-a</td><td>Ki-jerumani</td><td>a-na-it-w-a</td><td>bibi</td><td>Müller</td></tr><tr class=la><td>KL1-Lehrerin</td><td>KL1-unser</td><td>KL1-GEN</td><td>KL7-Deutsch</td><td>3SG-PRÄS-nennen-PASS-IND</td><td>KL5/KL1.Frau</td><td>Müller</td></tr></table><div class=klassen>mwalimu Kl. 1/2 (m-/mw- › wa-) → walimu [Musterwort fuer Kl. 1/2] · bibi Kl. 5/6 (ji-/Ø › ma-) → mabibi [Person: Form Kl. 5/6, Kongruenz Kl. 1/2]</div><div class=konkordanz>Kl.1: SUBJ a- · ADJ m-/mw- · GEN wa · DEM huyu/yule · POSS w- · REL -ye</div><div class=hinweis>mwalimu Kl.1, Plural walimu Kl.2</div>	A1 SD1 L Lehrer
Sanduku ni jepesi.	Der Koffer ist leicht.<hr><table class=gloss><tr class=mo><td>sanduku</td><td>ni</td><td>je-pesi</td></tr><tr class=la><td>KL5.Koffer</td><td>KOP</td><td>KL5-leicht</td></tr></table><div class=klassen>sanduku Kl. 5/6 (ji-/Ø › ma-) → masanduku</div><div class=konkordanz>Kl.5: SUBJ li- · ADJ ji-/Ø · GEN la · DEM hili/lile · POSS l- · REL -lo</div><div class=hinweis>jepesi mit ji-Präfix der Kl.5</div>	A1 SD1 L leicht
Kijerumani si rahisi.	Deutsch ist nicht leicht.<hr><table class=gloss><tr class=mo><td>Ki-jerumani</td><td>si</td><td>rahisi</td></tr><tr class=la><td>KL7-Deutsch</td><td>NEG.KOP</td><td>einfach</td></tr></table><div class=konkordanz>Kl.7: SUBJ ki- · ADJ ki- · GEN cha · DEM hiki/kile · POSS ch- · REL -cho</div><div class=hinweis>rahisi heißt einfach und billig</div>	A1 SD1 L leicht
Kwa bahati mbaya siwezi kuja. Lazima niende kwa daktari.	Leider kann ich nicht kommen. Ich muss zum Arzt.<hr><table class=gloss><tr class=mo><td>kwa</td><td>bahati</td><td>m-baya</td><td>si-wez-i</td><td>ku-j-a</td><td>lazima</td><td>ni-end-e</td><td>kwa</td><td>daktari</td></tr><tr class=la><td>für</td><td>KL9.Glück</td><td>KL9-schlecht</td><td>1SG.NEG-können-NEG</td><td>KL15-kommen-IND</td><td>muss</td><td>1SG-gehen-KONJ</td><td>zu</td><td>KL5/KL1.Arzt</td></tr></table><div class=klassen>bahati Kl. 9/10 (Ø/n-) → bahati — Numerus nur an der Konkordanz · daktari Kl. 5/6 (ji-/Ø › ma-) → madaktari [Person: Form Kl. 5/6, Kongruenz Kl. 1/2]</div><div class=konkordanz>Kl.9: SUBJ i- · ADJ Ø/n- · GEN ya · DEM hii/ile · POSS y- · REL -yo · Kl.1: SUBJ a- · ADJ m-/mw- · GEN wa · DEM huyu/yule · POSS w- · REL -ye</div><div class=hinweis>kwa bahati mbaya ist die feste Wendung für leider</div>	A1 SD1 L leider
Kuwa watulivu. Wengine wanalala tayari.	Seid leise. Die anderen schlafen schon.<hr><table class=gloss><tr class=mo><td>ku-w-a</td><td>wa-tulivu</td><td>w-engine</td><td>wa-na-lal-a</td><td>tayari</td></tr><tr class=la><td>KL15-sein-IND</td><td>KL2-ruhig</td><td>KL2-andere</td><td>KL2-PRÄS-schlafen-IND</td><td>schon</td></tr></table><div class=konkordanz>Kl.15: SUBJ ku- · ADJ ku- · GEN kwa · DEM huku/kule · POSS kw- · REL -ko · Kl.2: SUBJ wa- · ADJ wa- · GEN wa · DEM hawa/wale · POSS w- · REL -o</div><div class=hinweis>Infinitiv dient als höflicher Imperativ</div>	A1 SD1 L leise
Mnasoma Kijerumani kwa muda gani tayari?	Wie lange lernen Sie schon Deutsch?<hr><table class=gloss><tr class=mo><td>m-na-som-a</td><td>Ki-jerumani</td><td>kwa</td><td>muda</td><td>gani</td><td>tayari</td></tr><tr class=la><td>2PL-PRÄS-lernen-IND</td><td>KL7-Deutsch</td><td>für</td><td>KL3.Zeit</td><td>welche</td><td>schon</td></tr></table><div class=klassen>muda Kl. 3/10 (m-/mw- › Ø/n-) → nyakati [Plural unregelmaessig]</div><div class=konkordanz>Kl.3: SUBJ u- · ADJ m-/mw- · GEN wa · DEM huu/ule · POSS w- · REL -o</div><div class=hinweis>kusoma heißt lesen, lernen und studieren</div>	A1 SD1 L lernen
Nasoma kitabu cha García Márquez.	Ich lese ein Buch von García Márquez.<hr><table class=gloss><tr class=mo><td>na-som-a</td><td>ki-tabu</td><td>ch-a</td><td>García</td><td>Márquez</td></tr><tr class=la><td>1SG.PRÄS.ALLG-lesen-IND</td><td>KL7-Buch</td><td>KL7-GEN</td><td>García</td><td>Márquez</td></tr></table><div class=klassen>kitabu Kl. 7/8 (ki- › vi-) → vitabu</div><div class=konkordanz>Kl.7: SUBJ ki- · ADJ ki- · GEN cha · DEM hiki/kile · POSS ch- · REL -cho</div><div class=hinweis>Genitiv cha nach kitabu Kl.7</div>	A1 SD1 L lesen
Kesho ni siku ya mwisho ya kozi.	Morgen ist der letzte Kurstag.<hr><table class=gloss><tr class=mo><td>kesho</td><td>ni</td><td>siku</td><td>y-a</td><td>mwisho</td><td>y-a</td><td>kozi</td></tr><tr class=la><td>morgen</td><td>KOP</td><td>KL9.Tag</td><td>KL9-GEN</td><td>KL3.Ende</td><td>KL9-GEN</td><td>KL9.Kurs</td></tr></table><div class=klassen>siku ya kuzaliwa Kl. 9/10 (Ø/n-) → siku za kuzaliwa [Genitiv kongruiert mit dem Kopfnomen] · mwisho Kl. 3/4 (m-/mw- › mi-) → miisho · kozi Kl. 9/10 (Ø/n-) → kozi — Numerus nur an der Konkordanz [Lehnwort]</div><div class=konkordanz>Kl.9: SUBJ i- · ADJ Ø/n- · GEN ya · DEM hii/ile · POSS y- · REL -yo · Kl.3: SUBJ u- · ADJ m-/mw- · GEN wa · DEM huu/ule · POSS w- · REL -o</div><div class=hinweis>Zwei Genitive ya hintereinander</div>	A1 SD1 L letzt
Diskoni kuna watu wengi.	In der Disko sind viele Leute.<hr><table class=gloss><tr class=mo><td>disko-ni</td><td>ku-na</td><td>watu</td><td>w-engi</td></tr><tr class=la><td>KL9.Disco-LOK</td><td>KL17-mit</td><td>KL2.Leute</td><td>KL2-viele</td></tr></table><div class=klassen>mtu Kl. 1/2 (m-/mw- › wa-) → watu [Musterwort fuer Kl. 1/2]</div><div class=konkordanz>Kl.1: SUBJ a- · ADJ m-/mw- · GEN wa · DEM huyu/yule · POSS w- · REL -ye</div><div class=hinweis>kuna nimmt die Ortsklasse 17</div>	A1 SD1 L Leute__pl__
Taa inawashwa wapi hapa?	Wo macht man hier das Licht an?<hr><table class=gloss><tr class=mo><td>taa</td><td>i-na-wash-w-a</td><td>wapi</td><td>hapa</td></tr><tr class=la><td>KL9.Lampe</td><td>KL9-PRÄS-anmachen-PASS-IND</td><td>wo</td><td>hier</td></tr></table><div class=konkordanz>Kl.9: SUBJ i- · ADJ Ø/n- · GEN ya · DEM hii/ile · POSS y- · REL -yo</div><div class=hinweis>Unpersönliches &quot;man&quot; wird durch das Passiv ersetzt</div>	A1 SD1 L Licht
Susanne mpendwa, Hans mpendwa,	Liebe Susanne, lieber Hans,<hr><table class=gloss><tr class=mo><td>Susanne</td><td>m-pendwa</td><td>Hans</td><td>m-pendwa</td></tr><tr class=la><td>Susanne</td><td>KL1-lieb</td><td>Hans</td><td>KL1-lieb</td></tr></table><div class=konkordanz>Kl.1: SUBJ a- · ADJ m-/mw- · GEN wa · DEM huyu/yule · POSS w- · REL -ye</div><div class=hinweis>mpendwa ist ein Passivpartizip: der Geliebte</div>	A1 SD1 L lieb
Nakupenda!	Ich liebe dich!<hr><table class=gloss><tr class=mo><td>na-ku-pend-a</td></tr><tr class=la><td>1SG.PRÄS.ALLG-OBJ2SG-lieben-IND</td></tr></table><div class=hinweis>Objektpräfix -ku- für dich</div>	A1 SD1 L lieben
Anapenda kusafiri kwa treni zaidi.	Sie fährt lieber mit der Bahn.<hr><table class=gloss><tr class=mo><td>a-na-pend-a</td><td>ku-safiri</td><td>kwa</td><td>treni</td><td>zaidi</td></tr><tr class=la><td>3SG-PRÄS-mögen-IND</td><td>KL15-reisen</td><td>mit</td><td>KL9.Zug</td><td>mehr</td></tr></table><div class=klassen>treni Kl. 9/10 (Ø/n-) → treni — Numerus nur an der Konkordanz [Lehnwort]</div><div class=konkordanz>Kl.9: SUBJ i- · ADJ Ø/n- · GEN ya · DEM hii/ile · POSS y- · REL -yo</div><div class=hinweis>lieber = kupenda zaidi</div>	A1 SD1 L lieber
Filamu nipendayo zaidi ni "Macho Meusi".	Mein Lieblingsfilm ist „Schwarze Augen“.<hr><table class=gloss><tr class=mo><td>filamu</td><td>ni-pend-a-yo</td><td>zaidi</td><td>ni</td><td>macho</td><td>m-eusi</td></tr><tr class=la><td>KL9.Film</td><td>1SG-mögen-IND-REL9</td><td>mehr</td><td>KOP</td><td>KL6.Auge</td><td>KL6-schwarz</td></tr></table><div class=klassen>filamu Kl. 9/10 (Ø/n-) → filamu — Numerus nur an der Konkordanz [Lehnwort] · jicho Kl. 5/6 (ji-/Ø › ma-) → macho [Nullpraefix im Singular]</div><div class=konkordanz>Kl.9: SUBJ i- · ADJ Ø/n- · GEN ya · DEM hii/ile · POSS y- · REL -yo · Kl.5: SUBJ li- · ADJ ji-/Ø · GEN la · DEM hili/lile · POSS l- · REL -lo</div><div class=hinweis>Relativsuffix -yo am Verbende, Klasse 9</div>	A1 SD1 L Lieblings
Wimbo upi ni unaoupenda zaidi?	Welches ist dein Lieblingslied?<hr><table class=gloss><tr class=mo><td>wimbo</td><td>upi</td><td>ni</td><td>u-na-o-u-pend-a</td><td>zaidi</td></tr><tr class=la><td>KL11.Lied</td><td>KL11.welche</td><td>KOP</td><td>KL11-PRÄS-REL11-OBJ11-mögen-IND</td><td>mehr</td></tr></table><div class=klassen>wimbo Kl. 11/10 (u- › Ø/n-) → nyimbo</div><div class=konkordanz>Kl.11: SUBJ u- · ADJ m-/mw- · GEN wa · DEM huu/ule · POSS w- · REL -o</div><div class=hinweis>Relativ -o- und Objekt -u- beide für Kl.11</div>	A1 SD1 L Lied
Saa tatu Judith angali kitandani.	Um neun Uhr liegt Judith noch im Bett.<hr><table class=gloss><tr class=mo><td>saa</td><td>tatu</td><td>Judith</td><td>a-ngali</td><td>ki-tanda-ni</td></tr><tr class=la><td>KL9.Stunde</td><td>drei</td><td>Judith</td><td>3SG-noch.sein</td><td>KL7-Bett-LOK</td></tr></table><div class=klassen>saa Kl. 9/10 (Ø/n-) → saa — Numerus nur an der Konkordanz [auch &quot;Uhr&quot;]</div><div class=konkordanz>Kl.9: SUBJ i- · ADJ Ø/n- · GEN ya · DEM hii/ile · POSS y- · REL -yo</div><div class=hinweis>saa tatu = 9 Uhr, dritte Stunde nach Sonnenaufgang</div>	A1 SD1 L liegen
Frankfurt iko kwenye mto Main.	Frankfurt liegt am Main.<hr><table class=gloss><tr class=mo><td>Frankfurt</td><td>i-ko</td><td>kwenye</td><td>mto</td><td>Main</td></tr><tr class=la><td>Frankfurt</td><td>KL9-sein.da</td><td>an</td><td>KL3.Fluss</td><td>Main</td></tr></table><div class=konkordanz>Kl.9: SUBJ i- · ADJ Ø/n- · GEN ya · DEM hii/ile · POSS y- · REL -yo · Kl.3: SUBJ u- · ADJ m-/mw- · GEN wa · DEM huu/ule · POSS w- · REL -o</div><div class=hinweis>iko gibt die Lage an, ni die Identität</div>	A1 SD1 L liegen
Nendeni barabara inayofuata kushoto.	Gehen Sie die nächste Straße links.<hr><table class=gloss><tr class=mo><td>nend-eni</td><td>barabara</td><td>i-na-yo-fuat-a</td><td>ku-shoto</td></tr><tr class=la><td>gehen-IMP.PL</td><td>KL9.Straße</td><td>KL9-PRÄS-REL9-folgen-IND</td><td>KL17-links</td></tr></table><div class=klassen>barabara Kl. 9/10 (Ø/n-) → barabara — Numerus nur an der Konkordanz</div><div class=konkordanz>Kl.9: SUBJ i- · ADJ Ø/n- · GEN ya · DEM hii/ile · POSS y- · REL -yo</div><div class=hinweis>kushoto und kulia sind Ortswörter der Kl.17</div>	A1 SD1 L links
Lori hili ni kubwa sana.	Dieser Lastkraftwagen ist sehr groß.<hr><table class=gloss><tr class=mo><td>lori</td><td>hili</td><td>ni</td><td>kubwa</td><td>sana</td></tr><tr class=la><td>KL5.Lkw</td><td>KL5.DEM</td><td>KOP</td><td>groß</td><td>sehr</td></tr></table><div class=klassen>lori Kl. 5/6 (ji-/Ø › ma-) → malori</div><div class=konkordanz>Kl.5: SUBJ li- · ADJ ji-/Ø · GEN la · DEM hili/lile · POSS l- · REL -lo</div><div class=hinweis>kubwa bleibt in Kl.5 ohne Präfix</div>	A1 SD1 L Lkw
Katika barabara yetu kuna baa mpya.	In unserer Straße gibt es ein neues Lokal.<hr><table class=gloss><tr class=mo><td>katika</td><td>barabara</td><td>y-etu</td><td>ku-na</td><td>baa</td><td>m-pya</td></tr><tr class=la><td>in</td><td>KL9.Straße</td><td>KL9-unser</td><td>KL17-mit</td><td>KL9.Lokal</td><td>KL9-neu</td></tr></table><div class=klassen>barabara Kl. 9/10 (Ø/n-) → barabara — Numerus nur an der Konkordanz · baa Kl. 9/10 (Ø/n-) → baa — Numerus nur an der Konkordanz [Lehnwort]</div><div class=konkordanz>Kl.9: SUBJ i- · ADJ Ø/n- · GEN ya · DEM hii/ile · POSS y- · REL -yo</div><div class=hinweis>kuna steht unabhängig von der Klasse des Nomens</div>	A1 SD1 L Lokal
Suluhisho ni rahisi kabisa.	Die Lösung ist ganz einfach.<hr><table class=gloss><tr class=mo><td>suluhisho</td><td>ni</td><td>rahisi</td><td>kabisa</td></tr><tr class=la><td>KL5.Lösung</td><td>KOP</td><td>einfach</td><td>ganz</td></tr></table><div class=konkordanz>Kl.5: SUBJ li- · ADJ ji-/Ø · GEN la · DEM hili/lile · POSS l- · REL -lo</div><div class=hinweis>suluhisho Kl.5, Plural masuluhisho Kl.6</div>	A1 SD1 L Lösung
Bibi Mertens ni mchekeshaji. Anacheka kila mara.	Frau Mertens ist lustig. Sie lacht immer.<hr><table class=gloss><tr class=mo><td>bibi</td><td>Mertens</td><td>ni</td><td>m-chekeshaji</td><td>a-na-chek-a</td><td>kila</td><td>mara</td></tr><tr class=la><td>KL5/KL1.Frau</td><td>Mertens</td><td>KOP</td><td>KL1-Spaßmacherin</td><td>3SG-PRÄS-lachen-IND</td><td>jede</td><td>KL9.Mal</td></tr></table><div class=klassen>bibi Kl. 5/6 (ji-/Ø › ma-) → mabibi [Person: Form Kl. 5/6, Kongruenz Kl. 1/2]</div><div class=konkordanz>Kl.1: SUBJ a- · ADJ m-/mw- · GEN wa · DEM huyu/yule · POSS w- · REL -ye</div><div class=hinweis>Kausativ -esh- bildet aus lachen &quot;lachen machen&quot;</div>	A1 SD1 L lustig
Unafanya nini leo jioni?	Was machst du heute Abend?<hr><table class=gloss><tr class=mo><td>u-na-fany-a</td><td>nini</td><td>leo</td><td>jioni</td></tr><tr class=la><td>2SG-PRÄS-tun-IND</td><td>was</td><td>heute</td><td>KL9.Abend</td></tr></table><div class=konkordanz>Kl.9: SUBJ i- · ADJ Ø/n- · GEN ya · DEM hii/ile · POSS y- · REL -yo</div><div class=hinweis>kufanya für Tätigkeiten allgemein</div>	A1 SD1 M machen
Sasa lazima nipike chakula.	Ich muss jetzt das Essen machen.<hr><table class=gloss><tr class=mo><td>sasa</td><td>lazima</td><td>ni-pik-e</td><td>chakula</td></tr><tr class=la><td>jetzt</td><td>muss</td><td>1SG-kochen-KONJ</td><td>KL7.Essen</td></tr></table><div class=klassen>chakula Kl. 7/8 (ki- › vi-) → vyakula</div><div class=konkordanz>Kl.7: SUBJ ki- · ADJ ki- · GEN cha · DEM hiki/kile · POSS ch- · REL -cho</div><div class=hinweis>Essen machen heißt kupika, nicht kufanya</div>	A1 SD1 M machen
Hiyo ni Euro tano na senti tisini na tano.	Das macht 5 Euro 95.<hr><table class=gloss><tr class=mo><td>hiyo</td><td>ni</td><td>Euro</td><td>tano</td><td>na</td><td>senti</td><td>tisini</td><td>na</td><td>tano</td></tr><tr class=la><td>KL9.DEM</td><td>KOP</td><td>Euro</td><td>fünf</td><td>und</td><td>KL9.Cent</td><td>neunzig</td><td>und</td><td>fünf</td></tr></table><div class=konkordanz>Kl.9: SUBJ i- · ADJ Ø/n- · GEN ya · DEM hii/ile · POSS y- · REL -yo</div><div class=hinweis>fünfundneunzig = tisini na tano</div>	A1 SD1 M machen
Haidhuru.	Das macht nichts.<hr><table class=gloss><tr class=mo><td>hai-dhuru</td></tr><tr class=la><td>KL9.NEG-schaden</td></tr></table><div class=konkordanz>Kl.9: SUBJ i- · ADJ Ø/n- · GEN ya · DEM hii/ile · POSS y- · REL -yo</div><div class=hinweis>wörtlich &quot;es schadet nicht&quot;</div>	A1 SD1 M machen
Familia Kurz inapata mtoto. - Mvulana au msichana?	Familie Kurz bekommt ein Baby. – Junge oder Mädchen?<hr><table class=gloss><tr class=mo><td>familia</td><td>Kurz</td><td>i-na-pat-a</td><td>m-toto</td><td>m-vulana</td><td>au</td><td>m-sichana</td></tr><tr class=la><td>KL9.Familie</td><td>Kurz</td><td>KL9-PRÄS-bekommen-IND</td><td>KL1-Kind</td><td>KL1-Junge</td><td>oder</td><td>KL1-Mädchen</td></tr></table><div class=klassen>familia Kl. 9/10 (Ø/n-) → familia — Numerus nur an der Konkordanz [Lehnwort] · mtoto Kl. 1/2 (m-/mw- › wa-) → watoto · mvulana Kl. 1/2 (m-/mw- › wa-) → wavulana · msichana Kl. 1/2 (m-/mw- › wa-) → wasichana</div><div class=konkordanz>Kl.9: SUBJ i- · ADJ Ø/n- · GEN ya · DEM hii/ile · POSS y- · REL -yo · Kl.1: SUBJ a- · ADJ m-/mw- · GEN wa · DEM huyu/yule · POSS w- · REL -ye</div><div class=hinweis>Alle drei Personenwörter tragen das m- der Kl.1</div>	A1 SD1 M Mädchen
Hapa hairuhusiwi kuvuta sigara.	Hier darf man nicht rauchen.<hr><table class=gloss><tr class=mo><td>hapa</td><td>hai-ruhus-iw-i</td><td>ku-vut-a</td><td>sigara</td></tr><tr class=la><td>hier</td><td>KL9.NEG-erlauben-PASS-NEG</td><td>KL15-ziehen-IND</td><td>KL9.Zigarette</td></tr></table><div class=klassen>sigara Kl. 9/10 (Ø/n-) → sigara — Numerus nur an der Konkordanz [Lehnwort]</div><div class=konkordanz>Kl.9: SUBJ i- · ADJ Ø/n- · GEN ya · DEM hii/ile · POSS y- · REL -yo</div><div class=hinweis>Unpersönliches &quot;man&quot; wird zum Passiv der Kl.9</div>	A1 SD1 M man
Mume wangu anafanya kazi kwenye polisi.	Mein Mann arbeitet bei der Polizei.<hr><table class=gloss><tr class=mo><td>mume</td><td>w-angu</td><td>a-na-fany-a</td><td>kazi</td><td>kwenye</td><td>polisi</td></tr><tr class=la><td>KL1.Ehemann</td><td>KL1-mein</td><td>3SG-PRÄS-tun-IND</td><td>KL9.Arbeit</td><td>bei</td><td>KL9.Polizei</td></tr></table><div class=klassen>kazi Kl. 9/10 (Ø/n-) → kazi — Numerus nur an der Konkordanz · polisi Kl. 9/10 (Ø/n-) → polisi — Numerus nur an der Konkordanz [Kongruenz Kl. 1/2 bei Personen]</div><div class=konkordanz>Kl.9: SUBJ i- · ADJ Ø/n- · GEN ya · DEM hii/ile · POSS y- · REL -yo</div><div class=hinweis>mume Kl.1, Plural waume Kl.2</div>	A1 SD1 M Mann
Tafadhali tieni alama: "mwanamke" au "mwanamume".	Kreuzen Sie bitte an: „weiblich“ oder „männlich“.<hr><table class=gloss><tr class=mo><td>tafadhali</td><td>ti-eni</td><td>alama</td><td>mw-anamke</td><td>au</td><td>mw-anamume</td></tr><tr class=la><td>bitte</td><td>setzen-IMP.PL</td><td>KL9.Zeichen</td><td>KL1-Frau</td><td>oder</td><td>KL1-Mann</td></tr></table><div class=klassen>alama Kl. 9/10 (Ø/n-) → alama — Numerus nur an der Konkordanz · mwanamke Kl. 1/2 (m-/mw- › wa-) → wanawake · mwanamume Kl. 1/2 (m-/mw- › wa-) → wanaume</div><div class=konkordanz>Kl.9: SUBJ i- · ADJ Ø/n- · GEN ya · DEM hii/ile · POSS y- · REL -yo · Kl.1: SUBJ a- · ADJ m-/mw- · GEN wa · DEM huyu/yule · POSS w- · REL -ye</div><div class=hinweis>Geschlecht als Nomen, nicht als Adjektiv</div>	A1 SD1 M männlich
Mashine ya kufua ni nafuu.	Die Waschmaschine ist günstig.<hr><table class=gloss><tr class=mo><td>mashine</td><td>y-a</td><td>ku-fu-a</td><td>ni</td><td>nafuu</td></tr><tr class=la><td>KL9.Maschine</td><td>KL9-GEN</td><td>KL15-waschen-IND</td><td>KOP</td><td>günstig</td></tr></table><div class=klassen>mashine Kl. 9/10 (Ø/n-) → mashine — Numerus nur an der Konkordanz</div><div class=konkordanz>Kl.9: SUBJ i- · ADJ Ø/n- · GEN ya · DEM hii/ile · POSS y- · REL -yo</div><div class=hinweis>Waschmaschine wörtlich &quot;Maschine des Waschens&quot;</div>	A1 SD1 M Maschine
Tunafanya likizo baharini.	Wir machen Urlaub am Meer.<hr><table class=gloss><tr class=mo><td>tu-na-fany-a</td><td>likizo</td><td>bahari-ni</td></tr><tr class=la><td>1PL-PRÄS-tun-IND</td><td>KL9.Urlaub</td><td>KL9.Meer-LOK</td></tr></table><div class=klassen>likizo Kl. 9/10 (Ø/n-) → likizo — Numerus nur an der Konkordanz</div><div class=konkordanz>Kl.9: SUBJ i- · ADJ Ø/n- · GEN ya · DEM hii/ile · POSS y- · REL -yo</div><div class=hinweis>Ortssuffix -ni an bahari Kl.9</div>	A1 SD1 M Meer
Gari hili linagharimu Euro elfu moja zaidi ya lile lingine.	Dieses Auto kostet 1.000 Euro mehr als das andere.<hr><table class=gloss><tr class=mo><td>gari</td><td>hili</td><td>li-na-gharimu</td><td>Euro</td><td>elfu</td><td>moja</td><td>zaidi</td><td>y-a</td><td>lile</td><td>li-ngine</td></tr><tr class=la><td>KL5.Auto</td><td>KL5.DEM</td><td>KL5-PRÄS-kosten</td><td>Euro</td><td>KL9.Tausend</td><td>eins</td><td>mehr</td><td>KL9-GEN</td><td>KL5.DEM.fern</td><td>KL5-andere</td></tr></table><div class=klassen>gari Kl. 5/6 (ji-/Ø › ma-) → magari</div><div class=konkordanz>Kl.5: SUBJ li- · ADJ ji-/Ø · GEN la · DEM hili/lile · POSS l- · REL -lo</div><div class=hinweis>zaidi ya bildet den Vergleich</div>	A1 SD1 M mehr
Baba yangu ni daktari.	Mein Vater ist Arzt.<hr><table class=gloss><tr class=mo><td>baba</td><td>y-angu</td><td>ni</td><td>daktari</td></tr><tr class=la><td>KL9/KL1.Vater</td><td>KL9-mein</td><td>KOP</td><td>KL5/KL1.Arzt</td></tr></table><div class=klassen>baba Kl. 9/10 (Ø/n-) → baba — Numerus nur an der Konkordanz [Person: Form Kl. 9/10, Kongruenz Kl. 1/2] · daktari Kl. 5/6 (ji-/Ø › ma-) → madaktari [Person: Form Kl. 5/6, Kongruenz Kl. 1/2]</div><div class=konkordanz>Kl.1: SUBJ a- · ADJ m-/mw- · GEN wa · DEM huyu/yule · POSS w- · REL -ye</div><div class=hinweis>Zwei Wörter mit Formklasse 9 bzw. 5, Kongruenz Kl.1</div>	A1 SD1 M mein
Wajerumani wengi wa kaskazini ni warefu sana.	Die meisten Norddeutschen sind sehr groß.<hr><table class=gloss><tr class=mo><td>Wa-jerumani</td><td>w-engi</td><td>w-a</td><td>kaskazini</td><td>ni</td><td>wa-refu</td><td>sana</td></tr><tr class=la><td>KL2-Deutsche</td><td>KL2-viele</td><td>KL2-GEN</td><td>KL9.Norden</td><td>KOP</td><td>KL2-groß</td><td>sehr</td></tr></table><div class=konkordanz>Kl.2: SUBJ wa- · ADJ wa- · GEN wa · DEM hawa/wale · POSS w- · REL -o · Kl.9: SUBJ i- · ADJ Ø/n- · GEN ya · DEM hii/ile · POSS y- · REL -yo</div><div class=hinweis>Vierfache Kl.2-Kongruenz in einem Satz</div>	A1 SD1 M meist
Watu hapa ni tofauti kuliko kwetu.	Die Menschen sind hier anders als bei uns.<hr><table class=gloss><tr class=mo><td>watu</td><td>hapa</td><td>ni</td><td>tofauti</td><td>kuliko</td><td>kwetu</td></tr><tr class=la><td>KL2.Mensch</td><td>hier</td><td>KOP</td><td>verschieden</td><td>als</td><td>bei.uns</td></tr></table><div class=klassen>mtu Kl. 1/2 (m-/mw- › wa-) → watu [Musterwort fuer Kl. 1/2]</div><div class=konkordanz>Kl.1: SUBJ a- · ADJ m-/mw- · GEN wa · DEM huyu/yule · POSS w- · REL -ye</div><div class=hinweis>kuliko für den Vergleich &quot;als&quot;</div>	A1 SD1 M Mensch
Ningependa kupanga gari.	Ich möchte ein Auto mieten.<hr><table class=gloss><tr class=mo><td>ni-nge-pend-a</td><td>ku-pang-a</td><td>gari</td></tr><tr class=la><td>1SG-IRR-mögen-IND</td><td>KL15-mieten-IND</td><td>KL5.Auto</td></tr></table><div class=klassen>gari Kl. 5/6 (ji-/Ø › ma-) → magari</div><div class=konkordanz>Kl.5: SUBJ li- · ADJ ji-/Ø · GEN la · DEM hili/lile · POSS l- · REL -lo</div><div class=hinweis>kupanga heißt mieten und ordnen</div>	A1 SD1 M mieten
Kodi ya nyumba hii ni Euro mia sita.	Die Miete für diese Wohnung ist 600 Euro.<hr><table class=gloss><tr class=mo><td>kodi</td><td>y-a</td><td>nyumba</td><td>hii</td><td>ni</td><td>Euro</td><td>mia</td><td>sita</td></tr><tr class=la><td>KL9.Miete</td><td>KL9-GEN</td><td>KL9.Haus</td><td>KL9.DEM</td><td>KOP</td><td>Euro</td><td>KL9.Hundert</td><td>sechs</td></tr></table><div class=klassen>kodi Kl. 9/10 (Ø/n-) → kodi — Numerus nur an der Konkordanz · nyumba Kl. 9/10 (Ø/n-) → nyumba — Numerus nur an der Konkordanz</div><div class=konkordanz>Kl.9: SUBJ i- · ADJ Ø/n- · GEN ya · DEM hii/ile · POSS y- · REL -yo</div><div class=hinweis>sechshundert = mia sita</div>	A1 SD1 M Miete
Maziwa yako kwenye friji.	Die Milch steht im Kühlschrank.<hr><table class=gloss><tr class=mo><td>maziwa</td><td>ya-ko</td><td>kwenye</td><td>friji</td></tr><tr class=la><td>KL6.Milch</td><td>KL6-sein.da</td><td>an</td><td>KL9.Kühlschrank</td></tr></table><div class=klassen>maziwa Kl. 6 (ma-), kein Numeruswechsel [nur Plural] · friji Kl. 9/10 (Ø/n-) → friji — Numerus nur an der Konkordanz [Lehnwort]</div><div class=konkordanz>Kl.6: SUBJ ya- · ADJ ma- · GEN ya · DEM haya/yale · POSS y- · REL -yo · Kl.9: SUBJ i- · ADJ Ø/n- · GEN ya · DEM hii/ile · POSS y- · REL -yo</div><div class=hinweis>maziwa Kl.6 nimmt das Subjektpräfix ya-</div>	A1 SD1 M Milch
Mnanywa kahawa na maziwa?	Trinken Sie den Kaffee mit Milch?<hr><table class=gloss><tr class=mo><td>m-na-nyw-a</td><td>kahawa</td><td>na</td><td>maziwa</td></tr><tr class=la><td>2PL-PRÄS-trinken-IND</td><td>KL9.Kaffee</td><td>mit</td><td>KL6.Milch</td></tr></table><div class=klassen>kahawa Kl. 9/10 (Ø/n-) → kahawa — Numerus nur an der Konkordanz · maziwa Kl. 6 (ma-), kein Numeruswechsel [nur Plural]</div><div class=konkordanz>Kl.9: SUBJ i- · ADJ Ø/n- · GEN ya · DEM hii/ile · POSS y- · REL -yo · Kl.6: SUBJ ya- · ADJ ma- · GEN ya · DEM haya/yale · POSS y- · REL -yo</div><div class=hinweis>na dient als &quot;mit&quot; und als &quot;und&quot;</div>	A1 SD1 M mit
Naenda kununua vitu. Nikuletee kitu?	Ich gehe einkaufen. Soll ich dir was mitbringen?<hr><table class=gloss><tr class=mo><td>na-end-a</td><td>ku-nunu-a</td><td>vi-tu</td><td>ni-ku-let-e-e</td><td>ki-tu</td></tr><tr class=la><td>1SG.PRÄS.ALLG-gehen-IND</td><td>KL15-kaufen-IND</td><td>KL8-Ding</td><td>1SG-OBJ2SG-bringen-APPL-KONJ</td><td>KL7-Ding</td></tr></table><div class=konkordanz>Kl.15: SUBJ ku- · ADJ ku- · GEN kwa · DEM huku/kule · POSS kw- · REL -ko · Kl.8: SUBJ vi- · ADJ vi- · GEN vya · DEM hivi/vile · POSS vy- · REL -vyo</div><div class=hinweis>Applikativ plus Konjunktiv für ein Angebot</div>	A1 SD1 M mitbringen
Naenda sinemani. Unakuja pamoja?	Ich gehe ins Kino. Kommst du mit?<hr><table class=gloss><tr class=mo><td>na-end-a</td><td>sinema-ni</td><td>u-na-kuj-a</td><td>pamoja</td></tr><tr class=la><td>1SG.PRÄS.ALLG-gehen-IND</td><td>KL9.Kino-LOK</td><td>2SG-PRÄS-kommen-IND</td><td>zusammen</td></tr></table><div class=konkordanz>Kl.9: SUBJ i- · ADJ Ø/n- · GEN ya · DEM hii/ile · POSS y- · REL -yo</div><div class=hinweis>mitkommen = kuja pamoja</div>	A1 SD1 M mitkommen
Kwa nini hamshiriki?	Warum macht ihr nicht mit?<hr><table class=gloss><tr class=mo><td>kwa</td><td>nini</td><td>ham-shiriki</td></tr><tr class=la><td>für</td><td>was</td><td>2PL.NEG-teilnehmen</td></tr></table><div class=hinweis>kushiriki ist arabisches Lehnverb auf -i</div>	A1 SD1 M mitmachen
Tumchukue dada yangu pamoja sinemani?	Nehmen wir meine Schwester ins Kino mit?<hr><table class=gloss><tr class=mo><td>tu-m-chuku-e</td><td>dada</td><td>y-angu</td><td>pamoja</td><td>sinema-ni</td></tr><tr class=la><td>1PL-OBJ1-nehmen-KONJ</td><td>KL9/KL1.Schwester</td><td>KL9-mein</td><td>zusammen</td><td>KL9.Kino-LOK</td></tr></table><div class=klassen>dada Kl. 9/10 (Ø/n-) → dada — Numerus nur an der Konkordanz [Person: Form Kl. 9/10, Kongruenz Kl. 1/2]</div><div class=konkordanz>Kl.1: SUBJ a- · ADJ m-/mw- · GEN wa · DEM huyu/yule · POSS w- · REL -ye</div><div class=hinweis>Objektpräfix -m- Kl.1, Possessiv yangu Kl.9</div>	A1 SD1 M mitnehmen
Mwalimu anasimama katikati ya darasa.	Der Lehrer steht in der Mitte des Klassenzimmers.<hr><table class=gloss><tr class=mo><td>mw-alimu</td><td>a-na-simam-a</td><td>katikati</td><td>y-a</td><td>darasa</td></tr><tr class=la><td>KL1-Lehrer</td><td>3SG-PRÄS-stehen-IND</td><td>Mitte</td><td>KL9-GEN</td><td>KL5.Klassenzimmer</td></tr></table><div class=klassen>mwalimu Kl. 1/2 (m-/mw- › wa-) → walimu [Musterwort fuer Kl. 1/2] · darasa Kl. 5/6 (ji-/Ø › ma-) → madarasa</div><div class=konkordanz>Kl.1: SUBJ a- · ADJ m-/mw- · GEN wa · DEM huyu/yule · POSS w- · REL -ye · Kl.5: SUBJ li- · ADJ ji-/Ø · GEN la · DEM hili/lile · POSS l- · REL -lo</div><div class=hinweis>katikati ya verlangt den Genitiv</div>	A1 SD1 M Mitte
Samani ni mpya?	Sind die Möbel neu?<hr><table class=gloss><tr class=mo><td>samani</td><td>ni</td><td>m-pya</td></tr><tr class=la><td>KL10.Möbel</td><td>KOP</td><td>KL10-neu</td></tr></table><div class=klassen>samani Kl. 9/10 (Ø/n-) → samani — Numerus nur an der Konkordanz [deutsch nur Plural]</div><div class=konkordanz>Kl.9: SUBJ i- · ADJ Ø/n- · GEN ya · DEM hii/ile · POSS y- · REL -yo</div><div class=hinweis>samani ist Kl.9 und Kl.10 gleich</div>	A1 SD1 M Möbel__pl__
Mnataka kunywa nini?	Was möchten Sie trinken?<hr><table class=gloss><tr class=mo><td>m-na-tak-a</td><td>ku-nyw-a</td><td>nini</td></tr><tr class=la><td>2PL-PRÄS-wollen-IND</td><td>KL15-trinken-IND</td><td>was</td></tr></table><div class=konkordanz>Kl.15: SUBJ ku- · ADJ ku- · GEN kwa · DEM huku/kule · POSS kw- · REL -ko</div><div class=hinweis>kutaka deckt wollen und möchten ab</div>	A1 SD1 M möchten
Unapenda kahawa au chai?	Magst du Kaffee oder Tee?<hr><table class=gloss><tr class=mo><td>u-na-pend-a</td><td>kahawa</td><td>au</td><td>chai</td></tr><tr class=la><td>2SG-PRÄS-mögen-IND</td><td>KL9.Kaffee</td><td>oder</td><td>KL9.Tee</td></tr></table><div class=klassen>kahawa Kl. 9/10 (Ø/n-) → kahawa — Numerus nur an der Konkordanz · chai Kl. 9/10 (Ø/n-) → chai — Numerus nur an der Konkordanz</div><div class=konkordanz>Kl.9: SUBJ i- · ADJ Ø/n- · GEN ya · DEM hii/ile · POSS y- · REL -yo</div><div class=hinweis>kupenda für mögen und lieben</div>	A1 SD1 M mögen
Kwa tiketi hii safari inawezekana kuanzia saa tatu.	Mit dieser Fahrkarte ist die Fahrt ab 9 Uhr möglich.<hr><table class=gloss><tr class=mo><td>kwa</td><td>tiketi</td><td>hii</td><td>safari</td><td>i-na-wezekan-a</td><td>ku-anz-i-a</td><td>saa</td><td>tatu</td></tr><tr class=la><td>mit</td><td>KL9.Fahrkarte</td><td>KL9.DEM</td><td>KL9.Reise</td><td>KL9-PRÄS-möglich.sein-IND</td><td>KL15-anfangen-APPL-IND</td><td>KL9.Stunde</td><td>drei</td></tr></table><div class=klassen>tiketi Kl. 9/10 (Ø/n-) → tiketi — Numerus nur an der Konkordanz [Lehnwort] · safari Kl. 9/10 (Ø/n-) → safari — Numerus nur an der Konkordanz · saa Kl. 9/10 (Ø/n-) → saa — Numerus nur an der Konkordanz [auch &quot;Uhr&quot;]</div><div class=konkordanz>Kl.9: SUBJ i- · ADJ Ø/n- · GEN ya · DEM hii/ile · POSS y- · REL -yo</div><div class=hinweis>saa tatu = 9 Uhr, dritte Stunde nach Sonnenaufgang</div>	A1 SD1 M möglich
Dakika moja tafadhali!	Moment mal bitte!<hr><table class=gloss><tr class=mo><td>dakika</td><td>moja</td><td>tafadhali</td></tr><tr class=la><td>KL9.Minute</td><td>eins</td><td>bitte</td></tr></table><div class=konkordanz>Kl.9: SUBJ i- · ADJ Ø/n- · GEN ya · DEM hii/ile · POSS y- · REL -yo</div><div class=hinweis>Moment wird als &quot;eine Minute&quot; ausgedrückt</div>	A1 SD1 M Moment
Dakika moja tafadhali.	Einen Moment bitte.<hr><table class=gloss><tr class=mo><td>dakika</td><td>moja</td><td>tafadhali</td></tr><tr class=la><td>KL9.Minute</td><td>eins</td><td>bitte</td></tr></table><div class=konkordanz>Kl.9: SUBJ i- · ADJ Ø/n- · GEN ya · DEM hii/ile · POSS y- · REL -yo</div><div class=hinweis>dakika ist Kl.9 und Kl.10 gleich</div>	A1 SD1 M Moment
Kesho shule inaanza saa nne.	Morgen beginnt die Schule um 10 Uhr.<hr><table class=gloss><tr class=mo><td>kesho</td><td>shule</td><td>i-na-anz-a</td><td>saa</td><td>nne</td></tr><tr class=la><td>morgen</td><td>KL9.Schule</td><td>KL9-PRÄS-anfangen-IND</td><td>KL9.Stunde</td><td>vier</td></tr></table><div class=klassen>shule Kl. 9/10 (Ø/n-) → shule — Numerus nur an der Konkordanz · saa Kl. 9/10 (Ø/n-) → saa — Numerus nur an der Konkordanz [auch &quot;Uhr&quot;]</div><div class=konkordanz>Kl.9: SUBJ i- · ADJ Ø/n- · GEN ya · DEM hii/ile · POSS y- · REL -yo</div><div class=hinweis>saa nne = 10 Uhr, vierte Stunde nach Sonnenaufgang</div>	A1 SD1 M morgen
Nina uchovu. Naenda kulala.	Ich bin müde. Ich gehe schlafen.<hr><table class=gloss><tr class=mo><td>ni-na</td><td>uchovu</td><td>na-end-a</td><td>ku-lal-a</td></tr><tr class=la><td>1SG-haben</td><td>KL14.Müdigkeit</td><td>1SG.PRÄS.ALLG-gehen-IND</td><td>KL15-schlafen-IND</td></tr></table><div class=konkordanz>Kl.14: SUBJ u- · ADJ m-/mw- · GEN wa · DEM huu/ule · POSS w- · REL -o · Kl.15: SUBJ ku- · ADJ ku- · GEN kwa · DEM huku/kule · POSS kw- · REL -ko</div><div class=hinweis>Müdigkeit haben statt müde sein</div>	A1 SD1 M müde
Fungueni mdomo.	Öffnen Sie den Mund.<hr><table class=gloss><tr class=mo><td>fungu-eni</td><td>m-domo</td></tr><tr class=la><td>öffnen-IMP.PL</td><td>KL3-Mund</td></tr></table><div class=klassen>mdomo Kl. 3/4 (m-/mw- › mi-) → midomo</div><div class=konkordanz>Kl.3: SUBJ u- · ADJ m-/mw- · GEN wa · DEM huu/ule · POSS w- · REL -o</div><div class=hinweis>mdomo Kl.3, Plural midomo Kl.4</div>	A1 SD1 M Mund
Lazima nifanye kazi kila siku kuanzia saa mbili hadi saa kumi na mbili.	Ich muss jeden Tag von 8 Uhr bis 18 Uhr arbeiten.<hr><table class=gloss><tr class=mo><td>lazima</td><td>ni-fany-e</td><td>kazi</td><td>kila</td><td>siku</td><td>ku-anz-i-a</td><td>saa</td><td>mbili</td><td>hadi</td><td>saa</td><td>kumi</td><td>na</td><td>mbili</td></tr><tr class=la><td>muss</td><td>1SG-tun-KONJ</td><td>KL9.Arbeit</td><td>jede</td><td>KL9.Tag</td><td>KL15-anfangen-APPL-IND</td><td>KL9.Stunde</td><td>zwei</td><td>bis</td><td>KL9.Stunde</td><td>zehn</td><td>und</td><td>zwei</td></tr></table><div class=klassen>kazi Kl. 9/10 (Ø/n-) → kazi — Numerus nur an der Konkordanz · siku ya kuzaliwa Kl. 9/10 (Ø/n-) → siku za kuzaliwa [Genitiv kongruiert mit dem Kopfnomen] · saa Kl. 9/10 (Ø/n-) → saa — Numerus nur an der Konkordanz [auch &quot;Uhr&quot;]</div><div class=konkordanz>Kl.9: SUBJ i- · ADJ Ø/n- · GEN ya · DEM hii/ile · POSS y- · REL -yo</div><div class=hinweis>saa mbili = 8 Uhr, saa kumi na mbili = 18 Uhr</div>	A1 SD1 M müssen
Bibi Berghäuser ni mama wa Michaela.	Frau Berghäuser ist die Mutter von Michaela.<hr><table class=gloss><tr class=mo><td>bibi</td><td>Berghäuser</td><td>ni</td><td>mama</td><td>w-a</td><td>Michaela</td></tr><tr class=la><td>KL5/KL1.Frau</td><td>Berghäuser</td><td>KOP</td><td>KL9/KL1.Mutter</td><td>KL1-GEN</td><td>Michaela</td></tr></table><div class=klassen>bibi Kl. 5/6 (ji-/Ø › ma-) → mabibi [Person: Form Kl. 5/6, Kongruenz Kl. 1/2] · mama Kl. 9/10 (Ø/n-) → mama — Numerus nur an der Konkordanz [Person: Form Kl. 9/10, Kongruenz Kl. 1/2]</div><div class=konkordanz>Kl.1: SUBJ a- · ADJ m-/mw- · GEN wa · DEM huyu/yule · POSS w- · REL -ye</div><div class=hinweis>mama nimmt den Genitiv wa der Kl.1</div>	A1 SD1 M Mutter
Sasa naenda nyumbani.	Ich gehe jetzt nach Hause.<hr><table class=gloss><tr class=mo><td>sasa</td><td>na-end-a</td><td>nyumbani</td></tr><tr class=la><td>jetzt</td><td>1SG.PRÄS.ALLG-gehen-IND</td><td>KL9.Haus.LOK</td></tr></table><div class=konkordanz>Kl.9: SUBJ i- · ADJ Ø/n- · GEN ya · DEM hii/ile · POSS y- · REL -yo</div><div class=hinweis>nyumbani braucht keine Präposition</div>	A1 SD1 N nach
Nasafiri kwa ndege kwenda München.	Ich fliege nach München.<hr><table class=gloss><tr class=mo><td>na-safiri</td><td>kwa</td><td>ndege</td><td>kw-end-a</td><td>München</td></tr><tr class=la><td>1SG.PRÄS.ALLG-reisen</td><td>mit</td><td>KL9.Flugzeug</td><td>KL15-gehen-IND</td><td>München</td></tr></table><div class=klassen>ndege Kl. 9/10 (Ø/n-) → ndege — Numerus nur an der Konkordanz [auch &quot;Vogel&quot;]</div><div class=konkordanz>Kl.9: SUBJ i- · ADJ Ø/n- · GEN ya · DEM hii/ile · POSS y- · REL -yo</div><div class=hinweis>Richtung durch den Infinitiv kwenda</div>	A1 SD1 N nach
Ni saa sita na dakika tano tayari.	Es ist schon 5 nach 12.<hr><table class=gloss><tr class=mo><td>ni</td><td>saa</td><td>sita</td><td>na</td><td>dakika</td><td>tano</td><td>tayari</td></tr><tr class=la><td>KOP</td><td>KL9.Stunde</td><td>sechs</td><td>und</td><td>KL9.Minute</td><td>fünf</td><td>schon</td></tr></table><div class=klassen>saa Kl. 9/10 (Ø/n-) → saa — Numerus nur an der Konkordanz [auch &quot;Uhr&quot;]</div><div class=konkordanz>Kl.9: SUBJ i- · ADJ Ø/n- · GEN ya · DEM hii/ile · POSS y- · REL -yo</div><div class=hinweis>saa sita = 12 Uhr, nicht 6 Uhr</div>	A1 SD1 N nach
Tutaonana wiki ijayo?	Sehen wir uns nächste Woche?<hr><table class=gloss><tr class=mo><td>tu-ta-on-an-a</td><td>wiki</td><td>i-ja-yo</td></tr><tr class=la><td>1PL-FUT-sehen-REZ-IND</td><td>KL9.Woche</td><td>KL9-kommen-REL9</td></tr></table><div class=konkordanz>Kl.9: SUBJ i- · ADJ Ø/n- · GEN ya · DEM hii/ile · POSS y- · REL -yo</div><div class=hinweis>Reziprok -an-: einander sehen</div>	A1 SD1 N nächst
Jina langu ni Thomas Schmidt.	Mein Name ist Thomas Schmidt.<hr><table class=gloss><tr class=mo><td>jina</td><td>l-angu</td><td>ni</td><td>Thomas</td><td>Schmidt</td></tr><tr class=la><td>KL5.Name</td><td>KL5-mein</td><td>KOP</td><td>Thomas</td><td>Schmidt</td></tr></table><div class=klassen>jina Kl. 5/6 (ji-/Ø › ma-) → majina</div><div class=konkordanz>Kl.5: SUBJ li- · ADJ ji-/Ø · GEN la · DEM hili/lile · POSS l- · REL -lo</div><div class=hinweis>jina Kl.5 nimmt langu</div>	A1 SD1 N Name
Jina langu la kwanza ni Thomas; Schmidt ni jina la familia.	Mein Vorname ist Thomas; Schmidt ist der Familienname.<hr><table class=gloss><tr class=mo><td>jina</td><td>l-angu</td><td>l-a</td><td>kwanza</td><td>ni</td><td>Thomas</td><td>Schmidt</td><td>ni</td><td>jina</td><td>l-a</td><td>familia</td></tr><tr class=la><td>KL5.Name</td><td>KL5-mein</td><td>KL5-GEN</td><td>erste</td><td>KOP</td><td>Thomas</td><td>Schmidt</td><td>KOP</td><td>KL5.Name</td><td>KL5-GEN</td><td>KL9.Familie</td></tr></table><div class=klassen>jina Kl. 5/6 (ji-/Ø › ma-) → majina · familia Kl. 9/10 (Ø/n-) → familia — Numerus nur an der Konkordanz [Lehnwort]</div><div class=konkordanz>Kl.5: SUBJ li- · ADJ ji-/Ø · GEN la · DEM hili/lile · POSS l- · REL -lo · Kl.9: SUBJ i- · ADJ Ø/n- · GEN ya · DEM hii/ile · POSS y- · REL -yo</div><div class=hinweis>Dreimal die Kl.5-Konkordanz l-</div>	A1 SD1 N Name
Leo kuna kuku. Hiyo nachukua.	Heute gibt es Hähnchen. Das nehme ich.<hr><table class=gloss><tr class=mo><td>leo</td><td>ku-na</td><td>kuku</td><td>hiyo</td><td>na-chuku-a</td></tr><tr class=la><td>heute</td><td>KL17-mit</td><td>KL9.Hähnchen</td><td>KL9.DEM</td><td>1SG.PRÄS.ALLG-nehmen-IND</td></tr></table><div class=klassen>kuku Kl. 9/10 (Ø/n-) → kuku — Numerus nur an der Konkordanz</div><div class=konkordanz>Kl.9: SUBJ i- · ADJ Ø/n- · GEN ya · DEM hii/ile · POSS y- · REL -yo</div><div class=hinweis>Vorangestelltes Objekt betont die Wahl</div>	A1 SD1 N nehmen
Nachukua basi.	Ich nehme den Bus.<hr><table class=gloss><tr class=mo><td>na-chuku-a</td><td>basi</td></tr><tr class=la><td>1SG.PRÄS.ALLG-nehmen-IND</td><td>KL5.Bus</td></tr></table><div class=klassen>basi Kl. 5/6 (ji-/Ø › ma-) → mabasi</div><div class=konkordanz>Kl.5: SUBJ li- · ADJ ji-/Ø · GEN la · DEM hili/lile · POSS l- · REL -lo</div><div class=hinweis>basi Kl.5, Plural mabasi Kl.6</div>	A1 SD1 N nehmen
Unasafiri München pia? - Hapana, sina wakati.	Fährst du auch nach München? – Nein, ich habe keine Zeit.<hr><table class=gloss><tr class=mo><td>u-na-safiri</td><td>München</td><td>pia</td><td>hapana</td><td>si-na</td><td>wakati</td></tr><tr class=la><td>2SG-PRÄS-reisen</td><td>München</td><td>auch</td><td>nein</td><td>1SG.NEG-haben</td><td>KL11.Zeit</td></tr></table><div class=klassen>wakati Kl. 11/10 (u- › Ø/n-) → nyakati</div><div class=konkordanz>Kl.11: SUBJ u- · ADJ m-/mw- · GEN wa · DEM huu/ule · POSS w- · REL -o</div><div class=hinweis>sina ist die 1SG-Negation von nina</div>	A1 SD1 N nein
Mimi ni mwenzi mpya.	Ich bin der neue Kollege.<hr><table class=gloss><tr class=mo><td>mimi</td><td>ni</td><td>mw-enzi</td><td>m-pya</td></tr><tr class=la><td>ich</td><td>KOP</td><td>KL1-Kollege</td><td>KL1-neu</td></tr></table><div class=klassen>mwenzi Kl. 1/2 (m-/mw- › wa-) → wenzi</div><div class=konkordanz>Kl.1: SUBJ a- · ADJ m-/mw- · GEN wa · DEM huyu/yule · POSS w- · REL -ye</div><div class=hinweis>mpya kongruiert mit mwenzi Kl.1</div>	A1 SD1 N neu
Tuna nyumba mpya.	Wir haben eine neue Wohnung.<hr><table class=gloss><tr class=mo><td>tu-na</td><td>nyumba</td><td>m-pya</td></tr><tr class=la><td>1PL-haben</td><td>KL9.Haus</td><td>KL9-neu</td></tr></table><div class=klassen>nyumba Kl. 9/10 (Ø/n-) → nyumba — Numerus nur an der Konkordanz</div><div class=konkordanz>Kl.9: SUBJ i- · ADJ Ø/n- · GEN ya · DEM hii/ile · POSS y- · REL -yo</div><div class=hinweis>mpya bleibt in Kl.9 gleich geschrieben</div>	A1 SD1 N neu
Hiyo si sahihi.	Das stimmt nicht.<hr><table class=gloss><tr class=mo><td>hiyo</td><td>si</td><td>sahihi</td></tr><tr class=la><td>KL9.DEM</td><td>NEG.KOP</td><td>richtig</td></tr></table><div class=klassen>sahihi Kl. 9/10 (Ø/n-) → sahihi — Numerus nur an der Konkordanz</div><div class=konkordanz>Kl.9: SUBJ i- · ADJ Ø/n- · GEN ya · DEM hii/ile · POSS y- · REL -yo</div><div class=hinweis>si verneint die Kopula ni</div>	A1 SD1 N nicht
Hiyo ni nzuri, sivyo?	Das ist doch schön, nicht?<hr><table class=gloss><tr class=mo><td>hiyo</td><td>ni</td><td>n-zuri</td><td>si-vyo</td></tr><tr class=la><td>KL9.DEM</td><td>KOP</td><td>KL9-gut</td><td>NEG-KL8</td></tr></table><div class=konkordanz>Kl.9: SUBJ i- · ADJ Ø/n- · GEN ya · DEM hii/ile · POSS y- · REL -yo · Kl.8: SUBJ vi- · ADJ vi- · GEN vya · DEM hivi/vile · POSS vy- · REL -vyo</div><div class=hinweis>sivyo ist die feste Rückfrage &quot;nicht wahr&quot;</div>	A1 SD1 N nicht
Haidhuru.	Das macht nichts.<hr><table class=gloss><tr class=mo><td>hai-dhuru</td></tr><tr class=la><td>KL9.NEG-schaden</td></tr></table><div class=konkordanz>Kl.9: SUBJ i- · ADJ Ø/n- · GEN ya · DEM hii/ile · POSS y- · REL -yo</div><div class=hinweis>haidhuru verneint das Schaden</div>	A1 SD1 N nichts
Hapa sinunui kitu. Duka halinipendezi.	Hier kaufe ich nichts. Der Laden gefällt mir nicht.<hr><table class=gloss><tr class=mo><td>hapa</td><td>si-nunu-i</td><td>ki-tu</td><td>duka</td><td>hali-ni-pendez-i</td></tr><tr class=la><td>hier</td><td>1SG.NEG-kaufen-NEG</td><td>KL7-Ding</td><td>KL5.Laden</td><td>KL5.NEG-OBJ1SG-gefallen-NEG</td></tr></table><div class=klassen>duka Kl. 5/6 (ji-/Ø › ma-) → maduka</div><div class=konkordanz>Kl.5: SUBJ li- · ADJ ji-/Ø · GEN la · DEM hili/lile · POSS l- · REL -lo</div><div class=hinweis>Zwei Negationen mit unterschiedlichen Präfixen</div>	A1 SD1 N nichts
Hafiki kwa wakati kamwe.	Er kommt nie pünktlich.<hr><table class=gloss><tr class=mo><td>ha-fik-i</td><td>kwa</td><td>wakati</td><td>kamwe</td></tr><tr class=la><td>3SG.NEG-ankommen-NEG</td><td>zu</td><td>KL11.Zeit</td><td>nie</td></tr></table><div class=klassen>wakati Kl. 11/10 (u- › Ø/n-) → nyakati</div><div class=konkordanz>Kl.11: SUBJ u- · ADJ m-/mw- · GEN wa · DEM huu/ule · POSS w- · REL -o</div><div class=hinweis>kamwe verstärkt die Negation zu &quot;nie&quot;</div>	A1 SD1 N nie
Labda bado anakuja.	Vielleicht kommt er noch.<hr><table class=gloss><tr class=mo><td>labda</td><td>bado</td><td>a-na-kuj-a</td></tr><tr class=la><td>vielleicht</td><td>noch</td><td>3SG-PRÄS-kommen-IND</td></tr></table><div class=hinweis>bado heißt noch und noch nicht</div>	A1 SD1 N noch
Tunasubiri dakika tano bado.	Wir warten noch fünf Minuten.<hr><table class=gloss><tr class=mo><td>tu-na-subiri</td><td>dakika</td><td>tano</td><td>bado</td></tr><tr class=la><td>1PL-PRÄS-warten</td><td>KL9.Minute</td><td>fünf</td><td>noch</td></tr></table><div class=konkordanz>Kl.9: SUBJ i- · ADJ Ø/n- · GEN ya · DEM hii/ile · POSS y- · REL -yo</div><div class=hinweis>kusubiri ist arabisches Lehnverb auf -i</div>	A1 SD1 N noch
Nina Euro ishirini bado.	Ich habe noch 20 Euro.<hr><table class=gloss><tr class=mo><td>ni-na</td><td>Euro</td><td>ishirini</td><td>bado</td></tr><tr class=la><td>1SG-haben</td><td>Euro</td><td>zwanzig</td><td>noch</td></tr></table><div class=hinweis>bado steht meist am Satzende</div>	A1 SD1 N noch
Kilo sabini na tano. Uzito wake ni wa kawaida.	75 kg. Sein Gewicht ist normal.<hr><table class=gloss><tr class=mo><td>kilo</td><td>sabini</td><td>na</td><td>tano</td><td>uzito</td><td>w-ake</td><td>ni</td><td>w-a</td><td>kawaida</td></tr><tr class=la><td>KL9.Kilo</td><td>siebzig</td><td>und</td><td>fünf</td><td>KL14.Gewicht</td><td>KL14-sein</td><td>KOP</td><td>KL14-GEN</td><td>KL9.Gewohnheit</td></tr></table><div class=klassen>uzito Kl. 14 (u-), kein Numeruswechsel [Abstraktum] · mke Kl. 1/2 (m-/mw- › wa-) → wake [Ehemann = &quot;mume&quot; Kl. 1/2]</div><div class=konkordanz>Kl.14: SUBJ u- · ADJ m-/mw- · GEN wa · DEM huu/ule · POSS w- · REL -o · Kl.1: SUBJ a- · ADJ m-/mw- · GEN wa · DEM huyu/yule · POSS w- · REL -ye</div><div class=hinweis>normal = wa kawaida, &quot;des Gewöhnlichen&quot;</div>	A1 SD1 N normal
Mnayo chumba namba kumi na mbili.	Sie haben Zimmer Nummer zwölf.<hr><table class=gloss><tr class=mo><td>m-na-yo</td><td>ki-umba</td><td>namba</td><td>kumi</td><td>na</td><td>mbili</td></tr><tr class=la><td>2PL-haben-REL9</td><td>KL7-Zimmer</td><td>KL9.Nummer</td><td>zehn</td><td>und</td><td>zwei</td></tr></table><div class=klassen>chumba Kl. 7/8 (ki- › vi-) → vyumba · namba Kl. 9/10 (Ø/n-) → namba — Numerus nur an der Konkordanz [Lehnwort]</div><div class=konkordanz>Kl.7: SUBJ ki- · ADJ ki- · GEN cha · DEM hiki/kile · POSS ch- · REL -cho · Kl.9: SUBJ i- · ADJ Ø/n- · GEN ya · DEM hii/ile · POSS y- · REL -yo</div><div class=hinweis>zwölf = kumi na mbili</div>	A1 SD1 N Nummer
Mnayo namba ipi ya nyumba?	Welche Hausnummer haben Sie?<hr><table class=gloss><tr class=mo><td>m-na-yo</td><td>namba</td><td>ipi</td><td>y-a</td><td>nyumba</td></tr><tr class=la><td>2PL-haben-REL9</td><td>KL9.Nummer</td><td>KL9.welche</td><td>KL9-GEN</td><td>KL9.Haus</td></tr></table><div class=klassen>namba Kl. 9/10 (Ø/n-) → namba — Numerus nur an der Konkordanz [Lehnwort] · nyumba Kl. 9/10 (Ø/n-) → nyumba — Numerus nur an der Konkordanz</div><div class=konkordanz>Kl.9: SUBJ i- · ADJ Ø/n- · GEN ya · DEM hii/ile · POSS y- · REL -yo</div><div class=hinweis>ipi kongruiert mit namba Kl.9</div>	A1 SD1 N Nummer
Mnaweza kunipa namba yenu?	Können Sie mir Ihre Nummer geben?<hr><table class=gloss><tr class=mo><td>m-na-wez-a</td><td>ku-ni-p-a</td><td>namba</td><td>y-enu</td></tr><tr class=la><td>2PL-PRÄS-können-IND</td><td>KL15-OBJ1SG-geben-IND</td><td>KL9.Nummer</td><td>KL9-euer</td></tr></table><div class=klassen>namba Kl. 9/10 (Ø/n-) → namba — Numerus nur an der Konkordanz [Lehnwort]</div><div class=konkordanz>Kl.9: SUBJ i- · ADJ Ø/n- · GEN ya · DEM hii/ile · POSS y- · REL -yo</div><div class=hinweis>yenu ist der Possessiv für höfliches Sie</div>	A1 SD1 N Nummer
Nataka glasi moja ya maji tu.	Ich möchte nur ein Glas Wasser.<hr><table class=gloss><tr class=mo><td>na-tak-a</td><td>glasi</td><td>moja</td><td>y-a</td><td>maji</td><td>tu</td></tr><tr class=la><td>1SG.PRÄS.ALLG-wollen-IND</td><td>KL9.Glas</td><td>eins</td><td>KL9-GEN</td><td>KL6.Wasser</td><td>nur</td></tr></table><div class=klassen>glasi Kl. 9/10 (Ø/n-) → glasi — Numerus nur an der Konkordanz [Lehnwort] · maji Kl. 6 (ma-), kein Numeruswechsel [nur Plural]</div><div class=konkordanz>Kl.9: SUBJ i- · ADJ Ø/n- · GEN ya · DEM hii/ile · POSS y- · REL -yo · Kl.6: SUBJ ya- · ADJ ma- · GEN ya · DEM haya/yale · POSS y- · REL -yo</div><div class=hinweis>tu am Satzende heißt &quot;nur&quot;</div>	A1 SD1 N nur
Nakaa juu.	Ich wohne oben.<hr><table class=gloss><tr class=mo><td>na-ka-a</td><td>juu</td></tr><tr class=la><td>1SG.PRÄS.ALLG-wohnen-IND</td><td>oben</td></tr></table><div class=hinweis>juu und chini sind unveränderlich</div>	A1 SD1 O oben
Kiangazi matunda ni rahisi.	Im Sommer ist das Obst billig.<hr><table class=gloss><tr class=mo><td>ki-angazi</td><td>ma-tunda</td><td>ni</td><td>rahisi</td></tr><tr class=la><td>KL7-Sommer</td><td>KL6-Obst</td><td>KOP</td><td>billig</td></tr></table><div class=klassen>tunda Kl. 5/6 (ji-/Ø › ma-) → matunda [meist Plural]</div><div class=konkordanz>Kl.5: SUBJ li- · ADJ ji-/Ø · GEN la · DEM hili/lile · POSS l- · REL -lo</div><div class=hinweis>rahisi heißt billig und einfach</div>	A1 SD1 O Obst
Mnaweza kuja lini - leo au kesho?	Wann können Sie kommen – heute oder morgen?<hr><table class=gloss><tr class=mo><td>m-na-wez-a</td><td>ku-j-a</td><td>lini</td><td>leo</td><td>au</td><td>kesho</td></tr><tr class=la><td>2PL-PRÄS-können-IND</td><td>KL15-kommen-IND</td><td>wann</td><td>heute</td><td>oder</td><td>morgen</td></tr></table><div class=konkordanz>Kl.15: SUBJ ku- · ADJ ku- · GEN kwa · DEM huku/kule · POSS kw- · REL -ko</div><div class=hinweis>au verbindet Alternativen</div>	A1 SD1 O oder
Nafungua mlango.	Ich öffne die Tür.<hr><table class=gloss><tr class=mo><td>na-fungu-a</td><td>m-lango</td></tr><tr class=la><td>1SG.PRÄS.ALLG-öffnen-IND</td><td>KL3-Tür</td></tr></table><div class=konkordanz>Kl.3: SUBJ u- · ADJ m-/mw- · GEN wa · DEM huu/ule · POSS w- · REL -o</div><div class=hinweis>mlango Kl.3, Plural milango Kl.4</div>	A1 SD1 O öffnen
Duka limefunguliwa Jumamosi hadi saa kumi.	Der Laden ist samstags bis 16.00 Uhr geöffnet.<hr><table class=gloss><tr class=mo><td>duka</td><td>li-me-fungu-liw-a</td><td>Jumamosi</td><td>hadi</td><td>saa</td><td>kumi</td></tr><tr class=la><td>KL5.Laden</td><td>KL5-PERF-öffnen-PASS-IND</td><td>KL9.Samstag</td><td>bis</td><td>KL9.Stunde</td><td>zehn</td></tr></table><div class=klassen>duka Kl. 5/6 (ji-/Ø › ma-) → maduka · saa Kl. 9/10 (Ø/n-) → saa — Numerus nur an der Konkordanz [auch &quot;Uhr&quot;]</div><div class=konkordanz>Kl.5: SUBJ li- · ADJ ji-/Ø · GEN la · DEM hili/lile · POSS l- · REL -lo · Kl.9: SUBJ i- · ADJ Ø/n- · GEN ya · DEM hii/ile · POSS y- · REL -yo</div><div class=hinweis>Jumamosi heißt wörtlich &quot;erster Tag&quot;</div>	A1 SD1 O geöffnet
Petra namkuta mara nyingi.	Petra treffe ich oft.<hr><table class=gloss><tr class=mo><td>Petra</td><td>na-m-kut-a</td><td>mara</td><td>ny-ingi</td></tr><tr class=la><td>Petra</td><td>1SG.PRÄS.ALLG-OBJ1-treffen-IND</td><td>KL9.Mal</td><td>KL10-viele</td></tr></table><div class=konkordanz>Kl.9: SUBJ i- · ADJ Ø/n- · GEN ya · DEM hii/ile · POSS y- · REL -yo · Kl.10: SUBJ zi- · ADJ Ø/n- · GEN za · DEM hizi/zile · POSS z- · REL -zo</div><div class=hinweis>Objektpräfix -m- auch bei vorangestelltem Namen</div>	A1 SD1 O oft
Bila pesa hawezi kununua kitu.	Ohne Geld kann er nichts kaufen.<hr><table class=gloss><tr class=mo><td>bila</td><td>pesa</td><td>ha-wez-i</td><td>ku-nunu-a</td><td>ki-tu</td></tr><tr class=la><td>ohne</td><td>KL10.Geld</td><td>3SG.NEG-können-NEG</td><td>KL15-kaufen-IND</td><td>KL7-Ding</td></tr></table><div class=klassen>pesa Kl. 9/10 (Ø/n-) → pesa — Numerus nur an der Konkordanz</div><div class=konkordanz>Kl.9: SUBJ i- · ADJ Ø/n- · GEN ya · DEM hii/ile · POSS y- · REL -yo</div><div class=hinweis>bila verlangt kein Konkordanzelement</div>	A1 SD1 O ohne
Saladi tunaifanya bila mafuta.	Den Salat machen wir ohne Öl.<hr><table class=gloss><tr class=mo><td>saladi</td><td>tu-na-i-fany-a</td><td>bila</td><td>ma-futa</td></tr><tr class=la><td>KL9.Salat</td><td>1PL-PRÄS-OBJ9-tun-IND</td><td>ohne</td><td>KL6-Öl</td></tr></table><div class=klassen>saladi Kl. 9/10 (Ø/n-) → saladi — Numerus nur an der Konkordanz [Lehnwort] · mafuta Kl. 6 (ma-), kein Numeruswechsel [nur Plural]</div><div class=konkordanz>Kl.9: SUBJ i- · ADJ Ø/n- · GEN ya · DEM hii/ile · POSS y- · REL -yo · Kl.6: SUBJ ya- · ADJ ma- · GEN ya · DEM haya/yale · POSS y- · REL -yo</div><div class=hinweis>mafuta ist Kl.6 und heißt Öl und Fett</div>	A1 SD1 O Öl
Bibi yangu amekwisha kufariki.	Meine Oma ist schon tot.<hr><table class=gloss><tr class=mo><td>bibi</td><td>y-angu</td><td>a-me-kwish-a</td><td>ku-fariki</td></tr><tr class=la><td>KL9/KL1.Großmutter</td><td>KL9-mein</td><td>3SG-PERF-beenden-IND</td><td>KL15-sterben</td></tr></table><div class=klassen>bibi Kl. 5/6 (ji-/Ø › ma-) → mabibi [Person: Form Kl. 5/6, Kongruenz Kl. 1/2]</div><div class=konkordanz>Kl.1: SUBJ a- · ADJ m-/mw- · GEN wa · DEM huyu/yule · POSS w- · REL -ye</div><div class=hinweis>kwisha plus Infinitiv heißt &quot;schon&quot;</div>	A1 SD1 O Oma
Babu yangu anaitwa Hans.	Mein Opa heißt Hans.<hr><table class=gloss><tr class=mo><td>babu</td><td>y-angu</td><td>a-na-it-w-a</td><td>Hans</td></tr><tr class=la><td>KL9/KL1.Großvater</td><td>KL9-mein</td><td>3SG-PRÄS-nennen-PASS-IND</td><td>Hans</td></tr></table><div class=klassen>babu Kl. 9/10 (Ø/n-) → babu — Numerus nur an der Konkordanz [Person: Form Kl. 9/10, Kongruenz Kl. 1/2]</div><div class=konkordanz>Kl.1: SUBJ a- · ADJ m-/mw- · GEN wa · DEM huyu/yule · POSS w- · REL -ye</div><div class=hinweis>yangu Kl.9, Verbkongruenz Kl.1</div>	A1 SD1 O Opa
Hiyo ni sawa.	Das ist in Ordnung.<hr><table class=gloss><tr class=mo><td>hiyo</td><td>ni</td><td>sawa</td></tr><tr class=la><td>KL9.DEM</td><td>KOP</td><td>in.Ordnung</td></tr></table><div class=konkordanz>Kl.9: SUBJ i- · ADJ Ø/n- · GEN ya · DEM hii/ile · POSS y- · REL -yo</div><div class=hinweis>sawa deckt gleich und in Ordnung ab</div>	A1 SD1 O Ordnung
Mahali hapa pako baharini.	Der Ort liegt am Meer.<hr><table class=gloss><tr class=mo><td>mahali</td><td>hapa</td><td>pa-ko</td><td>bahari-ni</td></tr><tr class=la><td>KL16.Ort</td><td>KL16.DEM</td><td>KL16-sein.da</td><td>KL9.Meer-LOK</td></tr></table><div class=klassen>mahali Kl. 16 (pa-), kein Numeruswechsel [Ortsklasse]</div><div class=konkordanz>Kl.16: SUBJ pa- · ADJ pa- · GEN pa · DEM hapa/pale · POSS p- · REL -po</div><div class=hinweis>Ortsklasse 16 hat die Konkordanz p-</div>	A1 SD1 O Ort
Hapa kuna karatasi na kalamu ya risasi.	Hier sind Papier und Bleistift.<hr><table class=gloss><tr class=mo><td>hapa</td><td>ku-na</td><td>karatasi</td><td>na</td><td>kalamu</td><td>y-a</td><td>risasi</td></tr><tr class=la><td>hier</td><td>KL17-mit</td><td>KL9.Papier</td><td>und</td><td>KL9.Stift</td><td>KL9-GEN</td><td>KL9.Blei</td></tr></table><div class=klassen>karatasi Kl. 9/10 (Ø/n-) → karatasi — Numerus nur an der Konkordanz · kalamu Kl. 9/10 (Ø/n-) → kalamu — Numerus nur an der Konkordanz</div><div class=konkordanz>Kl.9: SUBJ i- · ADJ Ø/n- · GEN ya · DEM hii/ile · POSS y- · REL -yo</div><div class=hinweis>kuna gilt für Singular und Plural</div>	A1 SD1 P Papier
Mnayo hati zenu?	Haben Sie Ihre Papiere dabei?<hr><table class=gloss><tr class=mo><td>m-na-yo</td><td>hati</td><td>z-enu</td></tr><tr class=la><td>2PL-haben-REL9</td><td>KL10.Papier</td><td>KL10-euer</td></tr></table><div class=klassen>hati Kl. 9/10 (Ø/n-) → hati — Numerus nur an der Konkordanz [deutsch nur Plural]</div><div class=konkordanz>Kl.9: SUBJ i- · ADJ Ø/n- · GEN ya · DEM hii/ile · POSS y- · REL -yo</div><div class=hinweis>hati ist Kl.9 und Kl.10 gleich</div>	A1 SD1 P Papiere__pl__
Yeye ni mwenzi wangu.	Sie ist meine Partnerin.<hr><table class=gloss><tr class=mo><td>yeye</td><td>ni</td><td>mw-enzi</td><td>w-angu</td></tr><tr class=la><td>sie</td><td>KOP</td><td>KL1-Partnerin</td><td>KL1-mein</td></tr></table><div class=klassen>mwenzi Kl. 1/2 (m-/mw- › wa-) → wenzi</div><div class=konkordanz>Kl.1: SUBJ a- · ADJ m-/mw- · GEN wa · DEM huyu/yule · POSS w- · REL -ye</div><div class=hinweis>mwenzi gilt für beide Geschlechter</div>	A1 SD1 P Partner
Leo jioni tunafanya sherehe.	Heute Abend machen wir eine Party.<hr><table class=gloss><tr class=mo><td>leo</td><td>jioni</td><td>tu-na-fany-a</td><td>sherehe</td></tr><tr class=la><td>heute</td><td>KL9.Abend</td><td>1PL-PRÄS-tun-IND</td><td>KL9.Party</td></tr></table><div class=klassen>sherehe Kl. 9/10 (Ø/n-) → sherehe — Numerus nur an der Konkordanz</div><div class=konkordanz>Kl.9: SUBJ i- · ADJ Ø/n- · GEN ya · DEM hii/ile · POSS y- · REL -yo</div><div class=hinweis>sherehe deckt Fest und Party ab</div>	A1 SD1 P Party
Hotelini unahitaji pasipoti yako.	Im Hotel brauchst du deinen Pass.<hr><table class=gloss><tr class=mo><td>hoteli-ni</td><td>u-na-hitaji</td><td>pasipoti</td><td>y-ako</td></tr><tr class=la><td>KL9.Hotel-LOK</td><td>2SG-PRÄS-brauchen</td><td>KL9.Pass</td><td>KL9-dein</td></tr></table><div class=klassen>pasipoti Kl. 9/10 (Ø/n-) → pasipoti — Numerus nur an der Konkordanz [Lehnwort]</div><div class=konkordanz>Kl.9: SUBJ i- · ADJ Ø/n- · GEN ya · DEM hii/ile · POSS y- · REL -yo</div><div class=hinweis>Ortssuffix -ni an hoteli Kl.9</div>	A1 SD1 P Pass
Kuanzia saa sita hadi saa sita na nusu tuna mapumziko ya mchana.	Von 12.00 bis 12.30 Uhr haben wir Mittagspause.<hr><table class=gloss><tr class=mo><td>ku-anz-i-a</td><td>saa</td><td>sita</td><td>hadi</td><td>saa</td><td>sita</td><td>na</td><td>nusu</td><td>tu-na</td><td>ma-pumziko</td><td>y-a</td><td>m-chana</td></tr><tr class=la><td>KL15-anfangen-APPL-IND</td><td>KL9.Stunde</td><td>sechs</td><td>bis</td><td>KL9.Stunde</td><td>sechs</td><td>und</td><td>KL9.Hälfte</td><td>1PL-haben</td><td>KL6-Pause</td><td>KL6-GEN</td><td>KL3-Mittag</td></tr></table><div class=klassen>saa Kl. 9/10 (Ø/n-) → saa — Numerus nur an der Konkordanz [auch &quot;Uhr&quot;] · mapumziko Kl. 6 (ma-), kein Numeruswechsel [nur Plural]</div><div class=konkordanz>Kl.9: SUBJ i- · ADJ Ø/n- · GEN ya · DEM hii/ile · POSS y- · REL -yo · Kl.6: SUBJ ya- · ADJ ma- · GEN ya · DEM haya/yale · POSS y- · REL -yo</div><div class=hinweis>saa sita = 12 Uhr, na nusu = und halb</div>	A1 SD1 P Pause
Najinunulia mpango wa mji.	Ich kaufe mir einen Stadtplan.<hr><table class=gloss><tr class=mo><td>na-ji-nunu-li-a</td><td>m-pango</td><td>w-a</td><td>m-ji</td></tr><tr class=la><td>1SG.PRÄS.ALLG-REFL-kaufen-APPL-IND</td><td>KL3-Plan</td><td>KL3-GEN</td><td>KL3-Stadt</td></tr></table><div class=klassen>mpango Kl. 3/4 (m-/mw- › mi-) → mipango · mji Kl. 3/4 (m-/mw- › mi-) → miji</div><div class=konkordanz>Kl.3: SUBJ u- · ADJ m-/mw- · GEN wa · DEM huu/ule · POSS w- · REL -o</div><div class=hinweis>Reflexiv -ji- plus Applikativ: für sich kaufen</div>	A1 SD1 P Plan
Pole, nafasi imechukuliwa.	Tut mir leid, der Platz ist besetzt.<hr><table class=gloss><tr class=mo><td>pole</td><td>nafasi</td><td>i-me-chuku-liw-a</td></tr><tr class=la><td>Mitgefühl</td><td>KL9.Platz</td><td>KL9-PERF-nehmen-PASS-IND</td></tr></table><div class=klassen>nafasi Kl. 9/10 (Ø/n-) → nafasi — Numerus nur an der Konkordanz [Sitzplatz; Ort = &quot;mahali&quot; Kl. 16]</div><div class=konkordanz>Kl.9: SUBJ i- · ADJ Ø/n- · GEN ya · DEM hii/ile · POSS y- · REL -yo</div><div class=hinweis>pole drückt Mitgefühl aus, nicht Entschuldigung</div>	A1 SD1 P Platz
Tafadhali kaeni!	Bitte nehmen Sie Platz!<hr><table class=gloss><tr class=mo><td>tafadhali</td><td>ka-eni</td></tr><tr class=la><td>bitte</td><td>sitzen-IMP.PL</td></tr></table><div class=hinweis>Platz nehmen ist einfach kukaa</div>	A1 SD1 P Platz
Nakaa Messeplatz tano.	Ich wohne Messeplatz 5.<hr><table class=gloss><tr class=mo><td>na-ka-a</td><td>Messeplatz</td><td>tano</td></tr><tr class=la><td>1SG.PRÄS.ALLG-wohnen-IND</td><td>Messeplatz</td><td>fünf</td></tr></table><div class=hinweis>Adressen bleiben ohne Präposition</div>	A1 SD1 P Platz
Iteni polisi!	Holen Sie die Polizei!<hr><table class=gloss><tr class=mo><td>it-eni</td><td>polisi</td></tr><tr class=la><td>rufen-IMP.PL</td><td>KL9.Polizei</td></tr></table><div class=klassen>polisi Kl. 9/10 (Ø/n-) → polisi — Numerus nur an der Konkordanz [Kongruenz Kl. 1/2 bei Personen]</div><div class=konkordanz>Kl.9: SUBJ i- · ADJ Ø/n- · GEN ya · DEM hii/ile · POSS y- · REL -yo</div><div class=hinweis>kuita ruft, kupiga simu telefoniert</div>	A1 SD1 P Polizei
Watoto wanakula kuku na chipsi.	Die Kinder essen Hähnchen mit Pommes frites.<hr><table class=gloss><tr class=mo><td>watoto</td><td>wa-na-kul-a</td><td>kuku</td><td>na</td><td>chipsi</td></tr><tr class=la><td>KL2.Kind</td><td>KL2-PRÄS-essen-IND</td><td>KL9.Hähnchen</td><td>mit</td><td>KL10.Pommes</td></tr></table><div class=klassen>mtoto Kl. 1/2 (m-/mw- › wa-) → watoto · kuku Kl. 9/10 (Ø/n-) → kuku — Numerus nur an der Konkordanz · chipsi Kl. 10 (Ø/n-), kein Numeruswechsel [nur Plural, Lehnwort]</div><div class=konkordanz>Kl.1: SUBJ a- · ADJ m-/mw- · GEN wa · DEM huyu/yule · POSS w- · REL -ye · Kl.9: SUBJ i- · ADJ Ø/n- · GEN ya · DEM hii/ile · POSS y- · REL -yo</div><div class=hinweis>Bei kula bleibt das ku- des Stammes erhalten</div>	A1 SD1 P Pommes_frites__pl__
Posta iko wapi, tafadhali?	Wo ist die Post, bitte?<hr><table class=gloss><tr class=mo><td>posta</td><td>i-ko</td><td>wapi</td><td>tafadhali</td></tr><tr class=la><td>KL9.Post</td><td>KL9-sein.da</td><td>wo</td><td>bitte</td></tr></table><div class=klassen>posta Kl. 9/10 (Ø/n-) → posta — Numerus nur an der Konkordanz [Lehnwort]</div><div class=konkordanz>Kl.9: SUBJ i- · ADJ Ø/n- · GEN ya · DEM hii/ile · POSS y- · REL -yo</div><div class=hinweis>iko fragt nach dem Ort</div>	A1 SD1 P Post
Kuna barua?	Ist Post da?<hr><table class=gloss><tr class=mo><td>ku-na</td><td>barua</td></tr><tr class=la><td>KL17-mit</td><td>KL9.Brief</td></tr></table><div class=klassen>barua Kl. 9/10 (Ø/n-) → barua — Numerus nur an der Konkordanz [Numerus nur an der Konkordanz]</div><div class=konkordanz>Kl.9: SUBJ i- · ADJ Ø/n- · GEN ya · DEM hii/ile · POSS y- · REL -yo</div><div class=hinweis>kuna fragt nach dem Vorhandensein</div>	A1 SD1 P Post
Namba yenu ya posta ni ipi?	Wie ist Ihre Postleitzahl?<hr><table class=gloss><tr class=mo><td>namba</td><td>y-enu</td><td>y-a</td><td>posta</td><td>ni</td><td>ipi</td></tr><tr class=la><td>KL9.Nummer</td><td>KL9-euer</td><td>KL9-GEN</td><td>KL9.Post</td><td>KOP</td><td>KL9.welche</td></tr></table><div class=klassen>namba Kl. 9/10 (Ø/n-) → namba — Numerus nur an der Konkordanz [Lehnwort] · posta Kl. 9/10 (Ø/n-) → posta — Numerus nur an der Konkordanz [Lehnwort]</div><div class=konkordanz>Kl.9: SUBJ i- · ADJ Ø/n- · GEN ya · DEM hii/ile · POSS y- · REL -yo</div><div class=hinweis>Dreifache Kl.9-Kongruenz: yenu, ya, ipi</div>	A1 SD1 P Postleitzahl
Nafanya mafunzo kwa vitendo kwenye Siemens.	Ich mache ein Praktikum bei Siemens.<hr><table class=gloss><tr class=mo><td>na-fany-a</td><td>ma-funzo</td><td>kwa</td><td>vi-tendo</td><td>kwenye</td><td>Siemens</td></tr><tr class=la><td>1SG.PRÄS.ALLG-tun-IND</td><td>KL6-Ausbildung</td><td>für</td><td>KL8-Tat</td><td>an</td><td>Siemens</td></tr></table><div class=klassen>mafunzo kwa vitendo Kl. 6 (ma-), kein Numeruswechsel [nur Plural]</div><div class=konkordanz>Kl.6: SUBJ ya- · ADJ ma- · GEN ya · DEM haya/yale · POSS y- · REL -yo</div><div class=hinweis>Praktikum wörtlich &quot;Ausbildung durch Taten&quot;</div>	A1 SD1 P Praktikum
Kliniki imefunguliwa kuanzia saa mbili.	Die Praxis ist ab acht Uhr geöffnet.<hr><table class=gloss><tr class=mo><td>kliniki</td><td>i-me-fungu-liw-a</td><td>ku-anz-i-a</td><td>saa</td><td>mbili</td></tr><tr class=la><td>KL9.Praxis</td><td>KL9-PERF-öffnen-PASS-IND</td><td>KL15-anfangen-APPL-IND</td><td>KL9.Stunde</td><td>zwei</td></tr></table><div class=klassen>kliniki Kl. 9/10 (Ø/n-) → kliniki — Numerus nur an der Konkordanz [Lehnwort] · saa Kl. 9/10 (Ø/n-) → saa — Numerus nur an der Konkordanz [auch &quot;Uhr&quot;]</div><div class=konkordanz>Kl.9: SUBJ i- · ADJ Ø/n- · GEN ya · DEM hii/ile · POSS y- · REL -yo</div><div class=hinweis>saa mbili = 8 Uhr, zweite Stunde nach Sonnenaufgang</div>	A1 SD1 P Praxis
Bei ni juu.	Die Preise sind hoch.<hr><table class=gloss><tr class=mo><td>bei</td><td>ni</td><td>juu</td></tr><tr class=la><td>KL10.Preis</td><td>KOP</td><td>oben</td></tr></table><div class=klassen>bei Kl. 9/10 (Ø/n-) → bei — Numerus nur an der Konkordanz</div><div class=konkordanz>Kl.9: SUBJ i- · ADJ Ø/n- · GEN ya · DEM hii/ile · POSS y- · REL -yo</div><div class=hinweis>hoch bei Preisen ist juu</div>	A1 SD1 P Preis
Tatizo langu ni lugha.	Mein Problem ist die Sprache.<hr><table class=gloss><tr class=mo><td>tatizo</td><td>l-angu</td><td>ni</td><td>lugha</td></tr><tr class=la><td>KL5.Problem</td><td>KL5-mein</td><td>KOP</td><td>KL9.Sprache</td></tr></table><div class=klassen>tatizo Kl. 5/6 (ji-/Ø › ma-) → matatizo · lugha Kl. 9/10 (Ø/n-) → lugha — Numerus nur an der Konkordanz</div><div class=konkordanz>Kl.5: SUBJ li- · ADJ ji-/Ø · GEN la · DEM hili/lile · POSS l- · REL -lo · Kl.9: SUBJ i- · ADJ Ø/n- · GEN ya · DEM hii/ile · POSS y- · REL -yo</div><div class=hinweis>tatizo Kl.5, Plural matatizo Kl.6</div>	A1 SD1 P Problem
Tafadhali nitumieni kijitabu cha hoteli yenu.	Bitte schicken Sie mir einen Prospekt von Ihrem Hotel.<hr><table class=gloss><tr class=mo><td>tafadhali</td><td>ni-tumi-eni</td><td>ki-jitabu</td><td>ch-a</td><td>hoteli</td><td>y-enu</td></tr><tr class=la><td>bitte</td><td>OBJ1SG-schicken-IMP.PL</td><td>KL7-Prospekt</td><td>KL7-GEN</td><td>KL9.Hotel</td><td>KL9-euer</td></tr></table><div class=klassen>kijitabu Kl. 7/8 (ki- › vi-) → vijitabu [Diminutiv von &quot;kitabu&quot;] · hoteli Kl. 9/10 (Ø/n-) → hoteli — Numerus nur an der Konkordanz [Lehnwort]</div><div class=konkordanz>Kl.7: SUBJ ki- · ADJ ki- · GEN cha · DEM hiki/kile · POSS ch- · REL -cho · Kl.9: SUBJ i- · ADJ Ø/n- · GEN ya · DEM hii/ile · POSS y- · REL -yo</div><div class=hinweis>kijitabu ist der Diminutiv von kitabu</div>	A1 SD1 P Prospekt
Mtihani ni Jumatatu saa mbili.	Die Prüfung ist am Montag um 8.00 Uhr.<hr><table class=gloss><tr class=mo><td>m-tihani</td><td>ni</td><td>Jumatatu</td><td>saa</td><td>mbili</td></tr><tr class=la><td>KL3-Prüfung</td><td>KOP</td><td>KL9.Montag</td><td>KL9.Stunde</td><td>zwei</td></tr></table><div class=klassen>mtihani Kl. 3/4 (m-/mw- › mi-) → mitihani · saa Kl. 9/10 (Ø/n-) → saa — Numerus nur an der Konkordanz [auch &quot;Uhr&quot;]</div><div class=konkordanz>Kl.3: SUBJ u- · ADJ m-/mw- · GEN wa · DEM huu/ule · POSS w- · REL -o · Kl.9: SUBJ i- · ADJ Ø/n- · GEN ya · DEM hii/ile · POSS y- · REL -yo</div><div class=hinweis>saa mbili = 8 Uhr morgens</div>	A1 SD1 P Prüfung
Basi linaondoka kwa wakati saa mbili.	Der Bus fährt pünktlich um acht Uhr.<hr><table class=gloss><tr class=mo><td>basi</td><td>li-na-ondok-a</td><td>kwa</td><td>wakati</td><td>saa</td><td>mbili</td></tr><tr class=la><td>KL5.Bus</td><td>KL5-PRÄS-abfahren-IND</td><td>zu</td><td>KL11.Zeit</td><td>KL9.Stunde</td><td>zwei</td></tr></table><div class=klassen>basi Kl. 5/6 (ji-/Ø › ma-) → mabasi · wakati Kl. 11/10 (u- › Ø/n-) → nyakati · saa Kl. 9/10 (Ø/n-) → saa — Numerus nur an der Konkordanz [auch &quot;Uhr&quot;]</div><div class=konkordanz>Kl.5: SUBJ li- · ADJ ji-/Ø · GEN la · DEM hili/lile · POSS l- · REL -lo · Kl.11: SUBJ u- · ADJ m-/mw- · GEN wa · DEM huu/ule · POSS w- · REL -o</div><div class=hinweis>pünktlich = kwa wakati, &quot;zur Zeit&quot;</div>	A1 SD1 P pünktlich
Bwana Müller ni wa wakati kila mara.	Herr Müller ist immer pünktlich.<hr><table class=gloss><tr class=mo><td>bwana</td><td>Müller</td><td>ni</td><td>w-a</td><td>wakati</td><td>kila</td><td>mara</td></tr><tr class=la><td>KL5/KL1.Herr</td><td>Müller</td><td>KOP</td><td>KL1-GEN</td><td>KL11.Zeit</td><td>jede</td><td>KL9.Mal</td></tr></table><div class=klassen>bwana Kl. 5/6 (ji-/Ø › ma-) → mabwana [Person: Form Kl. 5/6, Kongruenz Kl. 1/2] · wakati Kl. 11/10 (u- › Ø/n-) → nyakati</div><div class=konkordanz>Kl.1: SUBJ a- · ADJ m-/mw- · GEN wa · DEM huyu/yule · POSS w- · REL -ye · Kl.11: SUBJ u- · ADJ m-/mw- · GEN wa · DEM huu/ule · POSS w- · REL -o</div><div class=hinweis>wa wakati beschreibt die Eigenschaft</div>	A1 SD1 P pünktlich
Mtoto anaweza kuendesha baiskeli tayari.	Das Kind kann schon Rad fahren.<hr><table class=gloss><tr class=mo><td>m-toto</td><td>a-na-wez-a</td><td>ku-endesh-a</td><td>baiskeli</td><td>tayari</td></tr><tr class=la><td>KL1-Kind</td><td>3SG-PRÄS-können-IND</td><td>KL15-fahren-IND</td><td>KL9.Fahrrad</td><td>schon</td></tr></table><div class=klassen>mtoto Kl. 1/2 (m-/mw- › wa-) → watoto · baiskeli Kl. 9/10 (Ø/n-) → baiskeli — Numerus nur an der Konkordanz [Lehnwort]</div><div class=konkordanz>Kl.1: SUBJ a- · ADJ m-/mw- · GEN wa · DEM huyu/yule · POSS w- · REL -ye · Kl.9: SUBJ i- · ADJ Ø/n- · GEN ya · DEM hii/ile · POSS y- · REL -yo</div><div class=hinweis>kuendesha ist der Kausativ zu kwenda</div>	A1 SD1 R Rad_fahren
Sivuti sigara.	Ich rauche nicht.<hr><table class=gloss><tr class=mo><td>si-vut-i</td><td>sigara</td></tr><tr class=la><td>1SG.NEG-ziehen-NEG</td><td>KL9.Zigarette</td></tr></table><div class=klassen>sigara Kl. 9/10 (Ø/n-) → sigara — Numerus nur an der Konkordanz [Lehnwort]</div><div class=konkordanz>Kl.9: SUBJ i- · ADJ Ø/n- · GEN ya · DEM hii/ile · POSS y- · REL -yo</div><div class=hinweis>rauchen = kuvuta sigara</div>	A1 SD1 R rauchen
Masomo yako kwenye chumba namba mia tatu thelathini na mbili.	Der Unterricht ist in Raum 332.<hr><table class=gloss><tr class=mo><td>ma-somo</td><td>ya-ko</td><td>kwenye</td><td>ki-umba</td><td>namba</td><td>mia</td><td>tatu</td><td>thelathini</td><td>na</td><td>mbili</td></tr><tr class=la><td>KL6-Unterricht</td><td>KL6-sein.da</td><td>an</td><td>KL7-Raum</td><td>KL9.Nummer</td><td>KL9.Hundert</td><td>drei</td><td>dreißig</td><td>und</td><td>zwei</td></tr></table><div class=klassen>masomo Kl. 6 (ma-), kein Numeruswechsel [nur Plural] · chumba Kl. 7/8 (ki- › vi-) → vyumba · namba Kl. 9/10 (Ø/n-) → namba — Numerus nur an der Konkordanz [Lehnwort]</div><div class=konkordanz>Kl.6: SUBJ ya- · ADJ ma- · GEN ya · DEM haya/yale · POSS y- · REL -yo · Kl.7: SUBJ ki- · ADJ ki- · GEN cha · DEM hiki/kile · POSS ch- · REL -cho</div><div class=hinweis>332 = mia tatu thelathini na mbili</div>	A1 SD1 R Raum
Bili, tafadhali.	Die Rechnung, bitte.<hr><table class=gloss><tr class=mo><td>bili</td><td>tafadhali</td></tr><tr class=la><td>KL9.Rechnung</td><td>bitte</td></tr></table><div class=klassen>bili Kl. 9/10 (Ø/n-) → bili — Numerus nur an der Konkordanz [Lehnwort]</div><div class=konkordanz>Kl.9: SUBJ i- · ADJ Ø/n- · GEN ya · DEM hii/ile · POSS y- · REL -yo</div><div class=hinweis>bili ist Kl.9 und Kl.10 gleich</div>	A1 SD1 R Rechnung
Schillerstraße iko hapa kulia.	Die Schillerstraße ist hier rechts.<hr><table class=gloss><tr class=mo><td>Schillerstraße</td><td>i-ko</td><td>hapa</td><td>ku-lia</td></tr><tr class=la><td>Schillerstraße</td><td>KL9-sein.da</td><td>hier</td><td>KL17-rechts</td></tr></table><div class=konkordanz>Kl.9: SUBJ i- · ADJ Ø/n- · GEN ya · DEM hii/ile · POSS y- · REL -yo · Kl.17: SUBJ ku- · ADJ ku- · GEN kwa · DEM huku/kule · POSS kw- · REL -ko</div><div class=hinweis>kulia ist ein Ortswort der Kl.17</div>	A1 SD1 R rechts
Leo inanyesha.	Heute regnet es.<hr><table class=gloss><tr class=mo><td>leo</td><td>i-na-nyesh-a</td></tr><tr class=la><td>heute</td><td>KL9-PRÄS-regnen-IND</td></tr></table><div class=konkordanz>Kl.9: SUBJ i- · ADJ Ø/n- · GEN ya · DEM hii/ile · POSS y- · REL -yo</div><div class=hinweis>Wetterverben nehmen das Subjektpräfix der Kl.9</div>	A1 SD1 R regnen
Kwa mvua hii sitatoka nje.	Bei diesem Regen gehe ich nicht raus.<hr><table class=gloss><tr class=mo><td>kwa</td><td>mvua</td><td>hii</td><td>si-ta-tok-a</td><td>nje</td></tr><tr class=la><td>bei</td><td>KL9.Regen</td><td>KL9.DEM</td><td>1SG.NEG-FUT-hinausgehen-IND</td><td>draußen</td></tr></table><div class=klassen>mvua Kl. 9/10 (Ø/n-) → mvua — Numerus nur an der Konkordanz</div><div class=konkordanz>Kl.9: SUBJ i- · ADJ Ø/n- · GEN ya · DEM hii/ile · POSS y- · REL -yo</div><div class=hinweis>Negatives Futur behält -ta-</div>	A1 SD1 R Regen
Napenda kula mchele.	Ich esse gern Reis.<hr><table class=gloss><tr class=mo><td>na-pend-a</td><td>ku-kul-a</td><td>m-chele</td></tr><tr class=la><td>1SG.PRÄS.ALLG-mögen-IND</td><td>KL15-essen-IND</td><td>KL3-Reis</td></tr></table><div class=klassen>mchele Kl. 3/4 (m-/mw- › mi-) → michele [gekocht = &quot;wali&quot; Kl. 11]</div><div class=konkordanz>Kl.3: SUBJ u- · ADJ m-/mw- · GEN wa · DEM huu/ule · POSS w- · REL -o</div><div class=hinweis>mchele ist roher Reis, wali gekochter</div>	A1 SD1 R Reis
Napenda kusafiri.	Ich reise gern.<hr><table class=gloss><tr class=mo><td>na-pend-a</td><td>ku-safiri</td></tr><tr class=la><td>1SG.PRÄS.ALLG-mögen-IND</td><td>KL15-reisen</td></tr></table><div class=konkordanz>Kl.15: SUBJ ku- · ADJ ku- · GEN kwa · DEM huku/kule · POSS kw- · REL -ko</div><div class=hinweis>kusafiri ist arabisches Lehnverb auf -i</div>	A1 SD1 R reisen
Tunafanya safari kwenda Austria.	Wir machen eine Reise nach Österreich.<hr><table class=gloss><tr class=mo><td>tu-na-fany-a</td><td>safari</td><td>kw-end-a</td><td>Austria</td></tr><tr class=la><td>1PL-PRÄS-tun-IND</td><td>KL9.Reise</td><td>KL15-gehen-IND</td><td>Österreich</td></tr></table><div class=klassen>safari Kl. 9/10 (Ø/n-) → safari — Numerus nur an der Konkordanz</div><div class=konkordanz>Kl.9: SUBJ i- · ADJ Ø/n- · GEN ya · DEM hii/ile · POSS y- · REL -yo</div><div class=hinweis>Richtung durch den Infinitiv kwenda</div>	A1 SD1 R Reise
Mume wangu anafanya kazi kwenye ofisi ya safari.	Mein Mann arbeitet im Reisebüro.<hr><table class=gloss><tr class=mo><td>mume</td><td>w-angu</td><td>a-na-fany-a</td><td>kazi</td><td>kwenye</td><td>ofisi</td><td>y-a</td><td>safari</td></tr><tr class=la><td>KL1.Ehemann</td><td>KL1-mein</td><td>3SG-PRÄS-tun-IND</td><td>KL9.Arbeit</td><td>an</td><td>KL9.Büro</td><td>KL9-GEN</td><td>KL9.Reise</td></tr></table><div class=klassen>kazi Kl. 9/10 (Ø/n-) → kazi — Numerus nur an der Konkordanz · ofisi ya safari Kl. 9/10 (Ø/n-) → ofisi za safari [Genitiv kongruiert mit dem Kopfnomen] · safari Kl. 9/10 (Ø/n-) → safari — Numerus nur an der Konkordanz</div><div class=konkordanz>Kl.9: SUBJ i- · ADJ Ø/n- · GEN ya · DEM hii/ile · POSS y- · REL -yo</div><div class=hinweis>Reisebüro als ofisi ya safari</div>	A1 SD1 R Reisebüro
Najinunulia kitabu cha mwongozo cha Berlin.	Ich kaufe mir einen Reiseführer von Berlin.<hr><table class=gloss><tr class=mo><td>na-ji-nunu-li-a</td><td>ki-tabu</td><td>ch-a</td><td>mw-ongozo</td><td>ch-a</td><td>Berlin</td></tr><tr class=la><td>1SG.PRÄS.ALLG-REFL-kaufen-APPL-IND</td><td>KL7-Buch</td><td>KL7-GEN</td><td>KL3-Führung</td><td>KL7-GEN</td><td>Berlin</td></tr></table><div class=klassen>kitabu Kl. 7/8 (ki- › vi-) → vitabu</div><div class=konkordanz>Kl.7: SUBJ ki- · ADJ ki- · GEN cha · DEM hiki/kile · POSS ch- · REL -cho</div><div class=hinweis>Zwei Genitive cha, beide nach kitabu Kl.7</div>	A1 SD1 R Reiseführer
Kiongozi wetu anaitwa Peter.	Unser Reiseführer heißt Peter.<hr><table class=gloss><tr class=mo><td>ki-ongozi</td><td>w-etu</td><td>a-na-it-w-a</td><td>Peter</td></tr><tr class=la><td>KL7-Reiseführer</td><td>KL1-unser</td><td>3SG-PRÄS-nennen-PASS-IND</td><td>Peter</td></tr></table><div class=konkordanz>Kl.7: SUBJ ki- · ADJ ki- · GEN cha · DEM hiki/kile · POSS ch- · REL -cho · Kl.1: SUBJ a- · ADJ m-/mw- · GEN wa · DEM huyu/yule · POSS w- · REL -ye</div><div class=hinweis>kiongozi ist Kl.7, kongruiert als Person Kl.1</div>	A1 SD1 R Reiseführer
Amekwisha kutengeneza baiskeli.	Er hat das Fahrrad repariert.<hr><table class=gloss><tr class=mo><td>a-me-kwish-a</td><td>ku-tengenez-a</td><td>baiskeli</td></tr><tr class=la><td>3SG-PERF-beenden-IND</td><td>KL15-reparieren-IND</td><td>KL9.Fahrrad</td></tr></table><div class=klassen>baiskeli Kl. 9/10 (Ø/n-) → baiskeli — Numerus nur an der Konkordanz [Lehnwort]</div><div class=konkordanz>Kl.9: SUBJ i- · ADJ Ø/n- · GEN ya · DEM hii/ile · POSS y- · REL -yo</div><div class=hinweis>kwisha plus Infinitiv für die abgeschlossene Tat</div>	A1 SD1 R reparieren
Ukarabati ni ghali sana.	Die Reparatur ist sehr teuer.<hr><table class=gloss><tr class=mo><td>ukarabati</td><td>ni</td><td>ghali</td><td>sana</td></tr><tr class=la><td>KL14.Reparatur</td><td>KOP</td><td>teuer</td><td>sehr</td></tr></table><div class=klassen>ukarabati Kl. 14 (u-), kein Numeruswechsel [Abstraktum]</div><div class=konkordanz>Kl.14: SUBJ u- · ADJ m-/mw- · GEN wa · DEM huu/ule · POSS w- · REL -o</div><div class=hinweis>ukarabati Kl.14 hat keinen Plural</div>	A1 SD1 R Reparatur
Leo tunakula kwenye mkahawa.	Wir essen heute in einem Restaurant.<hr><table class=gloss><tr class=mo><td>leo</td><td>tu-na-kul-a</td><td>kwenye</td><td>m-kahawa</td></tr><tr class=la><td>heute</td><td>1PL-PRÄS-essen-IND</td><td>an</td><td>KL3-Restaurant</td></tr></table><div class=klassen>mkahawa Kl. 3/4 (m-/mw- › mi-) → mikahawa</div><div class=konkordanz>Kl.3: SUBJ u- · ADJ m-/mw- · GEN wa · DEM huu/ule · POSS w- · REL -o</div><div class=hinweis>mkahawa deckt Café und Restaurant ab</div>	A1 SD1 R Restaurant
Tafadhali ulizeni hotelini kwenye mapokezi.	Fragen Sie bitte im Hotel an der Rezeption.<hr><table class=gloss><tr class=mo><td>tafadhali</td><td>uliz-eni</td><td>hoteli-ni</td><td>kwenye</td><td>ma-pokezi</td></tr><tr class=la><td>bitte</td><td>fragen-IMP.PL</td><td>KL9.Hotel-LOK</td><td>an</td><td>KL6-Rezeption</td></tr></table><div class=klassen>mapokezi Kl. 6 (ma-), kein Numeruswechsel [nur Plural]</div><div class=konkordanz>Kl.6: SUBJ ya- · ADJ ma- · GEN ya · DEM haya/yale · POSS y- · REL -yo</div><div class=hinweis>mapokezi ist Kl.6 und hat keinen Singular</div>	A1 SD1 R Rezeption
Nimeelewa hii sawasawa?	Habe ich das richtig verstanden?<hr><table class=gloss><tr class=mo><td>ni-me-elew-a</td><td>hii</td><td>sawasawa</td></tr><tr class=la><td>1SG-PERF-verstehen-IND</td><td>KL9.DEM</td><td>richtig</td></tr></table><div class=konkordanz>Kl.9: SUBJ i- · ADJ Ø/n- · GEN ya · DEM hii/ile · POSS y- · REL -yo</div><div class=hinweis>sawasawa ist die Verdoppelung von sawa</div>	A1 SD1 R richtig
Hiyo ni sahihi.	Das ist richtig.<hr><table class=gloss><tr class=mo><td>hiyo</td><td>ni</td><td>sahihi</td></tr><tr class=la><td>KL9.DEM</td><td>KOP</td><td>richtig</td></tr></table><div class=klassen>sahihi Kl. 9/10 (Ø/n-) → sahihi — Numerus nur an der Konkordanz</div><div class=konkordanz>Kl.9: SUBJ i- · ADJ Ø/n- · GEN ya · DEM hii/ile · POSS y- · REL -yo</div><div class=hinweis>sahihi heißt richtig und Unterschrift</div>	A1 SD1 R richtig
Mvinyo huu unanukia vizuri.	Dieser Wein riecht gut.<hr><table class=gloss><tr class=mo><td>m-vinyo</td><td>huu</td><td>u-na-nuki-a</td><td>vi-zuri</td></tr><tr class=la><td>KL3-Wein</td><td>KL3.DEM</td><td>KL3-PRÄS-riechen-IND</td><td>KL8-gut</td></tr></table><div class=klassen>mvinyo Kl. 3/4 (m-/mw- › mi-) → mivinyo</div><div class=konkordanz>Kl.3: SUBJ u- · ADJ m-/mw- · GEN wa · DEM huu/ule · POSS w- · REL -o</div><div class=hinweis>kunukia riecht gut, kunuka riecht schlecht</div>	A1 SD1 R riechen
Nataka chumba tulivu.	Ich möchte ein ruhiges Zimmer.<hr><table class=gloss><tr class=mo><td>na-tak-a</td><td>ki-umba</td><td>tulivu</td></tr><tr class=la><td>1SG.PRÄS.ALLG-wollen-IND</td><td>KL7-Zimmer</td><td>ruhig</td></tr></table><div class=klassen>chumba Kl. 7/8 (ki- › vi-) → vyumba</div><div class=konkordanz>Kl.7: SUBJ ki- · ADJ ki- · GEN cha · DEM hiki/kile · POSS ch- · REL -cho</div><div class=hinweis>tulivu bleibt in Kl.7 ohne Präfix</div>	A1 SD1 R ruhig
Unataka juisi ya tofaa?	Möchtest du einen Apfelsaft?<hr><table class=gloss><tr class=mo><td>u-na-tak-a</td><td>juisi</td><td>y-a</td><td>tofaa</td></tr><tr class=la><td>2SG-PRÄS-wollen-IND</td><td>KL9.Saft</td><td>KL9-GEN</td><td>KL5.Apfel</td></tr></table><div class=klassen>juisi Kl. 9/10 (Ø/n-) → juisi — Numerus nur an der Konkordanz [Lehnwort] · tofaa Kl. 5/6 (ji-/Ø › ma-) → matofaa</div><div class=konkordanz>Kl.9: SUBJ i- · ADJ Ø/n- · GEN ya · DEM hii/ile · POSS y- · REL -yo · Kl.5: SUBJ li- · ADJ ji-/Ø · GEN la · DEM hili/lile · POSS l- · REL -lo</div><div class=hinweis>Genitiv ya nach juisi Kl.9</div>	A1 SD1 S Saft
Niambie, habari zako?	Sag mal, wie geht es dir denn?<hr><table class=gloss><tr class=mo><td>ni-ambi-e</td><td>habari</td><td>z-ako</td></tr><tr class=la><td>OBJ1SG-sagen-KONJ</td><td>KL10.Nachricht</td><td>KL10-dein</td></tr></table><div class=konkordanz>Kl.10: SUBJ zi- · ADJ Ø/n- · GEN za · DEM hizi/zile · POSS z- · REL -zo</div><div class=hinweis>Befinden wird mit habari erfragt</div>	A1 SD1 S sagen
Saladi inakupendeza vipi?	Wie schmeckt dir der Salat?<hr><table class=gloss><tr class=mo><td>saladi</td><td>i-na-ku-pendez-a</td><td>vipi</td></tr><tr class=la><td>KL9.Salat</td><td>KL9-PRÄS-OBJ2SG-gefallen-IND</td><td>wie</td></tr></table><div class=klassen>saladi Kl. 9/10 (Ø/n-) → saladi — Numerus nur an der Konkordanz [Lehnwort]</div><div class=konkordanz>Kl.9: SUBJ i- · ADJ Ø/n- · GEN ya · DEM hii/ile · POSS y- · REL -yo</div><div class=hinweis>schmecken wird mit kupendeza ausgedrückt</div>	A1 SD1 S Salat
Bwana mhudumu, naweza kupata chumvi tafadhali?	Herr Ober, kann ich bitte Salz haben?<hr><table class=gloss><tr class=mo><td>bwana</td><td>m-hudumu</td><td>na-wez-a</td><td>ku-pat-a</td><td>chumvi</td><td>tafadhali</td></tr><tr class=la><td>KL5/KL1.Herr</td><td>KL1-Kellner</td><td>1SG.PRÄS.ALLG-können-IND</td><td>KL15-bekommen-IND</td><td>KL9.Salz</td><td>bitte</td></tr></table><div class=klassen>bwana Kl. 5/6 (ji-/Ø › ma-) → mabwana [Person: Form Kl. 5/6, Kongruenz Kl. 1/2] · chumvi Kl. 9/10 (Ø/n-) → chumvi — Numerus nur an der Konkordanz</div><div class=konkordanz>Kl.1: SUBJ a- · ADJ m-/mw- · GEN wa · DEM huyu/yule · POSS w- · REL -ye · Kl.9: SUBJ i- · ADJ Ø/n- · GEN ya · DEM hii/ile · POSS y- · REL -yo</div><div class=hinweis>mhudumu Kl.1, Plural wahudumu Kl.2</div>	A1 SD1 S Salz
Sentensi hii ni rahisi sana.	Dieser Satz ist sehr einfach.<hr><table class=gloss><tr class=mo><td>sentensi</td><td>hii</td><td>ni</td><td>rahisi</td><td>sana</td></tr><tr class=la><td>KL9.Satz</td><td>KL9.DEM</td><td>KOP</td><td>einfach</td><td>sehr</td></tr></table><div class=konkordanz>Kl.9: SUBJ i- · ADJ Ø/n- · GEN ya · DEM hii/ile · POSS y- · REL -yo</div><div class=hinweis>sentensi ist Kl.9 und Kl.10 gleich</div>	A1 SD1 S Satz
Napenda kuchukua treni ya mjini zaidi.	Ich nehme lieber die S-Bahn.<hr><table class=gloss><tr class=mo><td>na-pend-a</td><td>ku-chuku-a</td><td>treni</td><td>y-a</td><td>m-ji-ni</td><td>zaidi</td></tr><tr class=la><td>1SG.PRÄS.ALLG-mögen-IND</td><td>KL15-nehmen-IND</td><td>KL9.Bahn</td><td>KL9-GEN</td><td>KL3-Stadt-LOK</td><td>mehr</td></tr></table><div class=klassen>treni Kl. 9/10 (Ø/n-) → treni — Numerus nur an der Konkordanz [Lehnwort]</div><div class=konkordanz>Kl.9: SUBJ i- · ADJ Ø/n- · GEN ya · DEM hii/ile · POSS y- · REL -yo</div><div class=hinweis>S-Bahn als treni ya mjini</div>	A1 SD1 S S
Tafadhali nendeni kwenye kaunta namba tatu!	Gehen Sie bitte zum Schalter drei!<hr><table class=gloss><tr class=mo><td>tafadhali</td><td>nend-eni</td><td>kwenye</td><td>kaunta</td><td>namba</td><td>tatu</td></tr><tr class=la><td>bitte</td><td>gehen-IMP.PL</td><td>an</td><td>KL9.Schalter</td><td>KL9.Nummer</td><td>drei</td></tr></table><div class=klassen>kaunta Kl. 9/10 (Ø/n-) → kaunta — Numerus nur an der Konkordanz [Lehnwort] · namba Kl. 9/10 (Ø/n-) → namba — Numerus nur an der Konkordanz [Lehnwort]</div><div class=konkordanz>Kl.9: SUBJ i- · ADJ Ø/n- · GEN ya · DEM hii/ile · POSS y- · REL -yo</div><div class=hinweis>kaunta deckt Schalter und Kasse ab</div>	A1 SD1 S Schalter
Jua linawaka.	Die Sonne scheint.<hr><table class=gloss><tr class=mo><td>jua</td><td>li-na-wak-a</td></tr><tr class=la><td>KL5.Sonne</td><td>KL5-PRÄS-leuchten-IND</td></tr></table><div class=klassen>jua Kl. 5/6 (ji-/Ø › ma-) → majua [meist Singular]</div><div class=konkordanz>Kl.5: SUBJ li- · ADJ ji-/Ø · GEN la · DEM hili/lile · POSS l- · REL -lo</div><div class=hinweis>kuwaka gilt für Sonne, Licht und Feuer</div>	A1 SD1 S scheinen
Tafadhali nitumieni barua pepe.	Bitte schicken Sie mir eine E-Mail.<hr><table class=gloss><tr class=mo><td>tafadhali</td><td>ni-tumi-eni</td><td>barua</td><td>pepe</td></tr><tr class=la><td>bitte</td><td>OBJ1SG-schicken-IMP.PL</td><td>KL9.Brief</td><td>Wind</td></tr></table><div class=klassen>barua Kl. 9/10 (Ø/n-) → barua — Numerus nur an der Konkordanz [Numerus nur an der Konkordanz]</div><div class=konkordanz>Kl.9: SUBJ i- · ADJ Ø/n- · GEN ya · DEM hii/ile · POSS y- · REL -yo</div><div class=hinweis>Objektpräfix ni- vor dem Imperativ Plural</div>	A1 SD1 S schicken
Hamkuona alama?	Haben Sie nicht das Schild gesehen?<hr><table class=gloss><tr class=mo><td>ham-ku-on-a</td><td>alama</td></tr><tr class=la><td>2PL.NEG-PRÄT.NEG-sehen-IND</td><td>KL9.Zeichen</td></tr></table><div class=klassen>alama Kl. 9/10 (Ø/n-) → alama — Numerus nur an der Konkordanz</div><div class=konkordanz>Kl.9: SUBJ i- · ADJ Ø/n- · GEN ya · DEM hii/ile · POSS y- · REL -yo</div><div class=hinweis>-ku- bildet die negative Vergangenheit</div>	A1 SD1 S Schild
Ningependa mkate na nyama ya nguruwe.	Ich möchte gern ein Schinkenbrot.<hr><table class=gloss><tr class=mo><td>ni-nge-pend-a</td><td>m-kate</td><td>na</td><td>nyama</td><td>y-a</td><td>nguruwe</td></tr><tr class=la><td>1SG-IRR-mögen-IND</td><td>KL3-Brot</td><td>mit</td><td>KL9.Fleisch</td><td>KL9-GEN</td><td>KL9.Schwein</td></tr></table><div class=klassen>mkate Kl. 3/4 (m-/mw- › mi-) → mikate · nyama Kl. 9/10 (Ø/n-) → nyama — Numerus nur an der Konkordanz</div><div class=konkordanz>Kl.3: SUBJ u- · ADJ m-/mw- · GEN wa · DEM huu/ule · POSS w- · REL -o · Kl.9: SUBJ i- · ADJ Ø/n- · GEN ya · DEM hii/ile · POSS y- · REL -yo</div><div class=hinweis>Schinken als nyama ya nguruwe</div>	A1 SD1 S Schinken
Nalala saa nane kwa kawaida.	Ich schlafe meistens acht Stunden.<hr><table class=gloss><tr class=mo><td>na-lal-a</td><td>saa</td><td>nane</td><td>kwa</td><td>kawaida</td></tr><tr class=la><td>1SG.PRÄS.ALLG-schlafen-IND</td><td>KL9.Stunde</td><td>acht</td><td>für</td><td>KL9.Gewohnheit</td></tr></table><div class=klassen>saa Kl. 9/10 (Ø/n-) → saa — Numerus nur an der Konkordanz [auch &quot;Uhr&quot;]</div><div class=konkordanz>Kl.9: SUBJ i- · ADJ Ø/n- · GEN ya · DEM hii/ile · POSS y- · REL -yo</div><div class=hinweis>kwa kawaida heißt gewöhnlich, meistens</div>	A1 SD1 S schlafen
Nahisi vibaya!	Mir ist schlecht!<hr><table class=gloss><tr class=mo><td>na-hisi</td><td>vi-baya</td></tr><tr class=la><td>1SG.PRÄS.ALLG-fühlen</td><td>KL8-schlecht</td></tr></table><div class=konkordanz>Kl.8: SUBJ vi- · ADJ vi- · GEN vya · DEM hivi/vile · POSS vy- · REL -vyo</div><div class=hinweis>vibaya ist das Adverb mit Kl.8-Präfix</div>	A1 SD1 S schlecht
Mnaonekana vibaya.	Sie sehen schlecht aus.<hr><table class=gloss><tr class=mo><td>m-na-onekan-a</td><td>vi-baya</td></tr><tr class=la><td>2PL-PRÄS-aussehen-IND</td><td>KL8-schlecht</td></tr></table><div class=konkordanz>Kl.8: SUBJ vi- · ADJ vi- · GEN vya · DEM hivi/vile · POSS vy- · REL -vyo</div><div class=hinweis>kuonekana ist der Stativ zu kuona</div>	A1 SD1 S schlecht
Tuna hali ya hewa mbaya.	Wir haben schlechtes Wetter.<hr><table class=gloss><tr class=mo><td>tu-na</td><td>hali</td><td>y-a</td><td>hewa</td><td>m-baya</td></tr><tr class=la><td>1PL-haben</td><td>KL9.Lage</td><td>KL9-GEN</td><td>KL9.Luft</td><td>KL9-schlecht</td></tr></table><div class=klassen>hali ya hewa Kl. 9 (Ø/n-), kein Numeruswechsel [Genitivfuegung, kein Plural]</div><div class=konkordanz>Kl.9: SUBJ i- · ADJ Ø/n- · GEN ya · DEM hii/ile · POSS y- · REL -yo</div><div class=hinweis>Wetter als hali ya hewa, &quot;Zustand der Luft&quot;</div>	A1 SD1 S schlecht
Tafadhali, fungeni mlango.	Bitte, schließen Sie die Tür.<hr><table class=gloss><tr class=mo><td>tafadhali</td><td>fung-eni</td><td>m-lango</td></tr><tr class=la><td>bitte</td><td>schließen-IMP.PL</td><td>KL3-Tür</td></tr></table><div class=konkordanz>Kl.3: SUBJ u- · ADJ m-/mw- · GEN wa · DEM huu/ule · POSS w- · REL -o</div><div class=hinweis>kufunga schließt, kufungua öffnet</div>	A1 SD1 S schließen
Benki imefungwa Jumamosi.	Die Bank hat am Samstag geschlossen.<hr><table class=gloss><tr class=mo><td>benki</td><td>i-me-fung-w-a</td><td>Jumamosi</td></tr><tr class=la><td>KL9.Bank</td><td>KL9-PERF-schließen-PASS-IND</td><td>KL9.Samstag</td></tr></table><div class=klassen>benki Kl. 9/10 (Ø/n-) → benki — Numerus nur an der Konkordanz [Geldinstitut; Sitzbank = &quot;benchi&quot;]</div><div class=konkordanz>Kl.9: SUBJ i- · ADJ Ø/n- · GEN ya · DEM hii/ile · POSS y- · REL -yo</div><div class=hinweis>Passiv Perfekt für den Zustand</div>	A1 SD1 S geschlossen
Sasa lazima nimalize.	Ich muss jetzt Schluss machen.<hr><table class=gloss><tr class=mo><td>sasa</td><td>lazima</td><td>ni-maliz-e</td></tr><tr class=la><td>jetzt</td><td>muss</td><td>1SG-beenden-KONJ</td></tr></table><div class=hinweis>kumaliza heißt beenden und fertig werden</div>	A1 SD1 S Schluss
Mwishoni anatupa mkono sote.	Zum Schluss gibt er uns allen die Hand.<hr><table class=gloss><tr class=mo><td>mwisho-ni</td><td>a-na-tu-p-a</td><td>m-kono</td><td>s-ote</td></tr><tr class=la><td>KL3.Ende-LOK</td><td>3SG-PRÄS-OBJ1PL-geben-IND</td><td>KL3-Hand</td><td>1PL-alle</td></tr></table><div class=klassen>mkono Kl. 3/4 (m-/mw- › mi-) → mikono</div><div class=konkordanz>Kl.3: SUBJ u- · ADJ m-/mw- · GEN wa · DEM huu/ule · POSS w- · REL -o</div><div class=hinweis>sote ist die 1PL-Form von -ote</div>	A1 SD1 S Schluss
Nakupa ufunguo wa chumba bado.	Ich gebe Ihnen noch den Zimmerschlüssel.<hr><table class=gloss><tr class=mo><td>na-ku-p-a</td><td>ufunguo</td><td>w-a</td><td>ki-umba</td><td>bado</td></tr><tr class=la><td>1SG.PRÄS.ALLG-OBJ2SG-geben-IND</td><td>KL11.Schlüssel</td><td>KL11-GEN</td><td>KL7-Zimmer</td><td>noch</td></tr></table><div class=klassen>ufunguo Kl. 11/10 (u- › Ø/n-) → funguo · chumba Kl. 7/8 (ki- › vi-) → vyumba</div><div class=konkordanz>Kl.11: SUBJ u- · ADJ m-/mw- · GEN wa · DEM huu/ule · POSS w- · REL -o · Kl.7: SUBJ ki- · ADJ ki- · GEN cha · DEM hiki/kile · POSS ch- · REL -cho</div><div class=hinweis>ufunguo Kl.11 nimmt den Genitiv wa</div>	A1 SD1 S Schlüssel
Hii inapendeza?	Schmeckt das gut?<hr><table class=gloss><tr class=mo><td>hii</td><td>i-na-pendez-a</td></tr><tr class=la><td>KL9.DEM</td><td>KL9-PRÄS-gefallen-IND</td></tr></table><div class=konkordanz>Kl.9: SUBJ i- · ADJ Ø/n- · GEN ya · DEM hii/ile · POSS y- · REL -yo</div><div class=hinweis>kupendeza gilt für Geschmack und Gefallen</div>	A1 SD1 S schmecken
Anaendesha kwa kasi.	Er fährt schnell.<hr><table class=gloss><tr class=mo><td>a-na-endesh-a</td><td>kwa</td><td>kasi</td></tr><tr class=la><td>3SG-PRÄS-fahren-IND</td><td>mit</td><td>KL9.Geschwindigkeit</td></tr></table><div class=konkordanz>Kl.9: SUBJ i- · ADJ Ø/n- · GEN ya · DEM hii/ile · POSS y- · REL -yo</div><div class=hinweis>schnell = kwa kasi, &quot;mit Geschwindigkeit&quot;</div>	A1 SD1 S schnell
Chakula ni tayari?	Ist das Essen schon fertig?<hr><table class=gloss><tr class=mo><td>chakula</td><td>ni</td><td>tayari</td></tr><tr class=la><td>KL7.Essen</td><td>KOP</td><td>fertig</td></tr></table><div class=klassen>chakula Kl. 7/8 (ki- › vi-) → vyakula</div><div class=konkordanz>Kl.7: SUBJ ki- · ADJ ki- · GEN cha · DEM hiki/kile · POSS ch- · REL -cho</div><div class=hinweis>tayari heißt schon und fertig</div>	A1 SD1 S schon
Likizo njema!	Schönen Urlaub!<hr><table class=gloss><tr class=mo><td>likizo</td><td>n-jema</td></tr><tr class=la><td>KL9.Urlaub</td><td>KL9-gut</td></tr></table><div class=klassen>likizo Kl. 9/10 (Ø/n-) → likizo — Numerus nur an der Konkordanz</div><div class=konkordanz>Kl.9: SUBJ i- · ADJ Ø/n- · GEN ya · DEM hii/ile · POSS y- · REL -yo</div><div class=hinweis>njema mit Nasalpräfix der Kl.9</div>	A1 SD1 S schön
Hiyo ni nzuri sana.	Das ist sehr schön.<hr><table class=gloss><tr class=mo><td>hiyo</td><td>ni</td><td>n-zuri</td><td>sana</td></tr><tr class=la><td>KL9.DEM</td><td>KOP</td><td>KL9-schön</td><td>sehr</td></tr></table><div class=konkordanz>Kl.9: SUBJ i- · ADJ Ø/n- · GEN ya · DEM hii/ile · POSS y- · REL -yo</div><div class=hinweis>nzuri deckt schön und gut ab</div>	A1 SD1 S schön
Glasi ziko kwenye kabati.	Die Gläser stehen im Schrank.<hr><table class=gloss><tr class=mo><td>glasi</td><td>zi-ko</td><td>kwenye</td><td>kabati</td></tr><tr class=la><td>KL10.Glas</td><td>KL10-sein.da</td><td>an</td><td>KL5.Schrank</td></tr></table><div class=klassen>glasi Kl. 9/10 (Ø/n-) → glasi — Numerus nur an der Konkordanz [Lehnwort] · kabati Kl. 5/6 (ji-/Ø › ma-) → makabati</div><div class=konkordanz>Kl.9: SUBJ i- · ADJ Ø/n- · GEN ya · DEM hii/ile · POSS y- · REL -yo · Kl.5: SUBJ li- · ADJ ji-/Ø · GEN la · DEM hili/lile · POSS l- · REL -lo</div><div class=hinweis>ziko ist das Subjektpräfix der Kl.10 plus -ko</div>	A1 SD1 S Schrank
Anaandika barua pepe hamsini kila siku.	Er schreibt jeden Tag fünfzig E-Mails.<hr><table class=gloss><tr class=mo><td>a-na-andik-a</td><td>barua</td><td>pepe</td><td>hamsini</td><td>kila</td><td>siku</td></tr><tr class=la><td>3SG-PRÄS-schreiben-IND</td><td>KL9.Brief</td><td>Wind</td><td>fünfzig</td><td>jede</td><td>KL9.Tag</td></tr></table><div class=klassen>barua Kl. 9/10 (Ø/n-) → barua — Numerus nur an der Konkordanz [Numerus nur an der Konkordanz] · siku ya kuzaliwa Kl. 9/10 (Ø/n-) → siku za kuzaliwa [Genitiv kongruiert mit dem Kopfnomen]</div><div class=konkordanz>Kl.9: SUBJ i- · ADJ Ø/n- · GEN ya · DEM hii/ile · POSS y- · REL -yo</div><div class=hinweis>barua pepe bleibt im Plural gleich</div>	A1 SD1 S schreiben
Vua viatu!	Zieh die Schuhe aus!<hr><table class=gloss><tr class=mo><td>vu-a</td><td>vi-atu</td></tr><tr class=la><td>ausziehen-IMP</td><td>KL8-Schuh</td></tr></table><div class=klassen>kiatu Kl. 7/8 (ki- › vi-) → viatu</div><div class=konkordanz>Kl.7: SUBJ ki- · ADJ ki- · GEN cha · DEM hiki/kile · POSS ch- · REL -cho</div><div class=hinweis>kuvua zieht aus, kuvaa zieht an</div>	A1 SD1 S Schuh
Binti yangu anaenda shule tayari.	Meine Tochter geht schon in die Schule.<hr><table class=gloss><tr class=mo><td>binti</td><td>y-angu</td><td>a-na-end-a</td><td>shule</td><td>tayari</td></tr><tr class=la><td>KL5/KL1.Tochter</td><td>KL9-mein</td><td>3SG-PRÄS-gehen-IND</td><td>KL9.Schule</td><td>schon</td></tr></table><div class=klassen>binti Kl. 5/6 (ji-/Ø › ma-) → mabinti [Person: Form Kl. 5/6, Kongruenz Kl. 1/2] · shule Kl. 9/10 (Ø/n-) → shule — Numerus nur an der Konkordanz</div><div class=konkordanz>Kl.1: SUBJ a- · ADJ m-/mw- · GEN wa · DEM huyu/yule · POSS w- · REL -ye · Kl.9: SUBJ i- · ADJ Ø/n- · GEN ya · DEM hii/ile · POSS y- · REL -yo</div><div class=hinweis>binti nimmt yangu Kl.9, kongruiert als Person</div>	A1 SD1 S Schule
Shule iko hapa kwenye kona.	Die Schule ist gleich hier um die Ecke.<hr><table class=gloss><tr class=mo><td>shule</td><td>i-ko</td><td>hapa</td><td>kwenye</td><td>kona</td></tr><tr class=la><td>KL9.Schule</td><td>KL9-sein.da</td><td>hier</td><td>an</td><td>KL9.Ecke</td></tr></table><div class=klassen>shule Kl. 9/10 (Ø/n-) → shule — Numerus nur an der Konkordanz · kona Kl. 9/10 (Ø/n-) → kona — Numerus nur an der Konkordanz [Lehnwort]</div><div class=konkordanz>Kl.9: SUBJ i- · ADJ Ø/n- · GEN ya · DEM hii/ile · POSS y- · REL -yo</div><div class=hinweis>iko gibt die Lage an</div>	A1 SD1 S Schule
Katika kozi yangu kuna wanafunzi wanawake nane na wanaume watano.	In meinem Kurs sind acht Schülerinnen und fünf Schüler.<hr><table class=gloss><tr class=mo><td>katika</td><td>kozi</td><td>y-angu</td><td>ku-na</td><td>wanafunzi</td><td>wanawake</td><td>nane</td><td>na</td><td>wanaume</td><td>wa-tano</td></tr><tr class=la><td>in</td><td>KL9.Kurs</td><td>KL9-mein</td><td>KL17-mit</td><td>KL2.Schüler</td><td>KL2.Frau</td><td>acht</td><td>und</td><td>KL2.Mann</td><td>KL2-fünf</td></tr></table><div class=klassen>kozi Kl. 9/10 (Ø/n-) → kozi — Numerus nur an der Konkordanz [Lehnwort] · mwanafunzi Kl. 1/2 (m-/mw- › wa-) → wanafunzi · mwanamke Kl. 1/2 (m-/mw- › wa-) → wanawake · mwanamume Kl. 1/2 (m-/mw- › wa-) → wanaume</div><div class=konkordanz>Kl.9: SUBJ i- · ADJ Ø/n- · GEN ya · DEM hii/ile · POSS y- · REL -yo · Kl.1: SUBJ a- · ADJ m-/mw- · GEN wa · DEM huyu/yule · POSS w- · REL -ye</div><div class=hinweis>Geschlecht nachgestellt, Zahl mit Kl.2-Präfix</div>	A1 SD1 S Schüler
Mizigo yenu ni mizito sana?	Ist Ihr Gepäck sehr schwer?<hr><table class=gloss><tr class=mo><td>mi-zigo</td><td>y-enu</td><td>ni</td><td>mi-zito</td><td>sana</td></tr><tr class=la><td>KL4-Gepäck</td><td>KL4-euer</td><td>KOP</td><td>KL4-schwer</td><td>sehr</td></tr></table><div class=klassen>mzigo Kl. 3/4 (m-/mw- › mi-) → mizigo [meist Plural &quot;mizigo&quot;]</div><div class=konkordanz>Kl.3: SUBJ u- · ADJ m-/mw- · GEN wa · DEM huu/ule · POSS w- · REL -o</div><div class=hinweis>Dreifache Kl.4-Kongruenz: yenu, mizito, mizigo</div>	A1 SD1 S schwer
Hii ni kazi ngumu.	Das ist eine schwere Arbeit.<hr><table class=gloss><tr class=mo><td>hii</td><td>ni</td><td>kazi</td><td>n-gumu</td></tr><tr class=la><td>KL9.DEM</td><td>KOP</td><td>KL9.Arbeit</td><td>KL9-schwer</td></tr></table><div class=klassen>kazi Kl. 9/10 (Ø/n-) → kazi — Numerus nur an der Konkordanz</div><div class=konkordanz>Kl.9: SUBJ i- · ADJ Ø/n- · GEN ya · DEM hii/ile · POSS y- · REL -yo</div><div class=hinweis>ngumu für schwierig, mzito für gewichtig</div>	A1 SD1 S schwer
Dada yangu anakuja Jumanne.	Meine Schwester kommt am Dienstag.<hr><table class=gloss><tr class=mo><td>dada</td><td>y-angu</td><td>a-na-kuj-a</td><td>Jumanne</td></tr><tr class=la><td>KL9/KL1.Schwester</td><td>KL9-mein</td><td>3SG-PRÄS-kommen-IND</td><td>KL9.Dienstag</td></tr></table><div class=klassen>dada Kl. 9/10 (Ø/n-) → dada — Numerus nur an der Konkordanz [Person: Form Kl. 9/10, Kongruenz Kl. 1/2]</div><div class=konkordanz>Kl.1: SUBJ a- · ADJ m-/mw- · GEN wa · DEM huyu/yule · POSS w- · REL -ye</div><div class=hinweis>Jumanne heißt wörtlich &quot;vierter Tag&quot;</div>	A1 SD1 S Schwester
Naogelea kilomita moja kila siku.	Ich schwimme jeden Tag einen Kilometer.<hr><table class=gloss><tr class=mo><td>na-ogele-a</td><td>kilomita</td><td>moja</td><td>kila</td><td>siku</td></tr><tr class=la><td>1SG.PRÄS.ALLG-schwimmen-IND</td><td>KL9.Kilometer</td><td>eins</td><td>jede</td><td>KL9.Tag</td></tr></table><div class=klassen>siku ya kuzaliwa Kl. 9/10 (Ø/n-) → siku za kuzaliwa [Genitiv kongruiert mit dem Kopfnomen]</div><div class=konkordanz>Kl.9: SUBJ i- · ADJ Ø/n- · GEN ya · DEM hii/ile · POSS y- · REL -yo</div><div class=hinweis>kila verlangt den Singular</div>	A1 SD1 S schwimmen
Unakuja pamoja bwawani la kuogelea?	Kommst du mit ins Schwimmbad?<hr><table class=gloss><tr class=mo><td>u-na-kuj-a</td><td>pamoja</td><td>bwawa-ni</td><td>l-a</td><td>ku-ogele-a</td></tr><tr class=la><td>2SG-PRÄS-kommen-IND</td><td>zusammen</td><td>KL5.Becken-LOK</td><td>KL5-GEN</td><td>KL15-schwimmen-IND</td></tr></table><div class=konkordanz>Kl.5: SUBJ li- · ADJ ji-/Ø · GEN la · DEM hili/lile · POSS l- · REL -lo · Kl.15: SUBJ ku- · ADJ ku- · GEN kwa · DEM huku/kule · POSS kw- · REL -ko</div><div class=hinweis>Schwimmbad als bwawa la kuogelea</div>	A1 SD1 S Schwimmbad
Njoo, tunasafiri hadi ziwa la Starnberg.	Komm, wir fahren zum Starnberger See.<hr><table class=gloss><tr class=mo><td>njoo</td><td>tu-na-safiri</td><td>hadi</td><td>ziwa</td><td>l-a</td><td>Starnberg</td></tr><tr class=la><td>komm</td><td>1PL-PRÄS-reisen</td><td>bis</td><td>KL5.See</td><td>KL5-GEN</td><td>Starnberg</td></tr></table><div class=klassen>ziwa Kl. 5/6 (ji-/Ø › ma-) → maziwa</div><div class=konkordanz>Kl.5: SUBJ li- · ADJ ji-/Ø · GEN la · DEM hili/lile · POSS l- · REL -lo</div><div class=hinweis>ziwa Kl.5, Plural maziwa Kl.6</div>	A1 SD1 S See
Siwezi kukuona.	Ich kann dich nicht sehen.<hr><table class=gloss><tr class=mo><td>si-wez-i</td><td>ku-ku-on-a</td></tr><tr class=la><td>1SG.NEG-können-NEG</td><td>KL15-OBJ2SG-sehen-IND</td></tr></table><div class=konkordanz>Kl.15: SUBJ ku- · ADJ ku- · GEN kwa · DEM huku/kule · POSS kw- · REL -ko</div><div class=hinweis>Objektpräfix -ku- zwischen ku- und Wurzel</div>	A1 SD1 S sehen
Nimekwisha kumwona mvulana huyu mara moja.	Ich habe diesen Jungen schon einmal gesehen.<hr><table class=gloss><tr class=mo><td>ni-me-kwish-a</td><td>ku-mw-on-a</td><td>m-vulana</td><td>huyu</td><td>mara</td><td>moja</td></tr><tr class=la><td>1SG-PERF-beenden-IND</td><td>KL15-OBJ1-sehen-IND</td><td>KL1-Junge</td><td>KL1.DEM</td><td>KL9.Mal</td><td>eins</td></tr></table><div class=klassen>mvulana Kl. 1/2 (m-/mw- › wa-) → wavulana</div><div class=konkordanz>Kl.1: SUBJ a- · ADJ m-/mw- · GEN wa · DEM huyu/yule · POSS w- · REL -ye</div><div class=hinweis>Objektpräfix -m- wird vor Vokal zu -mw-</div>	A1 SD1 S sehen
Vivutio vipi vipo Frankfurt?	Welche Sehenswürdigkeiten gibt es in Frankfurt?<hr><table class=gloss><tr class=mo><td>vi-vutio</td><td>vipi</td><td>vi-po</td><td>Frankfurt</td></tr><tr class=la><td>KL8-Sehenswürdigkeit</td><td>KL8.welche</td><td>KL8-sein.da</td><td>Frankfurt</td></tr></table><div class=klassen>kivutio Kl. 7/8 (ki- › vi-) → vivutio</div><div class=konkordanz>Kl.7: SUBJ ki- · ADJ ki- · GEN cha · DEM hiki/kile · POSS ch- · REL -cho</div><div class=hinweis>Dreifache Kl.8-Kongruenz: vivutio, vipi, vipo</div>	A1 SD1 S Sehenswürdigkeit
Asante sana!	Danke sehr!<hr><table class=gloss><tr class=mo><td>asante</td><td>sana</td></tr><tr class=la><td>danke</td><td>sehr</td></tr></table><div class=hinweis>sana verstärkt stets das Vorangehende</div>	A1 SD1 S sehr
Hiyo ni ngumu sana.	Das ist sehr schwer.<hr><table class=gloss><tr class=mo><td>hiyo</td><td>ni</td><td>n-gumu</td><td>sana</td></tr><tr class=la><td>KL9.DEM</td><td>KOP</td><td>KL9-schwer</td><td>sehr</td></tr></table><div class=konkordanz>Kl.9: SUBJ i- · ADJ Ø/n- · GEN ya · DEM hii/ile · POSS y- · REL -yo</div><div class=hinweis>ngumu mit Nasalpräfix der Kl.9</div>	A1 SD1 S sehr
Bwana Müller yuko kwenye chumba chake.	Herr Müller ist in seinem Zimmer.<hr><table class=gloss><tr class=mo><td>bwana</td><td>Müller</td><td>yu-ko</td><td>kwenye</td><td>ki-umba</td><td>ch-ake</td></tr><tr class=la><td>KL5/KL1.Herr</td><td>Müller</td><td>3SG-sein.da</td><td>an</td><td>KL7-Zimmer</td><td>KL7-sein</td></tr></table><div class=klassen>bwana Kl. 5/6 (ji-/Ø › ma-) → mabwana [Person: Form Kl. 5/6, Kongruenz Kl. 1/2] · chumba Kl. 7/8 (ki- › vi-) → vyumba</div><div class=konkordanz>Kl.1: SUBJ a- · ADJ m-/mw- · GEN wa · DEM huyu/yule · POSS w- · REL -ye · Kl.7: SUBJ ki- · ADJ ki- · GEN cha · DEM hiki/kile · POSS ch- · REL -cho</div><div class=hinweis>yuko für Personen, chake für das Zimmer Kl.7</div>	A1 SD1 S sein
Ninahisi baridi.	Mir ist kalt.<hr><table class=gloss><tr class=mo><td>ni-na-hisi</td><td>baridi</td></tr><tr class=la><td>1SG-PRÄS-fühlen</td><td>KL9.Kälte</td></tr></table><div class=konkordanz>Kl.9: SUBJ i- · ADJ Ø/n- · GEN ya · DEM hii/ile · POSS y- · REL -yo</div><div class=hinweis>Kälte fühlen statt kalt sein</div>	A1 SD1 S sein
Nina miaka ishirini na tatu.	Ich bin dreiundzwanzig.<hr><table class=gloss><tr class=mo><td>ni-na</td><td>mi-aka</td><td>ishirini</td><td>na</td><td>tatu</td></tr><tr class=la><td>1SG-haben</td><td>KL4-Jahr</td><td>zwanzig</td><td>und</td><td>drei</td></tr></table><div class=klassen>mwaka wa kuzaliwa Kl. 3/4 (m-/mw- › mi-) → miaka ya kuzaliwa [Genitiv kongruiert mit dem Kopfnomen]</div><div class=konkordanz>Kl.3: SUBJ u- · ADJ m-/mw- · GEN wa · DEM huu/ule · POSS w- · REL -o</div><div class=hinweis>dreiundzwanzig = ishirini na tatu</div>	A1 SD1 S sein
Taa ingali imewashwa.	Das Licht ist noch an.<hr><table class=gloss><tr class=mo><td>taa</td><td>i-ngali</td><td>i-me-wash-w-a</td></tr><tr class=la><td>KL9.Lampe</td><td>KL9-noch.sein</td><td>KL9-PERF-anmachen-PASS-IND</td></tr></table><div class=konkordanz>Kl.9: SUBJ i- · ADJ Ø/n- · GEN ya · DEM hii/ile · POSS y- · REL -yo</div><div class=hinweis>ingali plus Perfekt heißt &quot;ist noch&quot;</div>	A1 SD1 S an_sein
Dirisha lingali limefunguliwa.	Das Fenster ist noch auf.<hr><table class=gloss><tr class=mo><td>dirisha</td><td>li-ngali</td><td>li-me-fungu-liw-a</td></tr><tr class=la><td>KL5.Fenster</td><td>KL5-noch.sein</td><td>KL5-PERF-öffnen-PASS-IND</td></tr></table><div class=konkordanz>Kl.5: SUBJ li- · ADJ ji-/Ø · GEN la · DEM hili/lile · POSS l- · REL -lo</div><div class=hinweis>Zweifache Kl.5-Kongruenz: lingali und limefunguliwa</div>	A1 SD1 S auf_sein
Bwana Meier amekwisha kwenda.	Herr Meier ist schon weg.<hr><table class=gloss><tr class=mo><td>bwana</td><td>Meier</td><td>a-me-kwish-a</td><td>kw-end-a</td></tr><tr class=la><td>KL5/KL1.Herr</td><td>Meier</td><td>3SG-PERF-beenden-IND</td><td>KL15-gehen-IND</td></tr></table><div class=klassen>bwana Kl. 5/6 (ji-/Ø › ma-) → mabwana [Person: Form Kl. 5/6, Kongruenz Kl. 1/2]</div><div class=konkordanz>Kl.1: SUBJ a- · ADJ m-/mw- · GEN wa · DEM huyu/yule · POSS w- · REL -ye</div><div class=hinweis>weg sein wird als &quot;schon gegangen&quot; ausgedrückt</div>	A1 SD1 S weg_sein
Mlango umefungwa.	Die Tür ist zu.<hr><table class=gloss><tr class=mo><td>m-lango</td><td>u-me-fung-w-a</td></tr><tr class=la><td>KL3-Tür</td><td>KL3-PERF-schließen-PASS-IND</td></tr></table><div class=konkordanz>Kl.3: SUBJ u- · ADJ m-/mw- · GEN wa · DEM huu/ule · POSS w- · REL -o</div><div class=hinweis>Passiv Perfekt für den erreichten Zustand</div>	A1 SD1 S zu_sein
Nakaa Köln tangu miaka mitatu.	Ich wohne seit drei Jahren in Köln.<hr><table class=gloss><tr class=mo><td>na-ka-a</td><td>Köln</td><td>tangu</td><td>mi-aka</td><td>mi-tatu</td></tr><tr class=la><td>1SG.PRÄS.ALLG-wohnen-IND</td><td>Köln</td><td>seit</td><td>KL4-Jahr</td><td>KL4-drei</td></tr></table><div class=klassen>mwaka wa kuzaliwa Kl. 3/4 (m-/mw- › mi-) → miaka ya kuzaliwa [Genitiv kongruiert mit dem Kopfnomen]</div><div class=konkordanz>Kl.3: SUBJ u- · ADJ m-/mw- · GEN wa · DEM huu/ule · POSS w- · REL -o</div><div class=hinweis>Zahlwort mitatu trägt das Kl.4-Präfix</div>	A1 SD1 S seit
Anajitegemea.	Er ist selbstständig.<hr><table class=gloss><tr class=mo><td>a-na-ji-tegeme-a</td></tr><tr class=la><td>3SG-PRÄS-REFL-verlassen-IND</td></tr></table><div class=hinweis>Reflexiv -ji-: sich auf sich selbst stützen</div>	A1 SD1 S selbstständig
Kwanza lazima mjiandikishe.	Sie müssen sich erst anmelden.<hr><table class=gloss><tr class=mo><td>kwanza</td><td>lazima</td><td>m-ji-andikish-e</td></tr><tr class=la><td>zuerst</td><td>muss</td><td>2PL-REFL-einschreiben-KONJ</td></tr></table><div class=hinweis>Reflexiv -ji- ersetzt das deutsche sich</div>	A1 SD1 S sich
Anaitwa nani?	Wie heißt sie?<hr><table class=gloss><tr class=mo><td>a-na-it-w-a</td><td>nani</td></tr><tr class=la><td>3SG-PRÄS-nennen-PASS-IND</td><td>wer</td></tr></table><div class=hinweis>Swahili unterscheidet nicht er und sie</div>	A1 SD1 S sie
Mnaitwa nani, tafadhali?	Wie heißen Sie, bitte?<hr><table class=gloss><tr class=mo><td>m-na-it-w-a</td><td>nani</td><td>tafadhali</td></tr><tr class=la><td>2PL-PRÄS-nennen-PASS-IND</td><td>wer</td><td>bitte</td></tr></table><div class=hinweis>Höfliches Sie wird 2PL</div>	A1 SD1 S Sie
Mnakaa wapi?	Wo sitzen Sie?<hr><table class=gloss><tr class=mo><td>m-na-ka-a</td><td>wapi</td></tr><tr class=la><td>2PL-PRÄS-sitzen-IND</td><td>wo</td></tr></table><div class=hinweis>kukaa heißt sitzen, wohnen und bleiben</div>	A1 SD1 S sitzen
Lazima mfanye hivi!	Sie müssen das so machen!<hr><table class=gloss><tr class=mo><td>lazima</td><td>m-fany-e</td><td>hivi</td></tr><tr class=la><td>muss</td><td>2PL-tun-KONJ</td><td>so</td></tr></table><div class=hinweis>hivi zeigt auf die Art und Weise</div>	A1 SD1 S so
Tafadhali msiendeshe kwa kasi hivyo!	Fahren Sie bitte nicht so schnell!<hr><table class=gloss><tr class=mo><td>tafadhali</td><td>m-si-endesh-e</td><td>kwa</td><td>kasi</td><td>hivyo</td></tr><tr class=la><td>bitte</td><td>2PL-NEG-fahren-KONJ</td><td>mit</td><td>KL9.Geschwindigkeit</td><td>so</td></tr></table><div class=konkordanz>Kl.9: SUBJ i- · ADJ Ø/n- · GEN ya · DEM hii/ile · POSS y- · REL -yo</div><div class=hinweis>Verbot mit -si- und Konjunktiv</div>	A1 SD1 S so
Mke wangu ni mrefu kama mimi.	Meine Frau ist so groß wie ich.<hr><table class=gloss><tr class=mo><td>mke</td><td>w-angu</td><td>ni</td><td>m-refu</td><td>kama</td><td>mimi</td></tr><tr class=la><td>KL1.Ehefrau</td><td>KL1-mein</td><td>KOP</td><td>KL1-groß</td><td>wie</td><td>ich</td></tr></table><div class=klassen>mke Kl. 1/2 (m-/mw- › wa-) → wake [Ehemann = &quot;mume&quot; Kl. 1/2]</div><div class=konkordanz>Kl.1: SUBJ a- · ADJ m-/mw- · GEN wa · DEM huyu/yule · POSS w- · REL -ye</div><div class=hinweis>kama bildet den Gleichheitsvergleich</div>	A1 SD1 S so
Basi, hiyo ni yote!	So, das war‘s/wär‘s!<hr><table class=gloss><tr class=mo><td>basi</td><td>hiyo</td><td>ni</td><td>y-ote</td></tr><tr class=la><td>also</td><td>KL9.DEM</td><td>KOP</td><td>KL9-alle</td></tr></table><div class=klassen>basi Kl. 5/6 (ji-/Ø › ma-) → mabasi</div><div class=konkordanz>Kl.5: SUBJ li- · ADJ ji-/Ø · GEN la · DEM hili/lile · POSS l- · REL -lo</div><div class=hinweis>yote kongruiert mit hiyo Kl.9</div>	A1 SD1 S so
Sofa ni mpya.	Das Sofa ist neu.<hr><table class=gloss><tr class=mo><td>sofa</td><td>ni</td><td>m-pya</td></tr><tr class=la><td>KL9.Sofa</td><td>KOP</td><td>KL9-neu</td></tr></table><div class=klassen>sofa Kl. 9/10 (Ø/n-) → sofa — Numerus nur an der Konkordanz [Lehnwort]</div><div class=konkordanz>Kl.9: SUBJ i- · ADJ Ø/n- · GEN ya · DEM hii/ile · POSS y- · REL -yo</div><div class=hinweis>sofa ist Kl.9 und Kl.10 gleich</div>	A1 SD1 S Sofa
Tafadhali jibuni mara moja.	Bitte antworten Sie sofort.<hr><table class=gloss><tr class=mo><td>tafadhali</td><td>jibu-ni</td><td>mara</td><td>moja</td></tr><tr class=la><td>bitte</td><td>antworten-IMP.PL</td><td>KL9.Mal</td><td>eins</td></tr></table><div class=konkordanz>Kl.9: SUBJ i- · ADJ Ø/n- · GEN ya · DEM hii/ile · POSS y- · REL -yo</div><div class=hinweis>sofort = mara moja, &quot;auf einmal&quot;</div>	A1 SD1 S sofort
Huyu ni Hans, mwana wangu.	Das ist Hans, mein Sohn.<hr><table class=gloss><tr class=mo><td>huyu</td><td>ni</td><td>Hans</td><td>mw-ana</td><td>w-angu</td></tr><tr class=la><td>KL1.DEM</td><td>KOP</td><td>Hans</td><td>KL1-Sohn</td><td>KL1-mein</td></tr></table><div class=klassen>mwana Kl. 1/2 (m-/mw- › wa-) → wana</div><div class=konkordanz>Kl.1: SUBJ a- · ADJ m-/mw- · GEN wa · DEM huyu/yule · POSS w- · REL -ye</div><div class=hinweis>mwana Kl.1, Plural wana Kl.2</div>	A1 SD1 S Sohn
Nije?	Soll ich kommen?<hr><table class=gloss><tr class=mo><td>ni-j-e</td></tr><tr class=la><td>1SG-kommen-KONJ</td></tr></table><div class=hinweis>Konjunktiv allein bildet die Frage nach dem Sollen</div>	A1 SD1 S sollen
Nilete nini?	Was soll ich mitbringen?<hr><table class=gloss><tr class=mo><td>ni-let-e</td><td>nini</td></tr><tr class=la><td>1SG-bringen-KONJ</td><td>was</td></tr></table><div class=hinweis>Konjunktiv ohne lazima für Angebote</div>	A1 SD1 S sollen
Jua linawaka.	Die Sonne scheint.<hr><table class=gloss><tr class=mo><td>jua</td><td>li-na-wak-a</td></tr><tr class=la><td>KL5.Sonne</td><td>KL5-PRÄS-leuchten-IND</td></tr></table><div class=klassen>jua Kl. 5/6 (ji-/Ø › ma-) → majua [meist Singular]</div><div class=konkordanz>Kl.5: SUBJ li- · ADJ ji-/Ø · GEN la · DEM hili/lile · POSS l- · REL -lo</div><div class=hinweis>jua Kl.5 nimmt das Subjektpräfix li-</div>	A1 SD1 S Sonne
Ni kuchelewa tayari, lazima niende.	Es ist schon spät, ich muss gehen.<hr><table class=gloss><tr class=mo><td>ni</td><td>ku-chelew-a</td><td>tayari</td><td>lazima</td><td>ni-end-e</td></tr><tr class=la><td>KOP</td><td>KL15-sich.verspäten-IND</td><td>schon</td><td>muss</td><td>1SG-gehen-KONJ</td></tr></table><div class=konkordanz>Kl.15: SUBJ ku- · ADJ ku- · GEN kwa · DEM huku/kule · POSS kw- · REL -ko</div><div class=hinweis>spät als Verbalnomen der Kl.15</div>	A1 SD1 S spät
Hii tunaweza kuifanya baadaye.	Das können wir später machen.<hr><table class=gloss><tr class=mo><td>hii</td><td>tu-na-wez-a</td><td>ku-i-fany-a</td><td>baadaye</td></tr><tr class=la><td>KL9.DEM</td><td>1PL-PRÄS-können-IND</td><td>KL15-OBJ9-tun-IND</td><td>später</td></tr></table><div class=konkordanz>Kl.9: SUBJ i- · ADJ Ø/n- · GEN ya · DEM hii/ile · POSS y- · REL -yo · Kl.15: SUBJ ku- · ADJ ku- · GEN kwa · DEM huku/kule · POSS kw- · REL -ko</div><div class=hinweis>Objektpräfix -i- greift hii Kl.9 auf</div>	A1 SD1 S später
Tafadhali niletee menyu.	Bringen Sie mir die Speisekarte, bitte.<hr><table class=gloss><tr class=mo><td>tafadhali</td><td>ni-let-e-e</td><td>menyu</td></tr><tr class=la><td>bitte</td><td>OBJ1SG-bringen-APPL-KONJ</td><td>KL9.Speisekarte</td></tr></table><div class=klassen>menyu Kl. 9/10 (Ø/n-) → menyu — Numerus nur an der Konkordanz [Lehnwort]</div><div class=konkordanz>Kl.9: SUBJ i- · ADJ Ø/n- · GEN ya · DEM hii/ile · POSS y- · REL -yo</div><div class=hinweis>Applikativ plus Konjunktiv als höfliche Bitte</div>	A1 SD1 S Speisekarte
Watoto wanachezea nje.	Die Kinder spielen draußen.<hr><table class=gloss><tr class=mo><td>watoto</td><td>wa-na-chez-e-a</td><td>nje</td></tr><tr class=la><td>KL2.Kind</td><td>KL2-PRÄS-spielen-APPL-IND</td><td>draußen</td></tr></table><div class=klassen>mtoto Kl. 1/2 (m-/mw- › wa-) → watoto</div><div class=konkordanz>Kl.1: SUBJ a- · ADJ m-/mw- · GEN wa · DEM huyu/yule · POSS w- · REL -ye</div><div class=hinweis>Applikativ -e- verlangt die Ortsangabe</div>	A1 SD1 S spielen
Mnacheza karata?	Spielen Sie Karten?<hr><table class=gloss><tr class=mo><td>m-na-chez-a</td><td>karata</td></tr><tr class=la><td>2PL-PRÄS-spielen-IND</td><td>KL10.Spielkarte</td></tr></table><div class=konkordanz>Kl.10: SUBJ zi- · ADJ Ø/n- · GEN za · DEM hizi/zile · POSS z- · REL -zo</div><div class=hinweis>karata ist die Spielkarte, kadi die Postkarte</div>	A1 SD1 S spielen
Nafanya michezo mingi.	Ich mache viel Sport.<hr><table class=gloss><tr class=mo><td>na-fany-a</td><td>mi-chezo</td><td>mi-ngi</td></tr><tr class=la><td>1SG.PRÄS.ALLG-tun-IND</td><td>KL4-Sport</td><td>KL4-viel</td></tr></table><div class=klassen>mchezo Kl. 3/4 (m-/mw- › mi-) → michezo</div><div class=konkordanz>Kl.3: SUBJ u- · ADJ m-/mw- · GEN wa · DEM huu/ule · POSS w- · REL -o</div><div class=hinweis>mingi kongruiert mit michezo Kl.4</div>	A1 SD1 S Sport
Unasema lugha zipi?	Welche Sprachen sprichst du?<hr><table class=gloss><tr class=mo><td>u-na-sem-a</td><td>lugha</td><td>zipi</td></tr><tr class=la><td>2SG-PRÄS-sprechen-IND</td><td>KL10.Sprache</td><td>KL10.welche</td></tr></table><div class=klassen>lugha Kl. 9/10 (Ø/n-) → lugha — Numerus nur an der Konkordanz</div><div class=konkordanz>Kl.9: SUBJ i- · ADJ Ø/n- · GEN ya · DEM hii/ile · POSS y- · REL -yo</div><div class=hinweis>zipi ist das Fragewort der Kl.10</div>	A1 SD1 S Sprache
Naweza kuzungumza na Bwana Klein?	Kann ich (mit) Herrn Klein sprechen?<hr><table class=gloss><tr class=mo><td>na-wez-a</td><td>ku-zungumz-a</td><td>na</td><td>bwana</td><td>Klein</td></tr><tr class=la><td>1SG.PRÄS.ALLG-können-IND</td><td>KL15-sprechen-IND</td><td>mit</td><td>KL5/KL1.Herr</td><td>Klein</td></tr></table><div class=klassen>bwana Kl. 5/6 (ji-/Ø › ma-) → mabwana [Person: Form Kl. 5/6, Kongruenz Kl. 1/2]</div><div class=konkordanz>Kl.1: SUBJ a- · ADJ m-/mw- · GEN wa · DEM huyu/yule · POSS w- · REL -ye</div><div class=hinweis>kuzungumza na für ein Gespräch mit jemandem</div>	A1 SD1 S sprechen
Heidelberg ni mji wa kale.	Heidelberg ist eine alte Stadt.<hr><table class=gloss><tr class=mo><td>Heidelberg</td><td>ni</td><td>m-ji</td><td>w-a</td><td>kale</td></tr><tr class=la><td>Heidelberg</td><td>KOP</td><td>KL3-Stadt</td><td>KL3-GEN</td><td>Altertum</td></tr></table><div class=klassen>mji Kl. 3/4 (m-/mw- › mi-) → miji</div><div class=konkordanz>Kl.3: SUBJ u- · ADJ m-/mw- · GEN wa · DEM huu/ule · POSS w- · REL -o</div><div class=hinweis>wa kale heißt &quot;des Altertums&quot;</div>	A1 SD1 S Stadt
Siamini, lakini imeandikwa kwenye gazeti.	Ich glaube es nicht, aber es steht in der Zeitung.<hr><table class=gloss><tr class=mo><td>si-amini</td><td>lakini</td><td>i-me-andik-w-a</td><td>kwenye</td><td>gazeti</td></tr><tr class=la><td>1SG.NEG-glauben</td><td>aber</td><td>KL9-PERF-schreiben-PASS-IND</td><td>an</td><td>KL5.Zeitung</td></tr></table><div class=klassen>gazeti Kl. 5/6 (ji-/Ø › ma-) → magazeti</div><div class=konkordanz>Kl.5: SUBJ li- · ADJ ji-/Ø · GEN la · DEM hili/lile · POSS l- · REL -lo</div><div class=hinweis>stehen in der Zeitung = geschrieben sein</div>	A1 SD1 S stehen
Basi limesimama kituoni tayari.	Der Bus steht schon an der Haltestelle.<hr><table class=gloss><tr class=mo><td>basi</td><td>li-me-simam-a</td><td>kituo-ni</td><td>tayari</td></tr><tr class=la><td>KL5.Bus</td><td>KL5-PERF-halten-IND</td><td>KL7.Haltestelle-LOK</td><td>schon</td></tr></table><div class=klassen>basi Kl. 5/6 (ji-/Ø › ma-) → mabasi</div><div class=konkordanz>Kl.5: SUBJ li- · ADJ ji-/Ø · GEN la · DEM hili/lile · POSS l- · REL -lo</div><div class=hinweis>Ortssuffix -ni an kituo Kl.7</div>	A1 SD1 S stehen
Nina nafasi mpya.	Ich habe eine neue Stelle.<hr><table class=gloss><tr class=mo><td>ni-na</td><td>nafasi</td><td>m-pya</td></tr><tr class=la><td>1SG-haben</td><td>KL9.Stelle</td><td>KL9-neu</td></tr></table><div class=klassen>nafasi Kl. 9/10 (Ø/n-) → nafasi — Numerus nur an der Konkordanz [Sitzplatz; Ort = &quot;mahali&quot; Kl. 16]</div><div class=konkordanz>Kl.9: SUBJ i- · ADJ Ø/n- · GEN ya · DEM hii/ile · POSS y- · REL -yo</div><div class=hinweis>nafasi deckt Platz, Stelle und Gelegenheit ab</div>	A1 SD1 S Stelle
Weka mfuko kwenye kona ya kulia!	Stell die Tasche rechts in die Ecke!<hr><table class=gloss><tr class=mo><td>wek-a</td><td>m-fuko</td><td>kwenye</td><td>kona</td><td>y-a</td><td>ku-lia</td></tr><tr class=la><td>stellen-IMP</td><td>KL3-Tasche</td><td>an</td><td>KL9.Ecke</td><td>KL9-GEN</td><td>KL17-rechts</td></tr></table><div class=klassen>mfuko Kl. 3/4 (m-/mw- › mi-) → mifuko · kona Kl. 9/10 (Ø/n-) → kona — Numerus nur an der Konkordanz [Lehnwort]</div><div class=konkordanz>Kl.3: SUBJ u- · ADJ m-/mw- · GEN wa · DEM huu/ule · POSS w- · REL -o · Kl.9: SUBJ i- · ADJ Ø/n- · GEN ya · DEM hii/ile · POSS y- · REL -yo</div><div class=hinweis>kuweka stellt, kusimama steht</div>	A1 SD1 S stellen
Nyumba yetu iko ghorofa ya kwanza.	Unsere Wohnung liegt im ersten Stock.<hr><table class=gloss><tr class=mo><td>nyumba</td><td>y-etu</td><td>i-ko</td><td>ghorofa</td><td>y-a</td><td>kwanza</td></tr><tr class=la><td>KL9.Haus</td><td>KL9-unser</td><td>KL9-sein.da</td><td>KL9.Stock</td><td>KL9-GEN</td><td>erste</td></tr></table><div class=klassen>nyumba Kl. 9/10 (Ø/n-) → nyumba — Numerus nur an der Konkordanz · ghorofa Kl. 9/10 (Ø/n-) → ghorofa — Numerus nur an der Konkordanz [Etage]</div><div class=konkordanz>Kl.9: SUBJ i- · ADJ Ø/n- · GEN ya · DEM hii/ile · POSS y- · REL -yo</div><div class=hinweis>ghorofa bezeichnet Etage und Hochhaus</div>	A1 SD1 S Stock
Mnakaa barabara ipi?	In welcher Straße wohnen Sie?<hr><table class=gloss><tr class=mo><td>m-na-ka-a</td><td>barabara</td><td>ipi</td></tr><tr class=la><td>2PL-PRÄS-wohnen-IND</td><td>KL9.Straße</td><td>KL9.welche</td></tr></table><div class=klassen>barabara Kl. 9/10 (Ø/n-) → barabara — Numerus nur an der Konkordanz</div><div class=konkordanz>Kl.9: SUBJ i- · ADJ Ø/n- · GEN ya · DEM hii/ile · POSS y- · REL -yo</div><div class=hinweis>ipi kongruiert mit barabara Kl.9</div>	A1 SD1 S Straße
Tramu inaondoka wapi?	Wo fährt die Straßenbahn ab?<hr><table class=gloss><tr class=mo><td>tramu</td><td>i-na-ondok-a</td><td>wapi</td></tr><tr class=la><td>KL9.Straßenbahn</td><td>KL9-PRÄS-abfahren-IND</td><td>wo</td></tr></table><div class=klassen>tramu Kl. 9/10 (Ø/n-) → tramu — Numerus nur an der Konkordanz [Lehnwort]</div><div class=konkordanz>Kl.9: SUBJ i- · ADJ Ø/n- · GEN ya · DEM hii/ile · POSS y- · REL -yo</div><div class=hinweis>tramu ist Kl.9 und Kl.10 gleich</div>	A1 SD1 S Straßenbahn
Nasoma Mainz.	Ich studiere in Mainz.<hr><table class=gloss><tr class=mo><td>na-som-a</td><td>Mainz</td></tr><tr class=la><td>1SG.PRÄS.ALLG-studieren-IND</td><td>Mainz</td></tr></table><div class=hinweis>kusoma heißt lesen, lernen und studieren</div>	A1 SD1 S studieren
Masomo yanaanza Oktoba.	Das Studium beginnt im Oktober.<hr><table class=gloss><tr class=mo><td>ma-somo</td><td>ya-na-anz-a</td><td>Oktoba</td></tr><tr class=la><td>KL6-Studium</td><td>KL6-PRÄS-anfangen-IND</td><td>Oktober</td></tr></table><div class=klassen>masomo Kl. 6 (ma-), kein Numeruswechsel [nur Plural]</div><div class=konkordanz>Kl.6: SUBJ ya- · ADJ ma- · GEN ya · DEM haya/yale · POSS y- · REL -yo</div><div class=hinweis>masomo ist Kl.6 und hat keinen Singular</div>	A1 SD1 S Studium
Mimi ni mwanafunzi.	Ich bin Studentin.<hr><table class=gloss><tr class=mo><td>mimi</td><td>ni</td><td>mw-anafunzi</td></tr><tr class=la><td>ich</td><td>KOP</td><td>KL1-Studentin</td></tr></table><div class=klassen>mwanafunzi Kl. 1/2 (m-/mw- › wa-) → wanafunzi</div><div class=konkordanz>Kl.1: SUBJ a- · ADJ m-/mw- · GEN wa · DEM huyu/yule · POSS w- · REL -ye</div><div class=hinweis>mwanafunzi gilt für Schüler und Studenten</div>	A1 SD1 S Student
Nitarudi baada ya saa moja.	Ich bin in einer Stunde zurück.<hr><table class=gloss><tr class=mo><td>ni-ta-rudi</td><td>baada</td><td>y-a</td><td>saa</td><td>moja</td></tr><tr class=la><td>1SG-FUT-zurückkehren</td><td>nach</td><td>KL9-GEN</td><td>KL9.Stunde</td><td>eins</td></tr></table><div class=klassen>saa Kl. 9/10 (Ø/n-) → saa — Numerus nur an der Konkordanz [auch &quot;Uhr&quot;]</div><div class=konkordanz>Kl.9: SUBJ i- · ADJ Ø/n- · GEN ya · DEM hii/ile · POSS y- · REL -yo</div><div class=hinweis>saa moja heißt hier &quot;eine Stunde&quot;, nicht 7 Uhr</div>	A1 SD1 S Stunde
Unatafuta kitu?	Suchst du etwas?<hr><table class=gloss><tr class=mo><td>u-na-tafut-a</td><td>ki-tu</td></tr><tr class=la><td>2SG-PRÄS-suchen-IND</td><td>KL7-Ding</td></tr></table><div class=konkordanz>Kl.7: SUBJ ki- · ADJ ki- · GEN cha · DEM hiki/kile · POSS ch- · REL -cho</div><div class=hinweis>kitu dient als unbestimmtes &quot;etwas&quot;</div>	A1 SD1 S suchen
Mnapenda kucheza?	Tanzen Sie gern?<hr><table class=gloss><tr class=mo><td>m-na-pend-a</td><td>ku-chez-a</td></tr><tr class=la><td>2PL-PRÄS-mögen-IND</td><td>KL15-tanzen-IND</td></tr></table><div class=konkordanz>Kl.15: SUBJ ku- · ADJ ku- · GEN kwa · DEM huku/kule · POSS kw- · REL -ko</div><div class=hinweis>kucheza heißt spielen und tanzen</div>	A1 SD1 T tanzen
Nina funguo kwenye mfuko.	Ich habe die Schlüssel in der Tasche.<hr><table class=gloss><tr class=mo><td>ni-na</td><td>funguo</td><td>kwenye</td><td>m-fuko</td></tr><tr class=la><td>1SG-haben</td><td>KL10.Schlüssel</td><td>an</td><td>KL3-Tasche</td></tr></table><div class=klassen>ufunguo Kl. 11/10 (u- › Ø/n-) → funguo · mfuko Kl. 3/4 (m-/mw- › mi-) → mifuko</div><div class=konkordanz>Kl.11: SUBJ u- · ADJ m-/mw- · GEN wa · DEM huu/ule · POSS w- · REL -o · Kl.3: SUBJ u- · ADJ m-/mw- · GEN wa · DEM huu/ule · POSS w- · REL -o</div><div class=hinweis>funguo Kl.10, Singular ufunguo Kl.11</div>	A1 SD1 T Tasche
Leo hakuna basi tena. Anasafiri kwa teksi.	Es gibt heute keinen Bus mehr. Er fährt mit dem Taxi.<hr><table class=gloss><tr class=mo><td>leo</td><td>haku-na</td><td>basi</td><td>tena</td><td>a-na-safiri</td><td>kwa</td><td>teksi</td></tr><tr class=la><td>heute</td><td>KL17.NEG-mit</td><td>KL5.Bus</td><td>mehr</td><td>3SG-PRÄS-reisen</td><td>mit</td><td>KL9.Taxi</td></tr></table><div class=klassen>basi Kl. 5/6 (ji-/Ø › ma-) → mabasi · teksi Kl. 9/10 (Ø/n-) → teksi — Numerus nur an der Konkordanz [Lehnwort]</div><div class=konkordanz>Kl.5: SUBJ li- · ADJ ji-/Ø · GEN la · DEM hili/lile · POSS l- · REL -lo · Kl.9: SUBJ i- · ADJ Ø/n- · GEN ya · DEM hii/ile · POSS y- · REL -yo</div><div class=hinweis>hakuna verneint das Vorhandensein</div>	A1 SD1 T Taxi
Asubuhi nanywa chai kila mara.	Ich trinke morgens immer Tee.<hr><table class=gloss><tr class=mo><td>asubuhi</td><td>na-nyw-a</td><td>chai</td><td>kila</td><td>mara</td></tr><tr class=la><td>KL9.Morgen</td><td>1SG.PRÄS.ALLG-trinken-IND</td><td>KL9.Tee</td><td>jede</td><td>KL9.Mal</td></tr></table><div class=klassen>chai Kl. 9/10 (Ø/n-) → chai — Numerus nur an der Konkordanz</div><div class=konkordanz>Kl.9: SUBJ i- · ADJ Ø/n- · GEN ya · DEM hii/ile · POSS y- · REL -yo</div><div class=hinweis>kunywa hat den unregelmäßigen Stamm nyw-</div>	A1 SD1 T Tee
Tafadhali soma pia sehemu ya pili.	Lies bitte auch den zweiten Teil.<hr><table class=gloss><tr class=mo><td>tafadhali</td><td>som-a</td><td>pia</td><td>sehemu</td><td>y-a</td><td>pili</td></tr><tr class=la><td>bitte</td><td>lesen-IMP</td><td>auch</td><td>KL9.Teil</td><td>KL9-GEN</td><td>zweite</td></tr></table><div class=klassen>sehemu Kl. 9/10 (Ø/n-) → sehemu — Numerus nur an der Konkordanz</div><div class=konkordanz>Kl.9: SUBJ i- · ADJ Ø/n- · GEN ya · DEM hii/ile · POSS y- · REL -yo</div><div class=hinweis>Ordnungszahlen stehen hinter dem Genitiv</div>	A1 SD1 T Teil
Naweza kupiga simu?	Darf ich mal telefonieren?<hr><table class=gloss><tr class=mo><td>na-wez-a</td><td>ku-pig-a</td><td>simu</td></tr><tr class=la><td>1SG.PRÄS.ALLG-können-IND</td><td>KL15-schlagen-IND</td><td>KL9.Telefon</td></tr></table><div class=klassen>simu Kl. 9/10 (Ø/n-) → simu — Numerus nur an der Konkordanz</div><div class=konkordanz>Kl.9: SUBJ i- · ADJ Ø/n- · GEN ya · DEM hii/ile · POSS y- · REL -yo</div><div class=hinweis>telefonieren = kupiga simu</div>	A1 SD1 T telefonieren
Mnayo simu?	Haben Sie Telefon?<hr><table class=gloss><tr class=mo><td>m-na-yo</td><td>simu</td></tr><tr class=la><td>2PL-haben-REL9</td><td>KL9.Telefon</td></tr></table><div class=klassen>simu Kl. 9/10 (Ø/n-) → simu — Numerus nur an der Konkordanz</div><div class=konkordanz>Kl.9: SUBJ i- · ADJ Ø/n- · GEN ya · DEM hii/ile · POSS y- · REL -yo</div><div class=hinweis>simu heißt Telefon und Anruf</div>	A1 SD1 T Telefon
Ni bora tufanye miadi mara moja.	Am besten machen wir sofort einen Termin.<hr><table class=gloss><tr class=mo><td>ni</td><td>bora</td><td>tu-fany-e</td><td>miadi</td><td>mara</td><td>moja</td></tr><tr class=la><td>KOP</td><td>besser</td><td>1PL-tun-KONJ</td><td>KL9.Termin</td><td>KL9.Mal</td><td>eins</td></tr></table><div class=klassen>miadi Kl. 9/10 (Ø/n-) → miadi — Numerus nur an der Konkordanz</div><div class=konkordanz>Kl.9: SUBJ i- · ADJ Ø/n- · GEN ya · DEM hii/ile · POSS y- · REL -yo</div><div class=hinweis>ni bora plus Konjunktiv für einen Vorschlag</div>	A1 SD1 T Termin
Mtihani ulikuwa rahisi.	Der Test war einfach.<hr><table class=gloss><tr class=mo><td>m-tihani</td><td>u-li-kuw-a</td><td>rahisi</td></tr><tr class=la><td>KL3-Test</td><td>KL3-PRÄT-sein-IND</td><td>einfach</td></tr></table><div class=klassen>mtihani Kl. 3/4 (m-/mw- › mi-) → mitihani</div><div class=konkordanz>Kl.3: SUBJ u- · ADJ m-/mw- · GEN wa · DEM huu/ule · POSS w- · REL -o</div><div class=hinweis>Vergangenheit mit -li- plus kuwa</div>	A1 SD1 T Test
Hiyo ni ghali mno kwangu.	Das ist mir zu teuer.<hr><table class=gloss><tr class=mo><td>hiyo</td><td>ni</td><td>ghali</td><td>mno</td><td>kw-angu</td></tr><tr class=la><td>KL9.DEM</td><td>KOP</td><td>teuer</td><td>zu</td><td>KL17-mein</td></tr></table><div class=konkordanz>Kl.9: SUBJ i- · ADJ Ø/n- · GEN ya · DEM hii/ile · POSS y- · REL -yo · Kl.17: SUBJ ku- · ADJ ku- · GEN kwa · DEM huku/kule · POSS kw- · REL -ko</div><div class=hinweis>mno heißt &quot;allzu&quot;, kwangu &quot;für mich&quot;</div>	A1 SD1 T teuer
Tafadhali someni maandishi haya.	Lesen Sie bitte diesen Text.<hr><table class=gloss><tr class=mo><td>tafadhali</td><td>som-eni</td><td>ma-andishi</td><td>haya</td></tr><tr class=la><td>bitte</td><td>lesen-IMP.PL</td><td>KL6-Text</td><td>KL6.DEM</td></tr></table><div class=klassen>maandishi Kl. 6 (ma-), kein Numeruswechsel [nur Plural]</div><div class=konkordanz>Kl.6: SUBJ ya- · ADJ ma- · GEN ya · DEM haya/yale · POSS y- · REL -yo</div><div class=hinweis>maandishi ist Kl.6 und hat keinen Singular</div>	A1 SD1 T Text
Leo tunazungumza kuhusu mada "Kula na Kunywa".	Wir sprechen heute über das Thema „Essen und Trinken“.<hr><table class=gloss><tr class=mo><td>leo</td><td>tu-na-zungumz-a</td><td>kuhusu</td><td>mada</td><td>ku-l-a</td><td>na</td><td>ku-nyw-a</td></tr><tr class=la><td>heute</td><td>1PL-PRÄS-sprechen-IND</td><td>über</td><td>KL9.Thema</td><td>KL15-essen-IND</td><td>und</td><td>KL15-trinken-IND</td></tr></table><div class=klassen>mada Kl. 9/10 (Ø/n-) → mada — Numerus nur an der Konkordanz</div><div class=konkordanz>Kl.9: SUBJ i- · ADJ Ø/n- · GEN ya · DEM hii/ile · POSS y- · REL -yo</div><div class=hinweis>Verbalnomen der Kl.15 dienen als Titel</div>	A1 SD1 T Thema
Tiketi inagharimu kiasi gani?	Wie viel kostet das Ticket?<hr><table class=gloss><tr class=mo><td>tiketi</td><td>i-na-gharimu</td><td>kiasi</td><td>gani</td></tr><tr class=la><td>KL9.Fahrkarte</td><td>KL9-PRÄS-kosten</td><td>KL9.Menge</td><td>welche</td></tr></table><div class=klassen>tiketi Kl. 9/10 (Ø/n-) → tiketi — Numerus nur an der Konkordanz [Lehnwort]</div><div class=konkordanz>Kl.9: SUBJ i- · ADJ Ø/n- · GEN ya · DEM hii/ile · POSS y- · REL -yo</div><div class=hinweis>kiasi gani fragt nach der Menge</div>	A1 SD1 T Ticket
Picha ziko mezani.	Die Fotos liegen auf dem Tisch.<hr><table class=gloss><tr class=mo><td>picha</td><td>zi-ko</td><td>meza-ni</td></tr><tr class=la><td>KL10.Foto</td><td>KL10-sein.da</td><td>KL9.Tisch-LOK</td></tr></table><div class=klassen>picha Kl. 9/10 (Ø/n-) → picha — Numerus nur an der Konkordanz [Lehnwort]</div><div class=konkordanz>Kl.9: SUBJ i- · ADJ Ø/n- · GEN ya · DEM hii/ile · POSS y- · REL -yo</div><div class=hinweis>ziko ist die Kl.10-Form von -ko</div>	A1 SD1 T Tisch
Huyu ni binti yangu Katharina.	Das ist meine Tochter Katharina.<hr><table class=gloss><tr class=mo><td>huyu</td><td>ni</td><td>binti</td><td>y-angu</td><td>Katharina</td></tr><tr class=la><td>KL1.DEM</td><td>KOP</td><td>KL5/KL1.Tochter</td><td>KL9-mein</td><td>Katharina</td></tr></table><div class=klassen>binti Kl. 5/6 (ji-/Ø › ma-) → mabinti [Person: Form Kl. 5/6, Kongruenz Kl. 1/2]</div><div class=konkordanz>Kl.1: SUBJ a- · ADJ m-/mw- · GEN wa · DEM huyu/yule · POSS w- · REL -ye</div><div class=hinweis>huyu Kl.1, yangu aber Kl.9</div>	A1 SD1 T Tochter
Choo kiko wapi, tafadhali?	Wo ist die Toilette, bitte?<hr><table class=gloss><tr class=mo><td>choo</td><td>ki-ko</td><td>wapi</td><td>tafadhali</td></tr><tr class=la><td>KL7.Toilette</td><td>KL7-sein.da</td><td>wo</td><td>bitte</td></tr></table><div class=klassen>choo Kl. 7/8 (ki- › vi-) → vyoo</div><div class=konkordanz>Kl.7: SUBJ ki- · ADJ ki- · GEN cha · DEM hiki/kile · POSS ch- · REL -cho</div><div class=hinweis>choo Kl.7, Plural vyoo Kl.8</div>	A1 SD1 T Toilette
Nyanya ingali ni ya kijani.	Die Tomate ist noch grün.<hr><table class=gloss><tr class=mo><td>nyanya</td><td>i-ngali</td><td>ni</td><td>y-a</td><td>ki-jani</td></tr><tr class=la><td>KL9.Tomate</td><td>KL9-noch.sein</td><td>KOP</td><td>KL9-GEN</td><td>KL7-Blatt</td></tr></table><div class=klassen>nyanya Kl. 9/10 (Ø/n-) → nyanya — Numerus nur an der Konkordanz</div><div class=konkordanz>Kl.9: SUBJ i- · ADJ Ø/n- · GEN ya · DEM hii/ile · POSS y- · REL -yo</div><div class=hinweis>Farben werden mit ya plus Nomen gebildet</div>	A1 SD1 T Tomate
Baba yake amefariki tangu muda mrefu.	Sein Vater ist schon lange tot.<hr><table class=gloss><tr class=mo><td>baba</td><td>y-ake</td><td>a-me-fariki</td><td>tangu</td><td>muda</td><td>m-refu</td></tr><tr class=la><td>KL9/KL1.Vater</td><td>KL9-sein</td><td>3SG-PERF-sterben</td><td>seit</td><td>KL3.Zeit</td><td>KL3-lang</td></tr></table><div class=klassen>baba Kl. 9/10 (Ø/n-) → baba — Numerus nur an der Konkordanz [Person: Form Kl. 9/10, Kongruenz Kl. 1/2] · muda Kl. 3/10 (m-/mw- › Ø/n-) → nyakati [Plural unregelmaessig]</div><div class=konkordanz>Kl.1: SUBJ a- · ADJ m-/mw- · GEN wa · DEM huyu/yule · POSS w- · REL -ye · Kl.3: SUBJ u- · ADJ m-/mw- · GEN wa · DEM huu/ule · POSS w- · REL -o</div><div class=hinweis>tot sein wird als Perfekt von sterben gesagt</div>	A1 SD1 T tot
Namkuta mwenzi mjini.	Ich treffe in der Stadt einen Kollegen.<hr><table class=gloss><tr class=mo><td>na-m-kut-a</td><td>mw-enzi</td><td>m-ji-ni</td></tr><tr class=la><td>1SG.PRÄS.ALLG-OBJ1-treffen-IND</td><td>KL1-Kollege</td><td>KL3-Stadt-LOK</td></tr></table><div class=klassen>mwenzi Kl. 1/2 (m-/mw- › wa-) → wenzi</div><div class=konkordanz>Kl.1: SUBJ a- · ADJ m-/mw- · GEN wa · DEM huyu/yule · POSS w- · REL -ye</div><div class=hinweis>Objektpräfix -m- für Personen der Kl.1</div>	A1 SD1 T treffen
Tunakutana Ijumaa kila mara.	Wir treffen uns immer freitags.<hr><table class=gloss><tr class=mo><td>tu-na-kut-an-a</td><td>Ijumaa</td><td>kila</td><td>mara</td></tr><tr class=la><td>1PL-PRÄS-treffen-REZ-IND</td><td>KL9.Freitag</td><td>jede</td><td>KL9.Mal</td></tr></table><div class=konkordanz>Kl.9: SUBJ i- · ADJ Ø/n- · GEN ya · DEM hii/ile · POSS y- · REL -yo</div><div class=hinweis>Reziprok -an-: einander treffen</div>	A1 SD1 T treffen
Choo? Ngazi juu na kisha kushoto.	Die Toilette? Die Treppe hoch und dann links.<hr><table class=gloss><tr class=mo><td>choo</td><td>ngazi</td><td>juu</td><td>na</td><td>kisha</td><td>ku-shoto</td></tr><tr class=la><td>KL7.Toilette</td><td>KL10.Treppe</td><td>oben</td><td>und</td><td>dann</td><td>KL17-links</td></tr></table><div class=klassen>choo Kl. 7/8 (ki- › vi-) → vyoo · ngazi Kl. 9/10 (Ø/n-) → ngazi — Numerus nur an der Konkordanz</div><div class=konkordanz>Kl.7: SUBJ ki- · ADJ ki- · GEN cha · DEM hiki/kile · POSS ch- · REL -cho · Kl.9: SUBJ i- · ADJ Ø/n- · GEN ya · DEM hii/ile · POSS y- · REL -yo</div><div class=hinweis>ngazi ist Kl.9 und Kl.10 gleich</div>	A1 SD1 T Treppe
Unataka kunywa kitu?	Möchtest du etwas trinken?<hr><table class=gloss><tr class=mo><td>u-na-tak-a</td><td>ku-nyw-a</td><td>ki-tu</td></tr><tr class=la><td>2SG-PRÄS-wollen-IND</td><td>KL15-trinken-IND</td><td>KL7-Ding</td></tr></table><div class=konkordanz>Kl.15: SUBJ ku- · ADJ ku- · GEN kwa · DEM huku/kule · POSS kw- · REL -ko · Kl.7: SUBJ ki- · ADJ ki- · GEN cha · DEM hiki/kile · POSS ch- · REL -cho</div><div class=hinweis>kitu dient als unbestimmtes &quot;etwas&quot;</div>	A1 SD1 T trinken
Vijana wanasema "tutaonana" kwa kawaida na si "kwaheri".	Junge Leute sagen meistens „tschüss!“ und nicht „auf Wiedersehen“.<hr><table class=gloss><tr class=mo><td>vi-jana</td><td>wa-na-sem-a</td><td>tu-ta-on-an-a</td><td>kwa</td><td>kawaida</td><td>na</td><td>si</td><td>kwaheri</td></tr><tr class=la><td>KL8-Jugendliche</td><td>KL2-PRÄS-sagen-IND</td><td>1PL-FUT-sehen-REZ-IND</td><td>für</td><td>KL9.Gewohnheit</td><td>und</td><td>NEG.KOP</td><td>auf.Wiedersehen</td></tr></table><div class=klassen>kijana Kl. 7/8 (ki- › vi-) → vijana [Person: Form Kl. 7/8, Kongruenz Kl. 1/2]</div><div class=konkordanz>Kl.1: SUBJ a- · ADJ m-/mw- · GEN wa · DEM huyu/yule · POSS w- · REL -ye</div><div class=hinweis>vijana Kl.8, Kongruenz aber Kl.2</div>	A1 SD1 T tschüss
Nina kitu cha kufanya bado.	Ich habe noch etwas zu tun.<hr><table class=gloss><tr class=mo><td>ni-na</td><td>ki-tu</td><td>ch-a</td><td>ku-fany-a</td><td>bado</td></tr><tr class=la><td>1SG-haben</td><td>KL7-Ding</td><td>KL7-GEN</td><td>KL15-tun-IND</td><td>noch</td></tr></table><div class=konkordanz>Kl.7: SUBJ ki- · ADJ ki- · GEN cha · DEM hiki/kile · POSS ch- · REL -cho · Kl.15: SUBJ ku- · ADJ ku- · GEN kwa · DEM huku/kule · POSS kw- · REL -ko</div><div class=hinweis>Genitiv cha plus Infinitiv für &quot;zu tun&quot;</div>	A1 SD1 T tun
Mume wenu anafanya nini?	Was tut Ihr Mann?<hr><table class=gloss><tr class=mo><td>mume</td><td>w-enu</td><td>a-na-fany-a</td><td>nini</td></tr><tr class=la><td>KL1.Ehemann</td><td>KL1-euer</td><td>3SG-PRÄS-tun-IND</td><td>was</td></tr></table><div class=konkordanz>Kl.1: SUBJ a- · ADJ m-/mw- · GEN wa · DEM huyu/yule · POSS w- · REL -ye</div><div class=hinweis>wenu ist der Possessiv für höfliches Sie</div>	A1 SD1 T tun
Vukeni barabara hapa.	Gehen Sie hier über die Straße.<hr><table class=gloss><tr class=mo><td>vuk-eni</td><td>barabara</td><td>hapa</td></tr><tr class=la><td>überqueren-IMP.PL</td><td>KL9.Straße</td><td>hier</td></tr></table><div class=klassen>barabara Kl. 9/10 (Ø/n-) → barabara — Numerus nur an der Konkordanz</div><div class=konkordanz>Kl.9: SUBJ i- · ADJ Ø/n- · GEN ya · DEM hii/ile · POSS y- · REL -yo</div><div class=hinweis>kuvuka ist das eigene Verb für überqueren</div>	A1 SD1 U über
Anakaa ghorofa ya pili juu ya familia Meier.	Er wohnt im zweiten Stock über Familie Meier.<hr><table class=gloss><tr class=mo><td>a-na-ka-a</td><td>ghorofa</td><td>y-a</td><td>pili</td><td>juu</td><td>y-a</td><td>familia</td><td>Meier</td></tr><tr class=la><td>3SG-PRÄS-wohnen-IND</td><td>KL9.Stock</td><td>KL9-GEN</td><td>zweite</td><td>oben</td><td>KL9-GEN</td><td>KL9.Familie</td><td>Meier</td></tr></table><div class=klassen>ghorofa Kl. 9/10 (Ø/n-) → ghorofa — Numerus nur an der Konkordanz [Etage] · familia Kl. 9/10 (Ø/n-) → familia — Numerus nur an der Konkordanz [Lehnwort]</div><div class=konkordanz>Kl.9: SUBJ i- · ADJ Ø/n- · GEN ya · DEM hii/ile · POSS y- · REL -yo</div><div class=hinweis>juu ya heißt &quot;oberhalb von&quot;</div>	A1 SD1 U über
Mna zaidi ya miaka kumi na minane?	Sind Sie über 18?<hr><table class=gloss><tr class=mo><td>m-na</td><td>zaidi</td><td>y-a</td><td>mi-aka</td><td>kumi</td><td>na</td><td>mi-nane</td></tr><tr class=la><td>2PL-haben</td><td>mehr</td><td>KL9-GEN</td><td>KL4-Jahr</td><td>zehn</td><td>und</td><td>KL4-acht</td></tr></table><div class=klassen>mwaka wa kuzaliwa Kl. 3/4 (m-/mw- › mi-) → miaka ya kuzaliwa [Genitiv kongruiert mit dem Kopfnomen]</div><div class=konkordanz>Kl.3: SUBJ u- · ADJ m-/mw- · GEN wa · DEM huu/ule · POSS w- · REL -o</div><div class=hinweis>achtzehn = kumi na minane, Zahl mit Kl.4-Präfix</div>	A1 SD1 U über
Unaweza kulala kwangu.	Du kannst bei mir übernachten.<hr><table class=gloss><tr class=mo><td>u-na-wez-a</td><td>ku-lal-a</td><td>kw-angu</td></tr><tr class=la><td>2SG-PRÄS-können-IND</td><td>KL15-schlafen-IND</td><td>KL17-mein</td></tr></table><div class=konkordanz>Kl.15: SUBJ ku- · ADJ ku- · GEN kwa · DEM huku/kule · POSS kw- · REL -ko · Kl.17: SUBJ ku- · ADJ ku- · GEN kwa · DEM huku/kule · POSS kw- · REL -ko</div><div class=hinweis>kwangu heißt &quot;bei mir&quot; mit Ortsklasse 17</div>	A1 SD1 U übernachten
Mnaweza kutuma pesa pia.	Sie können das Geld auch überweisen.<hr><table class=gloss><tr class=mo><td>m-na-wez-a</td><td>ku-tum-a</td><td>pesa</td><td>pia</td></tr><tr class=la><td>2PL-PRÄS-können-IND</td><td>KL15-schicken-IND</td><td>KL10.Geld</td><td>auch</td></tr></table><div class=klassen>pesa Kl. 9/10 (Ø/n-) → pesa — Numerus nur an der Konkordanz</div><div class=konkordanz>Kl.9: SUBJ i- · ADJ Ø/n- · GEN ya · DEM hii/ile · POSS y- · REL -yo</div><div class=hinweis>kutuma schickt Geld und Nachrichten</div>	A1 SD1 U überweisen
Ni saa kumi.	Es ist vier Uhr.<hr><table class=gloss><tr class=mo><td>ni</td><td>saa</td><td>kumi</td></tr><tr class=la><td>KOP</td><td>KL9.Stunde</td><td>zehn</td></tr></table><div class=klassen>saa Kl. 9/10 (Ø/n-) → saa — Numerus nur an der Konkordanz [auch &quot;Uhr&quot;]</div><div class=konkordanz>Kl.9: SUBJ i- · ADJ Ø/n- · GEN ya · DEM hii/ile · POSS y- · REL -yo</div><div class=hinweis>saa kumi = 4 Uhr, zehnte Stunde nach Sonnenaufgang</div>	A1 SD1 U Uhr
Anakuja saa moja.	Er kommt um sieben Uhr.<hr><table class=gloss><tr class=mo><td>a-na-kuj-a</td><td>saa</td><td>moja</td></tr><tr class=la><td>3SG-PRÄS-kommen-IND</td><td>KL9.Stunde</td><td>eins</td></tr></table><div class=klassen>saa Kl. 9/10 (Ø/n-) → saa — Numerus nur an der Konkordanz [auch &quot;Uhr&quot;]</div><div class=konkordanz>Kl.9: SUBJ i- · ADJ Ø/n- · GEN ya · DEM hii/ile · POSS y- · REL -yo</div><div class=hinweis>saa moja = 7 Uhr, erste Stunde nach Sonnenaufgang</div>	A1 SD1 U um
Tazama, anakuja kwenye kona hivi sasa.	Da kommt er gerade um die Ecke.<hr><table class=gloss><tr class=mo><td>tazam-a</td><td>a-na-kuj-a</td><td>kwenye</td><td>kona</td><td>hivi</td><td>sasa</td></tr><tr class=la><td>schauen-IMP</td><td>3SG-PRÄS-kommen-IND</td><td>an</td><td>KL9.Ecke</td><td>gleich</td><td>jetzt</td></tr></table><div class=klassen>kona Kl. 9/10 (Ø/n-) → kona — Numerus nur an der Konkordanz [Lehnwort]</div><div class=konkordanz>Kl.9: SUBJ i- · ADJ Ø/n- · GEN ya · DEM hii/ile · POSS y- · REL -yo</div><div class=hinweis>hivi sasa heißt &quot;eben jetzt&quot;</div>	A1 SD1 U um
Mwezi ujao tunahama.	Nächsten Monat ziehen wir um.<hr><table class=gloss><tr class=mo><td>mw-ezi</td><td>u-ja-o</td><td>tu-na-ham-a</td></tr><tr class=la><td>KL3-Monat</td><td>KL3-kommen-REL3</td><td>1PL-PRÄS-umziehen-IND</td></tr></table><div class=konkordanz>Kl.3: SUBJ u- · ADJ m-/mw- · GEN wa · DEM huu/ule · POSS w- · REL -o</div><div class=hinweis>Relativform ujao heißt &quot;der kommende&quot;</div>	A1 SD1 U umziehen
Peter na Helmut ni wana wangu.	Peter und Helmut sind meine Söhne.<hr><table class=gloss><tr class=mo><td>Peter</td><td>na</td><td>Helmut</td><td>ni</td><td>wana</td><td>w-angu</td></tr><tr class=la><td>Peter</td><td>und</td><td>Helmut</td><td>KOP</td><td>KL2.Sohn</td><td>KL2-mein</td></tr></table><div class=klassen>mwana Kl. 1/2 (m-/mw- › wa-) → wana</div><div class=konkordanz>Kl.1: SUBJ a- · ADJ m-/mw- · GEN wa · DEM huyu/yule · POSS w- · REL -ye</div><div class=hinweis>wana Kl.2, Singular mwana Kl.1</div>	A1 SD1 U und
Huyu ni mwalimu wetu.	Das ist unsere Lehrerin.<hr><table class=gloss><tr class=mo><td>huyu</td><td>ni</td><td>mw-alimu</td><td>w-etu</td></tr><tr class=la><td>KL1.DEM</td><td>KOP</td><td>KL1-Lehrerin</td><td>KL1-unser</td></tr></table><div class=klassen>mwalimu Kl. 1/2 (m-/mw- › wa-) → walimu [Musterwort fuer Kl. 1/2]</div><div class=konkordanz>Kl.1: SUBJ a- · ADJ m-/mw- · GEN wa · DEM huyu/yule · POSS w- · REL -ye</div><div class=hinweis>wetu ist der Possessiv für 1PL</div>	A1 SD1 U unser
Anakaa chini kabisa kwenye nyumba.	Er wohnt ganz unten im Haus.<hr><table class=gloss><tr class=mo><td>a-na-ka-a</td><td>chini</td><td>kabisa</td><td>kwenye</td><td>nyumba</td></tr><tr class=la><td>3SG-PRÄS-wohnen-IND</td><td>unten</td><td>ganz</td><td>an</td><td>KL9.Haus</td></tr></table><div class=klassen>nyumba Kl. 9/10 (Ø/n-) → nyumba — Numerus nur an der Konkordanz</div><div class=konkordanz>Kl.9: SUBJ i- · ADJ Ø/n- · GEN ya · DEM hii/ile · POSS y- · REL -yo</div><div class=hinweis>chini und juu bleiben unverändert</div>	A1 SD1 U unten
Chini yetu inakaa familia na watoto watatu.	Unter uns wohnt eine Familie mit drei Kindern.<hr><table class=gloss><tr class=mo><td>chini</td><td>y-etu</td><td>i-na-ka-a</td><td>familia</td><td>na</td><td>watoto</td><td>wa-tatu</td></tr><tr class=la><td>unten</td><td>KL9-unser</td><td>KL9-PRÄS-wohnen-IND</td><td>KL9.Familie</td><td>mit</td><td>KL2.Kind</td><td>KL2-drei</td></tr></table><div class=klassen>familia Kl. 9/10 (Ø/n-) → familia — Numerus nur an der Konkordanz [Lehnwort] · mtoto Kl. 1/2 (m-/mw- › wa-) → watoto</div><div class=konkordanz>Kl.9: SUBJ i- · ADJ Ø/n- · GEN ya · DEM hii/ile · POSS y- · REL -yo · Kl.1: SUBJ a- · ADJ m-/mw- · GEN wa · DEM huyu/yule · POSS w- · REL -ye</div><div class=hinweis>chini ya heißt &quot;unterhalb von&quot;</div>	A1 SD1 U unter
Tuna masomo kuanzia saa mbili hadi saa sita.	Wir haben Unterricht von 8.00 bis 12.00 Uhr.<hr><table class=gloss><tr class=mo><td>tu-na</td><td>ma-somo</td><td>ku-anz-i-a</td><td>saa</td><td>mbili</td><td>hadi</td><td>saa</td><td>sita</td></tr><tr class=la><td>1PL-haben</td><td>KL6-Unterricht</td><td>KL15-anfangen-APPL-IND</td><td>KL9.Stunde</td><td>zwei</td><td>bis</td><td>KL9.Stunde</td><td>sechs</td></tr></table><div class=klassen>masomo Kl. 6 (ma-), kein Numeruswechsel [nur Plural] · saa Kl. 9/10 (Ø/n-) → saa — Numerus nur an der Konkordanz [auch &quot;Uhr&quot;]</div><div class=konkordanz>Kl.6: SUBJ ya- · ADJ ma- · GEN ya · DEM haya/yale · POSS y- · REL -yo · Kl.9: SUBJ i- · ADJ Ø/n- · GEN ya · DEM hii/ile · POSS y- · REL -yo</div><div class=hinweis>saa mbili = 8 Uhr, saa sita = 12 Uhr</div>	A1 SD1 U Unterricht
Lazima nitie sahihi wapi?	Wo muss ich unterschreiben?<hr><table class=gloss><tr class=mo><td>lazima</td><td>ni-ti-e</td><td>sahihi</td><td>wapi</td></tr><tr class=la><td>muss</td><td>1SG-setzen-KONJ</td><td>KL9.Unterschrift</td><td>wo</td></tr></table><div class=klassen>sahihi Kl. 9/10 (Ø/n-) → sahihi — Numerus nur an der Konkordanz</div><div class=konkordanz>Kl.9: SUBJ i- · ADJ Ø/n- · GEN ya · DEM hii/ile · POSS y- · REL -yo</div><div class=hinweis>unterschreiben = kutia sahihi, &quot;Unterschrift setzen&quot;</div>	A1 SD1 U unterschreiben
Hapa sahihi yenu inakosekana bado.	Hier fehlt noch Ihre Unterschrift.<hr><table class=gloss><tr class=mo><td>hapa</td><td>sahihi</td><td>y-enu</td><td>i-na-kosekan-a</td><td>bado</td></tr><tr class=la><td>hier</td><td>KL9.Unterschrift</td><td>KL9-euer</td><td>KL9-PRÄS-fehlen-IND</td><td>noch</td></tr></table><div class=klassen>sahihi Kl. 9/10 (Ø/n-) → sahihi — Numerus nur an der Konkordanz</div><div class=konkordanz>Kl.9: SUBJ i- · ADJ Ø/n- · GEN ya · DEM hii/ile · POSS y- · REL -yo</div><div class=hinweis>Stativ -ekan- macht aus fehlen &quot;abwesend sein&quot;</div>	A1 SD1 U Unterschrift
Nachukua likizo Septemba.	Ich nehme im September Urlaub.<hr><table class=gloss><tr class=mo><td>na-chuku-a</td><td>likizo</td><td>Septemba</td></tr><tr class=la><td>1SG.PRÄS.ALLG-nehmen-IND</td><td>KL9.Urlaub</td><td>September</td></tr></table><div class=klassen>likizo Kl. 9/10 (Ø/n-) → likizo — Numerus nur an der Konkordanz</div><div class=konkordanz>Kl.9: SUBJ i- · ADJ Ø/n- · GEN ya · DEM hii/ile · POSS y- · REL -yo</div><div class=hinweis>Monatsnamen brauchen keine Präposition</div>	A1 SD1 U Urlaub
Baba yangu ni mfanyakazi.	Mein Vater ist Arbeiter.<hr><table class=gloss><tr class=mo><td>baba</td><td>y-angu</td><td>ni</td><td>m-fanyakazi</td></tr><tr class=la><td>KL9/KL1.Vater</td><td>KL9-mein</td><td>KOP</td><td>KL1-Arbeiter</td></tr></table><div class=klassen>baba Kl. 9/10 (Ø/n-) → baba — Numerus nur an der Konkordanz [Person: Form Kl. 9/10, Kongruenz Kl. 1/2]</div><div class=konkordanz>Kl.1: SUBJ a- · ADJ m-/mw- · GEN wa · DEM huyu/yule · POSS w- · REL -ye</div><div class=hinweis>mfanyakazi wörtlich &quot;Arbeit-Tuer&quot;</div>	A1 SD1 V Vater
Hapa kuvuta sigara ni haramu.	Hier ist Rauchen verboten.<hr><table class=gloss><tr class=mo><td>hapa</td><td>ku-vut-a</td><td>sigara</td><td>ni</td><td>haramu</td></tr><tr class=la><td>hier</td><td>KL15-ziehen-IND</td><td>KL9.Zigarette</td><td>KOP</td><td>verboten</td></tr></table><div class=klassen>sigara Kl. 9/10 (Ø/n-) → sigara — Numerus nur an der Konkordanz [Lehnwort]</div><div class=konkordanz>Kl.9: SUBJ i- · ADJ Ø/n- · GEN ya · DEM hii/ile · POSS y- · REL -yo</div><div class=hinweis>haramu ist arabisch und bleibt unverändert</div>	A1 SD1 V verboten
Napata Euro elfu moja mia tano kwa mwezi.	Ich verdiene 1.500 Euro im Monat.<hr><table class=gloss><tr class=mo><td>na-pat-a</td><td>Euro</td><td>elfu</td><td>moja</td><td>mia</td><td>tano</td><td>kwa</td><td>mw-ezi</td></tr><tr class=la><td>1SG.PRÄS.ALLG-verdienen-IND</td><td>Euro</td><td>KL9.Tausend</td><td>eins</td><td>KL9.Hundert</td><td>fünf</td><td>pro</td><td>KL3-Monat</td></tr></table><div class=konkordanz>Kl.9: SUBJ i- · ADJ Ø/n- · GEN ya · DEM hii/ile · POSS y- · REL -yo · Kl.3: SUBJ u- · ADJ m-/mw- · GEN wa · DEM huu/ule · POSS w- · REL -o</div><div class=hinweis>1500 = elfu moja mia tano</div>	A1 SD1 V verdienen
Kuna chama kipya cha michezo mjini.	Es gibt einen neuen Sportverein in der Stadt.<hr><table class=gloss><tr class=mo><td>ku-na</td><td>chama</td><td>ki-pya</td><td>ch-a</td><td>mi-chezo</td><td>m-ji-ni</td></tr><tr class=la><td>KL17-mit</td><td>KL7.Verein</td><td>KL7-neu</td><td>KL7-GEN</td><td>KL4-Sport</td><td>KL3-Stadt-LOK</td></tr></table><div class=klassen>chama Kl. 7/8 (ki- › vi-) → vyama · mchezo Kl. 3/4 (m-/mw- › mi-) → michezo</div><div class=konkordanz>Kl.7: SUBJ ki- · ADJ ki- · GEN cha · DEM hiki/kile · POSS ch- · REL -cho · Kl.3: SUBJ u- · ADJ m-/mw- · GEN wa · DEM huu/ule · POSS w- · REL -o</div><div class=hinweis>Dreifache Kl.7-Kongruenz: chama, kipya, cha</div>	A1 SD1 V Verein
Nimeoa na nina watoto watatu.	Ich bin verheiratet und habe drei Kinder.<hr><table class=gloss><tr class=mo><td>ni-me-o-a</td><td>na</td><td>ni-na</td><td>watoto</td><td>wa-tatu</td></tr><tr class=la><td>1SG-PERF-heiraten-IND</td><td>und</td><td>1SG-haben</td><td>KL2.Kind</td><td>KL2-drei</td></tr></table><div class=klassen>mtoto Kl. 1/2 (m-/mw- › wa-) → watoto</div><div class=konkordanz>Kl.1: SUBJ a- · ADJ m-/mw- · GEN wa · DEM huyu/yule · POSS w- · REL -ye</div><div class=hinweis>verheiratet sein ist das Perfekt von heiraten</div>	A1 SD1 V verheiratet
Anauza gari lake kuukuu.	Er verkauft sein altes Auto.<hr><table class=gloss><tr class=mo><td>a-na-uz-a</td><td>gari</td><td>l-ake</td><td>kuukuu</td></tr><tr class=la><td>3SG-PRÄS-verkaufen-IND</td><td>KL5.Auto</td><td>KL5-sein</td><td>alt</td></tr></table><div class=klassen>gari Kl. 5/6 (ji-/Ø › ma-) → magari</div><div class=konkordanz>Kl.5: SUBJ li- · ADJ ji-/Ø · GEN la · DEM hili/lile · POSS l- · REL -lo</div><div class=hinweis>kuukuu nur für Sachen, mzee für Menschen</div>	A1 SD1 V verkaufen
Mama yangu ni muuzaji kwenye duka kuu.	Meine Mutter ist Verkäuferin im Kaufhaus.<hr><table class=gloss><tr class=mo><td>mama</td><td>y-angu</td><td>ni</td><td>mu-uzaji</td><td>kwenye</td><td>duka</td><td>kuu</td></tr><tr class=la><td>KL9/KL1.Mutter</td><td>KL9-mein</td><td>KOP</td><td>KL1-Verkäuferin</td><td>an</td><td>KL5.Laden</td><td>groß</td></tr></table><div class=klassen>mama Kl. 9/10 (Ø/n-) → mama — Numerus nur an der Konkordanz [Person: Form Kl. 9/10, Kongruenz Kl. 1/2] · muuzaji Kl. 1/2 (m-/mw- › wa-) → wauzaji · duka Kl. 5/6 (ji-/Ø › ma-) → maduka</div><div class=konkordanz>Kl.1: SUBJ a- · ADJ m-/mw- · GEN wa · DEM huyu/yule · POSS w- · REL -ye · Kl.5: SUBJ li- · ADJ ji-/Ø · GEN la · DEM hili/lile · POSS l- · REL -lo</div><div class=hinweis>muuzaji Kl.1, Plural wauzaji Kl.2</div>	A1 SD1 V Verkäufer
Nyumba imepangishwa tayari.	Die Wohnung ist schon vermietet.<hr><table class=gloss><tr class=mo><td>nyumba</td><td>i-me-pangish-w-a</td><td>tayari</td></tr><tr class=la><td>KL9.Haus</td><td>KL9-PERF-vermieten-PASS-IND</td><td>schon</td></tr></table><div class=klassen>nyumba Kl. 9/10 (Ø/n-) → nyumba — Numerus nur an der Konkordanz</div><div class=konkordanz>Kl.9: SUBJ i- · ADJ Ø/n- · GEN ya · DEM hii/ile · POSS y- · REL -yo</div><div class=hinweis>Kausativ -ish- plus Passiv: vermietet werden</div>	A1 SD1 V vermieten
Mwenye nyumba wetu anaitwa Huber. Anakaa hapa pia.	Unser Vermieter heißt Huber. Er wohnt auch hier.<hr><table class=gloss><tr class=mo><td>mw-enye</td><td>nyumba</td><td>w-etu</td><td>a-na-it-w-a</td><td>Huber</td><td>a-na-ka-a</td><td>hapa</td><td>pia</td></tr><tr class=la><td>KL1-Besitzer</td><td>KL9.Haus</td><td>KL1-unser</td><td>3SG-PRÄS-nennen-PASS-IND</td><td>Huber</td><td>3SG-PRÄS-wohnen-IND</td><td>hier</td><td>auch</td></tr></table><div class=klassen>mwenye nyumba Kl. 1/2 (m-/mw- › wa-) → wenye nyumba · nyumba Kl. 9/10 (Ø/n-) → nyumba — Numerus nur an der Konkordanz</div><div class=konkordanz>Kl.1: SUBJ a- · ADJ m-/mw- · GEN wa · DEM huyu/yule · POSS w- · REL -ye · Kl.9: SUBJ i- · ADJ Ø/n- · GEN ya · DEM hii/ile · POSS y- · REL -yo</div><div class=hinweis>mwenye heißt &quot;der mit&quot;, bildet Besitzerwörter</div>	A1 SD1 V Vermieter
Mnaweza kunielewa?	Können Sie mich verstehen?<hr><table class=gloss><tr class=mo><td>m-na-wez-a</td><td>ku-ni-elew-a</td></tr><tr class=la><td>2PL-PRÄS-können-IND</td><td>KL15-OBJ1SG-verstehen-IND</td></tr></table><div class=konkordanz>Kl.15: SUBJ ku- · ADJ ku- · GEN kwa · DEM huku/kule · POSS kw- · REL -ko</div><div class=hinweis>Objektpräfix -ni- zwischen ku- und Wurzel</div>	A1 SD1 V verstehen
Peter anawatembelea ndugu zake Polandi.	Peter besucht seine Verwandten in Polen.<hr><table class=gloss><tr class=mo><td>Peter</td><td>a-na-wa-tembel-e-a</td><td>ndugu</td><td>z-ake</td><td>Polandi</td></tr><tr class=la><td>Peter</td><td>3SG-PRÄS-OBJ2-besuchen-APPL-IND</td><td>KL9/KL2.Verwandte</td><td>KL10-sein</td><td>Polen</td></tr></table><div class=klassen>ndugu Kl. 9/10 (Ø/n-) → ndugu — Numerus nur an der Konkordanz [Person: Form Kl. 9/10, Kongruenz Kl. 1/2]</div><div class=konkordanz>Kl.1: SUBJ a- · ADJ m-/mw- · GEN wa · DEM huyu/yule · POSS w- · REL -ye</div><div class=hinweis>Objekt Kl.2, Possessiv zake aber Kl.10</div>	A1 SD1 V Verwandte
Hapa inanyesha sana.	Hier regnet es viel.<hr><table class=gloss><tr class=mo><td>hapa</td><td>i-na-nyesh-a</td><td>sana</td></tr><tr class=la><td>hier</td><td>KL9-PRÄS-regnen-IND</td><td>sehr</td></tr></table><div class=konkordanz>Kl.9: SUBJ i- · ADJ Ø/n- · GEN ya · DEM hii/ile · POSS y- · REL -yo</div><div class=hinweis>sana vertritt hier das deutsche viel</div>	A1 SD1 V viel
Labda nakuja kwa basi.	Ich komme vielleicht mit dem Bus.<hr><table class=gloss><tr class=mo><td>labda</td><td>na-kuj-a</td><td>kwa</td><td>basi</td></tr><tr class=la><td>vielleicht</td><td>1SG.PRÄS.ALLG-kommen-IND</td><td>mit</td><td>KL5.Bus</td></tr></table><div class=klassen>basi Kl. 5/6 (ji-/Ø › ma-) → mabasi</div><div class=konkordanz>Kl.5: SUBJ li- · ADJ ji-/Ø · GEN la · DEM hili/lile · POSS l- · REL -lo</div><div class=hinweis>labda steht am Satzanfang</div>	A1 SD1 V vielleicht
Gari la Felix limeharibika.	Das Auto von Felix ist kaputt.<hr><table class=gloss><tr class=mo><td>gari</td><td>l-a</td><td>Felix</td><td>li-me-haribik-a</td></tr><tr class=la><td>KL5.Auto</td><td>KL5-GEN</td><td>Felix</td><td>KL5-PERF-kaputt.gehen-IND</td></tr></table><div class=klassen>gari Kl. 5/6 (ji-/Ø › ma-) → magari</div><div class=konkordanz>Kl.5: SUBJ li- · ADJ ji-/Ø · GEN la · DEM hili/lile · POSS l- · REL -lo</div><div class=hinweis>Besitz wird mit dem Genitiv la ausgedrückt</div>	A1 SD1 V von
Anakuja kutoka Köln/kutoka nyumbani hivi sasa.	Er kommt gerade von Köln/von zu Hause.<hr><table class=gloss><tr class=mo><td>a-na-kuj-a</td><td>ku-tok-a</td><td>Köln</td><td>ku-tok-a</td><td>nyumbani</td><td>hivi</td><td>sasa</td></tr><tr class=la><td>3SG-PRÄS-kommen-IND</td><td>KL15-kommen-IND</td><td>Köln</td><td>KL15-kommen-IND</td><td>KL9.Haus.LOK</td><td>gleich</td><td>jetzt</td></tr></table><div class=konkordanz>Kl.15: SUBJ ku- · ADJ ku- · GEN kwa · DEM huku/kule · POSS kw- · REL -ko · Kl.9: SUBJ i- · ADJ Ø/n- · GEN ya · DEM hii/ile · POSS y- · REL -yo</div><div class=hinweis>kutoka dient als Präposition &quot;von&quot;</div>	A1 SD1 V von
Miadi ilikuwa saa moja iliyopita.	Der Termin war vor einer Stunde.<hr><table class=gloss><tr class=mo><td>miadi</td><td>i-li-kuw-a</td><td>saa</td><td>moja</td><td>i-li-yo-pit-a</td></tr><tr class=la><td>KL9.Termin</td><td>KL9-PRÄT-sein-IND</td><td>KL9.Stunde</td><td>eins</td><td>KL9-PRÄT-REL9-vergehen-IND</td></tr></table><div class=klassen>miadi Kl. 9/10 (Ø/n-) → miadi — Numerus nur an der Konkordanz · saa Kl. 9/10 (Ø/n-) → saa — Numerus nur an der Konkordanz [auch &quot;Uhr&quot;]</div><div class=konkordanz>Kl.9: SUBJ i- · ADJ Ø/n- · GEN ya · DEM hii/ile · POSS y- · REL -yo</div><div class=hinweis>iliyopita heißt &quot;die vergangene&quot;</div>	A1 SD1 V vor
Gari limesimama mbele ya mlango.	Das Auto steht vor der Tür.<hr><table class=gloss><tr class=mo><td>gari</td><td>li-me-simam-a</td><td>mbele</td><td>y-a</td><td>m-lango</td></tr><tr class=la><td>KL5.Auto</td><td>KL5-PERF-stehen-IND</td><td>vor</td><td>KL9-GEN</td><td>KL3-Tür</td></tr></table><div class=klassen>gari Kl. 5/6 (ji-/Ø › ma-) → magari</div><div class=konkordanz>Kl.5: SUBJ li- · ADJ ji-/Ø · GEN la · DEM hili/lile · POSS l- · REL -lo</div><div class=hinweis>mbele ya verlangt den Genitiv</div>	A1 SD1 V vor
Naitwa Müller, jina langu la kwanza ni Eva.	Ich heiße Müller, mein Vorname ist Eva.<hr><table class=gloss><tr class=mo><td>na-it-w-a</td><td>Müller</td><td>jina</td><td>l-angu</td><td>l-a</td><td>kwanza</td><td>ni</td><td>Eva</td></tr><tr class=la><td>1SG.PRÄS.ALLG-nennen-PASS-IND</td><td>Müller</td><td>KL5.Name</td><td>KL5-mein</td><td>KL5-GEN</td><td>erste</td><td>KOP</td><td>Eva</td></tr></table><div class=klassen>jina Kl. 5/6 (ji-/Ø › ma-) → majina</div><div class=konkordanz>Kl.5: SUBJ li- · ADJ ji-/Ø · GEN la · DEM hili/lile · POSS l- · REL -lo</div><div class=hinweis>Zweifache Kl.5-Kongruenz: langu und la</div>	A1 SD1 V Vorname
Tahadhari! Gari linakuja.	Vorsicht! Da kommt ein Auto.<hr><table class=gloss><tr class=mo><td>tahadhari</td><td>gari</td><td>li-na-kuj-a</td></tr><tr class=la><td>KL9.Vorsicht</td><td>KL5.Auto</td><td>KL5-PRÄS-kommen-IND</td></tr></table><div class=klassen>gari Kl. 5/6 (ji-/Ø › ma-) → magari</div><div class=konkordanz>Kl.5: SUBJ li- · ADJ ji-/Ø · GEN la · DEM hili/lile · POSS l- · REL -lo</div><div class=hinweis>tahadhari warnt, uangalifu ist die Eigenschaft</div>	A1 SD1 V Vorsicht
Tunataka kufahamiana. Mnaweza kujitambulisha tafadhali?	Wir wollen uns kennenlernen. Können Sie sich bitte vorstellen?<hr><table class=gloss><tr class=mo><td>tu-na-tak-a</td><td>ku-fahami-an-a</td><td>m-na-wez-a</td><td>ku-ji-tambulish-a</td><td>tafadhali</td></tr><tr class=la><td>1PL-PRÄS-wollen-IND</td><td>KL15-kennen-REZ-IND</td><td>2PL-PRÄS-können-IND</td><td>KL15-REFL-vorstellen-IND</td><td>bitte</td></tr></table><div class=konkordanz>Kl.15: SUBJ ku- · ADJ ku- · GEN kwa · DEM huku/kule · POSS kw- · REL -ko</div><div class=hinweis>Reziprok -an- und Reflexiv -ji- in einem Satz</div>	A1 SD1 V vorstellen
Namba ya mkoa ya München ni ipi?	Wie ist die Vorwahl von München?<hr><table class=gloss><tr class=mo><td>namba</td><td>y-a</td><td>mkoa</td><td>y-a</td><td>München</td><td>ni</td><td>ipi</td></tr><tr class=la><td>KL9.Nummer</td><td>KL9-GEN</td><td>KL3.Bezirk</td><td>KL9-GEN</td><td>München</td><td>KOP</td><td>KL9.welche</td></tr></table><div class=klassen>namba Kl. 9/10 (Ø/n-) → namba — Numerus nur an der Konkordanz [Lehnwort]</div><div class=konkordanz>Kl.9: SUBJ i- · ADJ Ø/n- · GEN ya · DEM hii/ile · POSS y- · REL -yo</div><div class=hinweis>Vorwahl als namba ya mkoa</div>	A1 SD1 V Vorwahl
Tunatembea kuzunguka ziwa la Chiemsee.	Wir wandern um den Chiemsee.<hr><table class=gloss><tr class=mo><td>tu-na-tembe-a</td><td>kuzunguka</td><td>ziwa</td><td>l-a</td><td>Chiemsee</td></tr><tr class=la><td>1PL-PRÄS-wandern-IND</td><td>um</td><td>KL5.See</td><td>KL5-GEN</td><td>Chiemsee</td></tr></table><div class=klassen>ziwa Kl. 5/6 (ji-/Ø › ma-) → maziwa</div><div class=konkordanz>Kl.5: SUBJ li- · ADJ ji-/Ø · GEN la · DEM hili/lile · POSS l- · REL -lo</div><div class=hinweis>kuzunguka dient als Präposition &quot;um&quot;</div>	A1 SD1 W wandern
Utamaliza lini?	Wann bist du fertig?<hr><table class=gloss><tr class=mo><td>u-ta-maliz-a</td><td>lini</td></tr><tr class=la><td>2SG-FUT-fertig.werden-IND</td><td>wann</td></tr></table><div class=hinweis>lini steht am Satzende</div>	A1 SD1 W wann
Naweza kuwapigia simu lini?	Wann kann ich Sie anrufen?<hr><table class=gloss><tr class=mo><td>na-wez-a</td><td>ku-wa-pig-i-a</td><td>simu</td><td>lini</td></tr><tr class=la><td>1SG.PRÄS.ALLG-können-IND</td><td>KL15-OBJ2PL-schlagen-APPL-IND</td><td>KL9.Telefon</td><td>wann</td></tr></table><div class=klassen>simu Kl. 9/10 (Ø/n-) → simu — Numerus nur an der Konkordanz</div><div class=konkordanz>Kl.9: SUBJ i- · ADJ Ø/n- · GEN ya · DEM hii/ile · POSS y- · REL -yo</div><div class=hinweis>Applikativ -i- plus Objekt -wa- für &quot;euch anrufen&quot;</div>	A1 SD1 W wann
Mlizaliwa lini?	Wann sind Sie geboren?<hr><table class=gloss><tr class=mo><td>m-li-zali-w-a</td><td>lini</td></tr><tr class=la><td>2PL-PRÄT-gebären-PASS-IND</td><td>wann</td></tr></table><div class=hinweis>Passiv Vergangenheit für die Geburt</div>	A1 SD1 W wann
Mnaweza kusubiri dakika kadhaa?	Können Sie ein paar Minuten warten?<hr><table class=gloss><tr class=mo><td>m-na-wez-a</td><td>ku-subiri</td><td>dakika</td><td>kadhaa</td></tr><tr class=la><td>2PL-PRÄS-können-IND</td><td>KL15-warten</td><td>KL9.Minute</td><td>mehrere</td></tr></table><div class=konkordanz>Kl.15: SUBJ ku- · ADJ ku- · GEN kwa · DEM huku/kule · POSS kw- · REL -ko · Kl.9: SUBJ i- · ADJ Ø/n- · GEN ya · DEM hii/ile · POSS y- · REL -yo</div><div class=hinweis>kadhaa heißt mehrere, einige</div>	A1 SD1 W warten
Mnamsubiri nani?	Auf wen warten Sie?<hr><table class=gloss><tr class=mo><td>m-na-m-subiri</td><td>nani</td></tr><tr class=la><td>2PL-PRÄS-OBJ1-warten</td><td>wer</td></tr></table><div class=hinweis>Swahili braucht keine Präposition bei kusubiri</div>	A1 SD1 W warten
Kwa nini hakuji?	Warum kommt er nicht?<hr><table class=gloss><tr class=mo><td>kwa</td><td>nini</td><td>ha-kuj-i</td></tr><tr class=la><td>für</td><td>was</td><td>3SG.NEG-kommen-NEG</td></tr></table><div class=hinweis>kwa nini heißt wörtlich &quot;für was&quot;</div>	A1 SD1 W warum
Hii ni nini?	Was ist das?<hr><table class=gloss><tr class=mo><td>hii</td><td>ni</td><td>nini</td></tr><tr class=la><td>KL9.DEM</td><td>KOP</td><td>was</td></tr></table><div class=konkordanz>Kl.9: SUBJ i- · ADJ Ø/n- · GEN ya · DEM hii/ile · POSS y- · REL -yo</div><div class=hinweis>nini fragt nach Sachen, nani nach Personen</div>	A1 SD1 W was
Mnataka nini?	Was möchten Sie?<hr><table class=gloss><tr class=mo><td>m-na-tak-a</td><td>nini</td></tr><tr class=la><td>2PL-PRÄS-wollen-IND</td><td>was</td></tr></table><div class=hinweis>kutaka deckt wollen und möchten ab</div>	A1 SD1 W was
Mnataka rangi gani?	Was für eine Farbe möchten Sie?<hr><table class=gloss><tr class=mo><td>m-na-tak-a</td><td>rangi</td><td>gani</td></tr><tr class=la><td>2PL-PRÄS-wollen-IND</td><td>KL9.Farbe</td><td>welche</td></tr></table><div class=klassen>rangi Kl. 9/10 (Ø/n-) → rangi — Numerus nur an der Konkordanz</div><div class=konkordanz>Kl.9: SUBJ i- · ADJ Ø/n- · GEN ya · DEM hii/ile · POSS y- · REL -yo</div><div class=hinweis>gani fragt nach der Art, ipi nach der Auswahl</div>	A1 SD1 W was_für_ein
Naweza kunawa mikono wapi?	Wo kann ich mir die Hände waschen?<hr><table class=gloss><tr class=mo><td>na-wez-a</td><td>ku-naw-a</td><td>mi-kono</td><td>wapi</td></tr><tr class=la><td>1SG.PRÄS.ALLG-können-IND</td><td>KL15-waschen-IND</td><td>KL4-Hand</td><td>wo</td></tr></table><div class=klassen>mkono Kl. 3/4 (m-/mw- › mi-) → mikono</div><div class=konkordanz>Kl.3: SUBJ u- · ADJ m-/mw- · GEN wa · DEM huu/ule · POSS w- · REL -o</div><div class=hinweis>kunawa wäscht Hände, kuosha Geschirr</div>	A1 SD1 W waschen
Kesho lazima nifue.	Ich muss morgen waschen.<hr><table class=gloss><tr class=mo><td>kesho</td><td>lazima</td><td>ni-fu-e</td></tr><tr class=la><td>morgen</td><td>muss</td><td>1SG-waschen-KONJ</td></tr></table><div class=hinweis>kufua wäscht Wäsche</div>	A1 SD1 W waschen
Glasi moja ya maji, tafadhali.	Ein Glas Wasser, bitte.<hr><table class=gloss><tr class=mo><td>glasi</td><td>moja</td><td>y-a</td><td>maji</td><td>tafadhali</td></tr><tr class=la><td>KL9.Glas</td><td>eins</td><td>KL9-GEN</td><td>KL6.Wasser</td><td>bitte</td></tr></table><div class=klassen>glasi Kl. 9/10 (Ø/n-) → glasi — Numerus nur an der Konkordanz [Lehnwort] · maji Kl. 6 (ma-), kein Numeruswechsel [nur Plural]</div><div class=konkordanz>Kl.9: SUBJ i- · ADJ Ø/n- · GEN ya · DEM hii/ile · POSS y- · REL -yo · Kl.6: SUBJ ya- · ADJ ma- · GEN ya · DEM haya/yale · POSS y- · REL -yo</div><div class=hinweis>maji ist Kl.6 und hat keinen Singular</div>	A1 SD1 W Wasser
Lazima niende kwa daktari. Mguu wangu unaniuma.	Ich muss zum Arzt. Mein Bein tut weh.<hr><table class=gloss><tr class=mo><td>lazima</td><td>ni-end-e</td><td>kwa</td><td>daktari</td><td>m-guu</td><td>w-angu</td><td>u-na-ni-um-a</td></tr><tr class=la><td>muss</td><td>1SG-gehen-KONJ</td><td>zu</td><td>KL5/KL1.Arzt</td><td>KL3-Bein</td><td>KL3-mein</td><td>KL3-PRÄS-OBJ1SG-schmerzen-IND</td></tr></table><div class=klassen>daktari Kl. 5/6 (ji-/Ø › ma-) → madaktari [Person: Form Kl. 5/6, Kongruenz Kl. 1/2] · mguu Kl. 3/4 (m-/mw- › mi-) → miguu</div><div class=konkordanz>Kl.1: SUBJ a- · ADJ m-/mw- · GEN wa · DEM huyu/yule · POSS w- · REL -ye · Kl.3: SUBJ u- · ADJ m-/mw- · GEN wa · DEM huu/ule · POSS w- · REL -o</div><div class=hinweis>Das Bein schmerzt mich: Objektpräfix -ni-</div>	A1 SD1 W weh_tun
Tafadhali tieni alama: "mwanamke" au "mwanamume".	Kreuzen Sie bitte an: „weiblich“ oder „männlich“.<hr><table class=gloss><tr class=mo><td>tafadhali</td><td>ti-eni</td><td>alama</td><td>mw-anamke</td><td>au</td><td>mw-anamume</td></tr><tr class=la><td>bitte</td><td>setzen-IMP.PL</td><td>KL9.Zeichen</td><td>KL1-Frau</td><td>oder</td><td>KL1-Mann</td></tr></table><div class=klassen>alama Kl. 9/10 (Ø/n-) → alama — Numerus nur an der Konkordanz · mwanamke Kl. 1/2 (m-/mw- › wa-) → wanawake · mwanamume Kl. 1/2 (m-/mw- › wa-) → wanaume</div><div class=konkordanz>Kl.9: SUBJ i- · ADJ Ø/n- · GEN ya · DEM hii/ile · POSS y- · REL -yo · Kl.1: SUBJ a- · ADJ m-/mw- · GEN wa · DEM huyu/yule · POSS w- · REL -ye</div><div class=hinweis>Geschlecht wird als Nomen angegeben</div>	A1 SD1 W weiblich
Hapana asante, sitaki mvinyo.	Nein danke, ich möchte keinen Wein.<hr><table class=gloss><tr class=mo><td>hapana</td><td>asante</td><td>si-tak-i</td><td>m-vinyo</td></tr><tr class=la><td>nein</td><td>danke</td><td>1SG.NEG-wollen-NEG</td><td>KL3-Wein</td></tr></table><div class=klassen>mvinyo Kl. 3/4 (m-/mw- › mi-) → mivinyo</div><div class=konkordanz>Kl.3: SUBJ u- · ADJ m-/mw- · GEN wa · DEM huu/ule · POSS w- · REL -o</div><div class=hinweis>Swahili hat kein eigenes Wort für &quot;kein&quot;</div>	A1 SD1 W Wein
Hadi stesheni si mbali.	Zum Bahnhof ist es nicht weit.<hr><table class=gloss><tr class=mo><td>hadi</td><td>stesheni</td><td>si</td><td>mbali</td></tr><tr class=la><td>bis</td><td>KL9.Bahnhof</td><td>NEG.KOP</td><td>weit</td></tr></table><div class=klassen>stesheni Kl. 9/10 (Ø/n-) → stesheni — Numerus nur an der Konkordanz [Lehnwort]</div><div class=konkordanz>Kl.9: SUBJ i- · ADJ Ø/n- · GEN ya · DEM hii/ile · POSS y- · REL -yo</div><div class=hinweis>si verneint die Kopula ni</div>	A1 SD1 W weit
Basi haliendelei.	Der Bus fährt nicht weiter.<hr><table class=gloss><tr class=mo><td>basi</td><td>hali-endele-i</td></tr><tr class=la><td>KL5.Bus</td><td>KL5.NEG-weitergehen-NEG</td></tr></table><div class=klassen>basi Kl. 5/6 (ji-/Ø › ma-) → mabasi</div><div class=konkordanz>Kl.5: SUBJ li- · ADJ ji-/Ø · GEN la · DEM hili/lile · POSS l- · REL -lo</div><div class=hinweis>Negatives Subjektpräfix der Kl.5 lautet hali-</div>	A1 SD1 W weiter
Unataka kitabu kipi?	Welches Buch möchtest du?<hr><table class=gloss><tr class=mo><td>u-na-tak-a</td><td>ki-tabu</td><td>kipi</td></tr><tr class=la><td>2SG-PRÄS-wollen-IND</td><td>KL7-Buch</td><td>KL7.welche</td></tr></table><div class=klassen>kitabu Kl. 7/8 (ki- › vi-) → vitabu</div><div class=konkordanz>Kl.7: SUBJ ki- · ADJ ki- · GEN cha · DEM hiki/kile · POSS ch- · REL -cho</div><div class=hinweis>kipi kongruiert mit kitabu Kl.7</div>	A1 SD1 W welch
Kuna matatizo mengi duniani.	Es gibt viele Probleme auf der Welt.<hr><table class=gloss><tr class=mo><td>ku-na</td><td>ma-tatizo</td><td>m-engi</td><td>dunia-ni</td></tr><tr class=la><td>KL17-mit</td><td>KL6-Problem</td><td>KL6-viele</td><td>KL9.Welt-LOK</td></tr></table><div class=klassen>tatizo Kl. 5/6 (ji-/Ø › ma-) → matatizo</div><div class=konkordanz>Kl.5: SUBJ li- · ADJ ji-/Ø · GEN la · DEM hili/lile · POSS l- · REL -lo</div><div class=hinweis>Ortssuffix -ni an dunia Kl.9</div>	A1 SD1 W Welt
Kwa bahati mbaya nimeelewa kidogo tu.	Ich habe leider nur wenig verstanden.<hr><table class=gloss><tr class=mo><td>kwa</td><td>bahati</td><td>m-baya</td><td>ni-me-elew-a</td><td>ki-dogo</td><td>tu</td></tr><tr class=la><td>für</td><td>KL9.Glück</td><td>KL9-schlecht</td><td>1SG-PERF-verstehen-IND</td><td>KL7-klein</td><td>nur</td></tr></table><div class=klassen>bahati Kl. 9/10 (Ø/n-) → bahati — Numerus nur an der Konkordanz</div><div class=konkordanz>Kl.9: SUBJ i- · ADJ Ø/n- · GEN ya · DEM hii/ile · POSS y- · REL -yo</div><div class=hinweis>kidogo dient als Adverb &quot;wenig&quot;</div>	A1 SD1 W wenig
Anapata kidogo.	Er verdient wenig.<hr><table class=gloss><tr class=mo><td>a-na-pat-a</td><td>ki-dogo</td></tr><tr class=la><td>3SG-PRÄS-verdienen-IND</td><td>KL7-klein</td></tr></table><div class=konkordanz>Kl.7: SUBJ ki- · ADJ ki- · GEN cha · DEM hiki/kile · POSS ch- · REL -cho</div><div class=hinweis>kupata heißt bekommen und verdienen</div>	A1 SD1 W wenig
Huyu ni nani?	Wer ist das?<hr><table class=gloss><tr class=mo><td>huyu</td><td>ni</td><td>nani</td></tr><tr class=la><td>KL1.DEM</td><td>KOP</td><td>wer</td></tr></table><div class=konkordanz>Kl.1: SUBJ a- · ADJ m-/mw- · GEN wa · DEM huyu/yule · POSS w- · REL -ye</div><div class=hinweis>huyu für Personen, hii für Sachen der Kl.9</div>	A1 SD1 W wer
Mwana wangu anataka kuwa daktari.	Mein Sohn will Arzt werden.<hr><table class=gloss><tr class=mo><td>mw-ana</td><td>w-angu</td><td>a-na-tak-a</td><td>ku-w-a</td><td>daktari</td></tr><tr class=la><td>KL1-Sohn</td><td>KL1-mein</td><td>3SG-PRÄS-wollen-IND</td><td>KL15-werden-IND</td><td>KL5/KL1.Arzt</td></tr></table><div class=klassen>mwana Kl. 1/2 (m-/mw- › wa-) → wana · daktari Kl. 5/6 (ji-/Ø › ma-) → madaktari [Person: Form Kl. 5/6, Kongruenz Kl. 1/2]</div><div class=konkordanz>Kl.1: SUBJ a- · ADJ m-/mw- · GEN wa · DEM huyu/yule · POSS w- · REL -ye</div><div class=hinweis>kuwa heißt sein und werden</div>	A1 SD1 W werden
Tulikuwa na hali ya hewa mbaya.	Wir hatten schlechtes Wetter.<hr><table class=gloss><tr class=mo><td>tu-li-kuw-a</td><td>na</td><td>hali</td><td>y-a</td><td>hewa</td><td>m-baya</td></tr><tr class=la><td>1PL-PRÄT-sein-IND</td><td>mit</td><td>KL9.Lage</td><td>KL9-GEN</td><td>KL9.Luft</td><td>KL9-schlecht</td></tr></table><div class=klassen>hali ya hewa Kl. 9 (Ø/n-), kein Numeruswechsel [Genitivfuegung, kein Plural]</div><div class=konkordanz>Kl.9: SUBJ i- · ADJ Ø/n- · GEN ya · DEM hii/ile · POSS y- · REL -yo</div><div class=hinweis>Vergangenheit von haben ist kuwa na mit -li-</div>	A1 SD1 W Wetter
Fomu hii ni muhimu sana.	Dieses Formular ist sehr wichtig.<hr><table class=gloss><tr class=mo><td>fomu</td><td>hii</td><td>ni</td><td>muhimu</td><td>sana</td></tr><tr class=la><td>KL9.Formular</td><td>KL9.DEM</td><td>KOP</td><td>wichtig</td><td>sehr</td></tr></table><div class=klassen>fomu Kl. 9/10 (Ø/n-) → fomu — Numerus nur an der Konkordanz [Lehnwort]</div><div class=konkordanz>Kl.9: SUBJ i- · ADJ Ø/n- · GEN ya · DEM hii/ile · POSS y- · REL -yo</div><div class=hinweis>muhimu bleibt unverändert</div>	A1 SD1 W wichtig
Unaitwa nani?	Wie heißt du?<hr><table class=gloss><tr class=mo><td>u-na-it-w-a</td><td>nani</td></tr><tr class=la><td>2SG-PRÄS-nennen-PASS-IND</td><td>wer</td></tr></table><div class=hinweis>heißen steht stets im Passiv</div>	A1 SD1 W wie
Anaandika kama mtoto.	Er schreibt wie ein Kind.<hr><table class=gloss><tr class=mo><td>a-na-andik-a</td><td>kama</td><td>m-toto</td></tr><tr class=la><td>3SG-PRÄS-schreiben-IND</td><td>wie</td><td>KL1-Kind</td></tr></table><div class=klassen>mtoto Kl. 1/2 (m-/mw- › wa-) → watoto</div><div class=konkordanz>Kl.1: SUBJ a- · ADJ m-/mw- · GEN wa · DEM huyu/yule · POSS w- · REL -ye</div><div class=hinweis>kama bildet den Vergleich</div>	A1 SD1 W wie
Mke wangu ni mrefu kama mimi.	Meine Frau ist so groß wie ich.<hr><table class=gloss><tr class=mo><td>mke</td><td>w-angu</td><td>ni</td><td>m-refu</td><td>kama</td><td>mimi</td></tr><tr class=la><td>KL1.Ehefrau</td><td>KL1-mein</td><td>KOP</td><td>KL1-groß</td><td>wie</td><td>ich</td></tr></table><div class=klassen>mke Kl. 1/2 (m-/mw- › wa-) → wake [Ehemann = &quot;mume&quot; Kl. 1/2]</div><div class=konkordanz>Kl.1: SUBJ a- · ADJ m-/mw- · GEN wa · DEM huyu/yule · POSS w- · REL -ye</div><div class=hinweis>kama dient dem Gleichheitsvergleich</div>	A1 SD1 W wie
Nifanye hii vipi?	Wie soll ich das machen?<hr><table class=gloss><tr class=mo><td>ni-fany-e</td><td>hii</td><td>vipi</td></tr><tr class=la><td>1SG-tun-KONJ</td><td>KL9.DEM</td><td>wie</td></tr></table><div class=konkordanz>Kl.9: SUBJ i- · ADJ Ø/n- · GEN ya · DEM hii/ile · POSS y- · REL -yo</div><div class=hinweis>vipi fragt nach der Art und Weise</div>	A1 SD1 W wie
Nyumba ina ukubwa gani?	Wie groß ist die Wohnung?<hr><table class=gloss><tr class=mo><td>nyumba</td><td>i-na</td><td>ukubwa</td><td>gani</td></tr><tr class=la><td>KL9.Haus</td><td>KL9-haben</td><td>KL14.Größe</td><td>welche</td></tr></table><div class=klassen>nyumba Kl. 9/10 (Ø/n-) → nyumba — Numerus nur an der Konkordanz · ukubwa Kl. 14 (u-), kein Numeruswechsel [Abstraktum]</div><div class=konkordanz>Kl.9: SUBJ i- · ADJ Ø/n- · GEN ya · DEM hii/ile · POSS y- · REL -yo · Kl.14: SUBJ u- · ADJ m-/mw- · GEN wa · DEM huu/ule · POSS w- · REL -o</div><div class=hinweis>Größe haben statt groß sein</div>	A1 SD1 W wie
Samahani, vipi?	Wie bitte?<hr><table class=gloss><tr class=mo><td>samahani</td><td>vipi</td></tr><tr class=la><td>KL9.Entschuldigung</td><td>wie</td></tr></table><div class=konkordanz>Kl.9: SUBJ i- · ADJ Ø/n- · GEN ya · DEM hii/ile · POSS y- · REL -yo</div><div class=hinweis>vipi fragt auch nach dem Gesagten</div>	A1 SD1 W wie
Uko hapa kwa muda gani tayari?	Wie lange bist du schon hier?<hr><table class=gloss><tr class=mo><td>u-ko</td><td>hapa</td><td>kwa</td><td>muda</td><td>gani</td><td>tayari</td></tr><tr class=la><td>2SG-sein.da</td><td>hier</td><td>für</td><td>KL3.Zeit</td><td>welche</td><td>schon</td></tr></table><div class=klassen>muda Kl. 3/10 (m-/mw- › Ø/n-) → nyakati [Plural unregelmaessig]</div><div class=konkordanz>Kl.3: SUBJ u- · ADJ m-/mw- · GEN wa · DEM huu/ule · POSS w- · REL -o</div><div class=hinweis>muda gani fragt nach der Dauer</div>	A1 SD1 W wie
Mnaweza kurudia hii tafadhali?	Können Sie das bitte wiederholen?<hr><table class=gloss><tr class=mo><td>m-na-wez-a</td><td>ku-rudi-a</td><td>hii</td><td>tafadhali</td></tr><tr class=la><td>2PL-PRÄS-können-IND</td><td>KL15-wiederholen-IND</td><td>KL9.DEM</td><td>bitte</td></tr></table><div class=konkordanz>Kl.15: SUBJ ku- · ADJ ku- · GEN kwa · DEM huku/kule · POSS kw- · REL -ko · Kl.9: SUBJ i- · ADJ Ø/n- · GEN ya · DEM hii/ile · POSS y- · REL -yo</div><div class=hinweis>kurudia ist kurudi plus Applikativ</div>	A1 SD1 W wiederholen
Sasa lazima tumalize.	Wir müssen jetzt Schluss machen.<hr><table class=gloss><tr class=mo><td>sasa</td><td>lazima</td><td>tu-maliz-e</td></tr><tr class=la><td>jetzt</td><td>muss</td><td>1PL-beenden-KONJ</td></tr></table><div class=hinweis>Deutsches &quot;wir&quot; verlangt tu-, nicht ni-</div>	A1 SD1 W Wiederhören
Basi, kwaheri!	Also auf Wiederhören!<hr><table class=gloss><tr class=mo><td>basi</td><td>kwaheri</td></tr><tr class=la><td>also</td><td>auf.Wiederhören</td></tr></table><div class=klassen>basi Kl. 5/6 (ji-/Ø › ma-) → mabasi</div><div class=konkordanz>Kl.5: SUBJ li- · ADJ ji-/Ø · GEN la · DEM hili/lile · POSS l- · REL -lo</div><div class=hinweis>kwaheri gilt am Telefon und beim Abschied</div>	A1 SD1 W Wiederhören
Kwaheri!	Auf Wiedersehen!<hr><table class=gloss><tr class=mo><td>kwaheri</td></tr><tr class=la><td>auf.Wiedersehen</td></tr></table><div class=hinweis>kwaheri ist unveränderlich</div>	A1 SD1 W Wiedersehen
Mnachukua maziwa kiasi gani?	Wie viel Milch nehmen Sie?<hr><table class=gloss><tr class=mo><td>m-na-chuku-a</td><td>maziwa</td><td>kiasi</td><td>gani</td></tr><tr class=la><td>2PL-PRÄS-nehmen-IND</td><td>KL6.Milch</td><td>KL9.Menge</td><td>welche</td></tr></table><div class=klassen>maziwa Kl. 6 (ma-), kein Numeruswechsel [nur Plural]</div><div class=konkordanz>Kl.6: SUBJ ya- · ADJ ma- · GEN ya · DEM haya/yale · POSS y- · REL -yo</div><div class=hinweis>kiasi gani fragt nach der Menge</div>	A1 SD1 W wie_viel
Karibu sana!	Herzlich willkommen!<hr><table class=gloss><tr class=mo><td>karibu</td><td>sana</td></tr><tr class=la><td>willkommen</td><td>sehr</td></tr></table><div class=hinweis>karibu heißt willkommen und nahe</div>	A1 SD1 W willkommen
Upepo unatoka mashariki.	Der Wind kommt aus Osten.<hr><table class=gloss><tr class=mo><td>upepo</td><td>u-na-tok-a</td><td>mashariki</td></tr><tr class=la><td>KL11.Wind</td><td>KL11-PRÄS-kommen-IND</td><td>KL9.Osten</td></tr></table><div class=klassen>upepo Kl. 11/10 (u- › Ø/n-) → pepo</div><div class=konkordanz>Kl.11: SUBJ u- · ADJ m-/mw- · GEN wa · DEM huu/ule · POSS w- · REL -o</div><div class=hinweis>upepo Kl.11, Plural pepo Kl.10</div>	A1 SD1 W Wind
Tunasoma Kijerumani.	Wir lernen Deutsch.<hr><table class=gloss><tr class=mo><td>tu-na-som-a</td><td>Ki-jerumani</td></tr><tr class=la><td>1PL-PRÄS-lernen-IND</td><td>KL7-Deutsch</td></tr></table><div class=konkordanz>Kl.7: SUBJ ki- · ADJ ki- · GEN cha · DEM hiki/kile · POSS ch- · REL -cho</div><div class=hinweis>Sprachen tragen das ki- der Kl.7</div>	A1 SD1 W wir
Unajua anaitwa nani?	Weißt du, wie er heißt?<hr><table class=gloss><tr class=mo><td>u-na-ju-a</td><td>a-na-it-w-a</td><td>nani</td></tr><tr class=la><td>2SG-PRÄS-wissen-IND</td><td>3SG-PRÄS-nennen-PASS-IND</td><td>wer</td></tr></table><div class=hinweis>Indirekte Frage ohne Einleitewort</div>	A1 SD1 W wissen
Mlikuwa wapi likizoni?	Wo waren Sie im Urlaub?<hr><table class=gloss><tr class=mo><td>m-li-kuw-a</td><td>wapi</td><td>likizo-ni</td></tr><tr class=la><td>2PL-PRÄT-sein-IND</td><td>wo</td><td>KL9.Urlaub-LOK</td></tr></table><div class=konkordanz>Kl.9: SUBJ i- · ADJ Ø/n- · GEN ya · DEM hii/ile · POSS y- · REL -yo</div><div class=hinweis>Ortssuffix -ni an likizo Kl.9</div>	A1 SD1 W wo
Posta iko wapi?	Wo ist die Post?<hr><table class=gloss><tr class=mo><td>posta</td><td>i-ko</td><td>wapi</td></tr><tr class=la><td>KL9.Post</td><td>KL9-sein.da</td><td>wo</td></tr></table><div class=klassen>posta Kl. 9/10 (Ø/n-) → posta — Numerus nur an der Konkordanz [Lehnwort]</div><div class=konkordanz>Kl.9: SUBJ i- · ADJ Ø/n- · GEN ya · DEM hii/ile · POSS y- · REL -yo</div><div class=hinweis>iko fragt nach dem Ort einer Sache</div>	A1 SD1 W wo
Mlizaliwa wapi?	Wo sind Sie geboren?<hr><table class=gloss><tr class=mo><td>m-li-zali-w-a</td><td>wapi</td></tr><tr class=la><td>2PL-PRÄT-gebären-PASS-IND</td><td>wo</td></tr></table><div class=hinweis>Passiv Vergangenheit für die Geburt</div>	A1 SD1 W wo
Mnatoka wapi?	Woher kommen Sie?<hr><table class=gloss><tr class=mo><td>m-na-tok-a</td><td>wapi</td></tr><tr class=la><td>2PL-PRÄS-kommen-IND</td><td>wo</td></tr></table><div class=hinweis>wapi fragt nach Ort und Herkunft</div>	A1 SD1 W woher
Basi hili linakwenda wapi?	Wohin fährt dieser Bus?<hr><table class=gloss><tr class=mo><td>basi</td><td>hili</td><td>li-na-kwend-a</td><td>wapi</td></tr><tr class=la><td>KL5.Bus</td><td>KL5.DEM</td><td>KL5-PRÄS-gehen-IND</td><td>wo</td></tr></table><div class=klassen>basi Kl. 5/6 (ji-/Ø › ma-) → mabasi</div><div class=konkordanz>Kl.5: SUBJ li- · ADJ ji-/Ø · GEN la · DEM hili/lile · POSS l- · REL -lo</div><div class=hinweis>Bei kwenda bleibt das ku- im Stamm</div>	A1 SD1 W wohin
Mnataka kwenda wapi mwishoni wa wiki?	Wohin wollen Sie am Wochenende?<hr><table class=gloss><tr class=mo><td>m-na-tak-a</td><td>kw-end-a</td><td>wapi</td><td>mwisho-ni</td><td>w-a</td><td>wiki</td></tr><tr class=la><td>2PL-PRÄS-wollen-IND</td><td>KL15-gehen-IND</td><td>wo</td><td>KL3.Ende-LOK</td><td>KL3-GEN</td><td>KL9.Woche</td></tr></table><div class=konkordanz>Kl.15: SUBJ ku- · ADJ ku- · GEN kwa · DEM huku/kule · POSS kw- · REL -ko · Kl.3: SUBJ u- · ADJ m-/mw- · GEN wa · DEM huu/ule · POSS w- · REL -o</div><div class=hinweis>Wochenende als mwishoni wa wiki</div>	A1 SD1 W wohin
Nakaa München.	Ich wohne in München.<hr><table class=gloss><tr class=mo><td>na-ka-a</td><td>München</td></tr><tr class=la><td>1SG.PRÄS.ALLG-wohnen-IND</td><td>München</td></tr></table><div class=hinweis>Ortsnamen brauchen keine Präposition</div>	A1 SD1 W wohnen
Mnayo nyumba hii tangu lini?	Seit wann haben Sie diese Wohnung?<hr><table class=gloss><tr class=mo><td>m-na-yo</td><td>nyumba</td><td>hii</td><td>tangu</td><td>lini</td></tr><tr class=la><td>2PL-haben-REL9</td><td>KL9.Haus</td><td>KL9.DEM</td><td>seit</td><td>wann</td></tr></table><div class=klassen>nyumba Kl. 9/10 (Ø/n-) → nyumba — Numerus nur an der Konkordanz</div><div class=konkordanz>Kl.9: SUBJ i- · ADJ Ø/n- · GEN ya · DEM hii/ile · POSS y- · REL -yo</div><div class=hinweis>tangu lini fragt nach dem Beginn</div>	A1 SD1 W Wohnung
Mnataka kunywa kahawa?	Wollen Sie einen Kaffee trinken?<hr><table class=gloss><tr class=mo><td>m-na-tak-a</td><td>ku-nyw-a</td><td>kahawa</td></tr><tr class=la><td>2PL-PRÄS-wollen-IND</td><td>KL15-trinken-IND</td><td>KL9.Kaffee</td></tr></table><div class=klassen>kahawa Kl. 9/10 (Ø/n-) → kahawa — Numerus nur an der Konkordanz</div><div class=konkordanz>Kl.9: SUBJ i- · ADJ Ø/n- · GEN ya · DEM hii/ile · POSS y- · REL -yo</div><div class=hinweis>kunywa hat den unregelmäßigen Stamm nyw-</div>	A1 SD1 W wollen
Sijui neno hilo.	Ich kenne das Wort nicht.<hr><table class=gloss><tr class=mo><td>si-ju-i</td><td>neno</td><td>hilo</td></tr><tr class=la><td>1SG.NEG-wissen-NEG</td><td>KL5.Wort</td><td>KL5.DEM</td></tr></table><div class=klassen>neno Kl. 5/6 (ji-/Ø › ma-) → maneno</div><div class=konkordanz>Kl.5: SUBJ li- · ADJ ji-/Ø · GEN la · DEM hili/lile · POSS l- · REL -lo</div><div class=hinweis>hilo ist das Demonstrativ der Kl.5</div>	A1 SD1 W Wort
Chakula kinapendeza vizuri ajabu.	Das Essen schmeckt wunderbar.<hr><table class=gloss><tr class=mo><td>chakula</td><td>ki-na-pendez-a</td><td>vi-zuri</td><td>ajabu</td></tr><tr class=la><td>KL7.Essen</td><td>KL7-PRÄS-gefallen-IND</td><td>KL8-gut</td><td>KL9.Wunder</td></tr></table><div class=klassen>chakula Kl. 7/8 (ki- › vi-) → vyakula</div><div class=konkordanz>Kl.7: SUBJ ki- · ADJ ki- · GEN cha · DEM hiki/kile · POSS ch- · REL -cho</div><div class=hinweis>ajabu verstärkt zu &quot;wunderbar&quot;</div>	A1 SD1 W wunderbar
Kulipa, tafadhali!	Zahlen, bitte!<hr><table class=gloss><tr class=mo><td>ku-lip-a</td><td>tafadhali</td></tr><tr class=la><td>KL15-zahlen-IND</td><td>bitte</td></tr></table><div class=konkordanz>Kl.15: SUBJ ku- · ADJ ku- · GEN kwa · DEM huku/kule · POSS kw- · REL -ko</div><div class=hinweis>Infinitiv dient als höfliche Aufforderung</div>	A1 SD1 Z zahlen
Leo sina wakati.	Ich habe heute keine Zeit.<hr><table class=gloss><tr class=mo><td>leo</td><td>si-na</td><td>wakati</td></tr><tr class=la><td>heute</td><td>1SG.NEG-haben</td><td>KL11.Zeit</td></tr></table><div class=klassen>wakati Kl. 11/10 (u- › Ø/n-) → nyakati</div><div class=konkordanz>Kl.11: SUBJ u- · ADJ m-/mw- · GEN wa · DEM huu/ule · POSS w- · REL -o</div><div class=hinweis>sina ist die 1SG-Negation von nina</div>	A1 SD1 Z Zeit
Kwa sasa nina mengi ya kufanya.	Zurzeit habe ich sehr viel zu tun.<hr><table class=gloss><tr class=mo><td>kwa</td><td>sasa</td><td>ni-na</td><td>m-engi</td><td>y-a</td><td>ku-fany-a</td></tr><tr class=la><td>für</td><td>jetzt</td><td>1SG-haben</td><td>KL6-viel</td><td>KL6-GEN</td><td>KL15-tun-IND</td></tr></table><div class=konkordanz>Kl.6: SUBJ ya- · ADJ ma- · GEN ya · DEM haya/yale · POSS y- · REL -yo · Kl.15: SUBJ ku- · ADJ ku- · GEN kwa · DEM huku/kule · POSS kw- · REL -ko</div><div class=hinweis>mengi ist Kl.6 und steht für &quot;vieles&quot;</div>	A1 SD1 Z zurzeit
Napenda kusoma gazeti.	Ich lese gern Zeitung.<hr><table class=gloss><tr class=mo><td>na-pend-a</td><td>ku-som-a</td><td>gazeti</td></tr><tr class=la><td>1SG.PRÄS.ALLG-mögen-IND</td><td>KL15-lesen-IND</td><td>KL5.Zeitung</td></tr></table><div class=klassen>gazeti Kl. 5/6 (ji-/Ø › ma-) → magazeti</div><div class=konkordanz>Kl.5: SUBJ li- · ADJ ji-/Ø · GEN la · DEM hili/lile · POSS l- · REL -lo</div><div class=hinweis>gazeti Kl.5, Plural magazeti Kl.6</div>	A1 SD1 Z Zeitung
Sigara ni ghali kiasi gani?	Wie teuer sind die Zigaretten?<hr><table class=gloss><tr class=mo><td>sigara</td><td>ni</td><td>ghali</td><td>kiasi</td><td>gani</td></tr><tr class=la><td>KL10.Zigarette</td><td>KOP</td><td>teuer</td><td>KL9.Menge</td><td>welche</td></tr></table><div class=klassen>sigara Kl. 9/10 (Ø/n-) → sigara — Numerus nur an der Konkordanz [Lehnwort]</div><div class=konkordanz>Kl.9: SUBJ i- · ADJ Ø/n- · GEN ya · DEM hii/ile · POSS y- · REL -yo</div><div class=hinweis>sigara ist Kl.9 und Kl.10 gleich</div>	A1 SD1 Z Zigarette
Chumba ni kikubwa.	Das Zimmer ist groß.<hr><table class=gloss><tr class=mo><td>ki-umba</td><td>ni</td><td>ki-kubwa</td></tr><tr class=la><td>KL7-Zimmer</td><td>KOP</td><td>KL7-groß</td></tr></table><div class=klassen>chumba Kl. 7/8 (ki- › vi-) → vyumba</div><div class=konkordanz>Kl.7: SUBJ ki- · ADJ ki- · GEN cha · DEM hiki/kile · POSS ch- · REL -cho</div><div class=hinweis>kikubwa kongruiert mit chumba Kl.7</div>	A1 SD1 Z Zimmer
Tafadhali fungua dirisha kwenye chumba cha kulala!	Öffne im Schlafzimmer das Fenster, bitte!<hr><table class=gloss><tr class=mo><td>tafadhali</td><td>fungu-a</td><td>dirisha</td><td>kwenye</td><td>ki-umba</td><td>ch-a</td><td>ku-lal-a</td></tr><tr class=la><td>bitte</td><td>öffnen-IMP</td><td>KL5.Fenster</td><td>an</td><td>KL7-Zimmer</td><td>KL7-GEN</td><td>KL15-schlafen-IND</td></tr></table><div class=klassen>chumba Kl. 7/8 (ki- › vi-) → vyumba</div><div class=konkordanz>Kl.7: SUBJ ki- · ADJ ki- · GEN cha · DEM hiki/kile · POSS ch- · REL -cho</div><div class=hinweis>Schlafzimmer als chumba cha kulala</div>	A1 SD1 Z Zimmer
Nyumba ina vyumba vitatu.	Die Wohnung hat drei Zimmer.<hr><table class=gloss><tr class=mo><td>nyumba</td><td>i-na</td><td>vy-umba</td><td>vi-tatu</td></tr><tr class=la><td>KL9.Haus</td><td>KL9-haben</td><td>KL8-Zimmer</td><td>KL8-drei</td></tr></table><div class=klassen>nyumba Kl. 9/10 (Ø/n-) → nyumba — Numerus nur an der Konkordanz · chumba Kl. 7/8 (ki- › vi-) → vyumba</div><div class=konkordanz>Kl.9: SUBJ i- · ADJ Ø/n- · GEN ya · DEM hii/ile · POSS y- · REL -yo · Kl.7: SUBJ ki- · ADJ ki- · GEN cha · DEM hiki/kile · POSS ch- · REL -cho</div><div class=hinweis>vitatu trägt das Kl.8-Präfix</div>	A1 SD1 Z Zimmer
Nimeagiza chumba.	Ich habe ein Zimmer bestellt.<hr><table class=gloss><tr class=mo><td>ni-me-agiz-a</td><td>ki-umba</td></tr><tr class=la><td>1SG-PERF-bestellen-IND</td><td>KL7-Zimmer</td></tr></table><div class=klassen>chumba Kl. 7/8 (ki- › vi-) → vyumba</div><div class=konkordanz>Kl.7: SUBJ ki- · ADJ ki- · GEN cha · DEM hiki/kile · POSS ch- · REL -cho</div><div class=hinweis>kuagiza bestellt Waren und Zimmer</div>	A1 SD1 Z Zimmer
Lazima tupite forodha bado.	Wir müssen noch durch den Zoll.<hr><table class=gloss><tr class=mo><td>lazima</td><td>tu-pit-e</td><td>forodha</td><td>bado</td></tr><tr class=la><td>muss</td><td>1PL-gehen-KONJ</td><td>KL9.Zoll</td><td>noch</td></tr></table><div class=klassen>forodha Kl. 9/10 (Ø/n-) → forodha — Numerus nur an der Konkordanz</div><div class=konkordanz>Kl.9: SUBJ i- · ADJ Ø/n- · GEN ya · DEM hii/ile · POSS y- · REL -yo</div><div class=hinweis>kupita geht durch, kuvuka überquert</div>	A1 SD1 Z Zoll
Basi linakwenda stesheni.	Der Bus fährt zum Bahnhof.<hr><table class=gloss><tr class=mo><td>basi</td><td>li-na-kwend-a</td><td>stesheni</td></tr><tr class=la><td>KL5.Bus</td><td>KL5-PRÄS-gehen-IND</td><td>KL9.Bahnhof</td></tr></table><div class=klassen>basi Kl. 5/6 (ji-/Ø › ma-) → mabasi · stesheni Kl. 9/10 (Ø/n-) → stesheni — Numerus nur an der Konkordanz [Lehnwort]</div><div class=konkordanz>Kl.5: SUBJ li- · ADJ ji-/Ø · GEN la · DEM hili/lile · POSS l- · REL -lo · Kl.9: SUBJ i- · ADJ Ø/n- · GEN ya · DEM hii/ile · POSS y- · REL -yo</div><div class=hinweis>Ziel ohne Präposition nach kwenda</div>	A1 SD1 Z zu
Naenda kwa miguu.	Ich gehe zu Fuß.<hr><table class=gloss><tr class=mo><td>na-end-a</td><td>kwa</td><td>mi-guu</td></tr><tr class=la><td>1SG.PRÄS.ALLG-gehen-IND</td><td>mit</td><td>KL4-Fuß</td></tr></table><div class=klassen>mguu Kl. 3/4 (m-/mw- › mi-) → miguu</div><div class=konkordanz>Kl.3: SUBJ u- · ADJ m-/mw- · GEN wa · DEM huu/ule · POSS w- · REL -o</div><div class=hinweis>zu Fuß = kwa miguu, &quot;mit den Füßen&quot;</div>	A1 SD1 Z zu
Niko nyumbani.	Ich bin zu Hause.<hr><table class=gloss><tr class=mo><td>ni-ko</td><td>nyumbani</td></tr><tr class=la><td>1SG-sein.da</td><td>KL9.Haus.LOK</td></tr></table><div class=konkordanz>Kl.9: SUBJ i- · ADJ Ø/n- · GEN ya · DEM hii/ile · POSS y- · REL -yo</div><div class=hinweis>nyumbani deckt &quot;zu Hause&quot; und &quot;nach Hause&quot; ab</div>	A1 SD1 Z zu
Nimeridhika na nyumba.	Ich bin mit der Wohnung zufrieden.<hr><table class=gloss><tr class=mo><td>ni-me-ridhik-a</td><td>na</td><td>nyumba</td></tr><tr class=la><td>1SG-PERF-zufrieden.sein-IND</td><td>mit</td><td>KL9.Haus</td></tr></table><div class=klassen>nyumba Kl. 9/10 (Ø/n-) → nyumba — Numerus nur an der Konkordanz</div><div class=konkordanz>Kl.9: SUBJ i- · ADJ Ø/n- · GEN ya · DEM hii/ile · POSS y- · REL -yo</div><div class=hinweis>Stativ -ik- plus Perfekt für einen Zustand</div>	A1 SD1 Z zufrieden
Napenda kusafiri kwa treni.	Ich fahre gern mit dem Zug.<hr><table class=gloss><tr class=mo><td>na-pend-a</td><td>ku-safiri</td><td>kwa</td><td>treni</td></tr><tr class=la><td>1SG.PRÄS.ALLG-mögen-IND</td><td>KL15-reisen</td><td>mit</td><td>KL9.Zug</td></tr></table><div class=klassen>treni Kl. 9/10 (Ø/n-) → treni — Numerus nur an der Konkordanz [Lehnwort]</div><div class=konkordanz>Kl.9: SUBJ i- · ADJ Ø/n- · GEN ya · DEM hii/ile · POSS y- · REL -yo</div><div class=hinweis>kwa bezeichnet das Verkehrsmittel</div>	A1 SD1 Z Zug
Frankfurt kwenda na kurudi, mara moja.	Einmal Frankfurt und zurück.<hr><table class=gloss><tr class=mo><td>Frankfurt</td><td>kw-end-a</td><td>na</td><td>ku-rudi</td><td>mara</td><td>moja</td></tr><tr class=la><td>Frankfurt</td><td>KL15-gehen-IND</td><td>und</td><td>KL15-zurückkehren</td><td>KL9.Mal</td><td>eins</td></tr></table><div class=konkordanz>Kl.15: SUBJ ku- · ADJ ku- · GEN kwa · DEM huku/kule · POSS kw- · REL -ko · Kl.9: SUBJ i- · ADJ Ø/n- · GEN ya · DEM hii/ile · POSS y- · REL -yo</div><div class=hinweis>Hin und zurück als kwenda na kurudi</div>	A1 SD1 Z zurück
Unarudi lini?	Wann kommst du zurück?<hr><table class=gloss><tr class=mo><td>u-na-rudi</td><td>lini</td></tr><tr class=la><td>2SG-PRÄS-zurückkehren</td><td>wann</td></tr></table><div class=hinweis>kurudi ist arabisches Lehnverb auf -i</div>	A1 SD1 Z zurück
Tuende kula pamoja?	Sollen wir zusammen essen gehen?<hr><table class=gloss><tr class=mo><td>tu-end-e</td><td>ku-kul-a</td><td>pamoja</td></tr><tr class=la><td>1PL-gehen-KONJ</td><td>KL15-essen-IND</td><td>zusammen</td></tr></table><div class=konkordanz>Kl.15: SUBJ ku- · ADJ ku- · GEN kwa · DEM huku/kule · POSS kw- · REL -ko</div><div class=hinweis>Konjunktiv plus Infinitiv als Vorschlag</div>	A1 SD1 Z zusammen
Hiyo ni Euro mbili na senti themanini kwa pamoja.	Das macht zusammen 2 Euro 80.<hr><table class=gloss><tr class=mo><td>hiyo</td><td>ni</td><td>Euro</td><td>mbili</td><td>na</td><td>senti</td><td>themanini</td><td>kwa</td><td>pamoja</td></tr><tr class=la><td>KL9.DEM</td><td>KOP</td><td>Euro</td><td>zwei</td><td>und</td><td>KL9.Cent</td><td>achtzig</td><td>für</td><td>zusammen</td></tr></table><div class=konkordanz>Kl.9: SUBJ i- · ADJ Ø/n- · GEN ya · DEM hii/ile · POSS y- · REL -yo</div><div class=hinweis>achtzig = themanini</div>	A1 SD1 Z zusammen
Heidelberg iko kati ya Frankfurt na Stuttgart.	Heidelberg liegt zwischen Frankfurt und Stuttgart.<hr><table class=gloss><tr class=mo><td>Heidelberg</td><td>i-ko</td><td>kati</td><td>y-a</td><td>Frankfurt</td><td>na</td><td>Stuttgart</td></tr><tr class=la><td>Heidelberg</td><td>KL9-sein.da</td><td>zwischen</td><td>KL9-GEN</td><td>Frankfurt</td><td>und</td><td>Stuttgart</td></tr></table><div class=klassen>kati Kl. 9 (Ø/n-), kein Numeruswechsel [kein Plural]</div><div class=konkordanz>Kl.9: SUBJ i- · ADJ Ø/n- · GEN ya · DEM hii/ile · POSS y- · REL -yo</div><div class=hinweis>kati ya verlangt den Genitiv</div>	A1 SD1 Z zwischen
Kati ya saa mbili na saa nne niko nyumbani.	Zwischen 8 und 10 Uhr bin ich zu Hause.<hr><table class=gloss><tr class=mo><td>kati</td><td>y-a</td><td>saa</td><td>mbili</td><td>na</td><td>saa</td><td>nne</td><td>ni-ko</td><td>nyumbani</td></tr><tr class=la><td>zwischen</td><td>KL9-GEN</td><td>KL9.Stunde</td><td>zwei</td><td>und</td><td>KL9.Stunde</td><td>vier</td><td>1SG-sein.da</td><td>KL9.Haus.LOK</td></tr></table><div class=klassen>kati Kl. 9 (Ø/n-), kein Numeruswechsel [kein Plural] · saa Kl. 9/10 (Ø/n-) → saa — Numerus nur an der Konkordanz [auch &quot;Uhr&quot;]</div><div class=konkordanz>Kl.9: SUBJ i- · ADJ Ø/n- · GEN ya · DEM hii/ile · POSS y- · REL -yo</div><div class=hinweis>saa mbili = 8 Uhr, saa nne = 10 Uhr</div>	A1 SD1 Z zwischen
Nina mtoto mzuri. ⁄⁄ Nina watoto wazuri.	Ich habe ein gutes Kind. ⁄⁄ Ich habe gute Kinder.<hr><table class=gloss><tr class=mo><td>ni-na</td><td>mtoto</td><td>m-zuri</td></tr><tr class=la><td>1SG-haben</td><td>KL1.Kind</td><td>KL1-gut</td></tr></table><table class=gloss><tr class=mo><td>ni-na</td><td>watoto</td><td>wa-zuri</td></tr><tr class=la><td>1SG-haben</td><td>KL2.Kind</td><td>KL2-gut</td></tr></table><div class=klassen>mtoto Kl. 1/2 (m-/mw- › wa-) → watoto</div><div class=konkordanz>Kl.1: SUBJ a- · ADJ m-/mw- · GEN wa · DEM huyu/yule · POSS w- · REL -ye · Kl.2: SUBJ wa- · ADJ wa- · GEN wa · DEM hawa/wale · POSS w- · REL -o</div><div class=hinweis>mtoto mzuri → watoto wazuri — Adjektiv wechselt mit: mzuri → wazuri</div>	A1 SD1 kontrast numerus kl1 kl2
Nina mwalimu mzuri. ⁄⁄ Nina walimu wazuri.	Ich habe einen guten Lehrer. ⁄⁄ Ich habe gute Lehrer.<hr><table class=gloss><tr class=mo><td>ni-na</td><td>mwalimu</td><td>m-zuri</td></tr><tr class=la><td>1SG-haben</td><td>KL1.Lehrer</td><td>KL1-gut</td></tr></table><table class=gloss><tr class=mo><td>ni-na</td><td>walimu</td><td>wa-zuri</td></tr><tr class=la><td>1SG-haben</td><td>KL2.Lehrer</td><td>KL2-gut</td></tr></table><div class=klassen>mwalimu Kl. 1/2 (m-/mw- › wa-) → walimu</div><div class=konkordanz>Kl.1: SUBJ a- · ADJ m-/mw- · GEN wa · DEM huyu/yule · POSS w- · REL -ye · Kl.2: SUBJ wa- · ADJ wa- · GEN wa · DEM hawa/wale · POSS w- · REL -o</div><div class=hinweis>mwalimu mzuri → walimu wazuri — Adjektiv wechselt mit: mzuri → wazuri</div>	A1 SD1 kontrast numerus kl1 kl2
Nina mgeni mzuri. ⁄⁄ Nina wageni wazuri.	Ich habe einen guten Gast. ⁄⁄ Ich habe gute Gäste.<hr><table class=gloss><tr class=mo><td>ni-na</td><td>mgeni</td><td>m-zuri</td></tr><tr class=la><td>1SG-haben</td><td>KL1.Gast</td><td>KL1-gut</td></tr></table><table class=gloss><tr class=mo><td>ni-na</td><td>wageni</td><td>wa-zuri</td></tr><tr class=la><td>1SG-haben</td><td>KL2.Gast</td><td>KL2-gut</td></tr></table><div class=klassen>mgeni Kl. 1/2 (m-/mw- › wa-) → wageni</div><div class=konkordanz>Kl.1: SUBJ a- · ADJ m-/mw- · GEN wa · DEM huyu/yule · POSS w- · REL -ye · Kl.2: SUBJ wa- · ADJ wa- · GEN wa · DEM hawa/wale · POSS w- · REL -o</div><div class=hinweis>mgeni mzuri → wageni wazuri — Adjektiv wechselt mit: mzuri → wazuri</div>	A1 SD1 kontrast numerus kl1 kl2
Nina mti mzuri. ⁄⁄ Nina miti mizuri.	Ich habe einen guten Baum. ⁄⁄ Ich habe gute Bäume.<hr><table class=gloss><tr class=mo><td>ni-na</td><td>mti</td><td>m-zuri</td></tr><tr class=la><td>1SG-haben</td><td>KL3.Baum</td><td>KL3-gut</td></tr></table><table class=gloss><tr class=mo><td>ni-na</td><td>miti</td><td>mi-zuri</td></tr><tr class=la><td>1SG-haben</td><td>KL4.Baum</td><td>KL4-gut</td></tr></table><div class=klassen>mti Kl. 3/4 (m-/mw- › mi-) → miti</div><div class=konkordanz>Kl.3: SUBJ u- · ADJ m-/mw- · GEN wa · DEM huu/ule · POSS w- · REL -o · Kl.4: SUBJ i- · ADJ mi- · GEN ya · DEM hii/ile · POSS y- · REL -yo</div><div class=hinweis>mti mzuri → miti mizuri — Adjektiv wechselt mit: mzuri → mizuri</div>	A1 SD1 kontrast numerus kl3 kl4
Nina mkate mzuri. ⁄⁄ Nina mikate mizuri.	Ich habe ein gutes Brot. ⁄⁄ Ich habe gute Brote.<hr><table class=gloss><tr class=mo><td>ni-na</td><td>mkate</td><td>m-zuri</td></tr><tr class=la><td>1SG-haben</td><td>KL3.Brot</td><td>KL3-gut</td></tr></table><table class=gloss><tr class=mo><td>ni-na</td><td>mikate</td><td>mi-zuri</td></tr><tr class=la><td>1SG-haben</td><td>KL4.Brot</td><td>KL4-gut</td></tr></table><div class=klassen>mkate Kl. 3/4 (m-/mw- › mi-) → mikate</div><div class=konkordanz>Kl.3: SUBJ u- · ADJ m-/mw- · GEN wa · DEM huu/ule · POSS w- · REL -o · Kl.4: SUBJ i- · ADJ mi- · GEN ya · DEM hii/ile · POSS y- · REL -yo</div><div class=hinweis>mkate mzuri → mikate mizuri — Adjektiv wechselt mit: mzuri → mizuri</div>	A1 SD1 kontrast numerus kl3 kl4
Nina mji mzuri. ⁄⁄ Nina miji mizuri.	Ich habe eine gute Stadt. ⁄⁄ Ich habe gute Städte.<hr><table class=gloss><tr class=mo><td>ni-na</td><td>mji</td><td>m-zuri</td></tr><tr class=la><td>1SG-haben</td><td>KL3.Stadt</td><td>KL3-gut</td></tr></table><table class=gloss><tr class=mo><td>ni-na</td><td>miji</td><td>mi-zuri</td></tr><tr class=la><td>1SG-haben</td><td>KL4.Stadt</td><td>KL4-gut</td></tr></table><div class=klassen>mji Kl. 3/4 (m-/mw- › mi-) → miji</div><div class=konkordanz>Kl.3: SUBJ u- · ADJ m-/mw- · GEN wa · DEM huu/ule · POSS w- · REL -o · Kl.4: SUBJ i- · ADJ mi- · GEN ya · DEM hii/ile · POSS y- · REL -yo</div><div class=hinweis>mji mzuri → miji mizuri — Adjektiv wechselt mit: mzuri → mizuri</div>	A1 SD1 kontrast numerus kl3 kl4
Nina gari zuri. ⁄⁄ Nina magari mazuri.	Ich habe ein gutes Auto. ⁄⁄ Ich habe gute Autos.<hr><table class=gloss><tr class=mo><td>ni-na</td><td>gari</td><td>zuri</td></tr><tr class=la><td>1SG-haben</td><td>KL5.Auto</td><td>KL5.gut</td></tr></table><table class=gloss><tr class=mo><td>ni-na</td><td>magari</td><td>ma-zuri</td></tr><tr class=la><td>1SG-haben</td><td>KL6.Auto</td><td>KL6-gut</td></tr></table><div class=klassen>gari Kl. 5/6 (ji-/Ø › ma-) → magari</div><div class=konkordanz>Kl.5: SUBJ li- · ADJ ji-/Ø · GEN la · DEM hili/lile · POSS l- · REL -lo · Kl.6: SUBJ ya- · ADJ ma- · GEN ya · DEM haya/yale · POSS y- · REL -yo</div><div class=hinweis>gari zuri → magari mazuri — Kl. 5 hat Nullpräfix</div>	A1 SD1 kontrast numerus kl5 kl6
Nina duka zuri. ⁄⁄ Nina maduka mazuri.	Ich habe einen guten Laden. ⁄⁄ Ich habe gute Läden.<hr><table class=gloss><tr class=mo><td>ni-na</td><td>duka</td><td>zuri</td></tr><tr class=la><td>1SG-haben</td><td>KL5.Laden</td><td>KL5.gut</td></tr></table><table class=gloss><tr class=mo><td>ni-na</td><td>maduka</td><td>ma-zuri</td></tr><tr class=la><td>1SG-haben</td><td>KL6.Laden</td><td>KL6-gut</td></tr></table><div class=klassen>duka Kl. 5/6 (ji-/Ø › ma-) → maduka</div><div class=konkordanz>Kl.5: SUBJ li- · ADJ ji-/Ø · GEN la · DEM hili/lile · POSS l- · REL -lo · Kl.6: SUBJ ya- · ADJ ma- · GEN ya · DEM haya/yale · POSS y- · REL -yo</div><div class=hinweis>duka zuri → maduka mazuri — Kl. 5 hat Nullpräfix</div>	A1 SD1 kontrast numerus kl5 kl6
Nina jina zuri. ⁄⁄ Nina majina mazuri.	Ich habe einen guten Namen. ⁄⁄ Ich habe gute Namen.<hr><table class=gloss><tr class=mo><td>ni-na</td><td>jina</td><td>zuri</td></tr><tr class=la><td>1SG-haben</td><td>KL5.Name</td><td>KL5.gut</td></tr></table><table class=gloss><tr class=mo><td>ni-na</td><td>majina</td><td>ma-zuri</td></tr><tr class=la><td>1SG-haben</td><td>KL6.Name</td><td>KL6-gut</td></tr></table><div class=klassen>jina Kl. 5/6 (ji-/Ø › ma-) → majina</div><div class=konkordanz>Kl.5: SUBJ li- · ADJ ji-/Ø · GEN la · DEM hili/lile · POSS l- · REL -lo · Kl.6: SUBJ ya- · ADJ ma- · GEN ya · DEM haya/yale · POSS y- · REL -yo</div><div class=hinweis>jina zuri → majina mazuri — Kl. 5 hat Nullpräfix</div>	A1 SD1 kontrast numerus kl5 kl6
Nina kitabu kizuri. ⁄⁄ Nina vitabu vizuri.	Ich habe ein gutes Buch. ⁄⁄ Ich habe gute Bücher.<hr><table class=gloss><tr class=mo><td>ni-na</td><td>kitabu</td><td>ki-zuri</td></tr><tr class=la><td>1SG-haben</td><td>KL7.Buch</td><td>KL7-gut</td></tr></table><table class=gloss><tr class=mo><td>ni-na</td><td>vitabu</td><td>vi-zuri</td></tr><tr class=la><td>1SG-haben</td><td>KL8.Buch</td><td>KL8-gut</td></tr></table><div class=klassen>kitabu Kl. 7/8 (ki- › vi-) → vitabu</div><div class=konkordanz>Kl.7: SUBJ ki- · ADJ ki- · GEN cha · DEM hiki/kile · POSS ch- · REL -cho · Kl.8: SUBJ vi- · ADJ vi- · GEN vya · DEM hivi/vile · POSS vy- · REL -vyo</div><div class=hinweis>kitabu kizuri → vitabu vizuri — Adjektiv wechselt mit: kizuri → vizuri</div>	A1 SD1 kontrast numerus kl7 kl8
Nina kiti kizuri. ⁄⁄ Nina viti vizuri.	Ich habe einen guten Stuhl. ⁄⁄ Ich habe gute Stühle.<hr><table class=gloss><tr class=mo><td>ni-na</td><td>kiti</td><td>ki-zuri</td></tr><tr class=la><td>1SG-haben</td><td>KL7.Stuhl</td><td>KL7-gut</td></tr></table><table class=gloss><tr class=mo><td>ni-na</td><td>viti</td><td>vi-zuri</td></tr><tr class=la><td>1SG-haben</td><td>KL8.Stuhl</td><td>KL8-gut</td></tr></table><div class=klassen>kiti Kl. 7/8 (ki- › vi-) → viti</div><div class=konkordanz>Kl.7: SUBJ ki- · ADJ ki- · GEN cha · DEM hiki/kile · POSS ch- · REL -cho · Kl.8: SUBJ vi- · ADJ vi- · GEN vya · DEM hivi/vile · POSS vy- · REL -vyo</div><div class=hinweis>kiti kizuri → viti vizuri — Adjektiv wechselt mit: kizuri → vizuri</div>	A1 SD1 kontrast numerus kl7 kl8
Nina chumba kizuri. ⁄⁄ Nina vyumba vizuri.	Ich habe ein gutes Zimmer. ⁄⁄ Ich habe gute Zimmer.<hr><table class=gloss><tr class=mo><td>ni-na</td><td>chumba</td><td>ki-zuri</td></tr><tr class=la><td>1SG-haben</td><td>KL7.Zimmer</td><td>KL7-gut</td></tr></table><table class=gloss><tr class=mo><td>ni-na</td><td>vyumba</td><td>vi-zuri</td></tr><tr class=la><td>1SG-haben</td><td>KL8.Zimmer</td><td>KL8-gut</td></tr></table><div class=klassen>chumba Kl. 7/8 (ki- › vi-) → vyumba</div><div class=konkordanz>Kl.7: SUBJ ki- · ADJ ki- · GEN cha · DEM hiki/kile · POSS ch- · REL -cho · Kl.8: SUBJ vi- · ADJ vi- · GEN vya · DEM hivi/vile · POSS vy- · REL -vyo</div><div class=hinweis>chumba kizuri → vyumba vizuri — Adjektiv wechselt mit: kizuri → vizuri</div>	A1 SD1 kontrast numerus kl7 kl8
Barua hii ni nzuri. ⁄⁄ Barua hizi ni nzuri.	Dieser Brief ist gut. ⁄⁄ Diese Briefe sind gut.<hr><table class=gloss><tr class=mo><td>barua</td><td>hii</td><td>ni</td><td>n-zuri</td></tr><tr class=la><td>KL9.Brief</td><td>KL9.DEM</td><td>KOP</td><td>KL9-gut</td></tr></table><table class=gloss><tr class=mo><td>barua</td><td>hizi</td><td>ni</td><td>n-zuri</td></tr><tr class=la><td>KL10.Brief</td><td>KL10.DEM</td><td>KOP</td><td>KL10-gut</td></tr></table><div class=klassen>barua Kl. 9/10 (Ø/n-) → barua — Numerus nur an der Konkordanz</div><div class=konkordanz>Kl.9: SUBJ i- · ADJ Ø/n- · GEN ya · DEM hii/ile · POSS y- · REL -yo · Kl.10: SUBJ zi- · ADJ Ø/n- · GEN za · DEM hizi/zile · POSS z- · REL -zo</div><div class=hinweis>hii → hizi — Weder Nomen noch Adjektiv zeigen den Numerus — nur das Demonstrativ tut es. Das ist die Eigenart der Kl. 9/10.</div>	A1 SD1 kontrast numerus kl9 kl10
Nyumba hii ni nzuri. ⁄⁄ Nyumba hizi ni nzuri.	Dieses Haus ist gut. ⁄⁄ Diese Häuser sind gut.<hr><table class=gloss><tr class=mo><td>nyumba</td><td>hii</td><td>ni</td><td>n-zuri</td></tr><tr class=la><td>KL9.Haus</td><td>KL9.DEM</td><td>KOP</td><td>KL9-gut</td></tr></table><table class=gloss><tr class=mo><td>nyumba</td><td>hizi</td><td>ni</td><td>n-zuri</td></tr><tr class=la><td>KL10.Haus</td><td>KL10.DEM</td><td>KOP</td><td>KL10-gut</td></tr></table><div class=klassen>nyumba Kl. 9/10 (Ø/n-) → nyumba — Numerus nur an der Konkordanz</div><div class=konkordanz>Kl.9: SUBJ i- · ADJ Ø/n- · GEN ya · DEM hii/ile · POSS y- · REL -yo · Kl.10: SUBJ zi- · ADJ Ø/n- · GEN za · DEM hizi/zile · POSS z- · REL -zo</div><div class=hinweis>hii → hizi — Weder Nomen noch Adjektiv zeigen den Numerus — nur das Demonstrativ tut es. Das ist die Eigenart der Kl. 9/10.</div>	A1 SD1 kontrast numerus kl9 kl10
Simu hii ni nzuri. ⁄⁄ Simu hizi ni nzuri.	Dieses Telefon ist gut. ⁄⁄ Diese Telefone sind gut.<hr><table class=gloss><tr class=mo><td>simu</td><td>hii</td><td>ni</td><td>n-zuri</td></tr><tr class=la><td>KL9.Telefon</td><td>KL9.DEM</td><td>KOP</td><td>KL9-gut</td></tr></table><table class=gloss><tr class=mo><td>simu</td><td>hizi</td><td>ni</td><td>n-zuri</td></tr><tr class=la><td>KL10.Telefon</td><td>KL10.DEM</td><td>KOP</td><td>KL10-gut</td></tr></table><div class=klassen>simu Kl. 9/10 (Ø/n-) → simu — Numerus nur an der Konkordanz</div><div class=konkordanz>Kl.9: SUBJ i- · ADJ Ø/n- · GEN ya · DEM hii/ile · POSS y- · REL -yo · Kl.10: SUBJ zi- · ADJ Ø/n- · GEN za · DEM hizi/zile · POSS z- · REL -zo</div><div class=hinweis>hii → hizi — Weder Nomen noch Adjektiv zeigen den Numerus — nur das Demonstrativ tut es. Das ist die Eigenart der Kl. 9/10.</div>	A1 SD1 kontrast numerus kl9 kl10
Nina ufunguo mzuri. ⁄⁄ Nina funguo nzuri.	Ich habe einen guten Schlüssel. ⁄⁄ Ich habe gute Schlüssel.<hr><table class=gloss><tr class=mo><td>ni-na</td><td>ufunguo</td><td>m-zuri</td></tr><tr class=la><td>1SG-haben</td><td>KL11.Schlüssel</td><td>KL11-gut</td></tr></table><table class=gloss><tr class=mo><td>ni-na</td><td>funguo</td><td>n-zuri</td></tr><tr class=la><td>1SG-haben</td><td>KL10.Schlüssel</td><td>KL10-gut</td></tr></table><div class=klassen>ufunguo Kl. 11/10 (u- › Ø/n-) → funguo</div><div class=konkordanz>Kl.11: SUBJ u- · ADJ m-/mw- · GEN wa · DEM huu/ule · POSS w- · REL -o · Kl.10: SUBJ zi- · ADJ Ø/n- · GEN za · DEM hizi/zile · POSS z- · REL -zo</div><div class=hinweis>ufunguo mzuri → funguo nzuri — Adjektiv wechselt mit: mzuri → nzuri</div>	A1 SD1 kontrast numerus kl11 kl10
Nina wimbo mzuri. ⁄⁄ Nina nyimbo nzuri.	Ich habe ein gutes Lied. ⁄⁄ Ich habe gute Lieder.<hr><table class=gloss><tr class=mo><td>ni-na</td><td>wimbo</td><td>m-zuri</td></tr><tr class=la><td>1SG-haben</td><td>KL11.Lied</td><td>KL11-gut</td></tr></table><table class=gloss><tr class=mo><td>ni-na</td><td>nyimbo</td><td>n-zuri</td></tr><tr class=la><td>1SG-haben</td><td>KL10.Lied</td><td>KL10-gut</td></tr></table><div class=klassen>wimbo Kl. 11/10 (u- › Ø/n-) → nyimbo</div><div class=konkordanz>Kl.11: SUBJ u- · ADJ m-/mw- · GEN wa · DEM huu/ule · POSS w- · REL -o · Kl.10: SUBJ zi- · ADJ Ø/n- · GEN za · DEM hizi/zile · POSS z- · REL -zo</div><div class=hinweis>wimbo mzuri → nyimbo nzuri — Adjektiv wechselt mit: mzuri → nzuri</div>	A1 SD1 kontrast numerus kl11 kl10
Nina ukuta mzuri. ⁄⁄ Nina kuta nzuri.	Ich habe eine gute Wand. ⁄⁄ Ich habe gute Wände.<hr><table class=gloss><tr class=mo><td>ni-na</td><td>ukuta</td><td>m-zuri</td></tr><tr class=la><td>1SG-haben</td><td>KL11.Wand</td><td>KL11-gut</td></tr></table><table class=gloss><tr class=mo><td>ni-na</td><td>kuta</td><td>n-zuri</td></tr><tr class=la><td>1SG-haben</td><td>KL10.Wand</td><td>KL10-gut</td></tr></table><div class=klassen>ukuta Kl. 11/10 (u- › Ø/n-) → kuta</div><div class=konkordanz>Kl.11: SUBJ u- · ADJ m-/mw- · GEN wa · DEM huu/ule · POSS w- · REL -o · Kl.10: SUBJ zi- · ADJ Ø/n- · GEN za · DEM hizi/zile · POSS z- · REL -zo</div><div class=hinweis>ukuta mzuri → kuta nzuri — Adjektiv wechselt mit: mzuri → nzuri</div>	A1 SD1 kontrast numerus kl11 kl10
Nina mtoto mdogo. ⁄⁄ Nina watoto wadogo.	Ich habe ein kleines Kind. ⁄⁄ Ich habe kleine Kinder.<hr><table class=gloss><tr class=mo><td>ni-na</td><td>mtoto</td><td>m-dogo</td></tr><tr class=la><td>1SG-haben</td><td>KL1.Kind</td><td>KL1-klein</td></tr></table><table class=gloss><tr class=mo><td>ni-na</td><td>watoto</td><td>wa-dogo</td></tr><tr class=la><td>1SG-haben</td><td>KL2.Kind</td><td>KL2-klein</td></tr></table><div class=klassen>mtoto Kl. 1/2 (m-/mw- › wa-) → watoto</div><div class=konkordanz>Kl.1: SUBJ a- · ADJ m-/mw- · GEN wa · DEM huyu/yule · POSS w- · REL -ye · Kl.2: SUBJ wa- · ADJ wa- · GEN wa · DEM hawa/wale · POSS w- · REL -o</div><div class=hinweis>mtoto mdogo → watoto wadogo — Adjektiv wechselt mit: mdogo → wadogo</div>	A1 SD1 kontrast numerus kl1 kl2
Nina mwalimu mdogo. ⁄⁄ Nina walimu wadogo.	Ich habe einen kleinen Lehrer. ⁄⁄ Ich habe kleine Lehrer.<hr><table class=gloss><tr class=mo><td>ni-na</td><td>mwalimu</td><td>m-dogo</td></tr><tr class=la><td>1SG-haben</td><td>KL1.Lehrer</td><td>KL1-klein</td></tr></table><table class=gloss><tr class=mo><td>ni-na</td><td>walimu</td><td>wa-dogo</td></tr><tr class=la><td>1SG-haben</td><td>KL2.Lehrer</td><td>KL2-klein</td></tr></table><div class=klassen>mwalimu Kl. 1/2 (m-/mw- › wa-) → walimu</div><div class=konkordanz>Kl.1: SUBJ a- · ADJ m-/mw- · GEN wa · DEM huyu/yule · POSS w- · REL -ye · Kl.2: SUBJ wa- · ADJ wa- · GEN wa · DEM hawa/wale · POSS w- · REL -o</div><div class=hinweis>mwalimu mdogo → walimu wadogo — Adjektiv wechselt mit: mdogo → wadogo</div>	A1 SD1 kontrast numerus kl1 kl2
Nina mgeni mdogo. ⁄⁄ Nina wageni wadogo.	Ich habe einen kleinen Gast. ⁄⁄ Ich habe kleine Gäste.<hr><table class=gloss><tr class=mo><td>ni-na</td><td>mgeni</td><td>m-dogo</td></tr><tr class=la><td>1SG-haben</td><td>KL1.Gast</td><td>KL1-klein</td></tr></table><table class=gloss><tr class=mo><td>ni-na</td><td>wageni</td><td>wa-dogo</td></tr><tr class=la><td>1SG-haben</td><td>KL2.Gast</td><td>KL2-klein</td></tr></table><div class=klassen>mgeni Kl. 1/2 (m-/mw- › wa-) → wageni</div><div class=konkordanz>Kl.1: SUBJ a- · ADJ m-/mw- · GEN wa · DEM huyu/yule · POSS w- · REL -ye · Kl.2: SUBJ wa- · ADJ wa- · GEN wa · DEM hawa/wale · POSS w- · REL -o</div><div class=hinweis>mgeni mdogo → wageni wadogo — Adjektiv wechselt mit: mdogo → wadogo</div>	A1 SD1 kontrast numerus kl1 kl2
Nina mti mdogo. ⁄⁄ Nina miti midogo.	Ich habe einen kleinen Baum. ⁄⁄ Ich habe kleine Bäume.<hr><table class=gloss><tr class=mo><td>ni-na</td><td>mti</td><td>m-dogo</td></tr><tr class=la><td>1SG-haben</td><td>KL3.Baum</td><td>KL3-klein</td></tr></table><table class=gloss><tr class=mo><td>ni-na</td><td>miti</td><td>mi-dogo</td></tr><tr class=la><td>1SG-haben</td><td>KL4.Baum</td><td>KL4-klein</td></tr></table><div class=klassen>mti Kl. 3/4 (m-/mw- › mi-) → miti</div><div class=konkordanz>Kl.3: SUBJ u- · ADJ m-/mw- · GEN wa · DEM huu/ule · POSS w- · REL -o · Kl.4: SUBJ i- · ADJ mi- · GEN ya · DEM hii/ile · POSS y- · REL -yo</div><div class=hinweis>mti mdogo → miti midogo — Adjektiv wechselt mit: mdogo → midogo</div>	A1 SD1 kontrast numerus kl3 kl4
Nina mkate mdogo. ⁄⁄ Nina mikate midogo.	Ich habe ein kleines Brot. ⁄⁄ Ich habe kleine Brote.<hr><table class=gloss><tr class=mo><td>ni-na</td><td>mkate</td><td>m-dogo</td></tr><tr class=la><td>1SG-haben</td><td>KL3.Brot</td><td>KL3-klein</td></tr></table><table class=gloss><tr class=mo><td>ni-na</td><td>mikate</td><td>mi-dogo</td></tr><tr class=la><td>1SG-haben</td><td>KL4.Brot</td><td>KL4-klein</td></tr></table><div class=klassen>mkate Kl. 3/4 (m-/mw- › mi-) → mikate</div><div class=konkordanz>Kl.3: SUBJ u- · ADJ m-/mw- · GEN wa · DEM huu/ule · POSS w- · REL -o · Kl.4: SUBJ i- · ADJ mi- · GEN ya · DEM hii/ile · POSS y- · REL -yo</div><div class=hinweis>mkate mdogo → mikate midogo — Adjektiv wechselt mit: mdogo → midogo</div>	A1 SD1 kontrast numerus kl3 kl4
Nina mji mdogo. ⁄⁄ Nina miji midogo.	Ich habe eine kleine Stadt. ⁄⁄ Ich habe kleine Städte.<hr><table class=gloss><tr class=mo><td>ni-na</td><td>mji</td><td>m-dogo</td></tr><tr class=la><td>1SG-haben</td><td>KL3.Stadt</td><td>KL3-klein</td></tr></table><table class=gloss><tr class=mo><td>ni-na</td><td>miji</td><td>mi-dogo</td></tr><tr class=la><td>1SG-haben</td><td>KL4.Stadt</td><td>KL4-klein</td></tr></table><div class=klassen>mji Kl. 3/4 (m-/mw- › mi-) → miji</div><div class=konkordanz>Kl.3: SUBJ u- · ADJ m-/mw- · GEN wa · DEM huu/ule · POSS w- · REL -o · Kl.4: SUBJ i- · ADJ mi- · GEN ya · DEM hii/ile · POSS y- · REL -yo</div><div class=hinweis>mji mdogo → miji midogo — Adjektiv wechselt mit: mdogo → midogo</div>	A1 SD1 kontrast numerus kl3 kl4
Nina gari dogo. ⁄⁄ Nina magari madogo.	Ich habe ein kleines Auto. ⁄⁄ Ich habe kleine Autos.<hr><table class=gloss><tr class=mo><td>ni-na</td><td>gari</td><td>dogo</td></tr><tr class=la><td>1SG-haben</td><td>KL5.Auto</td><td>KL5.klein</td></tr></table><table class=gloss><tr class=mo><td>ni-na</td><td>magari</td><td>ma-dogo</td></tr><tr class=la><td>1SG-haben</td><td>KL6.Auto</td><td>KL6-klein</td></tr></table><div class=klassen>gari Kl. 5/6 (ji-/Ø › ma-) → magari</div><div class=konkordanz>Kl.5: SUBJ li- · ADJ ji-/Ø · GEN la · DEM hili/lile · POSS l- · REL -lo · Kl.6: SUBJ ya- · ADJ ma- · GEN ya · DEM haya/yale · POSS y- · REL -yo</div><div class=hinweis>gari dogo → magari madogo — Adjektiv wechselt mit: dogo → madogo</div>	A1 SD1 kontrast numerus kl5 kl6
Nina duka dogo. ⁄⁄ Nina maduka madogo.	Ich habe einen kleinen Laden. ⁄⁄ Ich habe kleine Läden.<hr><table class=gloss><tr class=mo><td>ni-na</td><td>duka</td><td>dogo</td></tr><tr class=la><td>1SG-haben</td><td>KL5.Laden</td><td>KL5.klein</td></tr></table><table class=gloss><tr class=mo><td>ni-na</td><td>maduka</td><td>ma-dogo</td></tr><tr class=la><td>1SG-haben</td><td>KL6.Laden</td><td>KL6-klein</td></tr></table><div class=klassen>duka Kl. 5/6 (ji-/Ø › ma-) → maduka</div><div class=konkordanz>Kl.5: SUBJ li- · ADJ ji-/Ø · GEN la · DEM hili/lile · POSS l- · REL -lo · Kl.6: SUBJ ya- · ADJ ma- · GEN ya · DEM haya/yale · POSS y- · REL -yo</div><div class=hinweis>duka dogo → maduka madogo — Adjektiv wechselt mit: dogo → madogo</div>	A1 SD1 kontrast numerus kl5 kl6
Nina jina dogo. ⁄⁄ Nina majina madogo.	Ich habe einen kleinen Namen. ⁄⁄ Ich habe kleine Namen.<hr><table class=gloss><tr class=mo><td>ni-na</td><td>jina</td><td>dogo</td></tr><tr class=la><td>1SG-haben</td><td>KL5.Name</td><td>KL5.klein</td></tr></table><table class=gloss><tr class=mo><td>ni-na</td><td>majina</td><td>ma-dogo</td></tr><tr class=la><td>1SG-haben</td><td>KL6.Name</td><td>KL6-klein</td></tr></table><div class=klassen>jina Kl. 5/6 (ji-/Ø › ma-) → majina</div><div class=konkordanz>Kl.5: SUBJ li- · ADJ ji-/Ø · GEN la · DEM hili/lile · POSS l- · REL -lo · Kl.6: SUBJ ya- · ADJ ma- · GEN ya · DEM haya/yale · POSS y- · REL -yo</div><div class=hinweis>jina dogo → majina madogo — Adjektiv wechselt mit: dogo → madogo</div>	A1 SD1 kontrast numerus kl5 kl6
Nina kitabu kidogo. ⁄⁄ Nina vitabu vidogo.	Ich habe ein kleines Buch. ⁄⁄ Ich habe kleine Bücher.<hr><table class=gloss><tr class=mo><td>ni-na</td><td>kitabu</td><td>ki-dogo</td></tr><tr class=la><td>1SG-haben</td><td>KL7.Buch</td><td>KL7-klein</td></tr></table><table class=gloss><tr class=mo><td>ni-na</td><td>vitabu</td><td>vi-dogo</td></tr><tr class=la><td>1SG-haben</td><td>KL8.Buch</td><td>KL8-klein</td></tr></table><div class=klassen>kitabu Kl. 7/8 (ki- › vi-) → vitabu</div><div class=konkordanz>Kl.7: SUBJ ki- · ADJ ki- · GEN cha · DEM hiki/kile · POSS ch- · REL -cho · Kl.8: SUBJ vi- · ADJ vi- · GEN vya · DEM hivi/vile · POSS vy- · REL -vyo</div><div class=hinweis>kitabu kidogo → vitabu vidogo — Adjektiv wechselt mit: kidogo → vidogo</div>	A1 SD1 kontrast numerus kl7 kl8
Nina kiti kidogo. ⁄⁄ Nina viti vidogo.	Ich habe einen kleinen Stuhl. ⁄⁄ Ich habe kleine Stühle.<hr><table class=gloss><tr class=mo><td>ni-na</td><td>kiti</td><td>ki-dogo</td></tr><tr class=la><td>1SG-haben</td><td>KL7.Stuhl</td><td>KL7-klein</td></tr></table><table class=gloss><tr class=mo><td>ni-na</td><td>viti</td><td>vi-dogo</td></tr><tr class=la><td>1SG-haben</td><td>KL8.Stuhl</td><td>KL8-klein</td></tr></table><div class=klassen>kiti Kl. 7/8 (ki- › vi-) → viti</div><div class=konkordanz>Kl.7: SUBJ ki- · ADJ ki- · GEN cha · DEM hiki/kile · POSS ch- · REL -cho · Kl.8: SUBJ vi- · ADJ vi- · GEN vya · DEM hivi/vile · POSS vy- · REL -vyo</div><div class=hinweis>kiti kidogo → viti vidogo — Adjektiv wechselt mit: kidogo → vidogo</div>	A1 SD1 kontrast numerus kl7 kl8
Nina chumba kidogo. ⁄⁄ Nina vyumba vidogo.	Ich habe ein kleines Zimmer. ⁄⁄ Ich habe kleine Zimmer.<hr><table class=gloss><tr class=mo><td>ni-na</td><td>chumba</td><td>ki-dogo</td></tr><tr class=la><td>1SG-haben</td><td>KL7.Zimmer</td><td>KL7-klein</td></tr></table><table class=gloss><tr class=mo><td>ni-na</td><td>vyumba</td><td>vi-dogo</td></tr><tr class=la><td>1SG-haben</td><td>KL8.Zimmer</td><td>KL8-klein</td></tr></table><div class=klassen>chumba Kl. 7/8 (ki- › vi-) → vyumba</div><div class=konkordanz>Kl.7: SUBJ ki- · ADJ ki- · GEN cha · DEM hiki/kile · POSS ch- · REL -cho · Kl.8: SUBJ vi- · ADJ vi- · GEN vya · DEM hivi/vile · POSS vy- · REL -vyo</div><div class=hinweis>chumba kidogo → vyumba vidogo — Adjektiv wechselt mit: kidogo → vidogo</div>	A1 SD1 kontrast numerus kl7 kl8
Barua hii ni ndogo. ⁄⁄ Barua hizi ni ndogo.	Dieser Brief ist klein. ⁄⁄ Diese Briefe sind klein.<hr><table class=gloss><tr class=mo><td>barua</td><td>hii</td><td>ni</td><td>n-dogo</td></tr><tr class=la><td>KL9.Brief</td><td>KL9.DEM</td><td>KOP</td><td>KL9-klein</td></tr></table><table class=gloss><tr class=mo><td>barua</td><td>hizi</td><td>ni</td><td>n-dogo</td></tr><tr class=la><td>KL10.Brief</td><td>KL10.DEM</td><td>KOP</td><td>KL10-klein</td></tr></table><div class=klassen>barua Kl. 9/10 (Ø/n-) → barua — Numerus nur an der Konkordanz</div><div class=konkordanz>Kl.9: SUBJ i- · ADJ Ø/n- · GEN ya · DEM hii/ile · POSS y- · REL -yo · Kl.10: SUBJ zi- · ADJ Ø/n- · GEN za · DEM hizi/zile · POSS z- · REL -zo</div><div class=hinweis>hii → hizi — Weder Nomen noch Adjektiv zeigen den Numerus — nur das Demonstrativ tut es. Das ist die Eigenart der Kl. 9/10.</div>	A1 SD1 kontrast numerus kl9 kl10
Nyumba hii ni ndogo. ⁄⁄ Nyumba hizi ni ndogo.	Dieses Haus ist klein. ⁄⁄ Diese Häuser sind klein.<hr><table class=gloss><tr class=mo><td>nyumba</td><td>hii</td><td>ni</td><td>n-dogo</td></tr><tr class=la><td>KL9.Haus</td><td>KL9.DEM</td><td>KOP</td><td>KL9-klein</td></tr></table><table class=gloss><tr class=mo><td>nyumba</td><td>hizi</td><td>ni</td><td>n-dogo</td></tr><tr class=la><td>KL10.Haus</td><td>KL10.DEM</td><td>KOP</td><td>KL10-klein</td></tr></table><div class=klassen>nyumba Kl. 9/10 (Ø/n-) → nyumba — Numerus nur an der Konkordanz</div><div class=konkordanz>Kl.9: SUBJ i- · ADJ Ø/n- · GEN ya · DEM hii/ile · POSS y- · REL -yo · Kl.10: SUBJ zi- · ADJ Ø/n- · GEN za · DEM hizi/zile · POSS z- · REL -zo</div><div class=hinweis>hii → hizi — Weder Nomen noch Adjektiv zeigen den Numerus — nur das Demonstrativ tut es. Das ist die Eigenart der Kl. 9/10.</div>	A1 SD1 kontrast numerus kl9 kl10
Simu hii ni ndogo. ⁄⁄ Simu hizi ni ndogo.	Dieses Telefon ist klein. ⁄⁄ Diese Telefone sind klein.<hr><table class=gloss><tr class=mo><td>simu</td><td>hii</td><td>ni</td><td>n-dogo</td></tr><tr class=la><td>KL9.Telefon</td><td>KL9.DEM</td><td>KOP</td><td>KL9-klein</td></tr></table><table class=gloss><tr class=mo><td>simu</td><td>hizi</td><td>ni</td><td>n-dogo</td></tr><tr class=la><td>KL10.Telefon</td><td>KL10.DEM</td><td>KOP</td><td>KL10-klein</td></tr></table><div class=klassen>simu Kl. 9/10 (Ø/n-) → simu — Numerus nur an der Konkordanz</div><div class=konkordanz>Kl.9: SUBJ i- · ADJ Ø/n- · GEN ya · DEM hii/ile · POSS y- · REL -yo · Kl.10: SUBJ zi- · ADJ Ø/n- · GEN za · DEM hizi/zile · POSS z- · REL -zo</div><div class=hinweis>hii → hizi — Weder Nomen noch Adjektiv zeigen den Numerus — nur das Demonstrativ tut es. Das ist die Eigenart der Kl. 9/10.</div>	A1 SD1 kontrast numerus kl9 kl10
Nina ufunguo mdogo. ⁄⁄ Nina funguo ndogo.	Ich habe einen kleinen Schlüssel. ⁄⁄ Ich habe kleine Schlüssel.<hr><table class=gloss><tr class=mo><td>ni-na</td><td>ufunguo</td><td>m-dogo</td></tr><tr class=la><td>1SG-haben</td><td>KL11.Schlüssel</td><td>KL11-klein</td></tr></table><table class=gloss><tr class=mo><td>ni-na</td><td>funguo</td><td>n-dogo</td></tr><tr class=la><td>1SG-haben</td><td>KL10.Schlüssel</td><td>KL10-klein</td></tr></table><div class=klassen>ufunguo Kl. 11/10 (u- › Ø/n-) → funguo</div><div class=konkordanz>Kl.11: SUBJ u- · ADJ m-/mw- · GEN wa · DEM huu/ule · POSS w- · REL -o · Kl.10: SUBJ zi- · ADJ Ø/n- · GEN za · DEM hizi/zile · POSS z- · REL -zo</div><div class=hinweis>ufunguo mdogo → funguo ndogo — Adjektiv wechselt mit: mdogo → ndogo</div>	A1 SD1 kontrast numerus kl11 kl10
Nina wimbo mdogo. ⁄⁄ Nina nyimbo ndogo.	Ich habe ein kleines Lied. ⁄⁄ Ich habe kleine Lieder.<hr><table class=gloss><tr class=mo><td>ni-na</td><td>wimbo</td><td>m-dogo</td></tr><tr class=la><td>1SG-haben</td><td>KL11.Lied</td><td>KL11-klein</td></tr></table><table class=gloss><tr class=mo><td>ni-na</td><td>nyimbo</td><td>n-dogo</td></tr><tr class=la><td>1SG-haben</td><td>KL10.Lied</td><td>KL10-klein</td></tr></table><div class=klassen>wimbo Kl. 11/10 (u- › Ø/n-) → nyimbo</div><div class=konkordanz>Kl.11: SUBJ u- · ADJ m-/mw- · GEN wa · DEM huu/ule · POSS w- · REL -o · Kl.10: SUBJ zi- · ADJ Ø/n- · GEN za · DEM hizi/zile · POSS z- · REL -zo</div><div class=hinweis>wimbo mdogo → nyimbo ndogo — Adjektiv wechselt mit: mdogo → ndogo</div>	A1 SD1 kontrast numerus kl11 kl10
Nina ukuta mdogo. ⁄⁄ Nina kuta ndogo.	Ich habe eine kleine Wand. ⁄⁄ Ich habe kleine Wände.<hr><table class=gloss><tr class=mo><td>ni-na</td><td>ukuta</td><td>m-dogo</td></tr><tr class=la><td>1SG-haben</td><td>KL11.Wand</td><td>KL11-klein</td></tr></table><table class=gloss><tr class=mo><td>ni-na</td><td>kuta</td><td>n-dogo</td></tr><tr class=la><td>1SG-haben</td><td>KL10.Wand</td><td>KL10-klein</td></tr></table><div class=klassen>ukuta Kl. 11/10 (u- › Ø/n-) → kuta</div><div class=konkordanz>Kl.11: SUBJ u- · ADJ m-/mw- · GEN wa · DEM huu/ule · POSS w- · REL -o · Kl.10: SUBJ zi- · ADJ Ø/n- · GEN za · DEM hizi/zile · POSS z- · REL -zo</div><div class=hinweis>ukuta mdogo → kuta ndogo — Adjektiv wechselt mit: mdogo → ndogo</div>	A1 SD1 kontrast numerus kl11 kl10
mtoto mkubwa huyu wa mwalimu ⁄⁄ watoto wakubwa hawa wa mwalimu	Dieses große Kind des Lehrers ⁄⁄ Diese großen Kinder des Lehrers<hr><table class=gloss><tr class=mo><td>mtoto</td><td>m-kubwa</td><td>huyu</td><td>w-a</td><td>mw-alimu</td></tr><tr class=la><td>KL1.Kind</td><td>KL1-groß</td><td>KL1.DEM</td><td>KL1-GEN</td><td>KL1-Lehrer</td></tr></table><table class=gloss><tr class=mo><td>watoto</td><td>wa-kubwa</td><td>hawa</td><td>w-a</td><td>mw-alimu</td></tr><tr class=la><td>KL2.Kind</td><td>KL2-groß</td><td>KL2.DEM</td><td>KL2-GEN</td><td>KL1-Lehrer</td></tr></table><div class=klassen>mtoto Kl. 1/2 (m-/mw- › wa-) → watoto</div><div class=konkordanz>Kl.1: SUBJ a- · ADJ m-/mw- · GEN wa · DEM huyu/yule · POSS w- · REL -ye · Kl.2: SUBJ wa- · ADJ wa- · GEN wa · DEM hawa/wale · POSS w- · REL -o</div><div class=hinweis>mkubwa huyu wa → wakubwa hawa wa — Adjektiv, Demonstrativ und Genitiv wechseln gemeinsam — die Klasse steuert das ganze Satzgefüge</div>	A1 SD1 kontrast kaskade kl1 kl2
mwalimu mkubwa huyu wa mwalimu ⁄⁄ walimu wakubwa hawa wa mwalimu	Dieser große Lehrer des Lehrers ⁄⁄ Diese großen Lehrer des Lehrers<hr><table class=gloss><tr class=mo><td>mwalimu</td><td>m-kubwa</td><td>huyu</td><td>w-a</td><td>mw-alimu</td></tr><tr class=la><td>KL1.Lehrer</td><td>KL1-groß</td><td>KL1.DEM</td><td>KL1-GEN</td><td>KL1-Lehrer</td></tr></table><table class=gloss><tr class=mo><td>walimu</td><td>wa-kubwa</td><td>hawa</td><td>w-a</td><td>mw-alimu</td></tr><tr class=la><td>KL2.Lehrer</td><td>KL2-groß</td><td>KL2.DEM</td><td>KL2-GEN</td><td>KL1-Lehrer</td></tr></table><div class=klassen>mwalimu Kl. 1/2 (m-/mw- › wa-) → walimu</div><div class=konkordanz>Kl.1: SUBJ a- · ADJ m-/mw- · GEN wa · DEM huyu/yule · POSS w- · REL -ye · Kl.2: SUBJ wa- · ADJ wa- · GEN wa · DEM hawa/wale · POSS w- · REL -o</div><div class=hinweis>mkubwa huyu wa → wakubwa hawa wa — Adjektiv, Demonstrativ und Genitiv wechseln gemeinsam — die Klasse steuert das ganze Satzgefüge</div>	A1 SD1 kontrast kaskade kl1 kl2
mgeni mkubwa huyu wa mwalimu ⁄⁄ wageni wakubwa hawa wa mwalimu	Dieser große Gast des Lehrers ⁄⁄ Diese großen Gäste des Lehrers<hr><table class=gloss><tr class=mo><td>mgeni</td><td>m-kubwa</td><td>huyu</td><td>w-a</td><td>mw-alimu</td></tr><tr class=la><td>KL1.Gast</td><td>KL1-groß</td><td>KL1.DEM</td><td>KL1-GEN</td><td>KL1-Lehrer</td></tr></table><table class=gloss><tr class=mo><td>wageni</td><td>wa-kubwa</td><td>hawa</td><td>w-a</td><td>mw-alimu</td></tr><tr class=la><td>KL2.Gast</td><td>KL2-groß</td><td>KL2.DEM</td><td>KL2-GEN</td><td>KL1-Lehrer</td></tr></table><div class=klassen>mgeni Kl. 1/2 (m-/mw- › wa-) → wageni</div><div class=konkordanz>Kl.1: SUBJ a- · ADJ m-/mw- · GEN wa · DEM huyu/yule · POSS w- · REL -ye · Kl.2: SUBJ wa- · ADJ wa- · GEN wa · DEM hawa/wale · POSS w- · REL -o</div><div class=hinweis>mkubwa huyu wa → wakubwa hawa wa — Adjektiv, Demonstrativ und Genitiv wechseln gemeinsam — die Klasse steuert das ganze Satzgefüge</div>	A1 SD1 kontrast kaskade kl1 kl2
mti mkubwa huu wa mwalimu ⁄⁄ miti mikubwa hii ya mwalimu	Dieser große Baum des Lehrers ⁄⁄ Diese großen Bäume des Lehrers<hr><table class=gloss><tr class=mo><td>mti</td><td>m-kubwa</td><td>huu</td><td>w-a</td><td>mw-alimu</td></tr><tr class=la><td>KL3.Baum</td><td>KL3-groß</td><td>KL3.DEM</td><td>KL3-GEN</td><td>KL1-Lehrer</td></tr></table><table class=gloss><tr class=mo><td>miti</td><td>mi-kubwa</td><td>hii</td><td>y-a</td><td>mw-alimu</td></tr><tr class=la><td>KL4.Baum</td><td>KL4-groß</td><td>KL4.DEM</td><td>KL4-GEN</td><td>KL1-Lehrer</td></tr></table><div class=klassen>mti Kl. 3/4 (m-/mw- › mi-) → miti</div><div class=konkordanz>Kl.3: SUBJ u- · ADJ m-/mw- · GEN wa · DEM huu/ule · POSS w- · REL -o · Kl.4: SUBJ i- · ADJ mi- · GEN ya · DEM hii/ile · POSS y- · REL -yo</div><div class=hinweis>mkubwa huu wa → mikubwa hii ya — Adjektiv, Demonstrativ und Genitiv wechseln gemeinsam — die Klasse steuert das ganze Satzgefüge</div>	A1 SD1 kontrast kaskade kl3 kl4
mkate mkubwa huu wa mwalimu ⁄⁄ mikate mikubwa hii ya mwalimu	Dieses große Brot des Lehrers ⁄⁄ Diese großen Brote des Lehrers<hr><table class=gloss><tr class=mo><td>mkate</td><td>m-kubwa</td><td>huu</td><td>w-a</td><td>mw-alimu</td></tr><tr class=la><td>KL3.Brot</td><td>KL3-groß</td><td>KL3.DEM</td><td>KL3-GEN</td><td>KL1-Lehrer</td></tr></table><table class=gloss><tr class=mo><td>mikate</td><td>mi-kubwa</td><td>hii</td><td>y-a</td><td>mw-alimu</td></tr><tr class=la><td>KL4.Brot</td><td>KL4-groß</td><td>KL4.DEM</td><td>KL4-GEN</td><td>KL1-Lehrer</td></tr></table><div class=klassen>mkate Kl. 3/4 (m-/mw- › mi-) → mikate</div><div class=konkordanz>Kl.3: SUBJ u- · ADJ m-/mw- · GEN wa · DEM huu/ule · POSS w- · REL -o · Kl.4: SUBJ i- · ADJ mi- · GEN ya · DEM hii/ile · POSS y- · REL -yo</div><div class=hinweis>mkubwa huu wa → mikubwa hii ya — Adjektiv, Demonstrativ und Genitiv wechseln gemeinsam — die Klasse steuert das ganze Satzgefüge</div>	A1 SD1 kontrast kaskade kl3 kl4
mji mkubwa huu wa mwalimu ⁄⁄ miji mikubwa hii ya mwalimu	Diese große Stadt des Lehrers ⁄⁄ Diese großen Städte des Lehrers<hr><table class=gloss><tr class=mo><td>mji</td><td>m-kubwa</td><td>huu</td><td>w-a</td><td>mw-alimu</td></tr><tr class=la><td>KL3.Stadt</td><td>KL3-groß</td><td>KL3.DEM</td><td>KL3-GEN</td><td>KL1-Lehrer</td></tr></table><table class=gloss><tr class=mo><td>miji</td><td>mi-kubwa</td><td>hii</td><td>y-a</td><td>mw-alimu</td></tr><tr class=la><td>KL4.Stadt</td><td>KL4-groß</td><td>KL4.DEM</td><td>KL4-GEN</td><td>KL1-Lehrer</td></tr></table><div class=klassen>mji Kl. 3/4 (m-/mw- › mi-) → miji</div><div class=konkordanz>Kl.3: SUBJ u- · ADJ m-/mw- · GEN wa · DEM huu/ule · POSS w- · REL -o · Kl.4: SUBJ i- · ADJ mi- · GEN ya · DEM hii/ile · POSS y- · REL -yo</div><div class=hinweis>mkubwa huu wa → mikubwa hii ya — Adjektiv, Demonstrativ und Genitiv wechseln gemeinsam — die Klasse steuert das ganze Satzgefüge</div>	A1 SD1 kontrast kaskade kl3 kl4
gari kubwa hili la mwalimu ⁄⁄ magari makubwa haya ya mwalimu	Dieses große Auto des Lehrers ⁄⁄ Diese großen Autos des Lehrers<hr><table class=gloss><tr class=mo><td>gari</td><td>kubwa</td><td>hili</td><td>l-a</td><td>mw-alimu</td></tr><tr class=la><td>KL5.Auto</td><td>KL5.groß</td><td>KL5.DEM</td><td>KL5-GEN</td><td>KL1-Lehrer</td></tr></table><table class=gloss><tr class=mo><td>magari</td><td>ma-kubwa</td><td>haya</td><td>y-a</td><td>mw-alimu</td></tr><tr class=la><td>KL6.Auto</td><td>KL6-groß</td><td>KL6.DEM</td><td>KL6-GEN</td><td>KL1-Lehrer</td></tr></table><div class=klassen>gari Kl. 5/6 (ji-/Ø › ma-) → magari</div><div class=konkordanz>Kl.5: SUBJ li- · ADJ ji-/Ø · GEN la · DEM hili/lile · POSS l- · REL -lo · Kl.6: SUBJ ya- · ADJ ma- · GEN ya · DEM haya/yale · POSS y- · REL -yo</div><div class=hinweis>kubwa hili la → makubwa haya ya — Adjektiv, Demonstrativ und Genitiv wechseln gemeinsam — die Klasse steuert das ganze Satzgefüge</div>	A1 SD1 kontrast kaskade kl5 kl6
duka kubwa hili la mwalimu ⁄⁄ maduka makubwa haya ya mwalimu	Dieser große Laden des Lehrers ⁄⁄ Diese großen Läden des Lehrers<hr><table class=gloss><tr class=mo><td>duka</td><td>kubwa</td><td>hili</td><td>l-a</td><td>mw-alimu</td></tr><tr class=la><td>KL5.Laden</td><td>KL5.groß</td><td>KL5.DEM</td><td>KL5-GEN</td><td>KL1-Lehrer</td></tr></table><table class=gloss><tr class=mo><td>maduka</td><td>ma-kubwa</td><td>haya</td><td>y-a</td><td>mw-alimu</td></tr><tr class=la><td>KL6.Laden</td><td>KL6-groß</td><td>KL6.DEM</td><td>KL6-GEN</td><td>KL1-Lehrer</td></tr></table><div class=klassen>duka Kl. 5/6 (ji-/Ø › ma-) → maduka</div><div class=konkordanz>Kl.5: SUBJ li- · ADJ ji-/Ø · GEN la · DEM hili/lile · POSS l- · REL -lo · Kl.6: SUBJ ya- · ADJ ma- · GEN ya · DEM haya/yale · POSS y- · REL -yo</div><div class=hinweis>kubwa hili la → makubwa haya ya — Adjektiv, Demonstrativ und Genitiv wechseln gemeinsam — die Klasse steuert das ganze Satzgefüge</div>	A1 SD1 kontrast kaskade kl5 kl6
jina kubwa hili la mwalimu ⁄⁄ majina makubwa haya ya mwalimu	Dieser große Name des Lehrers ⁄⁄ Diese großen Namen des Lehrers<hr><table class=gloss><tr class=mo><td>jina</td><td>kubwa</td><td>hili</td><td>l-a</td><td>mw-alimu</td></tr><tr class=la><td>KL5.Name</td><td>KL5.groß</td><td>KL5.DEM</td><td>KL5-GEN</td><td>KL1-Lehrer</td></tr></table><table class=gloss><tr class=mo><td>majina</td><td>ma-kubwa</td><td>haya</td><td>y-a</td><td>mw-alimu</td></tr><tr class=la><td>KL6.Name</td><td>KL6-groß</td><td>KL6.DEM</td><td>KL6-GEN</td><td>KL1-Lehrer</td></tr></table><div class=klassen>jina Kl. 5/6 (ji-/Ø › ma-) → majina</div><div class=konkordanz>Kl.5: SUBJ li- · ADJ ji-/Ø · GEN la · DEM hili/lile · POSS l- · REL -lo · Kl.6: SUBJ ya- · ADJ ma- · GEN ya · DEM haya/yale · POSS y- · REL -yo</div><div class=hinweis>kubwa hili la → makubwa haya ya — Adjektiv, Demonstrativ und Genitiv wechseln gemeinsam — die Klasse steuert das ganze Satzgefüge</div>	A1 SD1 kontrast kaskade kl5 kl6
kitabu kikubwa hiki cha mwalimu ⁄⁄ vitabu vikubwa hivi vya mwalimu	Dieses große Buch des Lehrers ⁄⁄ Diese großen Bücher des Lehrers<hr><table class=gloss><tr class=mo><td>kitabu</td><td>ki-kubwa</td><td>hiki</td><td>ch-a</td><td>mw-alimu</td></tr><tr class=la><td>KL7.Buch</td><td>KL7-groß</td><td>KL7.DEM</td><td>KL7-GEN</td><td>KL1-Lehrer</td></tr></table><table class=gloss><tr class=mo><td>vitabu</td><td>vi-kubwa</td><td>hivi</td><td>vy-a</td><td>mw-alimu</td></tr><tr class=la><td>KL8.Buch</td><td>KL8-groß</td><td>KL8.DEM</td><td>KL8-GEN</td><td>KL1-Lehrer</td></tr></table><div class=klassen>kitabu Kl. 7/8 (ki- › vi-) → vitabu</div><div class=konkordanz>Kl.7: SUBJ ki- · ADJ ki- · GEN cha · DEM hiki/kile · POSS ch- · REL -cho · Kl.8: SUBJ vi- · ADJ vi- · GEN vya · DEM hivi/vile · POSS vy- · REL -vyo</div><div class=hinweis>kikubwa hiki cha → vikubwa hivi vya — Adjektiv, Demonstrativ und Genitiv wechseln gemeinsam — die Klasse steuert das ganze Satzgefüge</div>	A1 SD1 kontrast kaskade kl7 kl8
kiti kikubwa hiki cha mwalimu ⁄⁄ viti vikubwa hivi vya mwalimu	Dieser große Stuhl des Lehrers ⁄⁄ Diese großen Stühle des Lehrers<hr><table class=gloss><tr class=mo><td>kiti</td><td>ki-kubwa</td><td>hiki</td><td>ch-a</td><td>mw-alimu</td></tr><tr class=la><td>KL7.Stuhl</td><td>KL7-groß</td><td>KL7.DEM</td><td>KL7-GEN</td><td>KL1-Lehrer</td></tr></table><table class=gloss><tr class=mo><td>viti</td><td>vi-kubwa</td><td>hivi</td><td>vy-a</td><td>mw-alimu</td></tr><tr class=la><td>KL8.Stuhl</td><td>KL8-groß</td><td>KL8.DEM</td><td>KL8-GEN</td><td>KL1-Lehrer</td></tr></table><div class=klassen>kiti Kl. 7/8 (ki- › vi-) → viti</div><div class=konkordanz>Kl.7: SUBJ ki- · ADJ ki- · GEN cha · DEM hiki/kile · POSS ch- · REL -cho · Kl.8: SUBJ vi- · ADJ vi- · GEN vya · DEM hivi/vile · POSS vy- · REL -vyo</div><div class=hinweis>kikubwa hiki cha → vikubwa hivi vya — Adjektiv, Demonstrativ und Genitiv wechseln gemeinsam — die Klasse steuert das ganze Satzgefüge</div>	A1 SD1 kontrast kaskade kl7 kl8
chumba kikubwa hiki cha mwalimu ⁄⁄ vyumba vikubwa hivi vya mwalimu	Dieses große Zimmer des Lehrers ⁄⁄ Diese großen Zimmer des Lehrers<hr><table class=gloss><tr class=mo><td>chumba</td><td>ki-kubwa</td><td>hiki</td><td>ch-a</td><td>mw-alimu</td></tr><tr class=la><td>KL7.Zimmer</td><td>KL7-groß</td><td>KL7.DEM</td><td>KL7-GEN</td><td>KL1-Lehrer</td></tr></table><table class=gloss><tr class=mo><td>vyumba</td><td>vi-kubwa</td><td>hivi</td><td>vy-a</td><td>mw-alimu</td></tr><tr class=la><td>KL8.Zimmer</td><td>KL8-groß</td><td>KL8.DEM</td><td>KL8-GEN</td><td>KL1-Lehrer</td></tr></table><div class=klassen>chumba Kl. 7/8 (ki- › vi-) → vyumba</div><div class=konkordanz>Kl.7: SUBJ ki- · ADJ ki- · GEN cha · DEM hiki/kile · POSS ch- · REL -cho · Kl.8: SUBJ vi- · ADJ vi- · GEN vya · DEM hivi/vile · POSS vy- · REL -vyo</div><div class=hinweis>kikubwa hiki cha → vikubwa hivi vya — Adjektiv, Demonstrativ und Genitiv wechseln gemeinsam — die Klasse steuert das ganze Satzgefüge</div>	A1 SD1 kontrast kaskade kl7 kl8
barua kubwa hii ya mwalimu ⁄⁄ barua kubwa hizi za mwalimu	Dieser große Brief des Lehrers ⁄⁄ Diese großen Briefe des Lehrers<hr><table class=gloss><tr class=mo><td>barua</td><td>kubwa</td><td>hii</td><td>y-a</td><td>mw-alimu</td></tr><tr class=la><td>KL9.Brief</td><td>KL9.groß</td><td>KL9.DEM</td><td>KL9-GEN</td><td>KL1-Lehrer</td></tr></table><table class=gloss><tr class=mo><td>barua</td><td>kubwa</td><td>hizi</td><td>z-a</td><td>mw-alimu</td></tr><tr class=la><td>KL10.Brief</td><td>KL10.groß</td><td>KL10.DEM</td><td>KL10-GEN</td><td>KL1-Lehrer</td></tr></table><div class=klassen>barua Kl. 9/10 (Ø/n-) → barua — Numerus nur an der Konkordanz</div><div class=konkordanz>Kl.9: SUBJ i- · ADJ Ø/n- · GEN ya · DEM hii/ile · POSS y- · REL -yo · Kl.10: SUBJ zi- · ADJ Ø/n- · GEN za · DEM hizi/zile · POSS z- · REL -zo</div><div class=hinweis>kubwa hii ya → kubwa hizi za — Adjektiv, Demonstrativ und Genitiv wechseln gemeinsam — die Klasse steuert das ganze Satzgefüge</div>	A1 SD1 kontrast kaskade kl9 kl10
nyumba kubwa hii ya mwalimu ⁄⁄ nyumba kubwa hizi za mwalimu	Dieses große Haus des Lehrers ⁄⁄ Diese großen Häuser des Lehrers<hr><table class=gloss><tr class=mo><td>nyumba</td><td>kubwa</td><td>hii</td><td>y-a</td><td>mw-alimu</td></tr><tr class=la><td>KL9.Haus</td><td>KL9.groß</td><td>KL9.DEM</td><td>KL9-GEN</td><td>KL1-Lehrer</td></tr></table><table class=gloss><tr class=mo><td>nyumba</td><td>kubwa</td><td>hizi</td><td>z-a</td><td>mw-alimu</td></tr><tr class=la><td>KL10.Haus</td><td>KL10.groß</td><td>KL10.DEM</td><td>KL10-GEN</td><td>KL1-Lehrer</td></tr></table><div class=klassen>nyumba Kl. 9/10 (Ø/n-) → nyumba — Numerus nur an der Konkordanz</div><div class=konkordanz>Kl.9: SUBJ i- · ADJ Ø/n- · GEN ya · DEM hii/ile · POSS y- · REL -yo · Kl.10: SUBJ zi- · ADJ Ø/n- · GEN za · DEM hizi/zile · POSS z- · REL -zo</div><div class=hinweis>kubwa hii ya → kubwa hizi za — Adjektiv, Demonstrativ und Genitiv wechseln gemeinsam — die Klasse steuert das ganze Satzgefüge</div>	A1 SD1 kontrast kaskade kl9 kl10
simu kubwa hii ya mwalimu ⁄⁄ simu kubwa hizi za mwalimu	Dieses große Telefon des Lehrers ⁄⁄ Diese großen Telefone des Lehrers<hr><table class=gloss><tr class=mo><td>simu</td><td>kubwa</td><td>hii</td><td>y-a</td><td>mw-alimu</td></tr><tr class=la><td>KL9.Telefon</td><td>KL9.groß</td><td>KL9.DEM</td><td>KL9-GEN</td><td>KL1-Lehrer</td></tr></table><table class=gloss><tr class=mo><td>simu</td><td>kubwa</td><td>hizi</td><td>z-a</td><td>mw-alimu</td></tr><tr class=la><td>KL10.Telefon</td><td>KL10.groß</td><td>KL10.DEM</td><td>KL10-GEN</td><td>KL1-Lehrer</td></tr></table><div class=klassen>simu Kl. 9/10 (Ø/n-) → simu — Numerus nur an der Konkordanz</div><div class=konkordanz>Kl.9: SUBJ i- · ADJ Ø/n- · GEN ya · DEM hii/ile · POSS y- · REL -yo · Kl.10: SUBJ zi- · ADJ Ø/n- · GEN za · DEM hizi/zile · POSS z- · REL -zo</div><div class=hinweis>kubwa hii ya → kubwa hizi za — Adjektiv, Demonstrativ und Genitiv wechseln gemeinsam — die Klasse steuert das ganze Satzgefüge</div>	A1 SD1 kontrast kaskade kl9 kl10
ufunguo mkubwa huu wa mwalimu ⁄⁄ funguo kubwa hizi za mwalimu	Dieser große Schlüssel des Lehrers ⁄⁄ Diese großen Schlüssel des Lehrers<hr><table class=gloss><tr class=mo><td>ufunguo</td><td>m-kubwa</td><td>huu</td><td>w-a</td><td>mw-alimu</td></tr><tr class=la><td>KL11.Schlüssel</td><td>KL11-groß</td><td>KL11.DEM</td><td>KL11-GEN</td><td>KL1-Lehrer</td></tr></table><table class=gloss><tr class=mo><td>funguo</td><td>kubwa</td><td>hizi</td><td>z-a</td><td>mw-alimu</td></tr><tr class=la><td>KL10.Schlüssel</td><td>KL10.groß</td><td>KL10.DEM</td><td>KL10-GEN</td><td>KL1-Lehrer</td></tr></table><div class=klassen>ufunguo Kl. 11/10 (u- › Ø/n-) → funguo</div><div class=konkordanz>Kl.11: SUBJ u- · ADJ m-/mw- · GEN wa · DEM huu/ule · POSS w- · REL -o · Kl.10: SUBJ zi- · ADJ Ø/n- · GEN za · DEM hizi/zile · POSS z- · REL -zo</div><div class=hinweis>mkubwa huu wa → kubwa hizi za — Adjektiv, Demonstrativ und Genitiv wechseln gemeinsam — die Klasse steuert das ganze Satzgefüge</div>	A1 SD1 kontrast kaskade kl11 kl10
wimbo mkubwa huu wa mwalimu ⁄⁄ nyimbo kubwa hizi za mwalimu	Dieses große Lied des Lehrers ⁄⁄ Diese großen Lieder des Lehrers<hr><table class=gloss><tr class=mo><td>wimbo</td><td>m-kubwa</td><td>huu</td><td>w-a</td><td>mw-alimu</td></tr><tr class=la><td>KL11.Lied</td><td>KL11-groß</td><td>KL11.DEM</td><td>KL11-GEN</td><td>KL1-Lehrer</td></tr></table><table class=gloss><tr class=mo><td>nyimbo</td><td>kubwa</td><td>hizi</td><td>z-a</td><td>mw-alimu</td></tr><tr class=la><td>KL10.Lied</td><td>KL10.groß</td><td>KL10.DEM</td><td>KL10-GEN</td><td>KL1-Lehrer</td></tr></table><div class=klassen>wimbo Kl. 11/10 (u- › Ø/n-) → nyimbo</div><div class=konkordanz>Kl.11: SUBJ u- · ADJ m-/mw- · GEN wa · DEM huu/ule · POSS w- · REL -o · Kl.10: SUBJ zi- · ADJ Ø/n- · GEN za · DEM hizi/zile · POSS z- · REL -zo</div><div class=hinweis>mkubwa huu wa → kubwa hizi za — Adjektiv, Demonstrativ und Genitiv wechseln gemeinsam — die Klasse steuert das ganze Satzgefüge</div>	A1 SD1 kontrast kaskade kl11 kl10
ukuta mkubwa huu wa mwalimu ⁄⁄ kuta kubwa hizi za mwalimu	Diese große Wand des Lehrers ⁄⁄ Diese großen Wände des Lehrers<hr><table class=gloss><tr class=mo><td>ukuta</td><td>m-kubwa</td><td>huu</td><td>w-a</td><td>mw-alimu</td></tr><tr class=la><td>KL11.Wand</td><td>KL11-groß</td><td>KL11.DEM</td><td>KL11-GEN</td><td>KL1-Lehrer</td></tr></table><table class=gloss><tr class=mo><td>kuta</td><td>kubwa</td><td>hizi</td><td>z-a</td><td>mw-alimu</td></tr><tr class=la><td>KL10.Wand</td><td>KL10.groß</td><td>KL10.DEM</td><td>KL10-GEN</td><td>KL1-Lehrer</td></tr></table><div class=klassen>ukuta Kl. 11/10 (u- › Ø/n-) → kuta</div><div class=konkordanz>Kl.11: SUBJ u- · ADJ m-/mw- · GEN wa · DEM huu/ule · POSS w- · REL -o · Kl.10: SUBJ zi- · ADJ Ø/n- · GEN za · DEM hizi/zile · POSS z- · REL -zo</div><div class=hinweis>mkubwa huu wa → kubwa hizi za — Adjektiv, Demonstrativ und Genitiv wechseln gemeinsam — die Klasse steuert das ganze Satzgefüge</div>	A1 SD1 kontrast kaskade kl11 kl10
mtoto huyu ⁄⁄ mtoto yule	dieses Kind hier ⁄⁄ jenes Kind dort<hr><table class=gloss><tr class=mo><td>mtoto</td><td>huyu</td></tr><tr class=la><td>KL1.Kind</td><td>KL1.DEM.nah</td></tr></table><table class=gloss><tr class=mo><td>mtoto</td><td>yule</td></tr><tr class=la><td>KL1.Kind</td><td>KL1.DEM.fern</td></tr></table><div class=klassen>mtoto Kl. 1/2 (m-/mw- › wa-) → watoto</div><div class=konkordanz>Kl.1: SUBJ a- · ADJ m-/mw- · GEN wa · DEM huyu/yule · POSS w- · REL -ye</div><div class=hinweis>huyu → yule — Nähe und Ferne haben je eine eigene Demonstrativreihe, beide nach der Klasse gebildet</div>	A1 SD1 kontrast demonstrativ kl1
mwalimu huyu ⁄⁄ mwalimu yule	dieser Lehrer hier ⁄⁄ jener Lehrer dort<hr><table class=gloss><tr class=mo><td>mwalimu</td><td>huyu</td></tr><tr class=la><td>KL1.Lehrer</td><td>KL1.DEM.nah</td></tr></table><table class=gloss><tr class=mo><td>mwalimu</td><td>yule</td></tr><tr class=la><td>KL1.Lehrer</td><td>KL1.DEM.fern</td></tr></table><div class=klassen>mwalimu Kl. 1/2 (m-/mw- › wa-) → walimu</div><div class=konkordanz>Kl.1: SUBJ a- · ADJ m-/mw- · GEN wa · DEM huyu/yule · POSS w- · REL -ye</div><div class=hinweis>huyu → yule — Nähe und Ferne haben je eine eigene Demonstrativreihe, beide nach der Klasse gebildet</div>	A1 SD1 kontrast demonstrativ kl1
mgeni huyu ⁄⁄ mgeni yule	dieser Gast hier ⁄⁄ jener Gast dort<hr><table class=gloss><tr class=mo><td>mgeni</td><td>huyu</td></tr><tr class=la><td>KL1.Gast</td><td>KL1.DEM.nah</td></tr></table><table class=gloss><tr class=mo><td>mgeni</td><td>yule</td></tr><tr class=la><td>KL1.Gast</td><td>KL1.DEM.fern</td></tr></table><div class=klassen>mgeni Kl. 1/2 (m-/mw- › wa-) → wageni</div><div class=konkordanz>Kl.1: SUBJ a- · ADJ m-/mw- · GEN wa · DEM huyu/yule · POSS w- · REL -ye</div><div class=hinweis>huyu → yule — Nähe und Ferne haben je eine eigene Demonstrativreihe, beide nach der Klasse gebildet</div>	A1 SD1 kontrast demonstrativ kl1
mti huu ⁄⁄ mti ule	dieser Baum hier ⁄⁄ jener Baum dort<hr><table class=gloss><tr class=mo><td>mti</td><td>huu</td></tr><tr class=la><td>KL3.Baum</td><td>KL3.DEM.nah</td></tr></table><table class=gloss><tr class=mo><td>mti</td><td>ule</td></tr><tr class=la><td>KL3.Baum</td><td>KL3.DEM.fern</td></tr></table><div class=klassen>mti Kl. 3/4 (m-/mw- › mi-) → miti</div><div class=konkordanz>Kl.3: SUBJ u- · ADJ m-/mw- · GEN wa · DEM huu/ule · POSS w- · REL -o</div><div class=hinweis>huu → ule — Nähe und Ferne haben je eine eigene Demonstrativreihe, beide nach der Klasse gebildet</div>	A1 SD1 kontrast demonstrativ kl3
mkate huu ⁄⁄ mkate ule	dieses Brot hier ⁄⁄ jenes Brot dort<hr><table class=gloss><tr class=mo><td>mkate</td><td>huu</td></tr><tr class=la><td>KL3.Brot</td><td>KL3.DEM.nah</td></tr></table><table class=gloss><tr class=mo><td>mkate</td><td>ule</td></tr><tr class=la><td>KL3.Brot</td><td>KL3.DEM.fern</td></tr></table><div class=klassen>mkate Kl. 3/4 (m-/mw- › mi-) → mikate</div><div class=konkordanz>Kl.3: SUBJ u- · ADJ m-/mw- · GEN wa · DEM huu/ule · POSS w- · REL -o</div><div class=hinweis>huu → ule — Nähe und Ferne haben je eine eigene Demonstrativreihe, beide nach der Klasse gebildet</div>	A1 SD1 kontrast demonstrativ kl3
mji huu ⁄⁄ mji ule	diese Stadt hier ⁄⁄ jene Stadt dort<hr><table class=gloss><tr class=mo><td>mji</td><td>huu</td></tr><tr class=la><td>KL3.Stadt</td><td>KL3.DEM.nah</td></tr></table><table class=gloss><tr class=mo><td>mji</td><td>ule</td></tr><tr class=la><td>KL3.Stadt</td><td>KL3.DEM.fern</td></tr></table><div class=klassen>mji Kl. 3/4 (m-/mw- › mi-) → miji</div><div class=konkordanz>Kl.3: SUBJ u- · ADJ m-/mw- · GEN wa · DEM huu/ule · POSS w- · REL -o</div><div class=hinweis>huu → ule — Nähe und Ferne haben je eine eigene Demonstrativreihe, beide nach der Klasse gebildet</div>	A1 SD1 kontrast demonstrativ kl3
gari hili ⁄⁄ gari lile	dieses Auto hier ⁄⁄ jenes Auto dort<hr><table class=gloss><tr class=mo><td>gari</td><td>hili</td></tr><tr class=la><td>KL5.Auto</td><td>KL5.DEM.nah</td></tr></table><table class=gloss><tr class=mo><td>gari</td><td>lile</td></tr><tr class=la><td>KL5.Auto</td><td>KL5.DEM.fern</td></tr></table><div class=klassen>gari Kl. 5/6 (ji-/Ø › ma-) → magari</div><div class=konkordanz>Kl.5: SUBJ li- · ADJ ji-/Ø · GEN la · DEM hili/lile · POSS l- · REL -lo</div><div class=hinweis>hili → lile — Nähe und Ferne haben je eine eigene Demonstrativreihe, beide nach der Klasse gebildet</div>	A1 SD1 kontrast demonstrativ kl5
duka hili ⁄⁄ duka lile	dieser Laden hier ⁄⁄ jener Laden dort<hr><table class=gloss><tr class=mo><td>duka</td><td>hili</td></tr><tr class=la><td>KL5.Laden</td><td>KL5.DEM.nah</td></tr></table><table class=gloss><tr class=mo><td>duka</td><td>lile</td></tr><tr class=la><td>KL5.Laden</td><td>KL5.DEM.fern</td></tr></table><div class=klassen>duka Kl. 5/6 (ji-/Ø › ma-) → maduka</div><div class=konkordanz>Kl.5: SUBJ li- · ADJ ji-/Ø · GEN la · DEM hili/lile · POSS l- · REL -lo</div><div class=hinweis>hili → lile — Nähe und Ferne haben je eine eigene Demonstrativreihe, beide nach der Klasse gebildet</div>	A1 SD1 kontrast demonstrativ kl5
jina hili ⁄⁄ jina lile	dieser Name hier ⁄⁄ jener Name dort<hr><table class=gloss><tr class=mo><td>jina</td><td>hili</td></tr><tr class=la><td>KL5.Name</td><td>KL5.DEM.nah</td></tr></table><table class=gloss><tr class=mo><td>jina</td><td>lile</td></tr><tr class=la><td>KL5.Name</td><td>KL5.DEM.fern</td></tr></table><div class=klassen>jina Kl. 5/6 (ji-/Ø › ma-) → majina</div><div class=konkordanz>Kl.5: SUBJ li- · ADJ ji-/Ø · GEN la · DEM hili/lile · POSS l- · REL -lo</div><div class=hinweis>hili → lile — Nähe und Ferne haben je eine eigene Demonstrativreihe, beide nach der Klasse gebildet</div>	A1 SD1 kontrast demonstrativ kl5
kitabu hiki ⁄⁄ kitabu kile	dieses Buch hier ⁄⁄ jenes Buch dort<hr><table class=gloss><tr class=mo><td>kitabu</td><td>hiki</td></tr><tr class=la><td>KL7.Buch</td><td>KL7.DEM.nah</td></tr></table><table class=gloss><tr class=mo><td>kitabu</td><td>kile</td></tr><tr class=la><td>KL7.Buch</td><td>KL7.DEM.fern</td></tr></table><div class=klassen>kitabu Kl. 7/8 (ki- › vi-) → vitabu</div><div class=konkordanz>Kl.7: SUBJ ki- · ADJ ki- · GEN cha · DEM hiki/kile · POSS ch- · REL -cho</div><div class=hinweis>hiki → kile — Nähe und Ferne haben je eine eigene Demonstrativreihe, beide nach der Klasse gebildet</div>	A1 SD1 kontrast demonstrativ kl7
kiti hiki ⁄⁄ kiti kile	dieser Stuhl hier ⁄⁄ jener Stuhl dort<hr><table class=gloss><tr class=mo><td>kiti</td><td>hiki</td></tr><tr class=la><td>KL7.Stuhl</td><td>KL7.DEM.nah</td></tr></table><table class=gloss><tr class=mo><td>kiti</td><td>kile</td></tr><tr class=la><td>KL7.Stuhl</td><td>KL7.DEM.fern</td></tr></table><div class=klassen>kiti Kl. 7/8 (ki- › vi-) → viti</div><div class=konkordanz>Kl.7: SUBJ ki- · ADJ ki- · GEN cha · DEM hiki/kile · POSS ch- · REL -cho</div><div class=hinweis>hiki → kile — Nähe und Ferne haben je eine eigene Demonstrativreihe, beide nach der Klasse gebildet</div>	A1 SD1 kontrast demonstrativ kl7
chumba hiki ⁄⁄ chumba kile	dieses Zimmer hier ⁄⁄ jenes Zimmer dort<hr><table class=gloss><tr class=mo><td>chumba</td><td>hiki</td></tr><tr class=la><td>KL7.Zimmer</td><td>KL7.DEM.nah</td></tr></table><table class=gloss><tr class=mo><td>chumba</td><td>kile</td></tr><tr class=la><td>KL7.Zimmer</td><td>KL7.DEM.fern</td></tr></table><div class=klassen>chumba Kl. 7/8 (ki- › vi-) → vyumba</div><div class=konkordanz>Kl.7: SUBJ ki- · ADJ ki- · GEN cha · DEM hiki/kile · POSS ch- · REL -cho</div><div class=hinweis>hiki → kile — Nähe und Ferne haben je eine eigene Demonstrativreihe, beide nach der Klasse gebildet</div>	A1 SD1 kontrast demonstrativ kl7
barua hii ⁄⁄ barua ile	dieser Brief hier ⁄⁄ jener Brief dort<hr><table class=gloss><tr class=mo><td>barua</td><td>hii</td></tr><tr class=la><td>KL9.Brief</td><td>KL9.DEM.nah</td></tr></table><table class=gloss><tr class=mo><td>barua</td><td>ile</td></tr><tr class=la><td>KL9.Brief</td><td>KL9.DEM.fern</td></tr></table><div class=klassen>barua Kl. 9/10 (Ø/n-) → barua — Numerus nur an der Konkordanz</div><div class=konkordanz>Kl.9: SUBJ i- · ADJ Ø/n- · GEN ya · DEM hii/ile · POSS y- · REL -yo</div><div class=hinweis>hii → ile — Nähe und Ferne haben je eine eigene Demonstrativreihe, beide nach der Klasse gebildet</div>	A1 SD1 kontrast demonstrativ kl9
nyumba hii ⁄⁄ nyumba ile	dieses Haus hier ⁄⁄ jenes Haus dort<hr><table class=gloss><tr class=mo><td>nyumba</td><td>hii</td></tr><tr class=la><td>KL9.Haus</td><td>KL9.DEM.nah</td></tr></table><table class=gloss><tr class=mo><td>nyumba</td><td>ile</td></tr><tr class=la><td>KL9.Haus</td><td>KL9.DEM.fern</td></tr></table><div class=klassen>nyumba Kl. 9/10 (Ø/n-) → nyumba — Numerus nur an der Konkordanz</div><div class=konkordanz>Kl.9: SUBJ i- · ADJ Ø/n- · GEN ya · DEM hii/ile · POSS y- · REL -yo</div><div class=hinweis>hii → ile — Nähe und Ferne haben je eine eigene Demonstrativreihe, beide nach der Klasse gebildet</div>	A1 SD1 kontrast demonstrativ kl9
simu hii ⁄⁄ simu ile	dieses Telefon hier ⁄⁄ jenes Telefon dort<hr><table class=gloss><tr class=mo><td>simu</td><td>hii</td></tr><tr class=la><td>KL9.Telefon</td><td>KL9.DEM.nah</td></tr></table><table class=gloss><tr class=mo><td>simu</td><td>ile</td></tr><tr class=la><td>KL9.Telefon</td><td>KL9.DEM.fern</td></tr></table><div class=klassen>simu Kl. 9/10 (Ø/n-) → simu — Numerus nur an der Konkordanz</div><div class=konkordanz>Kl.9: SUBJ i- · ADJ Ø/n- · GEN ya · DEM hii/ile · POSS y- · REL -yo</div><div class=hinweis>hii → ile — Nähe und Ferne haben je eine eigene Demonstrativreihe, beide nach der Klasse gebildet</div>	A1 SD1 kontrast demonstrativ kl9
ufunguo huu ⁄⁄ ufunguo ule	dieser Schlüssel hier ⁄⁄ jener Schlüssel dort<hr><table class=gloss><tr class=mo><td>ufunguo</td><td>huu</td></tr><tr class=la><td>KL11.Schlüssel</td><td>KL11.DEM.nah</td></tr></table><table class=gloss><tr class=mo><td>ufunguo</td><td>ule</td></tr><tr class=la><td>KL11.Schlüssel</td><td>KL11.DEM.fern</td></tr></table><div class=klassen>ufunguo Kl. 11/10 (u- › Ø/n-) → funguo</div><div class=konkordanz>Kl.11: SUBJ u- · ADJ m-/mw- · GEN wa · DEM huu/ule · POSS w- · REL -o</div><div class=hinweis>huu → ule — Nähe und Ferne haben je eine eigene Demonstrativreihe, beide nach der Klasse gebildet</div>	A1 SD1 kontrast demonstrativ kl11
wimbo huu ⁄⁄ wimbo ule	dieses Lied hier ⁄⁄ jenes Lied dort<hr><table class=gloss><tr class=mo><td>wimbo</td><td>huu</td></tr><tr class=la><td>KL11.Lied</td><td>KL11.DEM.nah</td></tr></table><table class=gloss><tr class=mo><td>wimbo</td><td>ule</td></tr><tr class=la><td>KL11.Lied</td><td>KL11.DEM.fern</td></tr></table><div class=klassen>wimbo Kl. 11/10 (u- › Ø/n-) → nyimbo</div><div class=konkordanz>Kl.11: SUBJ u- · ADJ m-/mw- · GEN wa · DEM huu/ule · POSS w- · REL -o</div><div class=hinweis>huu → ule — Nähe und Ferne haben je eine eigene Demonstrativreihe, beide nach der Klasse gebildet</div>	A1 SD1 kontrast demonstrativ kl11
ukuta huu ⁄⁄ ukuta ule	diese Wand hier ⁄⁄ jene Wand dort<hr><table class=gloss><tr class=mo><td>ukuta</td><td>huu</td></tr><tr class=la><td>KL11.Wand</td><td>KL11.DEM.nah</td></tr></table><table class=gloss><tr class=mo><td>ukuta</td><td>ule</td></tr><tr class=la><td>KL11.Wand</td><td>KL11.DEM.fern</td></tr></table><div class=klassen>ukuta Kl. 11/10 (u- › Ø/n-) → kuta</div><div class=konkordanz>Kl.11: SUBJ u- · ADJ m-/mw- · GEN wa · DEM huu/ule · POSS w- · REL -o</div><div class=hinweis>huu → ule — Nähe und Ferne haben je eine eigene Demonstrativreihe, beide nach der Klasse gebildet</div>	A1 SD1 kontrast demonstrativ kl11
mti wangu ⁄⁄ miti yangu	mein Baum ⁄⁄ meine Bäume<hr><table class=gloss><tr class=mo><td>mti</td><td>w-angu</td></tr><tr class=la><td>KL3.Baum</td><td>KL3-mein</td></tr></table><table class=gloss><tr class=mo><td>miti</td><td>y-angu</td></tr><tr class=la><td>KL4.Baum</td><td>KL4-mein</td></tr></table><div class=klassen>mti Kl. 3/4 (m-/mw- › mi-) → miti</div><div class=konkordanz>Kl.3: SUBJ u- · ADJ m-/mw- · GEN wa · DEM huu/ule · POSS w- · REL -o · Kl.4: SUBJ i- · ADJ mi- · GEN ya · DEM hii/ile · POSS y- · REL -yo</div><div class=hinweis>wangu → yangu — Der Possessivstamm -angu bleibt, nur das Konkordanzpräfix wechselt mit der Klasse</div>	A1 SD1 kontrast possessiv kl3 kl4
mkate wangu ⁄⁄ mikate yangu	mein Brot ⁄⁄ meine Brote<hr><table class=gloss><tr class=mo><td>mkate</td><td>w-angu</td></tr><tr class=la><td>KL3.Brot</td><td>KL3-mein</td></tr></table><table class=gloss><tr class=mo><td>mikate</td><td>y-angu</td></tr><tr class=la><td>KL4.Brot</td><td>KL4-mein</td></tr></table><div class=klassen>mkate Kl. 3/4 (m-/mw- › mi-) → mikate</div><div class=konkordanz>Kl.3: SUBJ u- · ADJ m-/mw- · GEN wa · DEM huu/ule · POSS w- · REL -o · Kl.4: SUBJ i- · ADJ mi- · GEN ya · DEM hii/ile · POSS y- · REL -yo</div><div class=hinweis>wangu → yangu — Der Possessivstamm -angu bleibt, nur das Konkordanzpräfix wechselt mit der Klasse</div>	A1 SD1 kontrast possessiv kl3 kl4
mji wangu ⁄⁄ miji yangu	mein Stadt ⁄⁄ meine Städte<hr><table class=gloss><tr class=mo><td>mji</td><td>w-angu</td></tr><tr class=la><td>KL3.Stadt</td><td>KL3-mein</td></tr></table><table class=gloss><tr class=mo><td>miji</td><td>y-angu</td></tr><tr class=la><td>KL4.Stadt</td><td>KL4-mein</td></tr></table><div class=klassen>mji Kl. 3/4 (m-/mw- › mi-) → miji</div><div class=konkordanz>Kl.3: SUBJ u- · ADJ m-/mw- · GEN wa · DEM huu/ule · POSS w- · REL -o · Kl.4: SUBJ i- · ADJ mi- · GEN ya · DEM hii/ile · POSS y- · REL -yo</div><div class=hinweis>wangu → yangu — Der Possessivstamm -angu bleibt, nur das Konkordanzpräfix wechselt mit der Klasse</div>	A1 SD1 kontrast possessiv kl3 kl4
gari langu ⁄⁄ magari yangu	mein Auto ⁄⁄ meine Autos<hr><table class=gloss><tr class=mo><td>gari</td><td>l-angu</td></tr><tr class=la><td>KL5.Auto</td><td>KL5-mein</td></tr></table><table class=gloss><tr class=mo><td>magari</td><td>y-angu</td></tr><tr class=la><td>KL6.Auto</td><td>KL6-mein</td></tr></table><div class=klassen>gari Kl. 5/6 (ji-/Ø › ma-) → magari</div><div class=konkordanz>Kl.5: SUBJ li- · ADJ ji-/Ø · GEN la · DEM hili/lile · POSS l- · REL -lo · Kl.6: SUBJ ya- · ADJ ma- · GEN ya · DEM haya/yale · POSS y- · REL -yo</div><div class=hinweis>langu → yangu — Der Possessivstamm -angu bleibt, nur das Konkordanzpräfix wechselt mit der Klasse</div>	A1 SD1 kontrast possessiv kl5 kl6
duka langu ⁄⁄ maduka yangu	mein Laden ⁄⁄ meine Läden<hr><table class=gloss><tr class=mo><td>duka</td><td>l-angu</td></tr><tr class=la><td>KL5.Laden</td><td>KL5-mein</td></tr></table><table class=gloss><tr class=mo><td>maduka</td><td>y-angu</td></tr><tr class=la><td>KL6.Laden</td><td>KL6-mein</td></tr></table><div class=klassen>duka Kl. 5/6 (ji-/Ø › ma-) → maduka</div><div class=konkordanz>Kl.5: SUBJ li- · ADJ ji-/Ø · GEN la · DEM hili/lile · POSS l- · REL -lo · Kl.6: SUBJ ya- · ADJ ma- · GEN ya · DEM haya/yale · POSS y- · REL -yo</div><div class=hinweis>langu → yangu — Der Possessivstamm -angu bleibt, nur das Konkordanzpräfix wechselt mit der Klasse</div>	A1 SD1 kontrast possessiv kl5 kl6
jina langu ⁄⁄ majina yangu	mein Name ⁄⁄ meine Namen<hr><table class=gloss><tr class=mo><td>jina</td><td>l-angu</td></tr><tr class=la><td>KL5.Name</td><td>KL5-mein</td></tr></table><table class=gloss><tr class=mo><td>majina</td><td>y-angu</td></tr><tr class=la><td>KL6.Name</td><td>KL6-mein</td></tr></table><div class=klassen>jina Kl. 5/6 (ji-/Ø › ma-) → majina</div><div class=konkordanz>Kl.5: SUBJ li- · ADJ ji-/Ø · GEN la · DEM hili/lile · POSS l- · REL -lo · Kl.6: SUBJ ya- · ADJ ma- · GEN ya · DEM haya/yale · POSS y- · REL -yo</div><div class=hinweis>langu → yangu — Der Possessivstamm -angu bleibt, nur das Konkordanzpräfix wechselt mit der Klasse</div>	A1 SD1 kontrast possessiv kl5 kl6
kitabu changu ⁄⁄ vitabu vyangu	mein Buch ⁄⁄ meine Bücher<hr><table class=gloss><tr class=mo><td>kitabu</td><td>ch-angu</td></tr><tr class=la><td>KL7.Buch</td><td>KL7-mein</td></tr></table><table class=gloss><tr class=mo><td>vitabu</td><td>vy-angu</td></tr><tr class=la><td>KL8.Buch</td><td>KL8-mein</td></tr></table><div class=klassen>kitabu Kl. 7/8 (ki- › vi-) → vitabu</div><div class=konkordanz>Kl.7: SUBJ ki- · ADJ ki- · GEN cha · DEM hiki/kile · POSS ch- · REL -cho · Kl.8: SUBJ vi- · ADJ vi- · GEN vya · DEM hivi/vile · POSS vy- · REL -vyo</div><div class=hinweis>changu → vyangu — Der Possessivstamm -angu bleibt, nur das Konkordanzpräfix wechselt mit der Klasse</div>	A1 SD1 kontrast possessiv kl7 kl8
kiti changu ⁄⁄ viti vyangu	mein Stuhl ⁄⁄ meine Stühle<hr><table class=gloss><tr class=mo><td>kiti</td><td>ch-angu</td></tr><tr class=la><td>KL7.Stuhl</td><td>KL7-mein</td></tr></table><table class=gloss><tr class=mo><td>viti</td><td>vy-angu</td></tr><tr class=la><td>KL8.Stuhl</td><td>KL8-mein</td></tr></table><div class=klassen>kiti Kl. 7/8 (ki- › vi-) → viti</div><div class=konkordanz>Kl.7: SUBJ ki- · ADJ ki- · GEN cha · DEM hiki/kile · POSS ch- · REL -cho · Kl.8: SUBJ vi- · ADJ vi- · GEN vya · DEM hivi/vile · POSS vy- · REL -vyo</div><div class=hinweis>changu → vyangu — Der Possessivstamm -angu bleibt, nur das Konkordanzpräfix wechselt mit der Klasse</div>	A1 SD1 kontrast possessiv kl7 kl8
chumba changu ⁄⁄ vyumba vyangu	mein Zimmer ⁄⁄ meine Zimmer<hr><table class=gloss><tr class=mo><td>chumba</td><td>ch-angu</td></tr><tr class=la><td>KL7.Zimmer</td><td>KL7-mein</td></tr></table><table class=gloss><tr class=mo><td>vyumba</td><td>vy-angu</td></tr><tr class=la><td>KL8.Zimmer</td><td>KL8-mein</td></tr></table><div class=klassen>chumba Kl. 7/8 (ki- › vi-) → vyumba</div><div class=konkordanz>Kl.7: SUBJ ki- · ADJ ki- · GEN cha · DEM hiki/kile · POSS ch- · REL -cho · Kl.8: SUBJ vi- · ADJ vi- · GEN vya · DEM hivi/vile · POSS vy- · REL -vyo</div><div class=hinweis>changu → vyangu — Der Possessivstamm -angu bleibt, nur das Konkordanzpräfix wechselt mit der Klasse</div>	A1 SD1 kontrast possessiv kl7 kl8
barua yangu ⁄⁄ barua zangu	mein Brief ⁄⁄ meine Briefe<hr><table class=gloss><tr class=mo><td>barua</td><td>y-angu</td></tr><tr class=la><td>KL9.Brief</td><td>KL9-mein</td></tr></table><table class=gloss><tr class=mo><td>barua</td><td>z-angu</td></tr><tr class=la><td>KL10.Brief</td><td>KL10-mein</td></tr></table><div class=klassen>barua Kl. 9/10 (Ø/n-) → barua — Numerus nur an der Konkordanz</div><div class=konkordanz>Kl.9: SUBJ i- · ADJ Ø/n- · GEN ya · DEM hii/ile · POSS y- · REL -yo · Kl.10: SUBJ zi- · ADJ Ø/n- · GEN za · DEM hizi/zile · POSS z- · REL -zo</div><div class=hinweis>yangu → zangu — Der Possessivstamm -angu bleibt, nur das Konkordanzpräfix wechselt mit der Klasse</div>	A1 SD1 kontrast possessiv kl9 kl10
nyumba yangu ⁄⁄ nyumba zangu	mein Haus ⁄⁄ meine Häuser<hr><table class=gloss><tr class=mo><td>nyumba</td><td>y-angu</td></tr><tr class=la><td>KL9.Haus</td><td>KL9-mein</td></tr></table><table class=gloss><tr class=mo><td>nyumba</td><td>z-angu</td></tr><tr class=la><td>KL10.Haus</td><td>KL10-mein</td></tr></table><div class=klassen>nyumba Kl. 9/10 (Ø/n-) → nyumba — Numerus nur an der Konkordanz</div><div class=konkordanz>Kl.9: SUBJ i- · ADJ Ø/n- · GEN ya · DEM hii/ile · POSS y- · REL -yo · Kl.10: SUBJ zi- · ADJ Ø/n- · GEN za · DEM hizi/zile · POSS z- · REL -zo</div><div class=hinweis>yangu → zangu — Der Possessivstamm -angu bleibt, nur das Konkordanzpräfix wechselt mit der Klasse</div>	A1 SD1 kontrast possessiv kl9 kl10
simu yangu ⁄⁄ simu zangu	mein Telefon ⁄⁄ meine Telefone<hr><table class=gloss><tr class=mo><td>simu</td><td>y-angu</td></tr><tr class=la><td>KL9.Telefon</td><td>KL9-mein</td></tr></table><table class=gloss><tr class=mo><td>simu</td><td>z-angu</td></tr><tr class=la><td>KL10.Telefon</td><td>KL10-mein</td></tr></table><div class=klassen>simu Kl. 9/10 (Ø/n-) → simu — Numerus nur an der Konkordanz</div><div class=konkordanz>Kl.9: SUBJ i- · ADJ Ø/n- · GEN ya · DEM hii/ile · POSS y- · REL -yo · Kl.10: SUBJ zi- · ADJ Ø/n- · GEN za · DEM hizi/zile · POSS z- · REL -zo</div><div class=hinweis>yangu → zangu — Der Possessivstamm -angu bleibt, nur das Konkordanzpräfix wechselt mit der Klasse</div>	A1 SD1 kontrast possessiv kl9 kl10
ufunguo wangu ⁄⁄ funguo zangu	mein Schlüssel ⁄⁄ meine Schlüssel<hr><table class=gloss><tr class=mo><td>ufunguo</td><td>w-angu</td></tr><tr class=la><td>KL11.Schlüssel</td><td>KL11-mein</td></tr></table><table class=gloss><tr class=mo><td>funguo</td><td>z-angu</td></tr><tr class=la><td>KL10.Schlüssel</td><td>KL10-mein</td></tr></table><div class=klassen>ufunguo Kl. 11/10 (u- › Ø/n-) → funguo</div><div class=konkordanz>Kl.11: SUBJ u- · ADJ m-/mw- · GEN wa · DEM huu/ule · POSS w- · REL -o · Kl.10: SUBJ zi- · ADJ Ø/n- · GEN za · DEM hizi/zile · POSS z- · REL -zo</div><div class=hinweis>wangu → zangu — Der Possessivstamm -angu bleibt, nur das Konkordanzpräfix wechselt mit der Klasse</div>	A1 SD1 kontrast possessiv kl11 kl10
wimbo wangu ⁄⁄ nyimbo zangu	mein Lied ⁄⁄ meine Lieder<hr><table class=gloss><tr class=mo><td>wimbo</td><td>w-angu</td></tr><tr class=la><td>KL11.Lied</td><td>KL11-mein</td></tr></table><table class=gloss><tr class=mo><td>nyimbo</td><td>z-angu</td></tr><tr class=la><td>KL10.Lied</td><td>KL10-mein</td></tr></table><div class=klassen>wimbo Kl. 11/10 (u- › Ø/n-) → nyimbo</div><div class=konkordanz>Kl.11: SUBJ u- · ADJ m-/mw- · GEN wa · DEM huu/ule · POSS w- · REL -o · Kl.10: SUBJ zi- · ADJ Ø/n- · GEN za · DEM hizi/zile · POSS z- · REL -zo</div><div class=hinweis>wangu → zangu — Der Possessivstamm -angu bleibt, nur das Konkordanzpräfix wechselt mit der Klasse</div>	A1 SD1 kontrast possessiv kl11 kl10
ukuta wangu ⁄⁄ kuta zangu	mein Wand ⁄⁄ meine Wände<hr><table class=gloss><tr class=mo><td>ukuta</td><td>w-angu</td></tr><tr class=la><td>KL11.Wand</td><td>KL11-mein</td></tr></table><table class=gloss><tr class=mo><td>kuta</td><td>z-angu</td></tr><tr class=la><td>KL10.Wand</td><td>KL10-mein</td></tr></table><div class=klassen>ukuta Kl. 11/10 (u- › Ø/n-) → kuta</div><div class=konkordanz>Kl.11: SUBJ u- · ADJ m-/mw- · GEN wa · DEM huu/ule · POSS w- · REL -o · Kl.10: SUBJ zi- · ADJ Ø/n- · GEN za · DEM hizi/zile · POSS z- · REL -zo</div><div class=hinweis>wangu → zangu — Der Possessivstamm -angu bleibt, nur das Konkordanzpräfix wechselt mit der Klasse</div>	A1 SD1 kontrast possessiv kl11 kl10
Ninasoma kitabu. ⁄⁄ Nimesoma kitabu.	Ich lese gerade das Buch. ⁄⁄ Ich habe das Buch schon gelesen.<hr><table class=gloss><tr class=mo><td>ni-na-som-a</td><td>ki-tabu</td></tr><tr class=la><td>1SG-PRÄS-lesen-IND</td><td>KL7-Buch</td></tr></table><table class=gloss><tr class=mo><td>ni-me-som-a</td><td>ki-tabu</td></tr><tr class=la><td>1SG-PERF-lesen-IND</td><td>KL7-Buch</td></tr></table><div class=hinweis>-na- → -me- — Nur der TAM-Marker wechselt: -na- PRÄS gegen -me- PERF. Stamm und Endvokal bleiben.</div>	A1 SD1 kontrast tam tam-na tam-me
Ninasoma kitabu. ⁄⁄ Nilisoma kitabu.	Ich lese gerade das Buch. ⁄⁄ Gestern las ich das Buch.<hr><table class=gloss><tr class=mo><td>ni-na-som-a</td><td>ki-tabu</td></tr><tr class=la><td>1SG-PRÄS-lesen-IND</td><td>KL7-Buch</td></tr></table><table class=gloss><tr class=mo><td>ni-li-som-a</td><td>ki-tabu</td></tr><tr class=la><td>1SG-PRÄT-lesen-IND</td><td>KL7-Buch</td></tr></table><div class=hinweis>-na- → -li- — Nur der TAM-Marker wechselt: -na- PRÄS gegen -li- PRÄT. Stamm und Endvokal bleiben.</div>	A1 SD1 kontrast tam tam-na tam-li
Ninasoma kitabu. ⁄⁄ Nitasoma kitabu.	Ich lese gerade das Buch. ⁄⁄ Morgen werde ich das Buch lesen.<hr><table class=gloss><tr class=mo><td>ni-na-som-a</td><td>ki-tabu</td></tr><tr class=la><td>1SG-PRÄS-lesen-IND</td><td>KL7-Buch</td></tr></table><table class=gloss><tr class=mo><td>ni-ta-som-a</td><td>ki-tabu</td></tr><tr class=la><td>1SG-FUT-lesen-IND</td><td>KL7-Buch</td></tr></table><div class=hinweis>-na- → -ta- — Nur der TAM-Marker wechselt: -na- PRÄS gegen -ta- FUT. Stamm und Endvokal bleiben.</div>	A1 SD1 kontrast tam tam-na tam-ta
Nilisoma kitabu. ⁄⁄ Nimesoma kitabu.	Gestern las ich das Buch. ⁄⁄ Ich habe das Buch schon gelesen.<hr><table class=gloss><tr class=mo><td>ni-li-som-a</td><td>ki-tabu</td></tr><tr class=la><td>1SG-PRÄT-lesen-IND</td><td>KL7-Buch</td></tr></table><table class=gloss><tr class=mo><td>ni-me-som-a</td><td>ki-tabu</td></tr><tr class=la><td>1SG-PERF-lesen-IND</td><td>KL7-Buch</td></tr></table><div class=hinweis>-li- → -me- — Nur der TAM-Marker wechselt: -li- PRÄT gegen -me- PERF. Stamm und Endvokal bleiben.</div>	A1 SD1 kontrast tam tam-li tam-me
Nilisoma kitabu. ⁄⁄ Nitasoma kitabu.	Gestern las ich das Buch. ⁄⁄ Morgen werde ich das Buch lesen.<hr><table class=gloss><tr class=mo><td>ni-li-som-a</td><td>ki-tabu</td></tr><tr class=la><td>1SG-PRÄT-lesen-IND</td><td>KL7-Buch</td></tr></table><table class=gloss><tr class=mo><td>ni-ta-som-a</td><td>ki-tabu</td></tr><tr class=la><td>1SG-FUT-lesen-IND</td><td>KL7-Buch</td></tr></table><div class=hinweis>-li- → -ta- — Nur der TAM-Marker wechselt: -li- PRÄT gegen -ta- FUT. Stamm und Endvokal bleiben.</div>	A1 SD1 kontrast tam tam-li tam-ta
Nimesoma kitabu. ⁄⁄ Nitasoma kitabu.	Ich habe das Buch schon gelesen. ⁄⁄ Morgen werde ich das Buch lesen.<hr><table class=gloss><tr class=mo><td>ni-me-som-a</td><td>ki-tabu</td></tr><tr class=la><td>1SG-PERF-lesen-IND</td><td>KL7-Buch</td></tr></table><table class=gloss><tr class=mo><td>ni-ta-som-a</td><td>ki-tabu</td></tr><tr class=la><td>1SG-FUT-lesen-IND</td><td>KL7-Buch</td></tr></table><div class=hinweis>-me- → -ta- — Nur der TAM-Marker wechselt: -me- PERF gegen -ta- FUT. Stamm und Endvokal bleiben.</div>	A1 SD1 kontrast tam tam-me tam-ta
Ninanunua mikate. ⁄⁄ Nimenunua mikate.	Ich kaufe gerade die Brote. ⁄⁄ Ich habe die Brote schon gekauft.<hr><table class=gloss><tr class=mo><td>ni-na-nunu-a</td><td>mi-kate</td></tr><tr class=la><td>1SG-PRÄS-kaufen-IND</td><td>KL4-Brot</td></tr></table><table class=gloss><tr class=mo><td>ni-me-nunu-a</td><td>mi-kate</td></tr><tr class=la><td>1SG-PERF-kaufen-IND</td><td>KL4-Brot</td></tr></table><div class=hinweis>-na- → -me- — Nur der TAM-Marker wechselt: -na- PRÄS gegen -me- PERF. Stamm und Endvokal bleiben.</div>	A1 SD1 kontrast tam tam-na tam-me
Ninanunua mikate. ⁄⁄ Nilinunua mikate.	Ich kaufe gerade die Brote. ⁄⁄ Gestern kaufte ich die Brote.<hr><table class=gloss><tr class=mo><td>ni-na-nunu-a</td><td>mi-kate</td></tr><tr class=la><td>1SG-PRÄS-kaufen-IND</td><td>KL4-Brot</td></tr></table><table class=gloss><tr class=mo><td>ni-li-nunu-a</td><td>mi-kate</td></tr><tr class=la><td>1SG-PRÄT-kaufen-IND</td><td>KL4-Brot</td></tr></table><div class=hinweis>-na- → -li- — Nur der TAM-Marker wechselt: -na- PRÄS gegen -li- PRÄT. Stamm und Endvokal bleiben.</div>	A1 SD1 kontrast tam tam-na tam-li
Ninanunua mikate. ⁄⁄ Nitanunua mikate.	Ich kaufe gerade die Brote. ⁄⁄ Morgen werde ich die Brote kaufen.<hr><table class=gloss><tr class=mo><td>ni-na-nunu-a</td><td>mi-kate</td></tr><tr class=la><td>1SG-PRÄS-kaufen-IND</td><td>KL4-Brot</td></tr></table><table class=gloss><tr class=mo><td>ni-ta-nunu-a</td><td>mi-kate</td></tr><tr class=la><td>1SG-FUT-kaufen-IND</td><td>KL4-Brot</td></tr></table><div class=hinweis>-na- → -ta- — Nur der TAM-Marker wechselt: -na- PRÄS gegen -ta- FUT. Stamm und Endvokal bleiben.</div>	A1 SD1 kontrast tam tam-na tam-ta
Nilinunua mikate. ⁄⁄ Nimenunua mikate.	Gestern kaufte ich die Brote. ⁄⁄ Ich habe die Brote schon gekauft.<hr><table class=gloss><tr class=mo><td>ni-li-nunu-a</td><td>mi-kate</td></tr><tr class=la><td>1SG-PRÄT-kaufen-IND</td><td>KL4-Brot</td></tr></table><table class=gloss><tr class=mo><td>ni-me-nunu-a</td><td>mi-kate</td></tr><tr class=la><td>1SG-PERF-kaufen-IND</td><td>KL4-Brot</td></tr></table><div class=hinweis>-li- → -me- — Nur der TAM-Marker wechselt: -li- PRÄT gegen -me- PERF. Stamm und Endvokal bleiben.</div>	A1 SD1 kontrast tam tam-li tam-me
Nilinunua mikate. ⁄⁄ Nitanunua mikate.	Gestern kaufte ich die Brote. ⁄⁄ Morgen werde ich die Brote kaufen.<hr><table class=gloss><tr class=mo><td>ni-li-nunu-a</td><td>mi-kate</td></tr><tr class=la><td>1SG-PRÄT-kaufen-IND</td><td>KL4-Brot</td></tr></table><table class=gloss><tr class=mo><td>ni-ta-nunu-a</td><td>mi-kate</td></tr><tr class=la><td>1SG-FUT-kaufen-IND</td><td>KL4-Brot</td></tr></table><div class=hinweis>-li- → -ta- — Nur der TAM-Marker wechselt: -li- PRÄT gegen -ta- FUT. Stamm und Endvokal bleiben.</div>	A1 SD1 kontrast tam tam-li tam-ta
Nimenunua mikate. ⁄⁄ Nitanunua mikate.	Ich habe die Brote schon gekauft. ⁄⁄ Morgen werde ich die Brote kaufen.<hr><table class=gloss><tr class=mo><td>ni-me-nunu-a</td><td>mi-kate</td></tr><tr class=la><td>1SG-PERF-kaufen-IND</td><td>KL4-Brot</td></tr></table><table class=gloss><tr class=mo><td>ni-ta-nunu-a</td><td>mi-kate</td></tr><tr class=la><td>1SG-FUT-kaufen-IND</td><td>KL4-Brot</td></tr></table><div class=hinweis>-me- → -ta- — Nur der TAM-Marker wechselt: -me- PERF gegen -ta- FUT. Stamm und Endvokal bleiben.</div>	A1 SD1 kontrast tam tam-me tam-ta
Ninaandika barua. ⁄⁄ Nimeandika barua.	Ich schreibe gerade den Brief. ⁄⁄ Ich habe den Brief schon geschrieben.<hr><table class=gloss><tr class=mo><td>ni-na-andik-a</td><td>barua</td></tr><tr class=la><td>1SG-PRÄS-schreiben-IND</td><td>KL9.Brief</td></tr></table><table class=gloss><tr class=mo><td>ni-me-andik-a</td><td>barua</td></tr><tr class=la><td>1SG-PERF-schreiben-IND</td><td>KL9.Brief</td></tr></table><div class=hinweis>-na- → -me- — Nur der TAM-Marker wechselt: -na- PRÄS gegen -me- PERF. Stamm und Endvokal bleiben.</div>	A1 SD1 kontrast tam tam-na tam-me
Ninaandika barua. ⁄⁄ Niliandika barua.	Ich schreibe gerade den Brief. ⁄⁄ Gestern schrieb ich den Brief.<hr><table class=gloss><tr class=mo><td>ni-na-andik-a</td><td>barua</td></tr><tr class=la><td>1SG-PRÄS-schreiben-IND</td><td>KL9.Brief</td></tr></table><table class=gloss><tr class=mo><td>ni-li-andik-a</td><td>barua</td></tr><tr class=la><td>1SG-PRÄT-schreiben-IND</td><td>KL9.Brief</td></tr></table><div class=hinweis>-na- → -li- — Nur der TAM-Marker wechselt: -na- PRÄS gegen -li- PRÄT. Stamm und Endvokal bleiben.</div>	A1 SD1 kontrast tam tam-na tam-li
Ninaandika barua. ⁄⁄ Nitaandika barua.	Ich schreibe gerade den Brief. ⁄⁄ Morgen werde ich den Brief schreiben.<hr><table class=gloss><tr class=mo><td>ni-na-andik-a</td><td>barua</td></tr><tr class=la><td>1SG-PRÄS-schreiben-IND</td><td>KL9.Brief</td></tr></table><table class=gloss><tr class=mo><td>ni-ta-andik-a</td><td>barua</td></tr><tr class=la><td>1SG-FUT-schreiben-IND</td><td>KL9.Brief</td></tr></table><div class=hinweis>-na- → -ta- — Nur der TAM-Marker wechselt: -na- PRÄS gegen -ta- FUT. Stamm und Endvokal bleiben.</div>	A1 SD1 kontrast tam tam-na tam-ta
Niliandika barua. ⁄⁄ Nimeandika barua.	Gestern schrieb ich den Brief. ⁄⁄ Ich habe den Brief schon geschrieben.<hr><table class=gloss><tr class=mo><td>ni-li-andik-a</td><td>barua</td></tr><tr class=la><td>1SG-PRÄT-schreiben-IND</td><td>KL9.Brief</td></tr></table><table class=gloss><tr class=mo><td>ni-me-andik-a</td><td>barua</td></tr><tr class=la><td>1SG-PERF-schreiben-IND</td><td>KL9.Brief</td></tr></table><div class=hinweis>-li- → -me- — Nur der TAM-Marker wechselt: -li- PRÄT gegen -me- PERF. Stamm und Endvokal bleiben.</div>	A1 SD1 kontrast tam tam-li tam-me
Niliandika barua. ⁄⁄ Nitaandika barua.	Gestern schrieb ich den Brief. ⁄⁄ Morgen werde ich den Brief schreiben.<hr><table class=gloss><tr class=mo><td>ni-li-andik-a</td><td>barua</td></tr><tr class=la><td>1SG-PRÄT-schreiben-IND</td><td>KL9.Brief</td></tr></table><table class=gloss><tr class=mo><td>ni-ta-andik-a</td><td>barua</td></tr><tr class=la><td>1SG-FUT-schreiben-IND</td><td>KL9.Brief</td></tr></table><div class=hinweis>-li- → -ta- — Nur der TAM-Marker wechselt: -li- PRÄT gegen -ta- FUT. Stamm und Endvokal bleiben.</div>	A1 SD1 kontrast tam tam-li tam-ta
Nimeandika barua. ⁄⁄ Nitaandika barua.	Ich habe den Brief schon geschrieben. ⁄⁄ Morgen werde ich den Brief schreiben.<hr><table class=gloss><tr class=mo><td>ni-me-andik-a</td><td>barua</td></tr><tr class=la><td>1SG-PERF-schreiben-IND</td><td>KL9.Brief</td></tr></table><table class=gloss><tr class=mo><td>ni-ta-andik-a</td><td>barua</td></tr><tr class=la><td>1SG-FUT-schreiben-IND</td><td>KL9.Brief</td></tr></table><div class=hinweis>-me- → -ta- — Nur der TAM-Marker wechselt: -me- PERF gegen -ta- FUT. Stamm und Endvokal bleiben.</div>	A1 SD1 kontrast tam tam-me tam-ta
Ninaona magari. ⁄⁄ Nimeona magari.	Ich sehe gerade die Autos. ⁄⁄ Ich habe die Autos schon gesehen.<hr><table class=gloss><tr class=mo><td>ni-na-on-a</td><td>ma-gari</td></tr><tr class=la><td>1SG-PRÄS-sehen-IND</td><td>KL6-Auto</td></tr></table><table class=gloss><tr class=mo><td>ni-me-on-a</td><td>ma-gari</td></tr><tr class=la><td>1SG-PERF-sehen-IND</td><td>KL6-Auto</td></tr></table><div class=hinweis>-na- → -me- — Nur der TAM-Marker wechselt: -na- PRÄS gegen -me- PERF. Stamm und Endvokal bleiben.</div>	A1 SD1 kontrast tam tam-na tam-me
Ninaona magari. ⁄⁄ Niliona magari.	Ich sehe gerade die Autos. ⁄⁄ Gestern sah ich die Autos.<hr><table class=gloss><tr class=mo><td>ni-na-on-a</td><td>ma-gari</td></tr><tr class=la><td>1SG-PRÄS-sehen-IND</td><td>KL6-Auto</td></tr></table><table class=gloss><tr class=mo><td>ni-li-on-a</td><td>ma-gari</td></tr><tr class=la><td>1SG-PRÄT-sehen-IND</td><td>KL6-Auto</td></tr></table><div class=hinweis>-na- → -li- — Nur der TAM-Marker wechselt: -na- PRÄS gegen -li- PRÄT. Stamm und Endvokal bleiben.</div>	A1 SD1 kontrast tam tam-na tam-li
Ninaona magari. ⁄⁄ Nitaona magari.	Ich sehe gerade die Autos. ⁄⁄ Morgen werde ich die Autos sehen.<hr><table class=gloss><tr class=mo><td>ni-na-on-a</td><td>ma-gari</td></tr><tr class=la><td>1SG-PRÄS-sehen-IND</td><td>KL6-Auto</td></tr></table><table class=gloss><tr class=mo><td>ni-ta-on-a</td><td>ma-gari</td></tr><tr class=la><td>1SG-FUT-sehen-IND</td><td>KL6-Auto</td></tr></table><div class=hinweis>-na- → -ta- — Nur der TAM-Marker wechselt: -na- PRÄS gegen -ta- FUT. Stamm und Endvokal bleiben.</div>	A1 SD1 kontrast tam tam-na tam-ta
Niliona magari. ⁄⁄ Nimeona magari.	Gestern sah ich die Autos. ⁄⁄ Ich habe die Autos schon gesehen.<hr><table class=gloss><tr class=mo><td>ni-li-on-a</td><td>ma-gari</td></tr><tr class=la><td>1SG-PRÄT-sehen-IND</td><td>KL6-Auto</td></tr></table><table class=gloss><tr class=mo><td>ni-me-on-a</td><td>ma-gari</td></tr><tr class=la><td>1SG-PERF-sehen-IND</td><td>KL6-Auto</td></tr></table><div class=hinweis>-li- → -me- — Nur der TAM-Marker wechselt: -li- PRÄT gegen -me- PERF. Stamm und Endvokal bleiben.</div>	A1 SD1 kontrast tam tam-li tam-me
Niliona magari. ⁄⁄ Nitaona magari.	Gestern sah ich die Autos. ⁄⁄ Morgen werde ich die Autos sehen.<hr><table class=gloss><tr class=mo><td>ni-li-on-a</td><td>ma-gari</td></tr><tr class=la><td>1SG-PRÄT-sehen-IND</td><td>KL6-Auto</td></tr></table><table class=gloss><tr class=mo><td>ni-ta-on-a</td><td>ma-gari</td></tr><tr class=la><td>1SG-FUT-sehen-IND</td><td>KL6-Auto</td></tr></table><div class=hinweis>-li- → -ta- — Nur der TAM-Marker wechselt: -li- PRÄT gegen -ta- FUT. Stamm und Endvokal bleiben.</div>	A1 SD1 kontrast tam tam-li tam-ta
Nimeona magari. ⁄⁄ Nitaona magari.	Ich habe die Autos schon gesehen. ⁄⁄ Morgen werde ich die Autos sehen.<hr><table class=gloss><tr class=mo><td>ni-me-on-a</td><td>ma-gari</td></tr><tr class=la><td>1SG-PERF-sehen-IND</td><td>KL6-Auto</td></tr></table><table class=gloss><tr class=mo><td>ni-ta-on-a</td><td>ma-gari</td></tr><tr class=la><td>1SG-FUT-sehen-IND</td><td>KL6-Auto</td></tr></table><div class=hinweis>-me- → -ta- — Nur der TAM-Marker wechselt: -me- PERF gegen -ta- FUT. Stamm und Endvokal bleiben.</div>	A1 SD1 kontrast tam tam-me tam-ta
Ninapika chakula. ⁄⁄ Nimepika chakula.	Ich koche gerade das Essen. ⁄⁄ Ich habe das Essen schon gekocht.<hr><table class=gloss><tr class=mo><td>ni-na-pik-a</td><td>chakula</td></tr><tr class=la><td>1SG-PRÄS-kochen-IND</td><td>KL7.Essen</td></tr></table><table class=gloss><tr class=mo><td>ni-me-pik-a</td><td>chakula</td></tr><tr class=la><td>1SG-PERF-kochen-IND</td><td>KL7.Essen</td></tr></table><div class=hinweis>-na- → -me- — Nur der TAM-Marker wechselt: -na- PRÄS gegen -me- PERF. Stamm und Endvokal bleiben.</div>	A1 SD1 kontrast tam tam-na tam-me
Ninapika chakula. ⁄⁄ Nilipika chakula.	Ich koche gerade das Essen. ⁄⁄ Gestern kochte ich das Essen.<hr><table class=gloss><tr class=mo><td>ni-na-pik-a</td><td>chakula</td></tr><tr class=la><td>1SG-PRÄS-kochen-IND</td><td>KL7.Essen</td></tr></table><table class=gloss><tr class=mo><td>ni-li-pik-a</td><td>chakula</td></tr><tr class=la><td>1SG-PRÄT-kochen-IND</td><td>KL7.Essen</td></tr></table><div class=hinweis>-na- → -li- — Nur der TAM-Marker wechselt: -na- PRÄS gegen -li- PRÄT. Stamm und Endvokal bleiben.</div>	A1 SD1 kontrast tam tam-na tam-li
Ninapika chakula. ⁄⁄ Nitapika chakula.	Ich koche gerade das Essen. ⁄⁄ Morgen werde ich das Essen kochen.<hr><table class=gloss><tr class=mo><td>ni-na-pik-a</td><td>chakula</td></tr><tr class=la><td>1SG-PRÄS-kochen-IND</td><td>KL7.Essen</td></tr></table><table class=gloss><tr class=mo><td>ni-ta-pik-a</td><td>chakula</td></tr><tr class=la><td>1SG-FUT-kochen-IND</td><td>KL7.Essen</td></tr></table><div class=hinweis>-na- → -ta- — Nur der TAM-Marker wechselt: -na- PRÄS gegen -ta- FUT. Stamm und Endvokal bleiben.</div>	A1 SD1 kontrast tam tam-na tam-ta
Nilipika chakula. ⁄⁄ Nimepika chakula.	Gestern kochte ich das Essen. ⁄⁄ Ich habe das Essen schon gekocht.<hr><table class=gloss><tr class=mo><td>ni-li-pik-a</td><td>chakula</td></tr><tr class=la><td>1SG-PRÄT-kochen-IND</td><td>KL7.Essen</td></tr></table><table class=gloss><tr class=mo><td>ni-me-pik-a</td><td>chakula</td></tr><tr class=la><td>1SG-PERF-kochen-IND</td><td>KL7.Essen</td></tr></table><div class=hinweis>-li- → -me- — Nur der TAM-Marker wechselt: -li- PRÄT gegen -me- PERF. Stamm und Endvokal bleiben.</div>	A1 SD1 kontrast tam tam-li tam-me
Nilipika chakula. ⁄⁄ Nitapika chakula.	Gestern kochte ich das Essen. ⁄⁄ Morgen werde ich das Essen kochen.<hr><table class=gloss><tr class=mo><td>ni-li-pik-a</td><td>chakula</td></tr><tr class=la><td>1SG-PRÄT-kochen-IND</td><td>KL7.Essen</td></tr></table><table class=gloss><tr class=mo><td>ni-ta-pik-a</td><td>chakula</td></tr><tr class=la><td>1SG-FUT-kochen-IND</td><td>KL7.Essen</td></tr></table><div class=hinweis>-li- → -ta- — Nur der TAM-Marker wechselt: -li- PRÄT gegen -ta- FUT. Stamm und Endvokal bleiben.</div>	A1 SD1 kontrast tam tam-li tam-ta
Nimepika chakula. ⁄⁄ Nitapika chakula.	Ich habe das Essen schon gekocht. ⁄⁄ Morgen werde ich das Essen kochen.<hr><table class=gloss><tr class=mo><td>ni-me-pik-a</td><td>chakula</td></tr><tr class=la><td>1SG-PERF-kochen-IND</td><td>KL7.Essen</td></tr></table><table class=gloss><tr class=mo><td>ni-ta-pik-a</td><td>chakula</td></tr><tr class=la><td>1SG-FUT-kochen-IND</td><td>KL7.Essen</td></tr></table><div class=hinweis>-me- → -ta- — Nur der TAM-Marker wechselt: -me- PERF gegen -ta- FUT. Stamm und Endvokal bleiben.</div>	A1 SD1 kontrast tam tam-me tam-ta
Ninasoma kitabu. ⁄⁄ Sisomi kitabu.	Ich lese das Buch. ⁄⁄ Ich lese das Buch nicht.<hr><table class=gloss><tr class=mo><td>ni-na-som-a</td><td>ki-tabu</td></tr><tr class=la><td>1SG-PRÄS-lesen-IND</td><td>KL7-Buch</td></tr></table><table class=gloss><tr class=mo><td>si-som-i</td><td>ki-tabu</td></tr><tr class=la><td>1SG.NEG-lesen-NEG</td><td>KL7-Buch</td></tr></table><div class=klassen>kitabu Kl. 7/8 (ki- › vi-) → vitabu</div><div class=konkordanz>Kl.7: SUBJ ki- · ADJ ki- · GEN cha · DEM hiki/kile · POSS ch- · REL -cho</div><div class=hinweis>ni-na-…-a → si-…-i — Die Negation tauscht das Subjektpräfix, streicht den TAM-Marker und ändert den Endvokal zu -i</div>	A1 SD1 kontrast negation p-1SG
Unasoma kitabu. ⁄⁄ Husomi kitabu.	Du liest das Buch. ⁄⁄ Du liest das Buch nicht.<hr><table class=gloss><tr class=mo><td>u-na-som-a</td><td>ki-tabu</td></tr><tr class=la><td>2SG-PRÄS-lesen-IND</td><td>KL7-Buch</td></tr></table><table class=gloss><tr class=mo><td>hu-som-i</td><td>ki-tabu</td></tr><tr class=la><td>2SG.NEG-lesen-NEG</td><td>KL7-Buch</td></tr></table><div class=klassen>kitabu Kl. 7/8 (ki- › vi-) → vitabu</div><div class=konkordanz>Kl.7: SUBJ ki- · ADJ ki- · GEN cha · DEM hiki/kile · POSS ch- · REL -cho</div><div class=hinweis>u-na-…-a → hu-…-i — Die Negation tauscht das Subjektpräfix, streicht den TAM-Marker und ändert den Endvokal zu -i</div>	A1 SD1 kontrast negation p-2SG
Anasoma kitabu. ⁄⁄ Hasomi kitabu.	Er liest das Buch. ⁄⁄ Er liest das Buch nicht.<hr><table class=gloss><tr class=mo><td>a-na-som-a</td><td>ki-tabu</td></tr><tr class=la><td>3SG-PRÄS-lesen-IND</td><td>KL7-Buch</td></tr></table><table class=gloss><tr class=mo><td>ha-som-i</td><td>ki-tabu</td></tr><tr class=la><td>3SG.NEG-lesen-NEG</td><td>KL7-Buch</td></tr></table><div class=klassen>kitabu Kl. 7/8 (ki- › vi-) → vitabu</div><div class=konkordanz>Kl.7: SUBJ ki- · ADJ ki- · GEN cha · DEM hiki/kile · POSS ch- · REL -cho</div><div class=hinweis>a-na-…-a → ha-…-i — Die Negation tauscht das Subjektpräfix, streicht den TAM-Marker und ändert den Endvokal zu -i</div>	A1 SD1 kontrast negation p-3SG
Tunasoma kitabu. ⁄⁄ Hatusomi kitabu.	Wir lesen das Buch. ⁄⁄ Wir lesen das Buch nicht.<hr><table class=gloss><tr class=mo><td>tu-na-som-a</td><td>ki-tabu</td></tr><tr class=la><td>1PL-PRÄS-lesen-IND</td><td>KL7-Buch</td></tr></table><table class=gloss><tr class=mo><td>hatu-som-i</td><td>ki-tabu</td></tr><tr class=la><td>1PL.NEG-lesen-NEG</td><td>KL7-Buch</td></tr></table><div class=klassen>kitabu Kl. 7/8 (ki- › vi-) → vitabu</div><div class=konkordanz>Kl.7: SUBJ ki- · ADJ ki- · GEN cha · DEM hiki/kile · POSS ch- · REL -cho</div><div class=hinweis>tu-na-…-a → hatu-…-i — Die Negation tauscht das Subjektpräfix, streicht den TAM-Marker und ändert den Endvokal zu -i</div>	A1 SD1 kontrast negation p-1PL
Mnasoma kitabu. ⁄⁄ Hamsomi kitabu.	Ihr lest das Buch. ⁄⁄ Ihr lest das Buch nicht.<hr><table class=gloss><tr class=mo><td>m-na-som-a</td><td>ki-tabu</td></tr><tr class=la><td>2PL-PRÄS-lesen-IND</td><td>KL7-Buch</td></tr></table><table class=gloss><tr class=mo><td>ham-som-i</td><td>ki-tabu</td></tr><tr class=la><td>2PL.NEG-lesen-NEG</td><td>KL7-Buch</td></tr></table><div class=klassen>kitabu Kl. 7/8 (ki- › vi-) → vitabu</div><div class=konkordanz>Kl.7: SUBJ ki- · ADJ ki- · GEN cha · DEM hiki/kile · POSS ch- · REL -cho</div><div class=hinweis>m-na-…-a → ham-…-i — Die Negation tauscht das Subjektpräfix, streicht den TAM-Marker und ändert den Endvokal zu -i</div>	A1 SD1 kontrast negation p-2PL
Wanasoma kitabu. ⁄⁄ Hawasomi kitabu.	Sie lesen das Buch. ⁄⁄ Sie lesen das Buch nicht.<hr><table class=gloss><tr class=mo><td>wa-na-som-a</td><td>ki-tabu</td></tr><tr class=la><td>3PL-PRÄS-lesen-IND</td><td>KL7-Buch</td></tr></table><table class=gloss><tr class=mo><td>hawa-som-i</td><td>ki-tabu</td></tr><tr class=la><td>3PL.NEG-lesen-NEG</td><td>KL7-Buch</td></tr></table><div class=klassen>kitabu Kl. 7/8 (ki- › vi-) → vitabu</div><div class=konkordanz>Kl.7: SUBJ ki- · ADJ ki- · GEN cha · DEM hiki/kile · POSS ch- · REL -cho</div><div class=hinweis>wa-na-…-a → hawa-…-i — Die Negation tauscht das Subjektpräfix, streicht den TAM-Marker und ändert den Endvokal zu -i</div>	A1 SD1 kontrast negation p-3PL
Ninasoma kitabu. ⁄⁄ Sisomi kitabu.	Ich lese das Buch. ⁄⁄ Ich lese das Buch nicht.<hr><table class=gloss><tr class=mo><td>ni-na-som-a</td><td>ki-tabu</td></tr><tr class=la><td>1SG-PRÄS-lesen-IND</td><td>KL7-Buch</td></tr></table><table class=gloss><tr class=mo><td>si-som-i</td><td>ki-tabu</td></tr><tr class=la><td>1SG.NEG-lesen-NEG</td><td>KL7-Buch</td></tr></table><div class=klassen>kitabu Kl. 7/8 (ki- › vi-) → vitabu</div><div class=konkordanz>Kl.7: SUBJ ki- · ADJ ki- · GEN cha · DEM hiki/kile · POSS ch- · REL -cho</div><div class=hinweis>ni-na- → si- — Jede Zeit hat ihre eigene Negationsform — -ku- für die Vergangenheit, -ja- für das Perfekt</div>	A1 SD1 kontrast negation tam-na
Nilisoma kitabu. ⁄⁄ Sikusoma kitabu.	Ich las das Buch. ⁄⁄ Ich las das Buch nicht.<hr><table class=gloss><tr class=mo><td>ni-li-som-a</td><td>ki-tabu</td></tr><tr class=la><td>1SG-PRÄT-lesen-IND</td><td>KL7-Buch</td></tr></table><table class=gloss><tr class=mo><td>si-ku-som-a</td><td>ki-tabu</td></tr><tr class=la><td>1SG.NEG-PRÄT.NEG-lesen-IND</td><td>KL7-Buch</td></tr></table><div class=klassen>kitabu Kl. 7/8 (ki- › vi-) → vitabu</div><div class=konkordanz>Kl.7: SUBJ ki- · ADJ ki- · GEN cha · DEM hiki/kile · POSS ch- · REL -cho</div><div class=hinweis>ni-li- → si-ku- — Jede Zeit hat ihre eigene Negationsform — -ku- für die Vergangenheit, -ja- für das Perfekt</div>	A1 SD1 kontrast negation tam-li
Nimesoma kitabu. ⁄⁄ Sijasoma kitabu.	Ich habe das Buch gelesen. ⁄⁄ Ich habe das Buch noch nicht gelesen.<hr><table class=gloss><tr class=mo><td>ni-me-som-a</td><td>ki-tabu</td></tr><tr class=la><td>1SG-PERF-lesen-IND</td><td>KL7-Buch</td></tr></table><table class=gloss><tr class=mo><td>si-ja-som-a</td><td>ki-tabu</td></tr><tr class=la><td>1SG.NEG-PERF.NEG-lesen-IND</td><td>KL7-Buch</td></tr></table><div class=klassen>kitabu Kl. 7/8 (ki- › vi-) → vitabu</div><div class=konkordanz>Kl.7: SUBJ ki- · ADJ ki- · GEN cha · DEM hiki/kile · POSS ch- · REL -cho</div><div class=hinweis>ni-me- → si-ja- — Jede Zeit hat ihre eigene Negationsform — -ku- für die Vergangenheit, -ja- für das Perfekt</div>	A1 SD1 kontrast negation tam-me
Nitasoma kitabu. ⁄⁄ Sitasoma kitabu.	Ich werde das Buch lesen. ⁄⁄ Ich werde das Buch nicht lesen.<hr><table class=gloss><tr class=mo><td>ni-ta-som-a</td><td>ki-tabu</td></tr><tr class=la><td>1SG-FUT-lesen-IND</td><td>KL7-Buch</td></tr></table><table class=gloss><tr class=mo><td>si-ta-som-a</td><td>ki-tabu</td></tr><tr class=la><td>1SG.NEG-FUT-lesen-IND</td><td>KL7-Buch</td></tr></table><div class=klassen>kitabu Kl. 7/8 (ki- › vi-) → vitabu</div><div class=konkordanz>Kl.7: SUBJ ki- · ADJ ki- · GEN cha · DEM hiki/kile · POSS ch- · REL -cho</div><div class=hinweis>ni-ta- → si-ta- — Jede Zeit hat ihre eigene Negationsform — -ku- für die Vergangenheit, -ja- für das Perfekt</div>	A1 SD1 kontrast negation tam-ta
Ninasoma kitabu. ⁄⁄ Nimesoma vitabu vingi.	Ich lese gerade das Buch. ⁄⁄ Ich habe schon viele Bücher gelesen.<hr><table class=gloss><tr class=mo><td>ni-na-som-a</td><td>ki-tabu</td></tr><tr class=la><td>1SG-PRÄS-lesen-IND</td><td>KL7-Buch</td></tr></table><table class=gloss><tr class=mo><td>ni-me-som-a</td><td>vi-tabu</td><td>vi-ngi</td></tr><tr class=la><td>1SG-PERF-lesen-IND</td><td>KL8-Buch</td><td>KL8-viele</td></tr></table><div class=klassen>kitabu Kl. 7/8 (ki- › vi-) → vitabu</div><div class=konkordanz>Kl.7: SUBJ ki- · ADJ ki- · GEN cha · DEM hiki/kile · POSS ch- · REL -cho · Kl.8: SUBJ vi- · ADJ vi- · GEN vya · DEM hivi/vile · POSS vy- · REL -vyo</div><div class=hinweis>-na- ki- → -me- vi- — Zwei Kontraste auf einmal: TAM -na- gegen -me- und Nominalklasse ki- gegen vi-</div>	A1 SD1 kontrast numerus tam kl7 kl8
