Ab morgen muss ich arbeiten.	Kuanzia kesho lazima nifanye kazi.<hr><table class=gloss><tr class=mo><td>ku-anz-i-a</td><td>kesho</td><td>lazima</td><td>ni-fany-e</td><td>kazi</td></tr><tr class=la><td>KL15-anfangen-APPL-IND</td><td>morgen</td><td>muss</td><td>1SG-tun-KONJ</td><td>KL9.Arbeit</td></tr></table><div class=klassen>kazi Kl. 9/10 (Ø/n-) → kazi — Numerus nur an der Konkordanz</div><div class=konkordanz>Kl.9: SUBJ i- · ADJ Ø/n- · GEN ya · DEM hii/ile · POSS y- · REL -yo</div><div class=hinweis>lazima verlangt den Konjunktiv: nifanye, nicht ninafanya</div>	A1 SD1 A ab
Ich bin oft im Büro, aber nur für wenige Stunden.	Mara nyingi niko ofisini, lakini kwa saa chache tu.<hr><table class=gloss><tr class=mo><td>mara</td><td>ny-ingi</td><td>ni-ko</td><td>ofisi-ni</td><td>lakini</td><td>kwa</td><td>saa</td><td>chache</td><td>tu</td></tr><tr class=la><td>KL9.Mal</td><td>KL10-viele</td><td>1SG-sein.da</td><td>KL9.Büro-LOK</td><td>aber</td><td>für</td><td>KL10.Stunde</td><td>wenige</td><td>nur</td></tr></table><div class=klassen>saa Kl. 9/10 (Ø/n-) → saa — Numerus nur an der Konkordanz [auch &quot;Uhr&quot;]</div><div class=konkordanz>Kl.9: SUBJ i- · ADJ Ø/n- · GEN ya · DEM hii/ile · POSS y- · REL -yo</div><div class=hinweis>Ortsangabe durch Suffix -ni statt Präposition</div>	A1 SD1 A aber
Wir fahren um zwölf Uhr ab.	Tunaondoka saa sita.<hr><table class=gloss><tr class=mo><td>tu-na-ondok-a</td><td>saa</td><td>sita</td></tr><tr class=la><td>1PL-PRÄS-abfahren-IND</td><td>KL9.Stunde</td><td>sechs</td></tr></table><div class=klassen>saa Kl. 9/10 (Ø/n-) → saa — Numerus nur an der Konkordanz [auch &quot;Uhr&quot;]</div><div class=konkordanz>Kl.9: SUBJ i- · ADJ Ø/n- · GEN ya · DEM hii/ile · POSS y- · REL -yo</div><div class=hinweis>Swahili zählt ab Sonnenaufgang: saa sita = 12 Uhr, nicht 6 Uhr</div>	A1 SD1 A abfahren
Vor der Abfahrt rufe ich an.	Kabla ya kuondoka nitapiga simu.<hr><table class=gloss><tr class=mo><td>kabla</td><td>y-a</td><td>ku-ondok-a</td><td>ni-ta-pig-a</td><td>simu</td></tr><tr class=la><td>vor</td><td>KL15-GEN</td><td>KL15-abfahren-IND</td><td>1SG-FUT-schlagen-IND</td><td>KL9.Telefon</td></tr></table><div class=klassen>kuondoka Kl. 15 (ku-), kein Numeruswechsel [Verbalnomen] · simu Kl. 9/10 (Ø/n-) → simu — Numerus nur an der Konkordanz</div><div class=konkordanz>Kl.15: SUBJ ku- · ADJ ku- · GEN kwa · DEM huku/kule · POSS kw- · REL -ko · Kl.9: SUBJ i- · ADJ Ø/n- · GEN ya · DEM hii/ile · POSS y- · REL -yo</div><div class=hinweis>telefonieren = kupiga simu, wörtlich &quot;das Telefon schlagen&quot;</div>	A1 SD1 A Abfahrt
Ich muss meine Schlüssel abgeben.	Lazima nirudishe funguo zangu.<hr><table class=gloss><tr class=mo><td>lazima</td><td>ni-rudish-e</td><td>funguo</td><td>z-angu</td></tr><tr class=la><td>muss</td><td>1SG-zurückgeben-KONJ</td><td>KL10.Schlüssel</td><td>KL10-mein</td></tr></table><div class=klassen>ufunguo Kl. 11/10 (u- › Ø/n-) → funguo</div><div class=konkordanz>Kl.11: SUBJ u- · ADJ m-/mw- · GEN wa · DEM huu/ule · POSS w- · REL -o</div><div class=hinweis>funguo ist Kl.10, Singular ufunguo Kl.11</div>	A1 SD1 A abgeben
Wann kann ich den Schrank bei dir abholen?	Lini ninaweza kuchukua kabati kwako?<hr><table class=gloss><tr class=mo><td>lini</td><td>ni-na-wez-a</td><td>ku-chuku-a</td><td>kabati</td><td>kw-ako</td></tr><tr class=la><td>wann</td><td>1SG-PRÄS-können-IND</td><td>KL15-nehmen-IND</td><td>KL5.Schrank</td><td>KL17-dein</td></tr></table><div class=klassen>kabati Kl. 5/6 (ji-/Ø › ma-) → makabati</div><div class=konkordanz>Kl.5: SUBJ li- · ADJ ji-/Ø · GEN la · DEM hili/lile · POSS l- · REL -lo</div><div class=hinweis>kwako nutzt die Ortsklasse 17: &quot;bei dir&quot;</div>	A1 SD1 A abholen
Wir müssen noch meinen Bruder abholen.	Bado tunatakiwa kumchukua kaka yangu.<hr><table class=gloss><tr class=mo><td>bado</td><td>tu-na-taki-w-a</td><td>ku-m-chuku-a</td><td>kaka</td><td>y-angu</td></tr><tr class=la><td>noch</td><td>1PL-PRÄS-brauchen-PASS-IND</td><td>KL15-OBJ1-nehmen-IND</td><td>KL9/KL1.Bruder</td><td>KL9-mein</td></tr></table><div class=klassen>kaka Kl. 9/10 (Ø/n-) → kaka — Numerus nur an der Konkordanz [Person: Form Kl. 9/10, Kongruenz Kl. 1/2]</div><div class=konkordanz>Kl.1: SUBJ a- · ADJ m-/mw- · GEN wa · DEM huyu/yule · POSS w- · REL -ye</div><div class=hinweis>kaka: Possessiv yangu nach Kl.9, Objektpräfix -m- aber nach Kl.1</div>	A1 SD1 A abholen
Da ist ein Brief für dich ohne Absender.	Kuna barua kwa ajili yako bila mtumaji.<hr><table class=gloss><tr class=mo><td>ku-na</td><td>barua</td><td>kwa</td><td>ajili</td><td>y-ako</td><td>bila</td><td>m-tumaji</td></tr><tr class=la><td>KL17-mit</td><td>KL9.Brief</td><td>für</td><td>KL9.Zweck</td><td>KL9-dein</td><td>ohne</td><td>KL1-Absender</td></tr></table><div class=klassen>barua Kl. 9/10 (Ø/n-) → barua — Numerus nur an der Konkordanz [Numerus nur an der Konkordanz] · mtumaji Kl. 1/2 (m-/mw- › wa-) → watumaji</div><div class=konkordanz>Kl.9: SUBJ i- · ADJ Ø/n- · GEN ya · DEM hii/ile · POSS y- · REL -yo · Kl.1: SUBJ a- · ADJ m-/mw- · GEN wa · DEM huyu/yule · POSS w- · REL -ye</div><div class=hinweis>kuna &quot;es gibt&quot; ist die Ortsklasse 17 plus -na</div>	A1 SD1 A Absender
Achtung! Das dürfen Sie nicht tun.	Tahadhari! Hamruhusiwi kufanya hivyo.<hr><table class=gloss><tr class=mo><td>tahadhari</td><td>ham-ruhus-iw-i</td><td>ku-fany-a</td><td>hivyo</td></tr><tr class=la><td>KL9.Achtung</td><td>2PL.NEG-erlauben-PASS-NEG</td><td>KL15-tun-IND</td><td>so</td></tr></table><div class=konkordanz>Kl.9: SUBJ i- · ADJ Ø/n- · GEN ya · DEM hii/ile · POSS y- · REL -yo · Kl.15: SUBJ ku- · ADJ ku- · GEN kwa · DEM huku/kule · POSS kw- · REL -ko</div><div class=hinweis>Höfliches Sie wird 2PL; Negation ham- plus Endvokal -i</div>	A1 SD1 A Achtung
Können Sie mir seine Adresse sagen?	Mnaweza kuniambia anwani yake?<hr><table class=gloss><tr class=mo><td>m-na-wez-a</td><td>ku-ni-ambi-a</td><td>anwani</td><td>y-ake</td></tr><tr class=la><td>2PL-PRÄS-können-IND</td><td>KL15-OBJ1SG-sagen-IND</td><td>KL9.Adresse</td><td>KL9-sein</td></tr></table><div class=klassen>anwani Kl. 9/10 (Ø/n-) → anwani — Numerus nur an der Konkordanz</div><div class=konkordanz>Kl.9: SUBJ i- · ADJ Ø/n- · GEN ya · DEM hii/ile · POSS y- · REL -yo</div><div class=hinweis>Objektpräfix -ni- steht zwischen ku- und Wurzel</div>	A1 SD1 A Adresse
Alles Gute!	Kila la heri!<hr><table class=gloss><tr class=mo><td>kila</td><td>l-a</td><td>heri</td></tr><tr class=la><td>jede</td><td>KL5-GEN</td><td>KL9.Segen</td></tr></table><div class=konkordanz>Kl.5: SUBJ li- · ADJ ji-/Ø · GEN la · DEM hili/lile · POSS l- · REL -lo · Kl.9: SUBJ i- · ADJ Ø/n- · GEN ya · DEM hii/ile · POSS y- · REL -yo</div><div class=hinweis>Feste Formel, Genitiv la nach Kl.5</div>	A1 SD1 A all
Das ist alles.	Ni hayo tu.<hr><table class=gloss><tr class=mo><td>ni</td><td>hayo</td><td>tu</td></tr><tr class=la><td>KOP</td><td>KL6.DEM</td><td>nur</td></tr></table><div class=konkordanz>Kl.6: SUBJ ya- · ADJ ma- · GEN ya · DEM haya/yale · POSS y- · REL -yo</div><div class=hinweis>hayo verweist auf Ungenanntes, Kl.6</div>	A1 SD1 A all
Sind alle da?	Wote wapo?<hr><table class=gloss><tr class=mo><td>w-ote</td><td>wa-po</td></tr><tr class=la><td>KL2-alle</td><td>KL2-sein.da</td></tr></table><div class=konkordanz>Kl.2: SUBJ wa- · ADJ wa- · GEN wa · DEM hawa/wale · POSS w- · REL -o</div><div class=hinweis>-po markiert Anwesenheit an einem Ort</div>	A1 SD1 A all
Alle Freunde kommen.	Rafiki wote wanakuja.<hr><table class=gloss><tr class=mo><td>rafiki</td><td>w-ote</td><td>wa-na-kuj-a</td></tr><tr class=la><td>KL10/KL2.Freund</td><td>KL2-alle</td><td>KL2-PRÄS-kommen-IND</td></tr></table><div class=klassen>rafiki Kl. 9/10 (Ø/n-) → rafiki — Numerus nur an der Konkordanz [Musterfall: &quot;rafiki yangu&quot; Kl. 9, aber &quot;rafiki anakuja&quot; Kl. 1]</div><div class=konkordanz>Kl.1: SUBJ a- · ADJ m-/mw- · GEN wa · DEM huyu/yule · POSS w- · REL -ye</div><div class=hinweis>rafiki ist formal Kl.10, kongruiert als Person aber Kl.2</div>	A1 SD1 A all
Hast du alles?	Una kila kitu?<hr><table class=gloss><tr class=mo><td>u-na</td><td>kila</td><td>ki-tu</td></tr><tr class=la><td>2SG-haben</td><td>jede</td><td>KL7-Ding</td></tr></table><div class=konkordanz>Kl.7: SUBJ ki- · ADJ ki- · GEN cha · DEM hiki/kile · POSS ch- · REL -cho</div><div class=hinweis>kitu &quot;Ding&quot; ist das Musterwort der Kl.7</div>	A1 SD1 A all
Er kommt allein.	Anakuja peke yake.<hr><table class=gloss><tr class=mo><td>a-na-kuj-a</td><td>peke</td><td>y-ake</td></tr><tr class=la><td>3SG-PRÄS-kommen-IND</td><td>KL9.Alleinsein</td><td>KL9-sein</td></tr></table><div class=konkordanz>Kl.9: SUBJ i- · ADJ Ø/n- · GEN ya · DEM hii/ile · POSS y- · REL -yo</div><div class=hinweis>allein = peke plus Possessiv, beugt sich nach Person</div>	A1 SD1 A allein
Also, es ist so: ...	Basi, hali ni hii: ...<hr><table class=gloss><tr class=mo><td>basi</td><td>hali</td><td>ni</td><td>hii</td></tr><tr class=la><td>also</td><td>KL9.Lage</td><td>KOP</td><td>KL9.DEM</td></tr></table><div class=klassen>basi Kl. 5/6 (ji-/Ø › ma-) → mabasi · hali ya hewa Kl. 9 (Ø/n-), kein Numeruswechsel [Genitivfuegung, kein Plural]</div><div class=konkordanz>Kl.5: SUBJ li- · ADJ ji-/Ø · GEN la · DEM hili/lile · POSS l- · REL -lo · Kl.9: SUBJ i- · ADJ Ø/n- · GEN ya · DEM hii/ile · POSS y- · REL -yo</div><div class=hinweis>ni ist die unveränderliche Kopula</div>	A1 SD1 A also
Er hat Zeit, also muss er uns helfen.	Ana wakati, basi lazima atusaidie.<hr><table class=gloss><tr class=mo><td>a-na</td><td>wakati</td><td>basi</td><td>lazima</td><td>a-tu-saidi-e</td></tr><tr class=la><td>3SG-haben</td><td>KL11.Zeit</td><td>also</td><td>muss</td><td>3SG-OBJ1PL-helfen-KONJ</td></tr></table><div class=klassen>wakati Kl. 11/10 (u- › Ø/n-) → nyakati · basi Kl. 5/6 (ji-/Ø › ma-) → mabasi</div><div class=konkordanz>Kl.11: SUBJ u- · ADJ m-/mw- · GEN wa · DEM huu/ule · POSS w- · REL -o · Kl.5: SUBJ li- · ADJ ji-/Ø · GEN la · DEM hili/lile · POSS l- · REL -lo</div><div class=hinweis>haben wird mit -na ausgedrückt, nicht mit einem Verb</div>	A1 SD1 A also
Wie alt sind Sie?	Mna miaka mingapi?<hr><table class=gloss><tr class=mo><td>m-na</td><td>mi-aka</td><td>mi-ngapi</td></tr><tr class=la><td>2PL-haben</td><td>KL4-Jahr</td><td>KL4-wieviel</td></tr></table><div class=klassen>mwaka wa kuzaliwa Kl. 3/4 (m-/mw- › mi-) → miaka ya kuzaliwa [Genitiv kongruiert mit dem Kopfnomen]</div><div class=konkordanz>Kl.3: SUBJ u- · ADJ m-/mw- · GEN wa · DEM huu/ule · POSS w- · REL -o</div><div class=hinweis>Alter wörtlich &quot;wieviele Jahre habt ihr&quot;</div>	A1 SD1 A alt
Sie sehen aber nicht so alt aus.	Lakini hamonekani wazee.<hr><table class=gloss><tr class=mo><td>lakini</td><td>ham-onekan-i</td><td>wa-zee</td></tr><tr class=la><td>aber</td><td>2PL.NEG-aussehen-NEG</td><td>KL2-alt</td></tr></table><div class=konkordanz>Kl.2: SUBJ wa- · ADJ wa- · GEN wa · DEM hawa/wale · POSS w- · REL -o</div><div class=hinweis>Negation im Präsens wechselt den Endvokal auf -i</div>	A1 SD1 A alt
Mein Auto ist schon sehr alt.	Gari langu ni kuukuu sana.<hr><table class=gloss><tr class=mo><td>gari</td><td>l-angu</td><td>ni</td><td>kuukuu</td><td>sana</td></tr><tr class=la><td>KL5.Auto</td><td>KL5-mein</td><td>KOP</td><td>alt</td><td>sehr</td></tr></table><div class=klassen>gari Kl. 5/6 (ji-/Ø › ma-) → magari</div><div class=konkordanz>Kl.5: SUBJ li- · ADJ ji-/Ø · GEN la · DEM hili/lile · POSS l- · REL -lo</div><div class=hinweis>kuukuu nur für Sachen; alte Menschen sind mzee</div>	A1 SD1 A alt
Wir wohnen in einem sehr alten Haus.	Tunakaa katika nyumba kuukuu sana.<hr><table class=gloss><tr class=mo><td>tu-na-ka-a</td><td>katika</td><td>nyumba</td><td>kuukuu</td><td>sana</td></tr><tr class=la><td>1PL-PRÄS-wohnen-IND</td><td>in</td><td>KL9.Haus</td><td>alt</td><td>sehr</td></tr></table><div class=klassen>nyumba Kl. 9/10 (Ø/n-) → nyumba — Numerus nur an der Konkordanz</div><div class=konkordanz>Kl.9: SUBJ i- · ADJ Ø/n- · GEN ya · DEM hii/ile · POSS y- · REL -yo</div><div class=hinweis>kuukuu bleibt unverändert, kongruiert nicht</div>	A1 SD1 A alt
Köln ist eine alte Stadt.	Köln ni mji wa kale.<hr><table class=gloss><tr class=mo><td>Köln</td><td>ni</td><td>m-ji</td><td>w-a</td><td>kale</td></tr><tr class=la><td>Köln</td><td>KOP</td><td>KL3-Stadt</td><td>KL3-GEN</td><td>Altertum</td></tr></table><div class=klassen>mji Kl. 3/4 (m-/mw- › mi-) → miji</div><div class=konkordanz>Kl.3: SUBJ u- · ADJ m-/mw- · GEN wa · DEM huu/ule · POSS w- · REL -o</div><div class=hinweis>Genitiv wa nach Kl.3</div>	A1 SD1 A alt
Alter: 26 Jahre.	Umri: miaka ishirini na sita.<hr><table class=gloss><tr class=mo><td>umri</td><td>mi-aka</td><td>ishirini</td><td>na</td><td>sita</td></tr><tr class=la><td>KL14.Alter</td><td>KL4-Jahr</td><td>zwanzig</td><td>und</td><td>sechs</td></tr></table><div class=klassen>umri Kl. 14 (u-), kein Numeruswechsel · mwaka wa kuzaliwa Kl. 3/4 (m-/mw- › mi-) → miaka ya kuzaliwa [Genitiv kongruiert mit dem Kopfnomen]</div><div class=konkordanz>Kl.14: SUBJ u- · ADJ m-/mw- · GEN wa · DEM huu/ule · POSS w- · REL -o · Kl.3: SUBJ u- · ADJ m-/mw- · GEN wa · DEM huu/ule · POSS w- · REL -o</div><div class=hinweis>Zahlen über zwanzig werden mit na verbunden</div>	A1 SD1 A Alter
Fahren Sie an der nächsten Straße nach rechts.	Geukeni kulia katika barabara inayofuata.<hr><table class=gloss><tr class=mo><td>geuk-eni</td><td>ku-lia</td><td>katika</td><td>barabara</td><td>i-na-yo-fuat-a</td></tr><tr class=la><td>wenden-IMP.PL</td><td>KL17-rechts</td><td>in</td><td>KL9.Straße</td><td>KL9-PRÄS-REL9-folgen-IND</td></tr></table><div class=klassen>barabara Kl. 9/10 (Ø/n-) → barabara — Numerus nur an der Konkordanz</div><div class=konkordanz>Kl.9: SUBJ i- · ADJ Ø/n- · GEN ya · DEM hii/ile · POSS y- · REL -yo</div><div class=hinweis>Relativinfix -yo- kongruiert mit barabara Kl.9</div>	A1 SD1 A an
Wir treffen uns am Bahnhof.	Tunakutana stesheni.<hr><table class=gloss><tr class=mo><td>tu-na-kut-an-a</td><td>stesheni</td></tr><tr class=la><td>1PL-PRÄS-treffen-REZ-IND</td><td>KL9.Bahnhof</td></tr></table><div class=klassen>stesheni Kl. 9/10 (Ø/n-) → stesheni — Numerus nur an der Konkordanz [Lehnwort]</div><div class=konkordanz>Kl.9: SUBJ i- · ADJ Ø/n- · GEN ya · DEM hii/ile · POSS y- · REL -yo</div><div class=hinweis>sich treffen ist reziprok: -an- im Verb</div>	A1 SD1 A an
Am nächsten Montag geht es leider nicht.	Jumatatu ijayo haiwezekani, samahani.<hr><table class=gloss><tr class=mo><td>Jumatatu</td><td>i-ja-yo</td><td>hai-wezekan-i</td><td>samahani</td></tr><tr class=la><td>KL9.Montag</td><td>KL9-kommen-REL9</td><td>KL9.NEG-möglich.sein-NEG</td><td>KL9.Entschuldigung</td></tr></table><div class=konkordanz>Kl.9: SUBJ i- · ADJ Ø/n- · GEN ya · DEM hii/ile · POSS y- · REL -yo</div><div class=hinweis>Jumatatu heißt wörtlich &quot;zweiter Tag&quot;</div>	A1 SD1 A an
Was darf ich dir anbieten?	Nikupe nini?<hr><table class=gloss><tr class=mo><td>ni-ku-p-e</td><td>nini</td></tr><tr class=la><td>1SG-OBJ2SG-geben-KONJ</td><td>was</td></tr></table><div class=hinweis>Konjunktiv ohne lazima drückt ein Angebot aus</div>	A1 SD1 A anbieten
Heute sind Sportschuhe im Angebot.	Leo viatu vya michezo vipo kwenye ofa.<hr><table class=gloss><tr class=mo><td>leo</td><td>vi-atu</td><td>vy-a</td><td>mi-chezo</td><td>vi-po</td><td>kwenye</td><td>ofa</td></tr><tr class=la><td>heute</td><td>KL8-Schuh</td><td>KL8-GEN</td><td>KL4-Sport</td><td>KL8-sein.da</td><td>an</td><td>KL9.Angebot</td></tr></table><div class=klassen>kiatu Kl. 7/8 (ki- › vi-) → viatu · mchezo Kl. 3/4 (m-/mw- › mi-) → michezo · ofa Kl. 9/10 (Ø/n-) → ofa — Numerus nur an der Konkordanz [Lehnwort]</div><div class=konkordanz>Kl.7: SUBJ ki- · ADJ ki- · GEN cha · DEM hiki/kile · POSS ch- · REL -cho · Kl.3: SUBJ u- · ADJ m-/mw- · GEN wa · DEM huu/ule · POSS w- · REL -o</div><div class=hinweis>Genitiv vya und Subjekt vi- kongruieren beide mit Kl.8</div>	A1 SD1 A Angebot
WiIlst du diese Jacke?	Unataka koti hili?<hr><table class=gloss><tr class=mo><td>u-na-tak-a</td><td>koti</td><td>hili</td></tr><tr class=la><td>2SG-PRÄS-wollen-IND</td><td>KL5.Jacke</td><td>KL5.DEM</td></tr></table><div class=klassen>koti Kl. 5/6 (ji-/Ø › ma-) → makoti</div><div class=konkordanz>Kl.5: SUBJ li- · ADJ ji-/Ø · GEN la · DEM hili/lile · POSS l- · REL -lo</div><div class=hinweis>Demonstrativ hili für Kl.5</div>	A1 SD1 A ander
– Nein, ich möchte die andere.	Hapana, ninataka lile lingine.<hr><table class=gloss><tr class=mo><td>hapana</td><td>ni-na-tak-a</td><td>lile</td><td>li-ngine</td></tr><tr class=la><td>nein</td><td>1SG-PRÄS-wollen-IND</td><td>KL5.DEM.fern</td><td>KL5-andere</td></tr></table><div class=konkordanz>Kl.5: SUBJ li- · ADJ ji-/Ø · GEN la · DEM hili/lile · POSS l- · REL -lo</div><div class=hinweis>lile ist das ferne Demonstrativ der Kl.5</div>	A1 SD1 A ander
Hier fängt die Bahnhofstraße an.	Barabara ya stesheni inaanza hapa.<hr><table class=gloss><tr class=mo><td>barabara</td><td>y-a</td><td>stesheni</td><td>i-na-anz-a</td><td>hapa</td></tr><tr class=la><td>KL9.Straße</td><td>KL9-GEN</td><td>KL9.Bahnhof</td><td>KL9-PRÄS-anfangen-IND</td><td>hier</td></tr></table><div class=klassen>barabara Kl. 9/10 (Ø/n-) → barabara — Numerus nur an der Konkordanz · stesheni Kl. 9/10 (Ø/n-) → stesheni — Numerus nur an der Konkordanz [Lehnwort]</div><div class=konkordanz>Kl.9: SUBJ i- · ADJ Ø/n- · GEN ya · DEM hii/ile · POSS y- · REL -yo</div><div class=hinweis>Subjektpräfix i- für Kl.9</div>	A1 SD1 A anfangen
Der Unterricht fängt gleich an.	Masomo yanaanza hivi punde.<hr><table class=gloss><tr class=mo><td>ma-somo</td><td>ya-na-anz-a</td><td>hivi</td><td>punde</td></tr><tr class=la><td>KL6-Unterricht</td><td>KL6-PRÄS-anfangen-IND</td><td>gleich</td><td>sofort</td></tr></table><div class=klassen>masomo Kl. 6 (ma-), kein Numeruswechsel [nur Plural]</div><div class=konkordanz>Kl.6: SUBJ ya- · ADJ ma- · GEN ya · DEM haya/yale · POSS y- · REL -yo</div><div class=hinweis>masomo ist Kl.6, Subjektpräfix ya-</div>	A1 SD1 A anfangen
Sie wohnt am Anfang der Straße.	Anakaa mwanzoni mwa barabara.<hr><table class=gloss><tr class=mo><td>a-na-ka-a</td><td>mwanzo-ni</td><td>mw-a</td><td>barabara</td></tr><tr class=la><td>3SG-PRÄS-wohnen-IND</td><td>KL3.Anfang-LOK</td><td>KL18-GEN</td><td>KL9.Straße</td></tr></table><div class=klassen>barabara Kl. 9/10 (Ø/n-) → barabara — Numerus nur an der Konkordanz</div><div class=konkordanz>Kl.9: SUBJ i- · ADJ Ø/n- · GEN ya · DEM hii/ile · POSS y- · REL -yo</div><div class=hinweis>nach -ni steht der Genitiv der Ortsklasse 18: mwa</div>	A1 SD1 A Anfang
Wir machen Anfang Juli Urlaub.	Tutakuwa na likizo mwanzoni mwa Julai.<hr><table class=gloss><tr class=mo><td>tu-ta-kuw-a</td><td>na</td><td>likizo</td><td>mwanzo-ni</td><td>mw-a</td><td>Julai</td></tr><tr class=la><td>1PL-FUT-sein-IND</td><td>mit</td><td>KL9.Urlaub</td><td>KL3.Anfang-LOK</td><td>KL18-GEN</td><td>Juli</td></tr></table><div class=klassen>likizo Kl. 9/10 (Ø/n-) → likizo — Numerus nur an der Konkordanz</div><div class=konkordanz>Kl.9: SUBJ i- · ADJ Ø/n- · GEN ya · DEM hii/ile · POSS y- · REL -yo</div><div class=hinweis>Futur von &quot;haben&quot; ist kuwa na</div>	A1 SD1 A Anfang
Da musst du dieses Wort anklicken.	Hapo lazima ubofye neno hili.<hr><table class=gloss><tr class=mo><td>hapo</td><td>lazima</td><td>u-bofy-e</td><td>neno</td><td>hili</td></tr><tr class=la><td>dort</td><td>muss</td><td>2SG-klicken-KONJ</td><td>KL5.Wort</td><td>KL5.DEM</td></tr></table><div class=klassen>neno Kl. 5/6 (ji-/Ø › ma-) → maneno</div><div class=konkordanz>Kl.5: SUBJ li- · ADJ ji-/Ø · GEN la · DEM hili/lile · POSS l- · REL -lo</div><div class=hinweis>neno Kl.5, Plural maneno Kl.6</div>	A1 SD1 A anklicken
Wann kommt dieser Zug in Hamburg an?	Treni hii inafika Hamburg saa ngapi?<hr><table class=gloss><tr class=mo><td>treni</td><td>hii</td><td>i-na-fik-a</td><td>Hamburg</td><td>saa</td><td>ngapi</td></tr><tr class=la><td>KL9.Zug</td><td>KL9.DEM</td><td>KL9-PRÄS-ankommen-IND</td><td>Hamburg</td><td>KL9.Stunde</td><td>wieviel</td></tr></table><div class=klassen>treni Kl. 9/10 (Ø/n-) → treni — Numerus nur an der Konkordanz [Lehnwort] · saa Kl. 9/10 (Ø/n-) → saa — Numerus nur an der Konkordanz [auch &quot;Uhr&quot;]</div><div class=konkordanz>Kl.9: SUBJ i- · ADJ Ø/n- · GEN ya · DEM hii/ile · POSS y- · REL -yo</div><div class=hinweis>Uhrzeitfrage wörtlich &quot;welche Stunde&quot;</div>	A1 SD1 A ankommen
Auf diesem Plan steht nur die Ankunft(-szeit) der Züge.	Mpango huu unaonyesha saa ya kuwasili ya treni tu.<hr><table class=gloss><tr class=mo><td>m-pango</td><td>huu</td><td>u-na-onyesh-a</td><td>saa</td><td>y-a</td><td>ku-wasili</td><td>y-a</td><td>treni</td><td>tu</td></tr><tr class=la><td>KL3-Plan</td><td>KL3.DEM</td><td>KL3-PRÄS-zeigen-IND</td><td>KL9.Stunde</td><td>KL9-GEN</td><td>KL15-ankommen</td><td>KL9-GEN</td><td>KL9.Zug</td><td>nur</td></tr></table><div class=klassen>mpango Kl. 3/4 (m-/mw- › mi-) → mipango · saa Kl. 9/10 (Ø/n-) → saa — Numerus nur an der Konkordanz [auch &quot;Uhr&quot;] · kuwasili Kl. 15 (ku-), kein Numeruswechsel [Verbalnomen] · treni Kl. 9/10 (Ø/n-) → treni — Numerus nur an der Konkordanz [Lehnwort]</div><div class=konkordanz>Kl.3: SUBJ u- · ADJ m-/mw- · GEN wa · DEM huu/ule · POSS w- · REL -o · Kl.9: SUBJ i- · ADJ Ø/n- · GEN ya · DEM hii/ile · POSS y- · REL -yo</div><div class=hinweis>kuwasili ist arabisches Lehnverb und endet nicht auf -a</div>	A1 SD1 A Ankunft
Auf dem Formular müssen Sie an mehreren Stellen etwas ankreuzen.	Katika fomu lazima mtie alama mahali kadhaa.<hr><table class=gloss><tr class=mo><td>katika</td><td>fomu</td><td>lazima</td><td>m-ti-e</td><td>alama</td><td>mahali</td><td>kadhaa</td></tr><tr class=la><td>in</td><td>KL9.Formular</td><td>muss</td><td>2PL-setzen-KONJ</td><td>KL9.Zeichen</td><td>KL16.Ort</td><td>mehrere</td></tr></table><div class=klassen>fomu Kl. 9/10 (Ø/n-) → fomu — Numerus nur an der Konkordanz [Lehnwort] · alama Kl. 9/10 (Ø/n-) → alama — Numerus nur an der Konkordanz · mahali Kl. 16 (pa-), kein Numeruswechsel [Ortsklasse]</div><div class=konkordanz>Kl.9: SUBJ i- · ADJ Ø/n- · GEN ya · DEM hii/ile · POSS y- · REL -yo · Kl.16: SUBJ pa- · ADJ pa- · GEN pa · DEM hapa/pale · POSS p- · REL -po</div><div class=hinweis>ankreuzen = kutia alama, &quot;ein Zeichen setzen&quot;</div>	A1 SD1 A ankreuzen
Mach bitte das Licht an!	Tafadhali washa taa!<hr><table class=gloss><tr class=mo><td>tafadhali</td><td>wash-a</td><td>taa</td></tr><tr class=la><td>bitte</td><td>anmachen-IMP</td><td>KL9.Lampe</td></tr></table><div class=konkordanz>Kl.9: SUBJ i- · ADJ Ø/n- · GEN ya · DEM hii/ile · POSS y- · REL -yo</div><div class=hinweis>Imperativ Singular ist der nackte Verbstamm</div>	A1 SD1 A anmachen
Wo kann ich mich anmelden?	Ninaweza kujiandikisha wapi?<hr><table class=gloss><tr class=mo><td>ni-na-wez-a</td><td>ku-ji-andikish-a</td><td>wapi</td></tr><tr class=la><td>1SG-PRÄS-können-IND</td><td>KL15-REFL-einschreiben-IND</td><td>wo</td></tr></table><div class=konkordanz>Kl.15: SUBJ ku- · ADJ ku- · GEN kwa · DEM huku/kule · POSS kw- · REL -ko</div><div class=hinweis>Reflexiv ist das Infix -ji- an der Objektstelle</div>	A1 SD1 A anmelden
Eine Anmeldung für diesen Kurs ist nicht mehr möglich.	Usajili wa kozi hii hauwezekani tena.<hr><table class=gloss><tr class=mo><td>u-sajili</td><td>w-a</td><td>kozi</td><td>hii</td><td>hau-wezekan-i</td><td>tena</td></tr><tr class=la><td>KL14-Anmeldung</td><td>KL14-GEN</td><td>KL9.Kurs</td><td>KL9.DEM</td><td>KL14.NEG-möglich.sein-NEG</td><td>mehr</td></tr></table><div class=klassen>usajili Kl. 14 (u-), kein Numeruswechsel [Abstraktum] · kozi Kl. 9/10 (Ø/n-) → kozi — Numerus nur an der Konkordanz [Lehnwort]</div><div class=konkordanz>Kl.14: SUBJ u- · ADJ m-/mw- · GEN wa · DEM huu/ule · POSS w- · REL -o · Kl.9: SUBJ i- · ADJ Ø/n- · GEN ya · DEM hii/ile · POSS y- · REL -yo</div><div class=hinweis>Negatives Subjektpräfix der Kl.14 lautet hau-</div>	A1 SD1 A Anmeldung
Schreiben Sie auch eine Anrede und einen Gruß.	Andikeni pia salamu ya mwanzo na salamu ya mwisho.<hr><table class=gloss><tr class=mo><td>andik-eni</td><td>pia</td><td>salamu</td><td>y-a</td><td>mwanzo</td><td>na</td><td>salamu</td><td>y-a</td><td>mwisho</td></tr><tr class=la><td>schreiben-IMP.PL</td><td>auch</td><td>KL9.Anrede</td><td>KL9-GEN</td><td>KL3.Anfang</td><td>und</td><td>KL9.Gruß</td><td>KL9-GEN</td><td>KL3.Ende</td></tr></table><div class=klassen>salamu Kl. 9/10 (Ø/n-) → salamu — Numerus nur an der Konkordanz · mwanzo Kl. 3/4 (m-/mw- › mi-) → mianzo · mwisho Kl. 3/4 (m-/mw- › mi-) → miisho</div><div class=konkordanz>Kl.9: SUBJ i- · ADJ Ø/n- · GEN ya · DEM hii/ile · POSS y- · REL -yo · Kl.3: SUBJ u- · ADJ m-/mw- · GEN wa · DEM huu/ule · POSS w- · REL -o</div><div class=hinweis>Imperativ Plural endet auf -eni</div>	A1 SD1 A Anrede
Kann man Sie anrufen?	Inawezekana kuwapigia simu?<hr><table class=gloss><tr class=mo><td>i-na-wezekan-a</td><td>ku-wa-pig-i-a</td><td>simu</td></tr><tr class=la><td>KL9-PRÄS-möglich.sein-IND</td><td>KL15-OBJ2PL-schlagen-APPL-IND</td><td>KL9.Telefon</td></tr></table><div class=klassen>simu Kl. 9/10 (Ø/n-) → simu — Numerus nur an der Konkordanz</div><div class=konkordanz>Kl.9: SUBJ i- · ADJ Ø/n- · GEN ya · DEM hii/ile · POSS y- · REL -yo</div><div class=hinweis>Applikativ -i- macht aus &quot;schlagen&quot; &quot;für jemanden anrufen&quot;</div>	A1 SD1 A anrufen
Peter ruft kurz seine Freundin an.	Peter anampigia simu rafiki yake kwa muda mfupi.<hr><table class=gloss><tr class=mo><td>Peter</td><td>a-na-m-pig-i-a</td><td>simu</td><td>rafiki</td><td>y-ake</td><td>kwa</td><td>muda</td><td>m-fupi</td></tr><tr class=la><td>Peter</td><td>3SG-PRÄS-OBJ1-schlagen-APPL-IND</td><td>KL9.Telefon</td><td>KL9/KL1.Freundin</td><td>KL9-sein</td><td>für</td><td>KL3.Zeit</td><td>KL3-kurz</td></tr></table><div class=klassen>simu Kl. 9/10 (Ø/n-) → simu — Numerus nur an der Konkordanz · rafiki Kl. 9/10 (Ø/n-) → rafiki — Numerus nur an der Konkordanz [Musterfall: &quot;rafiki yangu&quot; Kl. 9, aber &quot;rafiki anakuja&quot; Kl. 1] · muda Kl. 3/10 (m-/mw- › Ø/n-) → nyakati [Plural unregelmaessig]</div><div class=konkordanz>Kl.9: SUBJ i- · ADJ Ø/n- · GEN ya · DEM hii/ile · POSS y- · REL -yo · Kl.1: SUBJ a- · ADJ m-/mw- · GEN wa · DEM huyu/yule · POSS w- · REL -ye</div><div class=hinweis>Objektpräfix -m- Kl.1, Possessiv yake aber Kl.9</div>	A1 SD1 A anrufen
Sie bekommt viele Anrufe auf ihrem Handy.	Anapokea simu nyingi kwenye simu yake ya mkononi.<hr><table class=gloss><tr class=mo><td>a-na-poke-a</td><td>simu</td><td>ny-ingi</td><td>kwenye</td><td>simu</td><td>y-ake</td><td>y-a</td><td>m-kono-ni</td></tr><tr class=la><td>3SG-PRÄS-empfangen-IND</td><td>KL10.Anruf</td><td>KL10-viele</td><td>an</td><td>KL9.Telefon</td><td>KL9-ihr</td><td>KL9-GEN</td><td>KL3-Hand-LOK</td></tr></table><div class=klassen>simu Kl. 9/10 (Ø/n-) → simu — Numerus nur an der Konkordanz</div><div class=konkordanz>Kl.9: SUBJ i- · ADJ Ø/n- · GEN ya · DEM hii/ile · POSS y- · REL -yo</div><div class=hinweis>simu heißt Telefon und Anruf zugleich</div>	A1 SD1 A Anruf
Wir sind im Moment nicht da. Sprechen Sie bitte auf den Anrufbeantworter.	Kwa sasa hatupo. Tafadhali acheni ujumbe kwenye mashine ya kujibu simu.<hr><table class=gloss><tr class=mo><td>kwa</td><td>sasa</td><td>hatu-po</td><td>tafadhali</td><td>ach-eni</td><td>u-jumbe</td><td>kwenye</td><td>mashine</td><td>y-a</td><td>ku-jibu</td><td>simu</td></tr><tr class=la><td>für</td><td>jetzt</td><td>1PL.NEG-sein.da</td><td>bitte</td><td>lassen-IMP.PL</td><td>KL11-Nachricht</td><td>an</td><td>KL9.Maschine</td><td>KL9-GEN</td><td>KL15-antworten</td><td>KL9.Telefon</td></tr></table><div class=klassen>mashine Kl. 9/10 (Ø/n-) → mashine — Numerus nur an der Konkordanz · simu Kl. 9/10 (Ø/n-) → simu — Numerus nur an der Konkordanz</div><div class=konkordanz>Kl.9: SUBJ i- · ADJ Ø/n- · GEN ya · DEM hii/ile · POSS y- · REL -yo</div><div class=hinweis>hatupo verneint die Anwesenheit; Gegenstück zu tupo</div>	A1 SD1 A Anrufbeantworter
Hören Sie die Ansagen.	Sikilizeni matangazo.<hr><table class=gloss><tr class=mo><td>sikiliz-eni</td><td>ma-tangazo</td></tr><tr class=la><td>zuhören-IMP.PL</td><td>KL6-Ansage</td></tr></table><div class=klassen>tangazo Kl. 5/6 (ji-/Ø › ma-) → matangazo</div><div class=konkordanz>Kl.5: SUBJ li- · ADJ ji-/Ø · GEN la · DEM hili/lile · POSS l- · REL -lo</div><div class=hinweis>Imperativ Plural -eni für höfliche Anrede</div>	A1 SD1 A Ansage
In Mannheim haben Sie Anschluss nach Saarbrücken.	Mannheim mnapata muunganisho kwenda Saarbrücken.<hr><table class=gloss><tr class=mo><td>Mannheim</td><td>m-na-pat-a</td><td>mu-unganisho</td><td>kw-end-a</td><td>Saarbrücken</td></tr><tr class=la><td>Mannheim</td><td>2PL-PRÄS-bekommen-IND</td><td>KL3-Anschluss</td><td>KL15-gehen-IND</td><td>Saarbrücken</td></tr></table><div class=klassen>muunganisho Kl. 3/4 (m-/mw- › mi-) → miunganisho</div><div class=konkordanz>Kl.3: SUBJ u- · ADJ m-/mw- · GEN wa · DEM huu/ule · POSS w- · REL -o</div><div class=hinweis>kwenda ist unregelmäßig: ku- verschmilzt mit -enda</div>	A1 SD1 A Anschluss
Ist das die Anmeldung für einen Telefonanschluss?	Hii ni maombi ya laini ya simu?<hr><table class=gloss><tr class=mo><td>hii</td><td>ni</td><td>ma-ombi</td><td>y-a</td><td>laini</td><td>y-a</td><td>simu</td></tr><tr class=la><td>KL9.DEM</td><td>KOP</td><td>KL6-Anmeldung</td><td>KL6-GEN</td><td>KL9.Leitung</td><td>KL9-GEN</td><td>KL9.Telefon</td></tr></table><div class=klassen>ombi Kl. 5/6 (ji-/Ø › ma-) → maombi · simu Kl. 9/10 (Ø/n-) → simu — Numerus nur an der Konkordanz</div><div class=konkordanz>Kl.5: SUBJ li- · ADJ ji-/Ø · GEN la · DEM hili/lile · POSS l- · REL -lo · Kl.9: SUBJ i- · ADJ Ø/n- · GEN ya · DEM hii/ile · POSS y- · REL -yo</div><div class=hinweis>maombi Kl.6 nimmt Genitiv ya</div>	A1 SD1 A Anschluss
Heute Nacht war das Licht an.	Usiku wa leo taa ilikuwa imewashwa.<hr><table class=gloss><tr class=mo><td>usiku</td><td>w-a</td><td>leo</td><td>taa</td><td>i-li-kuw-a</td><td>i-me-wash-w-a</td></tr><tr class=la><td>KL11.Nacht</td><td>KL11-GEN</td><td>heute</td><td>KL9.Lampe</td><td>KL9-PRÄT-sein-IND</td><td>KL9-PERF-anmachen-PASS-IND</td></tr></table><div class=konkordanz>Kl.11: SUBJ u- · ADJ m-/mw- · GEN wa · DEM huu/ule · POSS w- · REL -o · Kl.9: SUBJ i- · ADJ Ø/n- · GEN ya · DEM hii/ile · POSS y- · REL -yo</div><div class=hinweis>Zusammengesetzte Zeit: ilikuwa plus Perfektpartizip</div>	A1 SD1 A an_sein
Er antwortet nicht.	Hajibu.<hr><table class=gloss><tr class=mo><td>ha-jibu</td></tr><tr class=la><td>3SG.NEG-antworten</td></tr></table><div class=hinweis>Arabisches Lehnverb jibu wird nicht segmentiert</div>	A1 SD1 A antworten
Er gibt leider keine Antwort.	Kwa bahati mbaya hatoi jibu.<hr><table class=gloss><tr class=mo><td>kwa</td><td>bahati</td><td>m-baya</td><td>ha-to-i</td><td>jibu</td></tr><tr class=la><td>für</td><td>KL9.Glück</td><td>KL9-schlecht</td><td>3SG.NEG-geben-NEG</td><td>KL5.Antwort</td></tr></table><div class=klassen>bahati Kl. 9/10 (Ø/n-) → bahati — Numerus nur an der Konkordanz · jibu Kl. 5/6 (ji-/Ø › ma-) → majibu</div><div class=konkordanz>Kl.9: SUBJ i- · ADJ Ø/n- · GEN ya · DEM hii/ile · POSS y- · REL -yo · Kl.5: SUBJ li- · ADJ ji-/Ø · GEN la · DEM hili/lile · POSS l- · REL -lo</div><div class=hinweis>kwa bahati mbaya heißt wörtlich &quot;mit schlechtem Glück&quot;</div>	A1 SD1 A Antwort
Ich habe Ihre Anzeige in der Zeitung gelesen.	Nilisoma tangazo lako katika gazeti.<hr><table class=gloss><tr class=mo><td>ni-li-som-a</td><td>tangazo</td><td>l-ako</td><td>katika</td><td>gazeti</td></tr><tr class=la><td>1SG-PRÄT-lesen-IND</td><td>KL5.Anzeige</td><td>KL5-dein</td><td>in</td><td>KL5.Zeitung</td></tr></table><div class=klassen>tangazo Kl. 5/6 (ji-/Ø › ma-) → matangazo · gazeti Kl. 5/6 (ji-/Ø › ma-) → magazeti</div><div class=konkordanz>Kl.5: SUBJ li- · ADJ ji-/Ø · GEN la · DEM hili/lile · POSS l- · REL -lo</div><div class=hinweis>Possessiv lako kongruiert mit tangazo Kl.5</div>	A1 SD1 A Anzeige
Ich muss mich noch anziehen.	Bado lazima nivae nguo.<hr><table class=gloss><tr class=mo><td>bado</td><td>lazima</td><td>ni-va-e</td><td>nguo</td></tr><tr class=la><td>noch</td><td>muss</td><td>1SG-anziehen-KONJ</td><td>KL10.Kleidung</td></tr></table><div class=klassen>nguo Kl. 9/10 (Ø/n-) → nguo — Numerus nur an der Konkordanz [meist Plural]</div><div class=konkordanz>Kl.9: SUBJ i- · ADJ Ø/n- · GEN ya · DEM hii/ile · POSS y- · REL -yo</div><div class=hinweis>kuvaa deckt anziehen und tragen ab</div>	A1 SD1 A anziehen
Wir haben ein Apartment gemietet.	Tumepanga fleti.<hr><table class=gloss><tr class=mo><td>tu-me-pang-a</td><td>fleti</td></tr><tr class=la><td>1PL-PERF-mieten-IND</td><td>KL9.Apartment</td></tr></table><div class=klassen>fleti Kl. 9/10 (Ø/n-) → fleti — Numerus nur an der Konkordanz [Lehnwort]</div><div class=konkordanz>Kl.9: SUBJ i- · ADJ Ø/n- · GEN ya · DEM hii/ile · POSS y- · REL -yo</div><div class=hinweis>Perfekt -me-: das Ergebnis besteht noch</div>	A1 SD1 A Apartment
Ein Pfund Äpfel bitte.	Nusu kilo ya matofaa tafadhali.<hr><table class=gloss><tr class=mo><td>nusu</td><td>kilo</td><td>y-a</td><td>ma-tofaa</td><td>tafadhali</td></tr><tr class=la><td>KL9.Hälfte</td><td>KL9.Kilo</td><td>KL9-GEN</td><td>KL6-Apfel</td><td>bitte</td></tr></table><div class=klassen>tofaa Kl. 5/6 (ji-/Ø › ma-) → matofaa</div><div class=konkordanz>Kl.5: SUBJ li- · ADJ ji-/Ø · GEN la · DEM hili/lile · POSS l- · REL -lo</div><div class=hinweis>Ein Pfund wird als nusu kilo wiedergegeben</div>	A1 SD1 A Apfel
Guten Appetit!	Karibu chakula!<hr><table class=gloss><tr class=mo><td>karibu</td><td>chakula</td></tr><tr class=la><td>willkommen</td><td>KL7.Essen</td></tr></table><div class=klassen>chakula Kl. 7/8 (ki- › vi-) → vyakula</div><div class=konkordanz>Kl.7: SUBJ ki- · ADJ ki- · GEN cha · DEM hiki/kile · POSS ch- · REL -cho</div><div class=hinweis>karibu ist die übliche Tischformel, kein Wunsch</div>	A1 SD1 A Appetit
Wo arbeiten Sie?	Mnafanya kazi wapi?<hr><table class=gloss><tr class=mo><td>m-na-fany-a</td><td>kazi</td><td>wapi</td></tr><tr class=la><td>2PL-PRÄS-tun-IND</td><td>KL9.Arbeit</td><td>wo</td></tr></table><div class=klassen>kazi Kl. 9/10 (Ø/n-) → kazi — Numerus nur an der Konkordanz</div><div class=konkordanz>Kl.9: SUBJ i- · ADJ Ø/n- · GEN ya · DEM hii/ile · POSS y- · REL -yo</div><div class=hinweis>arbeiten = kufanya kazi, wörtlich &quot;Arbeit tun&quot;</div>	A1 SD1 A arbeiten
Mein Bruder sucht Arbeit.	Kaka yangu anatafuta kazi.<hr><table class=gloss><tr class=mo><td>kaka</td><td>y-angu</td><td>a-na-tafut-a</td><td>kazi</td></tr><tr class=la><td>KL9/KL1.Bruder</td><td>KL9-mein</td><td>3SG-PRÄS-suchen-IND</td><td>KL9.Arbeit</td></tr></table><div class=klassen>kaka Kl. 9/10 (Ø/n-) → kaka — Numerus nur an der Konkordanz [Person: Form Kl. 9/10, Kongruenz Kl. 1/2] · kazi Kl. 9/10 (Ø/n-) → kazi — Numerus nur an der Konkordanz</div><div class=konkordanz>Kl.1: SUBJ a- · ADJ m-/mw- · GEN wa · DEM huyu/yule · POSS w- · REL -ye · Kl.9: SUBJ i- · ADJ Ø/n- · GEN ya · DEM hii/ile · POSS y- · REL -yo</div><div class=hinweis>Possessiv Kl.9, Subjektpräfix a- aber Kl.1</div>	A1 SD1 A Arbeit
Es gibt bei uns viele Leute, die schon lange arbeitslos sind.	Kwetu kuna watu wengi ambao hawana kazi kwa muda mrefu.<hr><table class=gloss><tr class=mo><td>kwetu</td><td>ku-na</td><td>watu</td><td>w-engi</td><td>ambao</td><td>hawa-na</td><td>kazi</td><td>kwa</td><td>muda</td><td>m-refu</td></tr><tr class=la><td>bei.uns</td><td>KL17-mit</td><td>KL2.Leute</td><td>KL2-viele</td><td>KL2.REL</td><td>3PL.NEG-haben</td><td>KL9.Arbeit</td><td>für</td><td>KL3.Zeit</td><td>KL3-lang</td></tr></table><div class=klassen>mtu Kl. 1/2 (m-/mw- › wa-) → watu [Musterwort fuer Kl. 1/2] · kazi Kl. 9/10 (Ø/n-) → kazi — Numerus nur an der Konkordanz · muda Kl. 3/10 (m-/mw- › Ø/n-) → nyakati [Plural unregelmaessig]</div><div class=konkordanz>Kl.1: SUBJ a- · ADJ m-/mw- · GEN wa · DEM huyu/yule · POSS w- · REL -ye · Kl.9: SUBJ i- · ADJ Ø/n- · GEN ya · DEM hii/ile · POSS y- · REL -yo</div><div class=hinweis>arbeitslos wird als hawana kazi umschrieben</div>	A1 SD1 A arbeitslos
An meinem Arbeitsplatz fehlt ein Drucker.	Mahali pangu pa kazi hakuna printa.<hr><table class=gloss><tr class=mo><td>mahali</td><td>p-angu</td><td>p-a</td><td>kazi</td><td>haku-na</td><td>printa</td></tr><tr class=la><td>KL16.Ort</td><td>KL16-mein</td><td>KL16-GEN</td><td>KL9.Arbeit</td><td>KL17.NEG-mit</td><td>KL9.Drucker</td></tr></table><div class=klassen>mahali Kl. 16 (pa-), kein Numeruswechsel [Ortsklasse] · kazi Kl. 9/10 (Ø/n-) → kazi — Numerus nur an der Konkordanz · printa Kl. 9/10 (Ø/n-) → printa — Numerus nur an der Konkordanz [Lehnwort]</div><div class=konkordanz>Kl.16: SUBJ pa- · ADJ pa- · GEN pa · DEM hapa/pale · POSS p- · REL -po · Kl.9: SUBJ i- · ADJ Ø/n- · GEN ya · DEM hii/ile · POSS y- · REL -yo</div><div class=hinweis>Ortsklasse 16 hat eigene Konkordanz pangu, pa</div>	A1 SD1 A Arbeitsplatz
Mein Arm tut weh.	Mkono wangu unauma.<hr><table class=gloss><tr class=mo><td>m-kono</td><td>w-angu</td><td>u-na-um-a</td></tr><tr class=la><td>KL3-Arm</td><td>KL3-mein</td><td>KL3-PRÄS-schmerzen-IND</td></tr></table><div class=klassen>mkono Kl. 3/4 (m-/mw- › mi-) → mikono</div><div class=konkordanz>Kl.3: SUBJ u- · ADJ m-/mw- · GEN wa · DEM huu/ule · POSS w- · REL -o</div><div class=hinweis>mkono heißt Arm und Hand</div>	A1 SD1 A Arm
Morgen habe ich einen Termin bei meiner Ärztin.	Kesho nina miadi na daktari wangu.<hr><table class=gloss><tr class=mo><td>kesho</td><td>ni-na</td><td>miadi</td><td>na</td><td>daktari</td><td>w-angu</td></tr><tr class=la><td>morgen</td><td>1SG-haben</td><td>KL9.Termin</td><td>mit</td><td>KL5/KL1.Arzt</td><td>KL1-mein</td></tr></table><div class=klassen>miadi Kl. 9/10 (Ø/n-) → miadi — Numerus nur an der Konkordanz · daktari Kl. 5/6 (ji-/Ø › ma-) → madaktari [Person: Form Kl. 5/6, Kongruenz Kl. 1/2]</div><div class=konkordanz>Kl.9: SUBJ i- · ADJ Ø/n- · GEN ya · DEM hii/ile · POSS y- · REL -yo · Kl.1: SUBJ a- · ADJ m-/mw- · GEN wa · DEM huyu/yule · POSS w- · REL -ye</div><div class=hinweis>daktari ist Kl.5, nimmt als Person aber wangu Kl.1</div>	A1 SD1 A Arzt
Ich bin auch Spanier.	Mimi pia ni Mhispania.<hr><table class=gloss><tr class=mo><td>mimi</td><td>pia</td><td>ni</td><td>M-hispania</td></tr><tr class=la><td>ich</td><td>auch</td><td>KOP</td><td>KL1-Spanier</td></tr></table><div class=konkordanz>Kl.1: SUBJ a- · ADJ m-/mw- · GEN wa · DEM huyu/yule · POSS w- · REL -ye</div><div class=hinweis>Nationalitäten sind Kl.1/2: Mhispania, Wahispania</div>	A1 SD1 A auch
Die Kinder spielen auf der Straße.	Watoto wanachezea barabarani.<hr><table class=gloss><tr class=mo><td>watoto</td><td>wa-na-chez-e-a</td><td>barabara-ni</td></tr><tr class=la><td>KL2.Kind</td><td>KL2-PRÄS-spielen-APPL-IND</td><td>KL9.Straße-LOK</td></tr></table><div class=klassen>mtoto Kl. 1/2 (m-/mw- › wa-) → watoto</div><div class=konkordanz>Kl.1: SUBJ a- · ADJ m-/mw- · GEN wa · DEM huyu/yule · POSS w- · REL -ye</div><div class=hinweis>Ortssuffix -ni ersetzt die Präposition</div>	A1 SD1 A auf
Auf Wiedersehen.	Kwaheri.<hr><table class=gloss><tr class=mo><td>kwaheri</td></tr><tr class=la><td>auf.Wiedersehen</td></tr></table><div class=hinweis>Unveränderliche Formel, nicht analysierbar</div>	A1 SD1 A auf
Wie heißt das auf Deutsch?	Hii inaitwaje kwa Kijerumani?<hr><table class=gloss><tr class=mo><td>hii</td><td>i-na-it-w-a-je</td><td>kwa</td><td>Ki-jerumani</td></tr><tr class=la><td>KL9.DEM</td><td>KL9-PRÄS-nennen-PASS-IND-wie</td><td>für</td><td>KL7-Deutsch</td></tr></table><div class=konkordanz>Kl.9: SUBJ i- · ADJ Ø/n- · GEN ya · DEM hii/ile · POSS y- · REL -yo · Kl.7: SUBJ ki- · ADJ ki- · GEN cha · DEM hiki/kile · POSS ch- · REL -cho</div><div class=hinweis>Sprachen sind Kl.7: Kijerumani, Kiswahili</div>	A1 SD1 A auf
Das ist eine schwere Aufgabe.	Hili ni zoezi gumu.<hr><table class=gloss><tr class=mo><td>hili</td><td>ni</td><td>zoezi</td><td>gumu</td></tr><tr class=la><td>KL5.DEM</td><td>KOP</td><td>KL5.Aufgabe</td><td>schwer</td></tr></table><div class=konkordanz>Kl.5: SUBJ li- · ADJ ji-/Ø · GEN la · DEM hili/lile · POSS l- · REL -lo</div><div class=hinweis>zoezi ist die Übungsaufgabe, kazi die Arbeit</div>	A1 SD1 A Aufgabe
Der Kurs hört in einer Woche auf.	Kozi inaisha baada ya wiki moja.<hr><table class=gloss><tr class=mo><td>kozi</td><td>i-na-ish-a</td><td>baada</td><td>y-a</td><td>wiki</td><td>moja</td></tr><tr class=la><td>KL9.Kurs</td><td>KL9-PRÄS-enden-IND</td><td>nach</td><td>KL9-GEN</td><td>KL9.Woche</td><td>eins</td></tr></table><div class=klassen>kozi Kl. 9/10 (Ø/n-) → kozi — Numerus nur an der Konkordanz [Lehnwort]</div><div class=konkordanz>Kl.9: SUBJ i- · ADJ Ø/n- · GEN ya · DEM hii/ile · POSS y- · REL -yo</div><div class=hinweis>baada ya verlangt den Genitiv</div>	A1 SD1 A aufhören
Hier hört die Bahnhofstraße auf.	Barabara ya stesheni inaishia hapa.<hr><table class=gloss><tr class=mo><td>barabara</td><td>y-a</td><td>stesheni</td><td>i-na-ish-i-a</td><td>hapa</td></tr><tr class=la><td>KL9.Straße</td><td>KL9-GEN</td><td>KL9.Bahnhof</td><td>KL9-PRÄS-enden-APPL-IND</td><td>hier</td></tr></table><div class=klassen>barabara Kl. 9/10 (Ø/n-) → barabara — Numerus nur an der Konkordanz · stesheni Kl. 9/10 (Ø/n-) → stesheni — Numerus nur an der Konkordanz [Lehnwort]</div><div class=konkordanz>Kl.9: SUBJ i- · ADJ Ø/n- · GEN ya · DEM hii/ile · POSS y- · REL -yo</div><div class=hinweis>Applikativ -i- gibt dem Enden einen Ort</div>	A1 SD1 A aufhören
Du brauchst den Schlüssel nicht. Die Wohnung ist auf.	Hauhitaji ufunguo. Nyumba imefunguliwa.<hr><table class=gloss><tr class=mo><td>hau-hitaji</td><td>ufunguo</td><td>nyumba</td><td>i-me-fungu-liw-a</td></tr><tr class=la><td>2SG.NEG-brauchen</td><td>KL11.Schlüssel</td><td>KL9.Haus</td><td>KL9-PERF-öffnen-PASS-IND</td></tr></table><div class=klassen>ufunguo Kl. 11/10 (u- › Ø/n-) → funguo · nyumba Kl. 9/10 (Ø/n-) → nyumba — Numerus nur an der Konkordanz</div><div class=konkordanz>Kl.11: SUBJ u- · ADJ m-/mw- · GEN wa · DEM huu/ule · POSS w- · REL -o · Kl.9: SUBJ i- · ADJ Ø/n- · GEN ya · DEM hii/ile · POSS y- · REL -yo</div><div class=hinweis>Passiv Perfekt beschreibt einen Zustand</div>	A1 SD1 A auf_sein
Ich muss immer um vier Uhr aufstehen.	Lazima niamke saa kumi kila siku.<hr><table class=gloss><tr class=mo><td>lazima</td><td>ni-amk-e</td><td>saa</td><td>kumi</td><td>kila</td><td>siku</td></tr><tr class=la><td>muss</td><td>1SG-aufstehen-KONJ</td><td>KL9.Stunde</td><td>zehn</td><td>jede</td><td>KL9.Tag</td></tr></table><div class=klassen>saa Kl. 9/10 (Ø/n-) → saa — Numerus nur an der Konkordanz [auch &quot;Uhr&quot;] · siku ya kuzaliwa Kl. 9/10 (Ø/n-) → siku za kuzaliwa [Genitiv kongruiert mit dem Kopfnomen]</div><div class=konkordanz>Kl.9: SUBJ i- · ADJ Ø/n- · GEN ya · DEM hii/ile · POSS y- · REL -yo</div><div class=hinweis>saa kumi ist 4 Uhr: zehnte Stunde nach Sonnenaufgang</div>	A1 SD1 A aufstehen
Soll ich aufstehen?	Niamke?<hr><table class=gloss><tr class=mo><td>ni-amk-e</td></tr><tr class=la><td>1SG-aufstehen-KONJ</td></tr></table><div class=hinweis>Konjunktiv allein stellt eine Frage nach dem Sollen</div>	A1 SD1 A aufstehen
In diesem Haus gibt es keinen Aufzug.	Katika nyumba hii hakuna lifti.<hr><table class=gloss><tr class=mo><td>katika</td><td>nyumba</td><td>hii</td><td>haku-na</td><td>lifti</td></tr><tr class=la><td>in</td><td>KL9.Haus</td><td>KL9.DEM</td><td>KL17.NEG-mit</td><td>KL9.Aufzug</td></tr></table><div class=klassen>nyumba Kl. 9/10 (Ø/n-) → nyumba — Numerus nur an der Konkordanz · lifti Kl. 9/10 (Ø/n-) → lifti — Numerus nur an der Konkordanz [Lehnwort]</div><div class=konkordanz>Kl.9: SUBJ i- · ADJ Ø/n- · GEN ya · DEM hii/ile · POSS y- · REL -yo</div><div class=hinweis>hakuna ist die Negation von kuna</div>	A1 SD1 A Aufzug
Er hat blaue Augen.	Ana macho ya bluu.<hr><table class=gloss><tr class=mo><td>a-na</td><td>macho</td><td>y-a</td><td>bluu</td></tr><tr class=la><td>3SG-haben</td><td>KL6.Auge</td><td>KL6-GEN</td><td>blau</td></tr></table><div class=klassen>jicho Kl. 5/6 (ji-/Ø › ma-) → macho [Nullpraefix im Singular]</div><div class=konkordanz>Kl.5: SUBJ li- · ADJ ji-/Ø · GEN la · DEM hili/lile · POSS l- · REL -lo</div><div class=hinweis>macho Kl.6, Singular jicho Kl.5</div>	A1 SD1 A Auge
Er kommt aus Brasilien.	Anatoka Brazili.<hr><table class=gloss><tr class=mo><td>a-na-tok-a</td><td>Brazili</td></tr><tr class=la><td>3SG-PRÄS-kommen-IND</td><td>Brasilien</td></tr></table><div class=hinweis>kutoka deckt herkommen und verlassen ab</div>	A1 SD1 A aus
Morgen machen wir einen Ausflug nach Heidelberg.	Kesho tutafanya safari ya kwenda Heidelberg.<hr><table class=gloss><tr class=mo><td>kesho</td><td>tu-ta-fany-a</td><td>safari</td><td>y-a</td><td>kw-end-a</td><td>Heidelberg</td></tr><tr class=la><td>morgen</td><td>1PL-FUT-tun-IND</td><td>KL9.Ausflug</td><td>KL9-GEN</td><td>KL15-gehen-IND</td><td>Heidelberg</td></tr></table><div class=klassen>safari Kl. 9/10 (Ø/n-) → safari — Numerus nur an der Konkordanz</div><div class=konkordanz>Kl.9: SUBJ i- · ADJ Ø/n- · GEN ya · DEM hii/ile · POSS y- · REL -yo</div><div class=hinweis>safari deckt Reise und Ausflug ab</div>	A1 SD1 A Ausflug
Füllen Sie bitte dieses Formular aus.	Tafadhali jazeni fomu hii.<hr><table class=gloss><tr class=mo><td>tafadhali</td><td>jaz-eni</td><td>fomu</td><td>hii</td></tr><tr class=la><td>bitte</td><td>füllen-IMP.PL</td><td>KL9.Formular</td><td>KL9.DEM</td></tr></table><div class=klassen>fomu Kl. 9/10 (Ø/n-) → fomu — Numerus nur an der Konkordanz [Lehnwort]</div><div class=konkordanz>Kl.9: SUBJ i- · ADJ Ø/n- · GEN ya · DEM hii/ile · POSS y- · REL -yo</div><div class=hinweis>Imperativ Plural für höfliches Sie</div>	A1 SD1 A ausfüllen
Wo ist der Ausgang?	Njia ya kutoka iko wapi?<hr><table class=gloss><tr class=mo><td>njia</td><td>y-a</td><td>ku-tok-a</td><td>i-ko</td><td>wapi</td></tr><tr class=la><td>KL9.Weg</td><td>KL9-GEN</td><td>KL15-hinausgehen-IND</td><td>KL9-sein.da</td><td>wo</td></tr></table><div class=klassen>njia ya kutoka Kl. 9/10 (Ø/n-) → njia za kutoka [Genitiv kongruiert mit dem Kopfnomen]</div><div class=konkordanz>Kl.9: SUBJ i- · ADJ Ø/n- · GEN ya · DEM hii/ile · POSS y- · REL -yo</div><div class=hinweis>Ausgang wird als njia ya kutoka umschrieben</div>	A1 SD1 A Ausgang
Können Sie mir eine Auskunft geben?	Mnaweza kunipa taarifa?<hr><table class=gloss><tr class=mo><td>m-na-wez-a</td><td>ku-ni-p-a</td><td>taarifa</td></tr><tr class=la><td>2PL-PRÄS-können-IND</td><td>KL15-OBJ1SG-geben-IND</td><td>KL9.Auskunft</td></tr></table><div class=klassen>taarifa Kl. 9/10 (Ø/n-) → taarifa — Numerus nur an der Konkordanz</div><div class=konkordanz>Kl.9: SUBJ i- · ADJ Ø/n- · GEN ya · DEM hii/ile · POSS y- · REL -yo</div><div class=hinweis>Objektpräfix -ni- vor der Wurzel</div>	A1 SD1 A Auskunft
Fahren Sie ins Ausland?	Mnasafiri ugenini?<hr><table class=gloss><tr class=mo><td>m-na-safiri</td><td>ugeni-ni</td></tr><tr class=la><td>2PL-PRÄS-reisen</td><td>KL11.Fremde-LOK</td></tr></table><div class=klassen>ugenini Kl. 17 (ku-), kein Numeruswechsel [Ortsform, kein Plural]</div><div class=konkordanz>Kl.17: SUBJ ku- · ADJ ku- · GEN kwa · DEM huku/kule · POSS kw- · REL -ko</div><div class=hinweis>Ausland als Ortsform ugenini</div>	A1 SD1 A Ausland
SInd Sie Ausländerin?	Wewe ni mgeni?<hr><table class=gloss><tr class=mo><td>wewe</td><td>ni</td><td>m-geni</td></tr><tr class=la><td>du</td><td>KOP</td><td>KL1-Ausländerin</td></tr></table><div class=klassen>mgeni Kl. 1/2 (m-/mw- › wa-) → wageni [auch &quot;Gast&quot;]</div><div class=konkordanz>Kl.1: SUBJ a- · ADJ m-/mw- · GEN wa · DEM huyu/yule · POSS w- · REL -ye</div><div class=hinweis>mgeni heißt Gast und Ausländer</div>	A1 SD1 A Ausländer
Leider habe ich nur ausländisches Geld.	Kwa bahati mbaya nina pesa za kigeni tu.<hr><table class=gloss><tr class=mo><td>kwa</td><td>bahati</td><td>m-baya</td><td>ni-na</td><td>pesa</td><td>z-a</td><td>ki-geni</td><td>tu</td></tr><tr class=la><td>für</td><td>KL9.Glück</td><td>KL9-schlecht</td><td>1SG-haben</td><td>KL10.Geld</td><td>KL10-GEN</td><td>KL7-fremd</td><td>nur</td></tr></table><div class=klassen>bahati Kl. 9/10 (Ø/n-) → bahati — Numerus nur an der Konkordanz · pesa Kl. 9/10 (Ø/n-) → pesa — Numerus nur an der Konkordanz</div><div class=konkordanz>Kl.9: SUBJ i- · ADJ Ø/n- · GEN ya · DEM hii/ile · POSS y- · REL -yo</div><div class=hinweis>kigeni ist Kl.7 und bleibt unverändert</div>	A1 SD1 A ausländisch
Mach bitte das Licht aus!	Tafadhali zima taa!<hr><table class=gloss><tr class=mo><td>tafadhali</td><td>zim-a</td><td>taa</td></tr><tr class=la><td>bitte</td><td>ausmachen-IMP</td><td>KL9.Lampe</td></tr></table><div class=konkordanz>Kl.9: SUBJ i- · ADJ Ø/n- · GEN ya · DEM hii/ile · POSS y- · REL -yo</div><div class=hinweis>zima ist das Gegenwort zu washa</div>	A1 SD1 A ausmachen
Ist die Aussage richtig oder falsch?	Kauli hii ni sahihi au si sahihi?<hr><table class=gloss><tr class=mo><td>kauli</td><td>hii</td><td>ni</td><td>sahihi</td><td>au</td><td>si</td><td>sahihi</td></tr><tr class=la><td>KL9.Aussage</td><td>KL9.DEM</td><td>KOP</td><td>richtig</td><td>oder</td><td>NEG.KOP</td><td>richtig</td></tr></table><div class=klassen>kauli Kl. 9/10 (Ø/n-) → kauli — Numerus nur an der Konkordanz · sahihi Kl. 9/10 (Ø/n-) → sahihi — Numerus nur an der Konkordanz</div><div class=konkordanz>Kl.9: SUBJ i- · ADJ Ø/n- · GEN ya · DEM hii/ile · POSS y- · REL -yo</div><div class=hinweis>si ist die negative Kopula zu ni</div>	A1 SD1 A Aussage
Das sieht schön aus.	Hii inaonekana vizuri.<hr><table class=gloss><tr class=mo><td>hii</td><td>i-na-onekan-a</td><td>vi-zuri</td></tr><tr class=la><td>KL9.DEM</td><td>KL9-PRÄS-aussehen-IND</td><td>KL8-gut</td></tr></table><div class=konkordanz>Kl.9: SUBJ i- · ADJ Ø/n- · GEN ya · DEM hii/ile · POSS y- · REL -yo · Kl.8: SUBJ vi- · ADJ vi- · GEN vya · DEM hivi/vile · POSS vy- · REL -vyo</div><div class=hinweis>vizuri ist ein Adverb mit Kl.8-Präfix</div>	A1 SD1 A aussehen
Das Licht ist aus.	Taa imezimwa.<hr><table class=gloss><tr class=mo><td>taa</td><td>i-me-zim-w-a</td></tr><tr class=la><td>KL9.Lampe</td><td>KL9-PERF-ausmachen-PASS-IND</td></tr></table><div class=konkordanz>Kl.9: SUBJ i- · ADJ Ø/n- · GEN ya · DEM hii/ile · POSS y- · REL -yo</div><div class=hinweis>Passiv Perfekt für einen erreichten Zustand</div>	A1 SD1 A aus_sein
Die Schule ist aus.	Masomo yamekwisha.<hr><table class=gloss><tr class=mo><td>ma-somo</td><td>ya-me-kwish-a</td></tr><tr class=la><td>KL6-Unterricht</td><td>KL6-PERF-enden-IND</td></tr></table><div class=klassen>masomo Kl. 6 (ma-), kein Numeruswechsel [nur Plural]</div><div class=konkordanz>Kl.6: SUBJ ya- · ADJ ma- · GEN ya · DEM haya/yale · POSS y- · REL -yo</div><div class=hinweis>kwisha im Perfekt heißt fertig sein</div>	A1 SD1 A aus_sein
Wo muss ich aussteigen?	Lazima nishuke wapi?<hr><table class=gloss><tr class=mo><td>lazima</td><td>ni-shuk-e</td><td>wapi</td></tr><tr class=la><td>muss</td><td>1SG-aussteigen-KONJ</td><td>wo</td></tr></table><div class=hinweis>kushuka heißt hinabsteigen und aussteigen</div>	A1 SD1 A aussteigen
Hier ist mein Ausweis.	Hiki ni kitambulisho changu.<hr><table class=gloss><tr class=mo><td>hiki</td><td>ni</td><td>ki-tambulisho</td><td>ch-angu</td></tr><tr class=la><td>KL7.DEM</td><td>KOP</td><td>KL7-Ausweis</td><td>KL7-mein</td></tr></table><div class=klassen>kitambulisho Kl. 7/8 (ki- › vi-) → vitambulisho</div><div class=konkordanz>Kl.7: SUBJ ki- · ADJ ki- · GEN cha · DEM hiki/kile · POSS ch- · REL -cho</div><div class=hinweis>Demonstrativ hiki und Possessiv changu beide Kl.7</div>	A1 SD1 A Ausweis
Zieh die Schuhe aus, bitte!	Tafadhali vua viatu!<hr><table class=gloss><tr class=mo><td>tafadhali</td><td>vu-a</td><td>vi-atu</td></tr><tr class=la><td>bitte</td><td>ausziehen-IMP</td><td>KL8-Schuh</td></tr></table><div class=klassen>kiatu Kl. 7/8 (ki- › vi-) → viatu</div><div class=konkordanz>Kl.7: SUBJ ki- · ADJ ki- · GEN cha · DEM hiki/kile · POSS ch- · REL -cho</div><div class=hinweis>kuvua ist das Gegenwort zu kuvaa</div>	A1 SD1 A ausziehen
Er kommt mit dem Auto.	Anakuja na gari.<hr><table class=gloss><tr class=mo><td>a-na-kuj-a</td><td>na</td><td>gari</td></tr><tr class=la><td>3SG-PRÄS-kommen-IND</td><td>mit</td><td>KL5.Auto</td></tr></table><div class=klassen>gari Kl. 5/6 (ji-/Ø › ma-) → magari</div><div class=konkordanz>Kl.5: SUBJ li- · ADJ ji-/Ø · GEN la · DEM hili/lile · POSS l- · REL -lo</div><div class=hinweis>na dient als Begleitung und als Mittel</div>	A1 SD1 A Auto
Wo geht‘s hier bitte zur Autobahn?	Njia ya kwenda barabara kuu ni ipi?<hr><table class=gloss><tr class=mo><td>njia</td><td>y-a</td><td>kw-end-a</td><td>barabara</td><td>kuu</td><td>ni</td><td>ipi</td></tr><tr class=la><td>KL9.Weg</td><td>KL9-GEN</td><td>KL15-gehen-IND</td><td>KL9.Straße</td><td>groß</td><td>KOP</td><td>welche</td></tr></table><div class=klassen>njia ya kutoka Kl. 9/10 (Ø/n-) → njia za kutoka [Genitiv kongruiert mit dem Kopfnomen] · barabara Kl. 9/10 (Ø/n-) → barabara — Numerus nur an der Konkordanz</div><div class=konkordanz>Kl.9: SUBJ i- · ADJ Ø/n- · GEN ya · DEM hii/ile · POSS y- · REL -yo</div><div class=hinweis>Autobahn = barabara kuu, kuu bleibt unverändert</div>	A1 SD1 A Autobahn
Die Fahrkarten gibt es nur am Automaten.	Tiketi zinapatikana kwenye mashine tu.<hr><table class=gloss><tr class=mo><td>tiketi</td><td>zi-na-patikan-a</td><td>kwenye</td><td>mashine</td><td>tu</td></tr><tr class=la><td>KL10.Fahrkarte</td><td>KL10-PRÄS-erhältlich.sein-IND</td><td>an</td><td>KL9.Maschine</td><td>nur</td></tr></table><div class=klassen>tiketi Kl. 9/10 (Ø/n-) → tiketi — Numerus nur an der Konkordanz [Lehnwort] · mashine Kl. 9/10 (Ø/n-) → mashine — Numerus nur an der Konkordanz</div><div class=konkordanz>Kl.9: SUBJ i- · ADJ Ø/n- · GEN ya · DEM hii/ile · POSS y- · REL -yo</div><div class=hinweis>Stativ -ik- macht aus bekommen erhältlich sein</div>	A1 SD1 A Automat
Du musst nichts machen. Das geht automatisch.	Huhitaji kufanya kitu. Inajiendesha.<hr><table class=gloss><tr class=mo><td>hu-hitaji</td><td>ku-fany-a</td><td>ki-tu</td><td>i-na-ji-endesh-a</td></tr><tr class=la><td>2SG.NEG-brauchen</td><td>KL15-tun-IND</td><td>KL7-Ding</td><td>KL9-PRÄS-REFL-fahren-IND</td></tr></table><div class=konkordanz>Kl.15: SUBJ ku- · ADJ ku- · GEN kwa · DEM huku/kule · POSS kw- · REL -ko · Kl.7: SUBJ ki- · ADJ ki- · GEN cha · DEM hiki/kile · POSS ch- · REL -cho</div><div class=hinweis>Reflexiv -ji- drückt hier das Automatische aus</div>	A1 SD1 A automatisch
Mein Kind ist noch ein Baby.	Mtoto wangu ni mchanga bado.<hr><table class=gloss><tr class=mo><td>m-toto</td><td>w-angu</td><td>ni</td><td>m-changa</td><td>bado</td></tr><tr class=la><td>KL1-Kind</td><td>KL1-mein</td><td>KOP</td><td>KL1-jung</td><td>noch</td></tr></table><div class=klassen>mtoto Kl. 1/2 (m-/mw- › wa-) → watoto</div><div class=konkordanz>Kl.1: SUBJ a- · ADJ m-/mw- · GEN wa · DEM huyu/yule · POSS w- · REL -ye</div><div class=hinweis>Baby wird als mtoto mchanga umschrieben</div>	A1 SD1 B Baby
Ich geh mal schnell zur Bäckerei.	Naenda dukani la mikate haraka.<hr><table class=gloss><tr class=mo><td>na-end-a</td><td>duka-ni</td><td>l-a</td><td>mi-kate</td><td>haraka</td></tr><tr class=la><td>1SG.PRÄS.ALLG-gehen-IND</td><td>KL5.Laden-LOK</td><td>KL5-GEN</td><td>KL4-Brot</td><td>schnell</td></tr></table><div class=klassen>mkate Kl. 3/4 (m-/mw- › mi-) → mikate</div><div class=konkordanz>Kl.3: SUBJ u- · ADJ m-/mw- · GEN wa · DEM huu/ule · POSS w- · REL -o</div><div class=hinweis>naenda ist die Kurzform von ninaenda</div>	A1 SD1 B Bäckerei
Wir haben kein großes Bad.	Hatuna bafu kubwa.<hr><table class=gloss><tr class=mo><td>hatu-na</td><td>bafu</td><td>kubwa</td></tr><tr class=la><td>1PL.NEG-haben</td><td>KL9.Bad</td><td>groß</td></tr></table><div class=klassen>bafu Kl. 9/10 (Ø/n-) → bafu — Numerus nur an der Konkordanz [Lehnwort]</div><div class=konkordanz>Kl.9: SUBJ i- · ADJ Ø/n- · GEN ya · DEM hii/ile · POSS y- · REL -yo</div><div class=hinweis>kubwa bleibt in Kl.9 ohne Präfix</div>	A1 SD1 B Bad
Ich bade nicht so gern, ich dusche lieber.	Sipendi kuoga kwenye bafu, napenda kunyeshewa zaidi.<hr><table class=gloss><tr class=mo><td>si-pend-i</td><td>ku-og-a</td><td>kwenye</td><td>bafu</td><td>na-pend-a</td><td>ku-nyeshe-w-a</td><td>zaidi</td></tr><tr class=la><td>1SG.NEG-mögen-NEG</td><td>KL15-baden-IND</td><td>an</td><td>KL9.Bad</td><td>1SG.PRÄS.ALLG-mögen-IND</td><td>KL15-duschen-PASS-IND</td><td>mehr</td></tr></table><div class=klassen>bafu Kl. 9/10 (Ø/n-) → bafu — Numerus nur an der Konkordanz [Lehnwort]</div><div class=konkordanz>Kl.9: SUBJ i- · ADJ Ø/n- · GEN ya · DEM hii/ile · POSS y- · REL -yo</div><div class=hinweis>Vergleich mit zaidi statt mit einem eigenen Komparativ</div>	A1 SD1 B baden
Wir fahren lieber mit der Bahn.	Tunapenda kusafiri kwa treni zaidi.<hr><table class=gloss><tr class=mo><td>tu-na-pend-a</td><td>ku-safiri</td><td>kwa</td><td>treni</td><td>zaidi</td></tr><tr class=la><td>1PL-PRÄS-mögen-IND</td><td>KL15-reisen</td><td>mit</td><td>KL9.Bahn</td><td>mehr</td></tr></table><div class=klassen>treni Kl. 9/10 (Ø/n-) → treni — Numerus nur an der Konkordanz [Lehnwort]</div><div class=konkordanz>Kl.9: SUBJ i- · ADJ Ø/n- · GEN ya · DEM hii/ile · POSS y- · REL -yo</div><div class=hinweis>kwa bezeichnet das Verkehrsmittel</div>	A1 SD1 B Bahn
Ich nehme die nächste Bahn.	Nitachukua treni inayofuata.<hr><table class=gloss><tr class=mo><td>ni-ta-chuku-a</td><td>treni</td><td>i-na-yo-fuat-a</td></tr><tr class=la><td>1SG-FUT-nehmen-IND</td><td>KL9.Bahn</td><td>KL9-PRÄS-REL9-folgen-IND</td></tr></table><div class=klassen>treni Kl. 9/10 (Ø/n-) → treni — Numerus nur an der Konkordanz [Lehnwort]</div><div class=konkordanz>Kl.9: SUBJ i- · ADJ Ø/n- · GEN ya · DEM hii/ile · POSS y- · REL -yo</div><div class=hinweis>Relativinfix -yo- verweist auf treni Kl.9</div>	A1 SD1 B Bahn
Komme ich hier zum Bahnhof?	Nitafika stesheni kwa njia hii?<hr><table class=gloss><tr class=mo><td>ni-ta-fik-a</td><td>stesheni</td><td>kwa</td><td>njia</td><td>hii</td></tr><tr class=la><td>1SG-FUT-ankommen-IND</td><td>KL9.Bahnhof</td><td>über</td><td>KL9.Weg</td><td>KL9.DEM</td></tr></table><div class=klassen>stesheni Kl. 9/10 (Ø/n-) → stesheni — Numerus nur an der Konkordanz [Lehnwort] · njia ya kutoka Kl. 9/10 (Ø/n-) → njia za kutoka [Genitiv kongruiert mit dem Kopfnomen]</div><div class=konkordanz>Kl.9: SUBJ i- · ADJ Ø/n- · GEN ya · DEM hii/ile · POSS y- · REL -yo</div><div class=hinweis>Zukunft auch für höfliche Erkundigung</div>	A1 SD1 B Bahnhof
Auf welchem Bahnsteig fährt der Zug?	Treni inaondoka jukwaa lipi?<hr><table class=gloss><tr class=mo><td>treni</td><td>i-na-ondok-a</td><td>jukwaa</td><td>lipi</td></tr><tr class=la><td>KL9.Bahn</td><td>KL9-PRÄS-abfahren-IND</td><td>KL5.Bahnsteig</td><td>KL5.welche</td></tr></table><div class=klassen>treni Kl. 9/10 (Ø/n-) → treni — Numerus nur an der Konkordanz [Lehnwort] · jukwaa Kl. 5/6 (ji-/Ø › ma-) → majukwaa [Bahnsteig]</div><div class=konkordanz>Kl.9: SUBJ i- · ADJ Ø/n- · GEN ya · DEM hii/ile · POSS y- · REL -yo · Kl.5: SUBJ li- · ADJ ji-/Ø · GEN la · DEM hili/lile · POSS l- · REL -lo</div><div class=hinweis>Fragewort lipi kongruiert mit jukwaa Kl.5</div>	A1 SD1 B Bahnsteig
Ich komme bald.	Nitakuja karibuni.<hr><table class=gloss><tr class=mo><td>ni-ta-kuj-a</td><td>karibuni</td></tr><tr class=la><td>1SG-FUT-kommen-IND</td><td>bald</td></tr></table><div class=hinweis>karibuni ist die Ortsform von karibu</div>	A1 SD1 B bald
Die Wohnung hat auch einen kleinen Balkon.	Nyumba ina pia roshani ndogo.<hr><table class=gloss><tr class=mo><td>nyumba</td><td>i-na</td><td>pia</td><td>roshani</td><td>n-dogo</td></tr><tr class=la><td>KL9.Haus</td><td>KL9-haben</td><td>auch</td><td>KL9.Balkon</td><td>KL9-klein</td></tr></table><div class=klassen>nyumba Kl. 9/10 (Ø/n-) → nyumba — Numerus nur an der Konkordanz · roshani Kl. 9/10 (Ø/n-) → roshani — Numerus nur an der Konkordanz</div><div class=konkordanz>Kl.9: SUBJ i- · ADJ Ø/n- · GEN ya · DEM hii/ile · POSS y- · REL -yo</div><div class=hinweis>Adjektiv ndogo mit Nasalpräfix der Kl.9</div>	A1 SD1 B Balkon
Drei Bananen, bitte!	Ndizi tatu, tafadhali!<hr><table class=gloss><tr class=mo><td>ndizi</td><td>tatu</td><td>tafadhali</td></tr><tr class=la><td>KL10.Banane</td><td>drei</td><td>bitte</td></tr></table><div class=klassen>ndizi Kl. 9/10 (Ø/n-) → ndizi — Numerus nur an der Konkordanz</div><div class=konkordanz>Kl.9: SUBJ i- · ADJ Ø/n- · GEN ya · DEM hii/ile · POSS y- · REL -yo</div><div class=hinweis>ndizi ist Kl.9 und Kl.10 gleich</div>	A1 SD1 B Banane
Die Bank schließt schon um vier Uhr.	Benki inafunga saa kumi.<hr><table class=gloss><tr class=mo><td>benki</td><td>i-na-fung-a</td><td>saa</td><td>kumi</td></tr><tr class=la><td>KL9.Bank</td><td>KL9-PRÄS-schließen-IND</td><td>KL9.Stunde</td><td>zehn</td></tr></table><div class=klassen>benki Kl. 9/10 (Ø/n-) → benki — Numerus nur an der Konkordanz [Geldinstitut; Sitzbank = &quot;benchi&quot;] · saa Kl. 9/10 (Ø/n-) → saa — Numerus nur an der Konkordanz [auch &quot;Uhr&quot;]</div><div class=konkordanz>Kl.9: SUBJ i- · ADJ Ø/n- · GEN ya · DEM hii/ile · POSS y- · REL -yo</div><div class=hinweis>saa kumi = 4 Uhr nachmittags</div>	A1 SD1 B Bank
Er sitzt im Park auf einer Bank und liest.	Anakaa bustanini kwenye benchi na anasoma.<hr><table class=gloss><tr class=mo><td>a-na-ka-a</td><td>bustani-ni</td><td>kwenye</td><td>benchi</td><td>na</td><td>a-na-som-a</td></tr><tr class=la><td>3SG-PRÄS-sitzen-IND</td><td>KL9.Park-LOK</td><td>auf</td><td>KL9.Bank</td><td>und</td><td>3SG-PRÄS-lesen-IND</td></tr></table><div class=konkordanz>Kl.9: SUBJ i- · ADJ Ø/n- · GEN ya · DEM hii/ile · POSS y- · REL -yo</div><div class=hinweis>Sitzbank ist benchi, Geldinstitut benki</div>	A1 SD1 B Bank
Muss ich bar zahlen oder geht‘s auch mit Karte?	Lazima nilipe kwa pesa taslimu au kadi inakubaliwa?<hr><table class=gloss><tr class=mo><td>lazima</td><td>ni-lip-e</td><td>kwa</td><td>pesa</td><td>taslimu</td><td>au</td><td>kadi</td><td>i-na-kubali-w-a</td></tr><tr class=la><td>muss</td><td>1SG-zahlen-KONJ</td><td>mit</td><td>KL10.Geld</td><td>bar</td><td>oder</td><td>KL9.Karte</td><td>KL9-PRÄS-annehmen-PASS-IND</td></tr></table><div class=klassen>pesa Kl. 9/10 (Ø/n-) → pesa — Numerus nur an der Konkordanz · kadi Kl. 9/10 (Ø/n-) → kadi — Numerus nur an der Konkordanz [Speisekarte = &quot;menyu&quot; Kl. 9]</div><div class=konkordanz>Kl.9: SUBJ i- · ADJ Ø/n- · GEN ya · DEM hii/ile · POSS y- · REL -yo</div><div class=hinweis>bar zahlen = kwa pesa taslimu</div>	A1 SD1 B bar
Seit gestern tut mir der Bauch weh.	Tangu jana tumbo linaniuma.<hr><table class=gloss><tr class=mo><td>tangu</td><td>jana</td><td>tumbo</td><td>li-na-ni-um-a</td></tr><tr class=la><td>seit</td><td>gestern</td><td>KL5.Bauch</td><td>KL5-PRÄS-OBJ1SG-schmerzen-IND</td></tr></table><div class=klassen>tumbo Kl. 5/6 (ji-/Ø › ma-) → matumbo</div><div class=konkordanz>Kl.5: SUBJ li- · ADJ ji-/Ø · GEN la · DEM hili/lile · POSS l- · REL -lo</div><div class=hinweis>Schmerz wird mit Objektpräfix ausgedrückt: es schmerzt mich</div>	A1 SD1 B Bauch
Vorsicht, fahr nicht an den Baum!	Tahadhari, usiendeshe hadi mtini!<hr><table class=gloss><tr class=mo><td>tahadhari</td><td>u-si-endesh-e</td><td>hadi</td><td>m-ti-ni</td></tr><tr class=la><td>KL9.Vorsicht</td><td>2SG-NEG-fahren-KONJ</td><td>bis</td><td>KL3-Baum-LOK</td></tr></table><div class=konkordanz>Kl.9: SUBJ i- · ADJ Ø/n- · GEN ya · DEM hii/ile · POSS y- · REL -yo · Kl.3: SUBJ u- · ADJ m-/mw- · GEN wa · DEM huu/ule · POSS w- · REL -o</div><div class=hinweis>Negativer Imperativ ist 2SG plus -si- plus Konjunktiv</div>	A1 SD1 B Baum
Fragen Sie die Beamtin an Schalter acht!	Muulizeni mtumishi kwenye kaunta namba nane!<hr><table class=gloss><tr class=mo><td>mu-uliz-eni</td><td>m-tumishi</td><td>kwenye</td><td>kaunta</td><td>namba</td><td>nane</td></tr><tr class=la><td>OBJ1-fragen-IMP.PL</td><td>KL1-Beamtin</td><td>an</td><td>KL9.Schalter</td><td>KL9.Nummer</td><td>acht</td></tr></table><div class=klassen>mtumishi wa umma Kl. 1/2 (m-/mw- › wa-) → watumishi wa umma · kaunta Kl. 9/10 (Ø/n-) → kaunta — Numerus nur an der Konkordanz [Lehnwort] · namba Kl. 9/10 (Ø/n-) → namba — Numerus nur an der Konkordanz [Lehnwort]</div><div class=konkordanz>Kl.1: SUBJ a- · ADJ m-/mw- · GEN wa · DEM huyu/yule · POSS w- · REL -ye · Kl.9: SUBJ i- · ADJ Ø/n- · GEN ya · DEM hii/ile · POSS y- · REL -yo</div><div class=hinweis>Objektpräfix mu- steht vor der Wurzel im Imperativ</div>	A1 SD1 B Beamte
Was bedeutet das Wort?	Neno hili lina maana gani?<hr><table class=gloss><tr class=mo><td>neno</td><td>hili</td><td>li-na</td><td>maana</td><td>gani</td></tr><tr class=la><td>KL5.Wort</td><td>KL5.DEM</td><td>KL5-haben</td><td>KL9.Bedeutung</td><td>welche</td></tr></table><div class=klassen>neno Kl. 5/6 (ji-/Ø › ma-) → maneno</div><div class=konkordanz>Kl.5: SUBJ li- · ADJ ji-/Ø · GEN la · DEM hili/lile · POSS l- · REL -lo</div><div class=hinweis>bedeuten = kuwa na maana, &quot;Bedeutung haben&quot;</div>	A1 SD1 B bedeuten
Das Spiel beginnt um 15.30 Uhr.	Mchezo unaanza saa tisa na nusu.<hr><table class=gloss><tr class=mo><td>m-chezo</td><td>u-na-anz-a</td><td>saa</td><td>tisa</td><td>na</td><td>nusu</td></tr><tr class=la><td>KL3-Spiel</td><td>KL3-PRÄS-anfangen-IND</td><td>KL9.Stunde</td><td>neun</td><td>und</td><td>KL9.Hälfte</td></tr></table><div class=klassen>mchezo Kl. 3/4 (m-/mw- › mi-) → michezo · saa Kl. 9/10 (Ø/n-) → saa — Numerus nur an der Konkordanz [auch &quot;Uhr&quot;]</div><div class=konkordanz>Kl.3: SUBJ u- · ADJ m-/mw- · GEN wa · DEM huu/ule · POSS w- · REL -o · Kl.9: SUBJ i- · ADJ Ø/n- · GEN ya · DEM hii/ile · POSS y- · REL -yo</div><div class=hinweis>saa tisa na nusu = 15.30 Uhr</div>	A1 SD1 B beginnen
Offenbach liegt bei Frankfurt.	Offenbach iko karibu na Frankfurt.<hr><table class=gloss><tr class=mo><td>Offenbach</td><td>i-ko</td><td>karibu</td><td>na</td><td>Frankfurt</td></tr><tr class=la><td>Offenbach</td><td>KL9-sein.da</td><td>nahe</td><td>bei</td><td>Frankfurt</td></tr></table><div class=konkordanz>Kl.9: SUBJ i- · ADJ Ø/n- · GEN ya · DEM hii/ile · POSS y- · REL -yo</div><div class=hinweis>karibu na für räumliche Nähe</div>	A1 SD1 B bei
Ich wohne bei meinen Eltern.	Nakaa kwa wazazi wangu.<hr><table class=gloss><tr class=mo><td>na-ka-a</td><td>kwa</td><td>wazazi</td><td>w-angu</td></tr><tr class=la><td>1SG.PRÄS.ALLG-wohnen-IND</td><td>bei</td><td>KL2.Eltern</td><td>KL2-mein</td></tr></table><div class=klassen>mzazi Kl. 1/2 (m-/mw- › wa-) → wazazi [deutsch nur Plural]</div><div class=konkordanz>Kl.1: SUBJ a- · ADJ m-/mw- · GEN wa · DEM huyu/yule · POSS w- · REL -ye</div><div class=hinweis>kwa bezeichnet auch den Aufenthalt bei Personen</div>	A1 SD1 B bei
Bei uns regnet es heute.	Kwetu leo inanyesha.<hr><table class=gloss><tr class=mo><td>kwetu</td><td>leo</td><td>i-na-nyesh-a</td></tr><tr class=la><td>bei.uns</td><td>heute</td><td>KL9-PRÄS-regnen-IND</td></tr></table><div class=konkordanz>Kl.9: SUBJ i- · ADJ Ø/n- · GEN ya · DEM hii/ile · POSS y- · REL -yo</div><div class=hinweis>kwetu ist ein Ortswort der Kl.17</div>	A1 SD1 B bei
Er arbeitet bei der Polizei.	Anafanya kazi kwenye polisi.<hr><table class=gloss><tr class=mo><td>a-na-fany-a</td><td>kazi</td><td>kwenye</td><td>polisi</td></tr><tr class=la><td>3SG-PRÄS-tun-IND</td><td>KL9.Arbeit</td><td>bei</td><td>KL9.Polizei</td></tr></table><div class=klassen>kazi Kl. 9/10 (Ø/n-) → kazi — Numerus nur an der Konkordanz · polisi Kl. 9/10 (Ø/n-) → polisi — Numerus nur an der Konkordanz [Kongruenz Kl. 1/2 bei Personen]</div><div class=konkordanz>Kl.9: SUBJ i- · ADJ Ø/n- · GEN ya · DEM hii/ile · POSS y- · REL -yo</div><div class=hinweis>kwenye für Institutionen</div>	A1 SD1 B bei
Beide Eltern arbeiten.	Wazazi wote wawili wanafanya kazi.<hr><table class=gloss><tr class=mo><td>wazazi</td><td>w-ote</td><td>w-awili</td><td>wa-na-fany-a</td><td>kazi</td></tr><tr class=la><td>KL2.Eltern</td><td>KL2-alle</td><td>KL2-zwei</td><td>KL2-PRÄS-tun-IND</td><td>KL9.Arbeit</td></tr></table><div class=klassen>mzazi Kl. 1/2 (m-/mw- › wa-) → wazazi [deutsch nur Plural] · kazi Kl. 9/10 (Ø/n-) → kazi — Numerus nur an der Konkordanz</div><div class=konkordanz>Kl.1: SUBJ a- · ADJ m-/mw- · GEN wa · DEM huyu/yule · POSS w- · REL -ye · Kl.9: SUBJ i- · ADJ Ø/n- · GEN ya · DEM hii/ile · POSS y- · REL -yo</div><div class=hinweis>beide = wote wawili, zweifache Kl.2-Kongruenz</div>	A1 SD1 B beide
Wir kommen beide.	Tunakuja sote wawili.<hr><table class=gloss><tr class=mo><td>tu-na-kuj-a</td><td>s-ote</td><td>w-awili</td></tr><tr class=la><td>1PL-PRÄS-kommen-IND</td><td>1PL-alle</td><td>KL2-zwei</td></tr></table><div class=konkordanz>Kl.2: SUBJ wa- · ADJ wa- · GEN wa · DEM hawa/wale · POSS w- · REL -o</div><div class=hinweis>sote ist die 1PL-Form von -ote</div>	A1 SD1 B beide
Mein rechtes Bein tut weh.	Mguu wangu wa kulia unauma.<hr><table class=gloss><tr class=mo><td>m-guu</td><td>w-angu</td><td>w-a</td><td>ku-lia</td><td>u-na-um-a</td></tr><tr class=la><td>KL3-Bein</td><td>KL3-mein</td><td>KL3-GEN</td><td>KL17-rechts</td><td>KL3-PRÄS-schmerzen-IND</td></tr></table><div class=klassen>mguu Kl. 3/4 (m-/mw- › mi-) → miguu</div><div class=konkordanz>Kl.3: SUBJ u- · ADJ m-/mw- · GEN wa · DEM huu/ule · POSS w- · REL -o</div><div class=hinweis>Dreifache Kl.3-Kongruenz: wangu, wa, una-</div>	A1 SD1 B Bein
Kannst du mir ein Beispiel sagen?	Unaweza kunipa mfano?<hr><table class=gloss><tr class=mo><td>u-na-wez-a</td><td>ku-ni-p-a</td><td>m-fano</td></tr><tr class=la><td>2SG-PRÄS-können-IND</td><td>KL15-OBJ1SG-geben-IND</td><td>KL3-Beispiel</td></tr></table><div class=klassen>mfano Kl. 3/4 (m-/mw- › mi-) → mifano</div><div class=konkordanz>Kl.3: SUBJ u- · ADJ m-/mw- · GEN wa · DEM huu/ule · POSS w- · REL -o</div><div class=hinweis>mfano Kl.3, Plural mifano Kl.4</div>	A1 SD1 B Beispiel
Viele meiner Verwandten, z. B. meine beiden Brüder, arbeiten auch hier.	Ndugu wangu wengi, kwa mfano kaka zangu wawili, wanafanya kazi hapa pia.<hr><table class=gloss><tr class=mo><td>ndugu</td><td>w-angu</td><td>w-engi</td><td>kwa</td><td>m-fano</td><td>kaka</td><td>z-angu</td><td>w-awili</td><td>wa-na-fany-a</td><td>kazi</td><td>hapa</td><td>pia</td></tr><tr class=la><td>KL9/KL2.Verwandte</td><td>KL2-mein</td><td>KL2-viele</td><td>für</td><td>KL3-Beispiel</td><td>KL9/KL2.Bruder</td><td>KL10-mein</td><td>KL2-zwei</td><td>KL2-PRÄS-tun-IND</td><td>KL9.Arbeit</td><td>hier</td><td>auch</td></tr></table><div class=klassen>ndugu Kl. 9/10 (Ø/n-) → ndugu — Numerus nur an der Konkordanz [Person: Form Kl. 9/10, Kongruenz Kl. 1/2] · mfano Kl. 3/4 (m-/mw- › mi-) → mifano · kaka Kl. 9/10 (Ø/n-) → kaka — Numerus nur an der Konkordanz [Person: Form Kl. 9/10, Kongruenz Kl. 1/2] · kazi Kl. 9/10 (Ø/n-) → kazi — Numerus nur an der Konkordanz</div><div class=konkordanz>Kl.1: SUBJ a- · ADJ m-/mw- · GEN wa · DEM huyu/yule · POSS w- · REL -ye · Kl.3: SUBJ u- · ADJ m-/mw- · GEN wa · DEM huu/ule · POSS w- · REL -o</div><div class=hinweis>kaka zangu nutzt Kl.10-Possessiv, die Verbkongruenz aber Kl.2</div>	A1 SD1 B zum_Beispiel/z__B_
Picasso ist sehr bekannt.	Picasso anajulikana sana.<hr><table class=gloss><tr class=mo><td>Picasso</td><td>a-na-julikan-a</td><td>sana</td></tr><tr class=la><td>Picasso</td><td>3SG-PRÄS-bekannt.sein-IND</td><td>sehr</td></tr></table><div class=hinweis>Stativ -ik- macht aus wissen bekannt sein</div>	A1 SD1 B bekannt
Ein Bekannter von mir heißt Klaus.	Mtu nimemfahamu anaitwa Klaus.<hr><table class=gloss><tr class=mo><td>mtu</td><td>ni-me-m-fahamu</td><td>a-na-it-w-a</td><td>Klaus</td></tr><tr class=la><td>KL1.Bekannter</td><td>1SG-PERF-OBJ1-kennen</td><td>3SG-PRÄS-nennen-PASS-IND</td><td>Klaus</td></tr></table><div class=klassen>mtu Kl. 1/2 (m-/mw- › wa-) → watu [Musterwort fuer Kl. 1/2]</div><div class=konkordanz>Kl.1: SUBJ a- · ADJ m-/mw- · GEN wa · DEM huyu/yule · POSS w- · REL -ye</div><div class=hinweis>Swahili hat kein Einzelwort für Bekannter</div>	A1 SD1 B Bekannte
Haben Sie meinen Brief bekommen?	Mmepokea barua yangu?<hr><table class=gloss><tr class=mo><td>m-me-poke-a</td><td>barua</td><td>y-angu</td></tr><tr class=la><td>2PL-PERF-empfangen-IND</td><td>KL9.Brief</td><td>KL9-mein</td></tr></table><div class=klassen>barua Kl. 9/10 (Ø/n-) → barua — Numerus nur an der Konkordanz [Numerus nur an der Konkordanz]</div><div class=konkordanz>Kl.9: SUBJ i- · ADJ Ø/n- · GEN ya · DEM hii/ile · POSS y- · REL -yo</div><div class=hinweis>Perfekt -me- ersetzt das deutsche Perfekt</div>	A1 SD1 B bekommen
Was bekommen Sie?	Mnapata nini?<hr><table class=gloss><tr class=mo><td>m-na-pat-a</td><td>nini</td></tr><tr class=la><td>2PL-PRÄS-bekommen-IND</td><td>was</td></tr></table><div class=hinweis>Im Laden fragt man wörtlich &quot;was bekommt ihr&quot;</div>	A1 SD1 B bekommen
Dieses Medikament bekommen Sie in der Apotheke.	Dawa hii mnaipata kwenye duka la dawa.<hr><table class=gloss><tr class=mo><td>dawa</td><td>hii</td><td>m-na-i-pat-a</td><td>kwenye</td><td>duka</td><td>l-a</td><td>dawa</td></tr><tr class=la><td>KL9.Medikament</td><td>KL9.DEM</td><td>2PL-PRÄS-OBJ9-bekommen-IND</td><td>an</td><td>KL5.Laden</td><td>KL5-GEN</td><td>KL9.Medikament</td></tr></table><div class=klassen>duka Kl. 5/6 (ji-/Ø › ma-) → maduka</div><div class=konkordanz>Kl.5: SUBJ li- · ADJ ji-/Ø · GEN la · DEM hili/lile · POSS l- · REL -lo</div><div class=hinweis>Objektpräfix -i- greift das vorangestellte dawa auf</div>	A1 SD1 B bekommen
Die Aufzüge bitte nicht benutzen!	Tafadhali msitumie lifti!<hr><table class=gloss><tr class=mo><td>tafadhali</td><td>m-si-tumi-e</td><td>lifti</td></tr><tr class=la><td>bitte</td><td>2PL-NEG-benutzen-KONJ</td><td>KL9.Aufzug</td></tr></table><div class=klassen>lifti Kl. 9/10 (Ø/n-) → lifti — Numerus nur an der Konkordanz [Lehnwort]</div><div class=konkordanz>Kl.9: SUBJ i- · ADJ Ø/n- · GEN ya · DEM hii/ile · POSS y- · REL -yo</div><div class=hinweis>Verbot: 2PL plus -si- plus Konjunktiv</div>	A1 SD1 B benutzen
Was sind Sie von Beruf?	Kazi yenu ni ipi?<hr><table class=gloss><tr class=mo><td>kazi</td><td>y-enu</td><td>ni</td><td>ipi</td></tr><tr class=la><td>KL9.Beruf</td><td>KL9-euer</td><td>KOP</td><td>welche</td></tr></table><div class=klassen>kazi Kl. 9/10 (Ø/n-) → kazi — Numerus nur an der Konkordanz</div><div class=konkordanz>Kl.9: SUBJ i- · ADJ Ø/n- · GEN ya · DEM hii/ile · POSS y- · REL -yo</div><div class=hinweis>Possessiv yenu für 2PL</div>	A1 SD1 B Beruf
Was ist Ihr Beruf?	Kazi yako ni nini?<hr><table class=gloss><tr class=mo><td>kazi</td><td>y-ako</td><td>ni</td><td>nini</td></tr><tr class=la><td>KL9.Beruf</td><td>KL9-dein</td><td>KOP</td><td>was</td></tr></table><div class=klassen>kazi Kl. 9/10 (Ø/n-) → kazi — Numerus nur an der Konkordanz</div><div class=konkordanz>Kl.9: SUBJ i- · ADJ Ø/n- · GEN ya · DEM hii/ile · POSS y- · REL -yo</div><div class=hinweis>nini fragt nach Sachen, ipi nach der Auswahl</div>	A1 SD1 B Beruf
Die Nummer ist immer besetzt.	Namba inakuwa na shughuli kila wakati.<hr><table class=gloss><tr class=mo><td>namba</td><td>i-na-kuw-a</td><td>na</td><td>shughuli</td><td>kila</td><td>wakati</td></tr><tr class=la><td>KL9.Nummer</td><td>KL9-PRÄS-sein-IND</td><td>mit</td><td>KL9.Beschäftigung</td><td>jede</td><td>KL11.Zeit</td></tr></table><div class=klassen>namba Kl. 9/10 (Ø/n-) → namba — Numerus nur an der Konkordanz [Lehnwort] · wakati Kl. 11/10 (u- › Ø/n-) → nyakati</div><div class=konkordanz>Kl.9: SUBJ i- · ADJ Ø/n- · GEN ya · DEM hii/ile · POSS y- · REL -yo · Kl.11: SUBJ u- · ADJ m-/mw- · GEN wa · DEM huu/ule · POSS w- · REL -o</div><div class=hinweis>besetzt = kuwa na shughuli</div>	A1 SD1 B besetzt
Der Platz ist besetzt.	Nafasi hii imechukuliwa.<hr><table class=gloss><tr class=mo><td>nafasi</td><td>hii</td><td>i-me-chuku-liw-a</td></tr><tr class=la><td>KL9.Platz</td><td>KL9.DEM</td><td>KL9-PERF-nehmen-PASS-IND</td></tr></table><div class=klassen>nafasi Kl. 9/10 (Ø/n-) → nafasi — Numerus nur an der Konkordanz [Sitzplatz; Ort = &quot;mahali&quot; Kl. 16]</div><div class=konkordanz>Kl.9: SUBJ i- · ADJ Ø/n- · GEN ya · DEM hii/ile · POSS y- · REL -yo</div><div class=hinweis>Passiv Perfekt für besetzt</div>	A1 SD1 B besetzt
Ich möchte gern den Dom besichtigen.	Ningependa kutembelea kanisa kuu.<hr><table class=gloss><tr class=mo><td>ni-nge-pend-a</td><td>ku-tembel-e-a</td><td>kanisa</td><td>kuu</td></tr><tr class=la><td>1SG-IRR-mögen-IND</td><td>KL15-besuchen-APPL-IND</td><td>KL5.Kirche</td><td>groß</td></tr></table><div class=konkordanz>Kl.15: SUBJ ku- · ADJ ku- · GEN kwa · DEM huku/kule · POSS kw- · REL -ko · Kl.5: SUBJ li- · ADJ ji-/Ø · GEN la · DEM hili/lile · POSS l- · REL -lo</div><div class=hinweis>-nge- bildet die Höflichkeitsform &quot;ich würde&quot;</div>	A1 SD1 B besichtigen
Es geht mir schon besser.	Nahisi vizuri zaidi sasa.<hr><table class=gloss><tr class=mo><td>na-hisi</td><td>vi-zuri</td><td>zaidi</td><td>sasa</td></tr><tr class=la><td>1SG.PRÄS.ALLG-fühlen</td><td>KL8-gut</td><td>mehr</td><td>jetzt</td></tr></table><div class=konkordanz>Kl.8: SUBJ vi- · ADJ vi- · GEN vya · DEM hivi/vile · POSS vy- · REL -vyo</div><div class=hinweis>kuhisi ist arabisches Lehnverb auf -i</div>	A1 SD1 B besser
Am besten treffen wir uns morgen.	Ni bora tukutane kesho.<hr><table class=gloss><tr class=mo><td>ni</td><td>bora</td><td>tu-kutan-e</td><td>kesho</td></tr><tr class=la><td>KOP</td><td>besser</td><td>1PL-treffen-KONJ</td><td>morgen</td></tr></table><div class=hinweis>ni bora plus Konjunktiv für einen Vorschlag</div>	A1 SD1 B best
Wir möchten bestellen, bitte.	Tungependa kuagiza, tafadhali.<hr><table class=gloss><tr class=mo><td>tu-nge-pend-a</td><td>ku-agiz-a</td><td>tafadhali</td></tr><tr class=la><td>1PL-IRR-mögen-IND</td><td>KL15-bestellen-IND</td><td>bitte</td></tr></table><div class=konkordanz>Kl.15: SUBJ ku- · ADJ ku- · GEN kwa · DEM huku/kule · POSS kw- · REL -ko</div><div class=hinweis>-nge- macht die Bitte höflich</div>	A1 SD1 B bestellen
Dieses Buch haben wir nicht – sollen wir es für Sie bestellen?	Kitabu hiki hatuna, tukiagize kwa ajili yako?<hr><table class=gloss><tr class=mo><td>ki-tabu</td><td>hiki</td><td>hatu-na</td><td>tu-ki-agiz-e</td><td>kwa</td><td>ajili</td><td>y-ako</td></tr><tr class=la><td>KL7-Buch</td><td>KL7.DEM</td><td>1PL.NEG-haben</td><td>1PL-OBJ7-bestellen-KONJ</td><td>für</td><td>KL9.Zweck</td><td>KL9-dein</td></tr></table><div class=klassen>kitabu Kl. 7/8 (ki- › vi-) → vitabu</div><div class=konkordanz>Kl.7: SUBJ ki- · ADJ ki- · GEN cha · DEM hiki/kile · POSS ch- · REL -cho</div><div class=hinweis>Objektpräfix -ki- greift kitabu Kl.7 auf</div>	A1 SD1 B bestellen
Darf ich dich besuchen?	Naweza kukutembelea?<hr><table class=gloss><tr class=mo><td>na-wez-a</td><td>ku-ku-tembel-e-a</td></tr><tr class=la><td>1SG.PRÄS.ALLG-können-IND</td><td>KL15-OBJ2SG-besuchen-APPL-IND</td></tr></table><div class=konkordanz>Kl.15: SUBJ ku- · ADJ ku- · GEN kwa · DEM huku/kule · POSS kw- · REL -ko</div><div class=hinweis>Applikativ -e- weil das Ziel eine Person ist</div>	A1 SD1 B besuchen
Wir brauchen noch ein Kinderbett.	Tunahitaji bado kitanda cha mtoto.<hr><table class=gloss><tr class=mo><td>tu-na-hitaji</td><td>bado</td><td>ki-tanda</td><td>ch-a</td><td>m-toto</td></tr><tr class=la><td>1PL-PRÄS-brauchen</td><td>noch</td><td>KL7-Bett</td><td>KL7-GEN</td><td>KL1-Kind</td></tr></table><div class=klassen>kitanda Kl. 7/8 (ki- › vi-) → vitanda · mtoto Kl. 1/2 (m-/mw- › wa-) → watoto</div><div class=konkordanz>Kl.7: SUBJ ki- · ADJ ki- · GEN cha · DEM hiki/kile · POSS ch- · REL -cho · Kl.1: SUBJ a- · ADJ m-/mw- · GEN wa · DEM huyu/yule · POSS w- · REL -ye</div><div class=hinweis>Genitiv cha nach kitanda Kl.7</div>	A1 SD1 B Bett
Wo muss ich bezahlen?	Lazima nilipe wapi?<hr><table class=gloss><tr class=mo><td>lazima</td><td>ni-lip-e</td><td>wapi</td></tr><tr class=la><td>muss</td><td>1SG-zahlen-KONJ</td><td>wo</td></tr></table><div class=hinweis>lazima zieht stets den Konjunktiv nach sich</div>	A1 SD1 B bezahlen
Noch ein Bier bitte.	Bia nyingine tafadhali.<hr><table class=gloss><tr class=mo><td>bia</td><td>ny-ingine</td><td>tafadhali</td></tr><tr class=la><td>KL9.Bier</td><td>KL9-andere</td><td>bitte</td></tr></table><div class=klassen>bia Kl. 9/10 (Ø/n-) → bia — Numerus nur an der Konkordanz [Lehnwort]</div><div class=konkordanz>Kl.9: SUBJ i- · ADJ Ø/n- · GEN ya · DEM hii/ile · POSS y- · REL -yo</div><div class=hinweis>nyingine heißt &quot;ein weiteres&quot;</div>	A1 SD1 B Bier
Hast du ein Bild von deinem Sohn?	Una picha ya mwana wako?<hr><table class=gloss><tr class=mo><td>u-na</td><td>picha</td><td>y-a</td><td>mwana</td><td>w-ako</td></tr><tr class=la><td>2SG-haben</td><td>KL9.Bild</td><td>KL9-GEN</td><td>KL1.Sohn</td><td>KL1-dein</td></tr></table><div class=klassen>picha Kl. 9/10 (Ø/n-) → picha — Numerus nur an der Konkordanz [Lehnwort] · mwana Kl. 1/2 (m-/mw- › wa-) → wana</div><div class=konkordanz>Kl.9: SUBJ i- · ADJ Ø/n- · GEN ya · DEM hii/ile · POSS y- · REL -yo · Kl.1: SUBJ a- · ADJ m-/mw- · GEN wa · DEM huyu/yule · POSS w- · REL -ye</div><div class=hinweis>picha nimmt ya, mwana nimmt wako</div>	A1 SD1 B Bild
Die Jacke kostet nur 10 Euro! Die ist aber billig!	Koti linagharimu Euro kumi tu! Ni rahisi kweli!<hr><table class=gloss><tr class=mo><td>koti</td><td>li-na-gharimu</td><td>Euro</td><td>kumi</td><td>tu</td><td>ni</td><td>rahisi</td><td>kweli</td></tr><tr class=la><td>KL5.Jacke</td><td>KL5-PRÄS-kosten</td><td>Euro</td><td>zehn</td><td>nur</td><td>KOP</td><td>billig</td><td>wirklich</td></tr></table><div class=klassen>koti Kl. 5/6 (ji-/Ø › ma-) → makoti</div><div class=konkordanz>Kl.5: SUBJ li- · ADJ ji-/Ø · GEN la · DEM hili/lile · POSS l- · REL -lo</div><div class=hinweis>kugharimu ist arabisches Lehnverb auf -u</div>	A1 SD1 B billig
Ein Kilo Birnen, bitte!	Kilo moja ya mapea, tafadhali!<hr><table class=gloss><tr class=mo><td>kilo</td><td>moja</td><td>y-a</td><td>ma-pea</td><td>tafadhali</td></tr><tr class=la><td>KL9.Kilo</td><td>eins</td><td>KL9-GEN</td><td>KL6-Birne</td><td>bitte</td></tr></table><div class=klassen>pea Kl. 5/6 (ji-/Ø › ma-) → mapea</div><div class=konkordanz>Kl.5: SUBJ li- · ADJ ji-/Ø · GEN la · DEM hili/lile · POSS l- · REL -lo</div><div class=hinweis>pea Kl.5, Plural mapea Kl.6</div>	A1 SD1 B Birne
Ich fahre nur bis Stuttgart.	Nasafiri hadi Stuttgart tu.<hr><table class=gloss><tr class=mo><td>na-safiri</td><td>hadi</td><td>Stuttgart</td><td>tu</td></tr><tr class=la><td>1SG.PRÄS.ALLG-reisen</td><td>bis</td><td>Stuttgart</td><td>nur</td></tr></table><div class=hinweis>hadi für räumliche und zeitliche Grenze</div>	A1 SD1 B bis
Ich warte bis morgen.	Nitasubiri hadi kesho.<hr><table class=gloss><tr class=mo><td>ni-ta-subiri</td><td>hadi</td><td>kesho</td></tr><tr class=la><td>1SG-FUT-warten</td><td>bis</td><td>morgen</td></tr></table><div class=hinweis>kusubiri ist arabisches Lehnverb auf -i</div>	A1 SD1 B bis
Ich spreche Englisch, Französisch und ein bisschen Deutsch.	Nasema Kiingereza, Kifaransa na Kijerumani kidogo.<hr><table class=gloss><tr class=mo><td>na-sem-a</td><td>Ki-ingereza</td><td>Ki-faransa</td><td>na</td><td>Ki-jerumani</td><td>ki-dogo</td></tr><tr class=la><td>1SG.PRÄS.ALLG-sprechen-IND</td><td>KL7-Englisch</td><td>KL7-Französisch</td><td>und</td><td>KL7-Deutsch</td><td>KL7-klein</td></tr></table><div class=konkordanz>Kl.7: SUBJ ki- · ADJ ki- · GEN cha · DEM hiki/kile · POSS ch- · REL -cho</div><div class=hinweis>kidogo kongruiert mit der Sprache in Kl.7</div>	A1 SD1 B bisschen
Eine Tasse Kaffee, bitte!	Kikombe kimoja cha kahawa, tafadhali!<hr><table class=gloss><tr class=mo><td>ki-kombe</td><td>ki-moja</td><td>ch-a</td><td>kahawa</td><td>tafadhali</td></tr><tr class=la><td>KL7-Tasse</td><td>KL7-eins</td><td>KL7-GEN</td><td>KL9.Kaffee</td><td>bitte</td></tr></table><div class=klassen>kahawa Kl. 9/10 (Ø/n-) → kahawa — Numerus nur an der Konkordanz</div><div class=konkordanz>Kl.9: SUBJ i- · ADJ Ø/n- · GEN ya · DEM hii/ile · POSS y- · REL -yo</div><div class=hinweis>Zahlwort und Genitiv kongruieren beide mit Kl.7</div>	A1 SD1 B bitte
Sprechen Sie bitte leise!	Tafadhali semeni kwa sauti ya chini!<hr><table class=gloss><tr class=mo><td>tafadhali</td><td>sem-eni</td><td>kwa</td><td>sauti</td><td>y-a</td><td>chini</td></tr><tr class=la><td>bitte</td><td>sprechen-IMP.PL</td><td>mit</td><td>KL9.Stimme</td><td>KL9-GEN</td><td>unten</td></tr></table><div class=konkordanz>Kl.9: SUBJ i- · ADJ Ø/n- · GEN ya · DEM hii/ile · POSS y- · REL -yo</div><div class=hinweis>leise = kwa sauti ya chini, &quot;mit tiefer Stimme&quot;</div>	A1 SD1 B bitte
Ich habe noch eine Bitte.	Nina ombi lingine.<hr><table class=gloss><tr class=mo><td>ni-na</td><td>ombi</td><td>li-ngine</td></tr><tr class=la><td>1SG-haben</td><td>KL5.Bitte</td><td>KL5-andere</td></tr></table><div class=klassen>ombi Kl. 5/6 (ji-/Ø › ma-) → maombi</div><div class=konkordanz>Kl.5: SUBJ li- · ADJ ji-/Ø · GEN la · DEM hili/lile · POSS l- · REL -lo</div><div class=hinweis>ombi Kl.5, Plural maombi Kl.6</div>	A1 SD1 B Bitte
Darf ich Sie um etwas bitten?	Naweza kuwaomba kitu?<hr><table class=gloss><tr class=mo><td>na-wez-a</td><td>ku-wa-omb-a</td><td>ki-tu</td></tr><tr class=la><td>1SG.PRÄS.ALLG-können-IND</td><td>KL15-OBJ2PL-bitten-IND</td><td>KL7-Ding</td></tr></table><div class=konkordanz>Kl.15: SUBJ ku- · ADJ ku- · GEN kwa · DEM huku/kule · POSS kw- · REL -ko · Kl.7: SUBJ ki- · ADJ ki- · GEN cha · DEM hiki/kile · POSS ch- · REL -cho</div><div class=hinweis>Objektpräfix -wa- für höfliches Sie</div>	A1 SD1 B bitten
Der Kaffee schmeckt bitter.	Kahawa ina ladha chungu.<hr><table class=gloss><tr class=mo><td>kahawa</td><td>i-na</td><td>ladha</td><td>chungu</td></tr><tr class=la><td>KL9.Kaffee</td><td>KL9-haben</td><td>KL9.Geschmack</td><td>bitter</td></tr></table><div class=klassen>kahawa Kl. 9/10 (Ø/n-) → kahawa — Numerus nur an der Konkordanz</div><div class=konkordanz>Kl.9: SUBJ i- · ADJ Ø/n- · GEN ya · DEM hii/ile · POSS y- · REL -yo</div><div class=hinweis>schmecken = kuwa na ladha</div>	A1 SD1 B bitter
Ich bleibe heute zu Hause.	Leo nabaki nyumbani.<hr><table class=gloss><tr class=mo><td>na-baki</td><td>nyumbani</td></tr><tr class=la><td>1SG.PRÄS.ALLG-bleiben</td><td>KL9.Haus.LOK</td></tr></table><div class=konkordanz>Kl.9: SUBJ i- · ADJ Ø/n- · GEN ya · DEM hii/ile · POSS y- · REL -yo</div><div class=hinweis>nyumbani ist die feste Ortsform für zu Hause</div>	A1 SD1 B bleiben
Wir bleiben nur bis morgen.	Tunabaki hadi kesho tu.<hr><table class=gloss><tr class=mo><td>tu-na-baki</td><td>hadi</td><td>kesho</td><td>tu</td></tr><tr class=la><td>1PL-PRÄS-bleiben</td><td>bis</td><td>morgen</td><td>nur</td></tr></table><div class=hinweis>kubaki endet auf -i, das ist kein Negationszeichen</div>	A1 SD1 B bleiben
Hast du einen Bleistift?	Una kalamu ya risasi?<hr><table class=gloss><tr class=mo><td>u-na</td><td>kalamu</td><td>y-a</td><td>risasi</td></tr><tr class=la><td>2SG-haben</td><td>KL9.Stift</td><td>KL9-GEN</td><td>KL9.Blei</td></tr></table><div class=klassen>kalamu Kl. 9/10 (Ø/n-) → kalamu — Numerus nur an der Konkordanz</div><div class=konkordanz>Kl.9: SUBJ i- · ADJ Ø/n- · GEN ya · DEM hii/ile · POSS y- · REL -yo</div><div class=hinweis>Bleistift wörtlich &quot;Stift aus Blei&quot;</div>	A1 SD1 B Bleistift
Von diesem Hotel hat man einen guten Blick auf den Rhein.	Kutoka hoteli hii kuna mandhari mazuri ya mto Rhein.<hr><table class=gloss><tr class=mo><td>ku-tok-a</td><td>hoteli</td><td>hii</td><td>ku-na</td><td>mandhari</td><td>ma-zuri</td><td>y-a</td><td>mto</td><td>Rhein</td></tr><tr class=la><td>KL15-kommen-IND</td><td>KL9.Hotel</td><td>KL9.DEM</td><td>KL17-mit</td><td>KL9.Aussicht</td><td>KL6-gut</td><td>KL9-GEN</td><td>KL3.Fluss</td><td>Rhein</td></tr></table><div class=klassen>hoteli Kl. 9/10 (Ø/n-) → hoteli — Numerus nur an der Konkordanz [Lehnwort] · mandhari Kl. 9/10 (Ø/n-) → mandhari — Numerus nur an der Konkordanz [Aussicht]</div><div class=konkordanz>Kl.9: SUBJ i- · ADJ Ø/n- · GEN ya · DEM hii/ile · POSS y- · REL -yo</div><div class=hinweis>mandhari schwankt zwischen Kl.9 und Kl.6</div>	A1 SD1 B Blick
Gefallen dir die Blumen?	Maua yanakupendeza?<hr><table class=gloss><tr class=mo><td>ma-ua</td><td>ya-na-ku-pendez-a</td></tr><tr class=la><td>KL6-Blume</td><td>KL6-PRÄS-OBJ2SG-gefallen-IND</td></tr></table><div class=klassen>ua Kl. 5/6 (ji-/Ø › ma-) → maua [Nullpraefix im Singular]</div><div class=konkordanz>Kl.5: SUBJ li- · ADJ ji-/Ø · GEN la · DEM hili/lile · POSS l- · REL -lo</div><div class=hinweis>gefallen stellt den Menschen ins Objekt</div>	A1 SD1 B Blume
Schreiben Sie Ihre Lösungen bitte auf den Antwortbogen.	Tafadhali andikeni majibu yenu kwenye fomu ya majibu.<hr><table class=gloss><tr class=mo><td>tafadhali</td><td>andik-eni</td><td>ma-jibu</td><td>y-enu</td><td>kwenye</td><td>fomu</td><td>y-a</td><td>ma-jibu</td></tr><tr class=la><td>bitte</td><td>schreiben-IMP.PL</td><td>KL6-Antwort</td><td>KL6-euer</td><td>an</td><td>KL9.Formular</td><td>KL9-GEN</td><td>KL6-Antwort</td></tr></table><div class=klassen>jibu Kl. 5/6 (ji-/Ø › ma-) → majibu · fomu Kl. 9/10 (Ø/n-) → fomu — Numerus nur an der Konkordanz [Lehnwort]</div><div class=konkordanz>Kl.5: SUBJ li- · ADJ ji-/Ø · GEN la · DEM hili/lile · POSS l- · REL -lo · Kl.9: SUBJ i- · ADJ Ø/n- · GEN ya · DEM hii/ile · POSS y- · REL -yo</div><div class=hinweis>yenu kongruiert mit majibu Kl.6</div>	A1 SD1 B Bogen
Sie ist böse auf mich.	Amenikasirikia.<hr><table class=gloss><tr class=mo><td>a-me-ni-kasirik-i-a</td></tr><tr class=la><td>3SG-PERF-OBJ1SG-zornig.sein-APPL-IND</td></tr></table><div class=hinweis>Applikativ nennt die Person, auf die der Zorn zielt</div>	A1 SD1 B böse
Brauchst du die Zeitung noch?	Unaihitaji gazeti bado?<hr><table class=gloss><tr class=mo><td>u-na-i-hitaji</td><td>gazeti</td><td>bado</td></tr><tr class=la><td>2SG-PRÄS-OBJ9-brauchen</td><td>KL5.Zeitung</td><td>noch</td></tr></table><div class=klassen>gazeti Kl. 5/6 (ji-/Ø › ma-) → magazeti</div><div class=konkordanz>Kl.5: SUBJ li- · ADJ ji-/Ø · GEN la · DEM hili/lile · POSS l- · REL -lo</div><div class=hinweis>Objektpräfix greift das Genannte nochmals auf</div>	A1 SD1 B brauchen
Wie breit ist der Schrank?	Kabati lina upana gani?<hr><table class=gloss><tr class=mo><td>kabati</td><td>li-na</td><td>upana</td><td>gani</td></tr><tr class=la><td>KL5.Schrank</td><td>KL5-haben</td><td>KL11.Breite</td><td>welche</td></tr></table><div class=klassen>kabati Kl. 5/6 (ji-/Ø › ma-) → makabati</div><div class=konkordanz>Kl.5: SUBJ li- · ADJ ji-/Ø · GEN la · DEM hili/lile · POSS l- · REL -lo</div><div class=hinweis>Maße mit kuwa na plus Abstraktum</div>	A1 SD1 B breit
Haben Sie einen Brief für mich?	Mnayo barua kwa ajili yangu?<hr><table class=gloss><tr class=mo><td>m-na-yo</td><td>barua</td><td>kwa</td><td>ajili</td><td>y-angu</td></tr><tr class=la><td>2PL-haben-REL9</td><td>KL9.Brief</td><td>für</td><td>KL9.Zweck</td><td>KL9-mein</td></tr></table><div class=klassen>barua Kl. 9/10 (Ø/n-) → barua — Numerus nur an der Konkordanz [Numerus nur an der Konkordanz]</div><div class=konkordanz>Kl.9: SUBJ i- · ADJ Ø/n- · GEN ya · DEM hii/ile · POSS y- · REL -yo</div><div class=hinweis>-yo am Verb verweist voraus auf barua</div>	A1 SD1 B Brief
Kaufst du bitte Briefmarken bei der Post.	Tafadhali nunua stempu kwenye posta.<hr><table class=gloss><tr class=mo><td>tafadhali</td><td>nunu-a</td><td>stempu</td><td>kwenye</td><td>posta</td></tr><tr class=la><td>bitte</td><td>kaufen-IMP</td><td>KL10.Briefmarke</td><td>an</td><td>KL9.Post</td></tr></table><div class=klassen>stempu Kl. 9/10 (Ø/n-) → stempu — Numerus nur an der Konkordanz [Lehnwort] · posta Kl. 9/10 (Ø/n-) → posta — Numerus nur an der Konkordanz [Lehnwort]</div><div class=konkordanz>Kl.9: SUBJ i- · ADJ Ø/n- · GEN ya · DEM hii/ile · POSS y- · REL -yo</div><div class=hinweis>stempu ist Kl.9 und Kl.10 gleich</div>	A1 SD1 B Briefmarke
Bringen Sie mir bitte noch einen Kaffee!	Tafadhali niletee kahawa nyingine!<hr><table class=gloss><tr class=mo><td>tafadhali</td><td>ni-let-e-e</td><td>kahawa</td><td>ny-ingine</td></tr><tr class=la><td>bitte</td><td>OBJ1SG-bringen-APPL-KONJ</td><td>KL9.Kaffee</td><td>KL9-andere</td></tr></table><div class=klassen>kahawa Kl. 9/10 (Ø/n-) → kahawa — Numerus nur an der Konkordanz</div><div class=konkordanz>Kl.9: SUBJ i- · ADJ Ø/n- · GEN ya · DEM hii/ile · POSS y- · REL -yo</div><div class=hinweis>Applikativ plus Konjunktiv ergibt eine höfliche Bitte</div>	A1 SD1 B bringen
Wir müssen ihn zum Arzt bringen.	Lazima tumpeleke kwa daktari.<hr><table class=gloss><tr class=mo><td>lazima</td><td>tu-m-pelek-e</td><td>kwa</td><td>daktari</td></tr><tr class=la><td>muss</td><td>1PL-OBJ1-bringen-KONJ</td><td>zu</td><td>KL5/KL1.Arzt</td></tr></table><div class=klassen>daktari Kl. 5/6 (ji-/Ø › ma-) → madaktari [Person: Form Kl. 5/6, Kongruenz Kl. 1/2]</div><div class=konkordanz>Kl.1: SUBJ a- · ADJ m-/mw- · GEN wa · DEM huyu/yule · POSS w- · REL -ye</div><div class=hinweis>kupeleka für Personen, kuleta für Sachen</div>	A1 SD1 B bringen
Haben Sie auch Weißbrot?	Mnayo pia mkate mweupe?<hr><table class=gloss><tr class=mo><td>m-na-yo</td><td>pia</td><td>m-kate</td><td>mw-eupe</td></tr><tr class=la><td>2PL-haben-REL9</td><td>auch</td><td>KL3-Brot</td><td>KL3-weiß</td></tr></table><div class=klassen>mkate Kl. 3/4 (m-/mw- › mi-) → mikate</div><div class=konkordanz>Kl.3: SUBJ u- · ADJ m-/mw- · GEN wa · DEM huu/ule · POSS w- · REL -o</div><div class=hinweis>mweupe kongruiert mit mkate Kl.3</div>	A1 SD1 B Brot
Nimm noch ein paar Brote für die Fahrt mit.	Chukua mikate michache kwa safari.<hr><table class=gloss><tr class=mo><td>chuku-a</td><td>mi-kate</td><td>mi-chache</td><td>kwa</td><td>safari</td></tr><tr class=la><td>nehmen-IMP</td><td>KL4-Brot</td><td>KL4-wenige</td><td>für</td><td>KL9.Reise</td></tr></table><div class=klassen>mkate Kl. 3/4 (m-/mw- › mi-) → mikate · safari Kl. 9/10 (Ø/n-) → safari — Numerus nur an der Konkordanz</div><div class=konkordanz>Kl.3: SUBJ u- · ADJ m-/mw- · GEN wa · DEM huu/ule · POSS w- · REL -o · Kl.9: SUBJ i- · ADJ Ø/n- · GEN ya · DEM hii/ile · POSS y- · REL -yo</div><div class=hinweis>michache kongruiert mit mikate Kl.4</div>	A1 SD1 B Brot
Möchtest du Brötchen zum Frühstück?	Unataka mikate midogo kwa kifungua kinywa?<hr><table class=gloss><tr class=mo><td>u-na-tak-a</td><td>mi-kate</td><td>mi-dogo</td><td>kwa</td><td>ki-fungua</td><td>kinywa</td></tr><tr class=la><td>2SG-PRÄS-wollen-IND</td><td>KL4-Brot</td><td>KL4-klein</td><td>für</td><td>KL7-öffnen</td><td>KL7.Mund</td></tr></table><div class=klassen>mkate Kl. 3/4 (m-/mw- › mi-) → mikate · kifungua kinywa Kl. 7/8 (ki- › vi-) → vifungua kinywa [woertlich &quot;Mundoeffner&quot;]</div><div class=konkordanz>Kl.3: SUBJ u- · ADJ m-/mw- · GEN wa · DEM huu/ule · POSS w- · REL -o · Kl.7: SUBJ ki- · ADJ ki- · GEN cha · DEM hiki/kile · POSS ch- · REL -cho</div><div class=hinweis>Brötchen als mkate mdogo umschrieben</div>	A1 SD1 B Brötchen
Sein Bruder arbeitet auch hier.	Kaka yake anafanya kazi hapa pia.<hr><table class=gloss><tr class=mo><td>kaka</td><td>y-ake</td><td>a-na-fany-a</td><td>kazi</td><td>hapa</td><td>pia</td></tr><tr class=la><td>KL9/KL1.Bruder</td><td>KL9-sein</td><td>3SG-PRÄS-tun-IND</td><td>KL9.Arbeit</td><td>hier</td><td>auch</td></tr></table><div class=klassen>kaka Kl. 9/10 (Ø/n-) → kaka — Numerus nur an der Konkordanz [Person: Form Kl. 9/10, Kongruenz Kl. 1/2] · kazi Kl. 9/10 (Ø/n-) → kazi — Numerus nur an der Konkordanz</div><div class=konkordanz>Kl.1: SUBJ a- · ADJ m-/mw- · GEN wa · DEM huyu/yule · POSS w- · REL -ye · Kl.9: SUBJ i- · ADJ Ø/n- · GEN ya · DEM hii/ile · POSS y- · REL -yo</div><div class=hinweis>yake Kl.9, Verbkongruenz a- aber Kl.1</div>	A1 SD1 B Bruder
Gute Bücher sind oft sehr teuer.	Vitabu vizuri mara nyingi ni ghali sana.<hr><table class=gloss><tr class=mo><td>vi-tabu</td><td>vi-zuri</td><td>mara</td><td>ny-ingi</td><td>ni</td><td>ghali</td><td>sana</td></tr><tr class=la><td>KL8-Buch</td><td>KL8-gut</td><td>KL9.Mal</td><td>KL10-viele</td><td>KOP</td><td>teuer</td><td>sehr</td></tr></table><div class=klassen>kitabu Kl. 7/8 (ki- › vi-) → vitabu</div><div class=konkordanz>Kl.7: SUBJ ki- · ADJ ki- · GEN cha · DEM hiki/kile · POSS ch- · REL -cho</div><div class=hinweis>vizuri kongruiert mit vitabu Kl.8</div>	A1 SD1 B Buch
In diesem Wörterbuch finden Sie mehr als 20.000 Wörter.	Katika kamusi hii mnapata maneno zaidi ya elfu ishirini.<hr><table class=gloss><tr class=mo><td>katika</td><td>kamusi</td><td>hii</td><td>m-na-pat-a</td><td>ma-neno</td><td>zaidi</td><td>y-a</td><td>elfu</td><td>ishirini</td></tr><tr class=la><td>in</td><td>KL9.Wörterbuch</td><td>KL9.DEM</td><td>2PL-PRÄS-finden-IND</td><td>KL6-Wort</td><td>mehr</td><td>KL9-GEN</td><td>KL9.Tausend</td><td>zwanzig</td></tr></table><div class=klassen>neno Kl. 5/6 (ji-/Ø › ma-) → maneno</div><div class=konkordanz>Kl.5: SUBJ li- · ADJ ji-/Ø · GEN la · DEM hili/lile · POSS l- · REL -lo</div><div class=hinweis>zaidi ya für den Vergleich &quot;mehr als&quot;</div>	A1 SD1 B Buch
Diesen Buchstaben gibt es in meiner Sprache nicht.	Herufi hii haipo katika lugha yangu.<hr><table class=gloss><tr class=mo><td>herufi</td><td>hii</td><td>hai-po</td><td>katika</td><td>lugha</td><td>y-angu</td></tr><tr class=la><td>KL9.Buchstabe</td><td>KL9.DEM</td><td>KL9.NEG-sein.da</td><td>in</td><td>KL9.Sprache</td><td>KL9-mein</td></tr></table><div class=klassen>herufi Kl. 9/10 (Ø/n-) → herufi — Numerus nur an der Konkordanz · lugha Kl. 9/10 (Ø/n-) → lugha — Numerus nur an der Konkordanz</div><div class=konkordanz>Kl.9: SUBJ i- · ADJ Ø/n- · GEN ya · DEM hii/ile · POSS y- · REL -yo</div><div class=hinweis>haipo verneint das Vorhandensein</div>	A1 SD1 B Buchstabe
Bitte buchstabieren Sie Ihren Namen.	Tafadhali tajeni herufi za jina lenu.<hr><table class=gloss><tr class=mo><td>tafadhali</td><td>taj-eni</td><td>herufi</td><td>z-a</td><td>jina</td><td>l-enu</td></tr><tr class=la><td>bitte</td><td>nennen-IMP.PL</td><td>KL10.Buchstabe</td><td>KL10-GEN</td><td>KL5.Name</td><td>KL5-euer</td></tr></table><div class=klassen>herufi Kl. 9/10 (Ø/n-) → herufi — Numerus nur an der Konkordanz · jina Kl. 5/6 (ji-/Ø › ma-) → majina</div><div class=konkordanz>Kl.9: SUBJ i- · ADJ Ø/n- · GEN ya · DEM hii/ile · POSS y- · REL -yo · Kl.5: SUBJ li- · ADJ ji-/Ø · GEN la · DEM hili/lile · POSS l- · REL -lo</div><div class=hinweis>buchstabieren = die Buchstaben nennen</div>	A1 SD1 B buchstabieren
Wann kommt der nächste Bus?	Basi linalofuata linakuja saa ngapi?<hr><table class=gloss><tr class=mo><td>basi</td><td>li-na-lo-fuat-a</td><td>li-na-kuj-a</td><td>saa</td><td>ngapi</td></tr><tr class=la><td>KL5.Bus</td><td>KL5-PRÄS-REL5-folgen-IND</td><td>KL5-PRÄS-kommen-IND</td><td>KL9.Stunde</td><td>wieviel</td></tr></table><div class=klassen>basi Kl. 5/6 (ji-/Ø › ma-) → mabasi · saa Kl. 9/10 (Ø/n-) → saa — Numerus nur an der Konkordanz [auch &quot;Uhr&quot;]</div><div class=konkordanz>Kl.5: SUBJ li- · ADJ ji-/Ø · GEN la · DEM hili/lile · POSS l- · REL -lo · Kl.9: SUBJ i- · ADJ Ø/n- · GEN ya · DEM hii/ile · POSS y- · REL -yo</div><div class=hinweis>Relativinfix -lo- für Kl.5</div>	A1 SD1 B Bus
Für mich bitte ein Brötchen mit Butter und Käse.	Kwangu tafadhali mkate mdogo na siagi na jibini.<hr><table class=gloss><tr class=mo><td>kw-angu</td><td>tafadhali</td><td>m-kate</td><td>m-dogo</td><td>na</td><td>siagi</td><td>na</td><td>jibini</td></tr><tr class=la><td>KL17-mein</td><td>bitte</td><td>KL3-Brot</td><td>KL3-klein</td><td>mit</td><td>KL9.Butter</td><td>und</td><td>KL9.Käse</td></tr></table><div class=klassen>mkate Kl. 3/4 (m-/mw- › mi-) → mikate · siagi Kl. 9 (Ø/n-), kein Numeruswechsel [kein Plural]</div><div class=konkordanz>Kl.3: SUBJ u- · ADJ m-/mw- · GEN wa · DEM huu/ule · POSS w- · REL -o · Kl.9: SUBJ i- · ADJ Ø/n- · GEN ya · DEM hii/ile · POSS y- · REL -yo</div><div class=hinweis>kwangu heißt &quot;für mich&quot; mit Ortsklasse 17</div>	A1 SD1 B Butter
Sollen wir uns im Café treffen?	Tukutane kwenye mkahawa?<hr><table class=gloss><tr class=mo><td>tu-kutan-e</td><td>kwenye</td><td>m-kahawa</td></tr><tr class=la><td>1PL-treffen-KONJ</td><td>an</td><td>KL3-Café</td></tr></table><div class=klassen>mkahawa Kl. 3/4 (m-/mw- › mi-) → mikahawa</div><div class=konkordanz>Kl.3: SUBJ u- · ADJ m-/mw- · GEN wa · DEM huu/ule · POSS w- · REL -o</div><div class=hinweis>Konjunktiv ohne lazima als Vorschlag</div>	A1 SD1 C Caf_
Bring bitte deine Lieblings-CD mit.	Tafadhali lete CD unayoipenda zaidi.<hr><table class=gloss><tr class=mo><td>tafadhali</td><td>let-e</td><td>CD</td><td>u-na-yo-i-pend-a</td><td>zaidi</td></tr><tr class=la><td>bitte</td><td>bringen-KONJ</td><td>KL9.CD</td><td>2SG-PRÄS-REL9-OBJ9-mögen-IND</td><td>mehr</td></tr></table><div class=klassen>CD Kl. 9/10 (Ø/n-) → CD — Numerus nur an der Konkordanz [Lehnwort]</div><div class=konkordanz>Kl.9: SUBJ i- · ADJ Ø/n- · GEN ya · DEM hii/ile · POSS y- · REL -yo</div><div class=hinweis>Relativ -yo- und Objekt -i- stehen beide im Verb</div>	A1 SD1 C CD
Wir haben eine neue Chefin.	Tuna bosi mpya mwanamke.<hr><table class=gloss><tr class=mo><td>tu-na</td><td>bosi</td><td>m-pya</td><td>mwanamke</td></tr><tr class=la><td>1PL-haben</td><td>KL5/KL1.Chefin</td><td>KL1-neu</td><td>KL1.Frau</td></tr></table><div class=klassen>bosi Kl. 5/6 (ji-/Ø › ma-) → mabosi [Person: Form Kl. 5/6, Kongruenz Kl. 1/2] · mwanamke Kl. 1/2 (m-/mw- › wa-) → wanawake</div><div class=konkordanz>Kl.1: SUBJ a- · ADJ m-/mw- · GEN wa · DEM huyu/yule · POSS w- · REL -ye</div><div class=hinweis>bosi ist Kl.5, kongruiert als Person aber Kl.1</div>	A1 SD1 C Chef
Von Mainz nach Frankfurt sind es circa fünfzig Kilometer.	Kutoka Mainz hadi Frankfurt ni kama kilomita hamsini.<hr><table class=gloss><tr class=mo><td>ku-tok-a</td><td>Mainz</td><td>hadi</td><td>Frankfurt</td><td>ni</td><td>kama</td><td>kilomita</td><td>hamsini</td></tr><tr class=la><td>KL15-kommen-IND</td><td>Mainz</td><td>bis</td><td>Frankfurt</td><td>KOP</td><td>etwa</td><td>KL9.Kilometer</td><td>fünfzig</td></tr></table><div class=konkordanz>Kl.15: SUBJ ku- · ADJ ku- · GEN kwa · DEM huku/kule · POSS kw- · REL -ko · Kl.9: SUBJ i- · ADJ Ø/n- · GEN ya · DEM hii/ile · POSS y- · REL -yo</div><div class=hinweis>kama dient als &quot;etwa&quot; und als &quot;wie&quot;</div>	A1 SD1 C circa/ca_
Wann bekommst du deinen neuen Computer?	Utapata kompyuta yako mpya lini?<hr><table class=gloss><tr class=mo><td>u-ta-pat-a</td><td>kompyuta</td><td>y-ako</td><td>m-pya</td><td>lini</td></tr><tr class=la><td>2SG-FUT-bekommen-IND</td><td>KL9.Computer</td><td>KL9-dein</td><td>KL9-neu</td><td>wann</td></tr></table><div class=klassen>kompyuta Kl. 9/10 (Ø/n-) → kompyuta — Numerus nur an der Konkordanz [Lehnwort]</div><div class=konkordanz>Kl.9: SUBJ i- · ADJ Ø/n- · GEN ya · DEM hii/ile · POSS y- · REL -yo</div><div class=hinweis>mpya steht hier für Kl.9 ohne Nasalpräfix</div>	A1 SD1 C Computer
Da hinten ist er ja.	Yuko huko nyuma.<hr><table class=gloss><tr class=mo><td>yu-ko</td><td>huko</td><td>nyuma</td></tr><tr class=la><td>3SG-sein.da</td><td>dort</td><td>hinten</td></tr></table><div class=hinweis>yuko ist die Sonderform von a- plus -ko</div>	A1 SD1 D da
Wir sprechen gerade über Paul. Da kommt er ja gerade.	Tunazungumza kuhusu Paul. Tazama, anakuja hivi sasa.<hr><table class=gloss><tr class=mo><td>tu-na-zungumz-a</td><td>kuhusu</td><td>Paul</td><td>tazam-a</td><td>a-na-kuj-a</td><td>hivi</td><td>sasa</td></tr><tr class=la><td>1PL-PRÄS-sprechen-IND</td><td>über</td><td>Paul</td><td>schauen-IMP</td><td>3SG-PRÄS-kommen-IND</td><td>gleich</td><td>jetzt</td></tr></table><div class=hinweis>kuhusu &quot;über&quot; verlangt keinen Genitiv</div>	A1 SD1 D da
Ich nehme das da.	Nachukua hiki hapa.<hr><table class=gloss><tr class=mo><td>na-chuku-a</td><td>hiki</td><td>hapa</td></tr><tr class=la><td>1SG.PRÄS.ALLG-nehmen-IND</td><td>KL7.DEM</td><td>hier</td></tr></table><div class=konkordanz>Kl.7: SUBJ ki- · ADJ ki- · GEN cha · DEM hiki/kile · POSS ch- · REL -cho</div><div class=hinweis>hiki zeigt auf ein Ding der Kl.7</div>	A1 SD1 D da
Ist Herr Klein schon da?	Bwana Klein yuko tayari?<hr><table class=gloss><tr class=mo><td>bwana</td><td>Klein</td><td>yu-ko</td><td>tayari</td></tr><tr class=la><td>KL5/KL1.Herr</td><td>Klein</td><td>3SG-sein.da</td><td>schon</td></tr></table><div class=klassen>bwana Kl. 5/6 (ji-/Ø › ma-) → mabwana [Person: Form Kl. 5/6, Kongruenz Kl. 1/2]</div><div class=konkordanz>Kl.1: SUBJ a- · ADJ m-/mw- · GEN wa · DEM huyu/yule · POSS w- · REL -ye</div><div class=hinweis>yuko für Personen, iko für Sachen der Kl.9</div>	A1 SD1 D da
Damen (an der Toilette)	Wanawake (kwenye choo)<hr><table class=gloss><tr class=mo><td>wanawake</td><td>kwenye</td><td>choo</td></tr><tr class=la><td>KL2.Dame</td><td>an</td><td>KL7.Toilette</td></tr></table><div class=klassen>mwanamke Kl. 1/2 (m-/mw- › wa-) → wanawake · choo Kl. 7/8 (ki- › vi-) → vyoo</div><div class=konkordanz>Kl.1: SUBJ a- · ADJ m-/mw- · GEN wa · DEM huyu/yule · POSS w- · REL -ye · Kl.7: SUBJ ki- · ADJ ki- · GEN cha · DEM hiki/kile · POSS ch- · REL -cho</div><div class=hinweis>Beschilderung ohne Verb</div>	A1 SD1 D Dame
Sehr geehrte Damen und Herren!	Wanawake na wanaume waheshimiwa!<hr><table class=gloss><tr class=mo><td>wanawake</td><td>na</td><td>wanaume</td><td>wa-heshimi-w-a</td></tr><tr class=la><td>KL2.Dame</td><td>und</td><td>KL2.Herr</td><td>KL2-ehren-PASS-IND</td></tr></table><div class=klassen>mwanamke Kl. 1/2 (m-/mw- › wa-) → wanawake · mwanamume Kl. 1/2 (m-/mw- › wa-) → wanaume</div><div class=konkordanz>Kl.1: SUBJ a- · ADJ m-/mw- · GEN wa · DEM huyu/yule · POSS w- · REL -ye</div><div class=hinweis>Anredeformel mit Passiv: &quot;die Geehrten&quot;</div>	A1 SD1 D Dame
Du kennst doch die Post. Daneben ist die Bank.	Unaijua posta. Benki iko kando yake.<hr><table class=gloss><tr class=mo><td>u-na-i-ju-a</td><td>posta</td><td>benki</td><td>i-ko</td><td>kando</td><td>y-ake</td></tr><tr class=la><td>2SG-PRÄS-OBJ9-kennen-IND</td><td>KL9.Post</td><td>KL9.Bank</td><td>KL9-sein.da</td><td>neben</td><td>KL9-sein</td></tr></table><div class=klassen>posta Kl. 9/10 (Ø/n-) → posta — Numerus nur an der Konkordanz [Lehnwort] · benki Kl. 9/10 (Ø/n-) → benki — Numerus nur an der Konkordanz [Geldinstitut; Sitzbank = &quot;benchi&quot;]</div><div class=konkordanz>Kl.9: SUBJ i- · ADJ Ø/n- · GEN ya · DEM hii/ile · POSS y- · REL -yo</div><div class=hinweis>kando yake heißt wörtlich &quot;an ihrer Seite&quot;</div>	A1 SD1 D daneben
Ich danke Ihnen für die Einladung.	Nawashukuru kwa mwaliko.<hr><table class=gloss><tr class=mo><td>na-wa-shukuru</td><td>kwa</td><td>mw-aliko</td></tr><tr class=la><td>1SG.PRÄS.ALLG-OBJ2PL-danken</td><td>für</td><td>KL3-Einladung</td></tr></table><div class=klassen>mwaliko Kl. 3/4 (m-/mw- › mi-) → mialiko</div><div class=konkordanz>Kl.3: SUBJ u- · ADJ m-/mw- · GEN wa · DEM huu/ule · POSS w- · REL -o</div><div class=hinweis>kushukuru ist arabisches Lehnverb auf -u</div>	A1 SD1 D danken
Vielen Dank!	Shukrani nyingi!<hr><table class=gloss><tr class=mo><td>shukrani</td><td>ny-ingi</td></tr><tr class=la><td>KL10.Dank</td><td>KL10-viele</td></tr></table><div class=klassen>shukrani Kl. 9/10 (Ø/n-) → shukrani — Numerus nur an der Konkordanz</div><div class=konkordanz>Kl.9: SUBJ i- · ADJ Ø/n- · GEN ya · DEM hii/ile · POSS y- · REL -yo</div><div class=hinweis>nyingi kongruiert mit shukrani Kl.10</div>	A1 SD1 D Dank
Herzlichen Dank!	Shukrani za moyo!<hr><table class=gloss><tr class=mo><td>shukrani</td><td>z-a</td><td>moyo</td></tr><tr class=la><td>KL10.Dank</td><td>KL10-GEN</td><td>KL3.Herz</td></tr></table><div class=klassen>shukrani Kl. 9/10 (Ø/n-) → shukrani — Numerus nur an der Konkordanz</div><div class=konkordanz>Kl.9: SUBJ i- · ADJ Ø/n- · GEN ya · DEM hii/ile · POSS y- · REL -yo</div><div class=hinweis>wörtlich &quot;Dank des Herzens&quot;</div>	A1 SD1 D Dank
Soll ich Ihnen helfen? - Nein, danke!	Nikusaidie? - Hapana, asante!<hr><table class=gloss><tr class=mo><td>ni-ku-saidi-e</td><td>hapana</td><td>asante</td></tr><tr class=la><td>1SG-OBJ2SG-helfen-KONJ</td><td>nein</td><td>danke</td></tr></table><div class=hinweis>Konjunktiv allein bietet Hilfe an</div>	A1 SD1 D danke
Ich muss noch schnell zur Post, dann komme ich.	Lazima niende posta haraka, kisha nitakuja.<hr><table class=gloss><tr class=mo><td>lazima</td><td>ni-end-e</td><td>posta</td><td>haraka</td><td>kisha</td><td>ni-ta-kuj-a</td></tr><tr class=la><td>muss</td><td>1SG-gehen-KONJ</td><td>KL9.Post</td><td>schnell</td><td>dann</td><td>1SG-FUT-kommen-IND</td></tr></table><div class=klassen>posta Kl. 9/10 (Ø/n-) → posta — Numerus nur an der Konkordanz [Lehnwort]</div><div class=konkordanz>Kl.9: SUBJ i- · ADJ Ø/n- · GEN ya · DEM hii/ile · POSS y- · REL -yo</div><div class=hinweis>kisha verknüpft zwei Handlungen zeitlich</div>	A1 SD1 D dann
Bitte schreiben Sie noch das Datum auf das Formular.	Tafadhali andikeni pia tarehe kwenye fomu.<hr><table class=gloss><tr class=mo><td>tafadhali</td><td>andik-eni</td><td>pia</td><td>tarehe</td><td>kwenye</td><td>fomu</td></tr><tr class=la><td>bitte</td><td>schreiben-IMP.PL</td><td>auch</td><td>KL9.Datum</td><td>an</td><td>KL9.Formular</td></tr></table><div class=klassen>tarehe Kl. 9/10 (Ø/n-) → tarehe — Numerus nur an der Konkordanz · fomu Kl. 9/10 (Ø/n-) → fomu — Numerus nur an der Konkordanz [Lehnwort]</div><div class=konkordanz>Kl.9: SUBJ i- · ADJ Ø/n- · GEN ya · DEM hii/ile · POSS y- · REL -yo</div><div class=hinweis>tarehe ist Kl.9 und Kl.10 gleich</div>	A1 SD1 D Datum
Wie lange dauert der Film?	Filamu inachukua muda gani?<hr><table class=gloss><tr class=mo><td>filamu</td><td>i-na-chuku-a</td><td>muda</td><td>gani</td></tr><tr class=la><td>KL9.Film</td><td>KL9-PRÄS-nehmen-IND</td><td>KL3.Zeit</td><td>welche</td></tr></table><div class=klassen>filamu Kl. 9/10 (Ø/n-) → filamu — Numerus nur an der Konkordanz [Lehnwort] · muda Kl. 3/10 (m-/mw- › Ø/n-) → nyakati [Plural unregelmaessig]</div><div class=konkordanz>Kl.9: SUBJ i- · ADJ Ø/n- · GEN ya · DEM hii/ile · POSS y- · REL -yo · Kl.3: SUBJ u- · ADJ m-/mw- · GEN wa · DEM huu/ule · POSS w- · REL -o</div><div class=hinweis>dauern = Zeit nehmen</div>	A1 SD1 D dauern
Ist das dein Auto?	Hili ni gari lako?<hr><table class=gloss><tr class=mo><td>hili</td><td>ni</td><td>gari</td><td>l-ako</td></tr><tr class=la><td>KL5.DEM</td><td>KOP</td><td>KL5.Auto</td><td>KL5-dein</td></tr></table><div class=klassen>gari Kl. 5/6 (ji-/Ø › ma-) → magari</div><div class=konkordanz>Kl.5: SUBJ li- · ADJ ji-/Ø · GEN la · DEM hili/lile · POSS l- · REL -lo</div><div class=hinweis>hili und lako kongruieren beide mit Kl.5</div>	A1 SD1 D dein
Ist das deins?	Hili ni lako?<hr><table class=gloss><tr class=mo><td>hili</td><td>ni</td><td>l-ako</td></tr><tr class=la><td>KL5.DEM</td><td>KOP</td><td>KL5-dein</td></tr></table><div class=konkordanz>Kl.5: SUBJ li- · ADJ ji-/Ø · GEN la · DEM hili/lile · POSS l- · REL -lo</div><div class=hinweis>Possessiv steht allein, Klasse bleibt erkennbar</div>	A1 SD1 D dein
Ich kann nicht kommen, denn ich bin krank.	Siwezi kuja, kwa sababu mimi ni mgonjwa.<hr><table class=gloss><tr class=mo><td>si-wez-i</td><td>ku-j-a</td><td>kwa</td><td>sababu</td><td>mimi</td><td>ni</td><td>m-gonjwa</td></tr><tr class=la><td>1SG.NEG-können-NEG</td><td>KL15-kommen-IND</td><td>für</td><td>KL9.Ursache</td><td>ich</td><td>KOP</td><td>KL1-krank</td></tr></table><div class=konkordanz>Kl.15: SUBJ ku- · ADJ ku- · GEN kwa · DEM huku/kule · POSS kw- · REL -ko · Kl.9: SUBJ i- · ADJ Ø/n- · GEN ya · DEM hii/ile · POSS y- · REL -yo</div><div class=hinweis>siwezi: negatives si- plus Endvokal -i</div>	A1 SD1 D denn
Ich nehme das da.	Nachukua hiki hapa.<hr><table class=gloss><tr class=mo><td>na-chuku-a</td><td>hiki</td><td>hapa</td></tr><tr class=la><td>1SG.PRÄS.ALLG-nehmen-IND</td><td>KL7.DEM</td><td>hier</td></tr></table><div class=konkordanz>Kl.7: SUBJ ki- · ADJ ki- · GEN cha · DEM hiki/kile · POSS ch- · REL -cho</div><div class=hinweis>Swahili hat keinen Artikel, nur Demonstrativa</div>	A1 SD1 D der
Hier ist der Brief, den du suchst.	Hii ni barua unayoitafuta.<hr><table class=gloss><tr class=mo><td>hii</td><td>ni</td><td>barua</td><td>u-na-yo-i-tafut-a</td></tr><tr class=la><td>KL9.DEM</td><td>KOP</td><td>KL9.Brief</td><td>2SG-PRÄS-REL9-OBJ9-suchen-IND</td></tr></table><div class=klassen>barua Kl. 9/10 (Ø/n-) → barua — Numerus nur an der Konkordanz [Numerus nur an der Konkordanz]</div><div class=konkordanz>Kl.9: SUBJ i- · ADJ Ø/n- · GEN ya · DEM hii/ile · POSS y- · REL -yo</div><div class=hinweis>Relativsatz ohne Relativpronomen, nur Infixe</div>	A1 SD1 D der
Die Fahrkarte bekommst du am Bahnhof.	Tiketi utaipata stesheni.<hr><table class=gloss><tr class=mo><td>tiketi</td><td>u-ta-i-pat-a</td><td>stesheni</td></tr><tr class=la><td>KL9.Fahrkarte</td><td>2SG-FUT-OBJ9-bekommen-IND</td><td>KL9.Bahnhof</td></tr></table><div class=klassen>tiketi Kl. 9/10 (Ø/n-) → tiketi — Numerus nur an der Konkordanz [Lehnwort] · stesheni Kl. 9/10 (Ø/n-) → stesheni — Numerus nur an der Konkordanz [Lehnwort]</div><div class=konkordanz>Kl.9: SUBJ i- · ADJ Ø/n- · GEN ya · DEM hii/ile · POSS y- · REL -yo</div><div class=hinweis>Vorangestelltes Objekt wird im Verb wiederholt</div>	A1 SD1 D der
Die Blumen sind für dich.	Maua ni kwa ajili yako.<hr><table class=gloss><tr class=mo><td>ma-ua</td><td>ni</td><td>kwa</td><td>ajili</td><td>y-ako</td></tr><tr class=la><td>KL6-Blume</td><td>KOP</td><td>für</td><td>KL9.Zweck</td><td>KL9-dein</td></tr></table><div class=klassen>ua Kl. 5/6 (ji-/Ø › ma-) → maua [Nullpraefix im Singular]</div><div class=konkordanz>Kl.5: SUBJ li- · ADJ ji-/Ø · GEN la · DEM hili/lile · POSS l- · REL -lo</div><div class=hinweis>kwa ajili ya für den Zweck</div>	A1 SD1 D dich
Ich nehme lieber diesen Kuchen.	Napenda kuchukua keki hii zaidi.<hr><table class=gloss><tr class=mo><td>na-pend-a</td><td>ku-chuku-a</td><td>keki</td><td>hii</td><td>zaidi</td></tr><tr class=la><td>1SG.PRÄS.ALLG-mögen-IND</td><td>KL15-nehmen-IND</td><td>KL9.Kuchen</td><td>KL9.DEM</td><td>mehr</td></tr></table><div class=klassen>keki Kl. 9/10 (Ø/n-) → keki — Numerus nur an der Konkordanz [Lehnwort]</div><div class=konkordanz>Kl.9: SUBJ i- · ADJ Ø/n- · GEN ya · DEM hii/ile · POSS y- · REL -yo</div><div class=hinweis>lieber = kupenda zaidi</div>	A1 SD1 D dies
Gefallen dir die Blumen?	Maua yanakupendeza?<hr><table class=gloss><tr class=mo><td>ma-ua</td><td>ya-na-ku-pendez-a</td></tr><tr class=la><td>KL6-Blume</td><td>KL6-PRÄS-OBJ2SG-gefallen-IND</td></tr></table><div class=klassen>ua Kl. 5/6 (ji-/Ø › ma-) → maua [Nullpraefix im Singular]</div><div class=konkordanz>Kl.5: SUBJ li- · ADJ ji-/Ø · GEN la · DEM hili/lile · POSS l- · REL -lo</div><div class=hinweis>Das Gefallende ist Subjekt, der Mensch Objekt</div>	A1 SD1 D dir
Heute abend gehen wir in die Disco tanzen.	Leo jioni tunaenda disko kucheza.<hr><table class=gloss><tr class=mo><td>leo</td><td>jioni</td><td>tu-na-end-a</td><td>disko</td><td>ku-chez-a</td></tr><tr class=la><td>heute</td><td>KL9.Abend</td><td>1PL-PRÄS-gehen-IND</td><td>KL9.Disco</td><td>KL15-tanzen-IND</td></tr></table><div class=klassen>disko Kl. 9/10 (Ø/n-) → disko — Numerus nur an der Konkordanz [Lehnwort]</div><div class=konkordanz>Kl.9: SUBJ i- · ADJ Ø/n- · GEN ya · DEM hii/ile · POSS y- · REL -yo</div><div class=hinweis>Zweck durch Infinitiv der Kl.15</div>	A1 SD1 D Disco
Meine Tochter ist krank. Wir gehen zum Doktor.	Binti yangu ni mgonjwa. Tunaenda kwa daktari.<hr><table class=gloss><tr class=mo><td>binti</td><td>y-angu</td><td>ni</td><td>m-gonjwa</td><td>tu-na-end-a</td><td>kwa</td><td>daktari</td></tr><tr class=la><td>KL5/KL1.Tochter</td><td>KL9-mein</td><td>KOP</td><td>KL1-krank</td><td>1PL-PRÄS-gehen-IND</td><td>zu</td><td>KL5/KL1.Arzt</td></tr></table><div class=klassen>binti Kl. 5/6 (ji-/Ø › ma-) → mabinti [Person: Form Kl. 5/6, Kongruenz Kl. 1/2] · daktari Kl. 5/6 (ji-/Ø › ma-) → madaktari [Person: Form Kl. 5/6, Kongruenz Kl. 1/2]</div><div class=konkordanz>Kl.1: SUBJ a- · ADJ m-/mw- · GEN wa · DEM huyu/yule · POSS w- · REL -ye</div><div class=hinweis>binti nimmt yangu Kl.9, kongruiert aber als Person</div>	A1 SD1 D Doktor
Wollen Sie ein Doppelzimmer oder ein Einzelzimmer?	Mnataka chumba cha watu wawili au cha mtu mmoja?<hr><table class=gloss><tr class=mo><td>m-na-tak-a</td><td>ki-umba</td><td>ch-a</td><td>watu</td><td>w-awili</td><td>au</td><td>ch-a</td><td>mtu</td><td>m-moja</td></tr><tr class=la><td>2PL-PRÄS-wollen-IND</td><td>KL7-Zimmer</td><td>KL7-GEN</td><td>KL2.Leute</td><td>KL2-zwei</td><td>oder</td><td>KL7-GEN</td><td>KL1.Mensch</td><td>KL1-eins</td></tr></table><div class=klassen>chumba Kl. 7/8 (ki- › vi-) → vyumba · mtu Kl. 1/2 (m-/mw- › wa-) → watu [Musterwort fuer Kl. 1/2]</div><div class=konkordanz>Kl.7: SUBJ ki- · ADJ ki- · GEN cha · DEM hiki/kile · POSS ch- · REL -cho · Kl.1: SUBJ a- · ADJ m-/mw- · GEN wa · DEM huyu/yule · POSS w- · REL -ye</div><div class=hinweis>Der Genitiv cha wiederholt sich beim zweiten Glied</div>	A1 SD1 D Doppelzimmer
Meine Familie lebt in einem Dorf.	Familia yangu inakaa kijijini.<hr><table class=gloss><tr class=mo><td>familia</td><td>y-angu</td><td>i-na-ka-a</td><td>ki-jiji-ni</td></tr><tr class=la><td>KL9.Familie</td><td>KL9-mein</td><td>KL9-PRÄS-wohnen-IND</td><td>KL7-Dorf-LOK</td></tr></table><div class=klassen>familia Kl. 9/10 (Ø/n-) → familia — Numerus nur an der Konkordanz [Lehnwort]</div><div class=konkordanz>Kl.9: SUBJ i- · ADJ Ø/n- · GEN ya · DEM hii/ile · POSS y- · REL -yo</div><div class=hinweis>Ortssuffix -ni tritt an das Nomen der Kl.7</div>	A1 SD1 D Dorf
Deine Tasche kannst du dorthin stellen.	Mfuko wako unaweza kuuweka huko.<hr><table class=gloss><tr class=mo><td>m-fuko</td><td>w-ako</td><td>u-na-wez-a</td><td>ku-u-wek-a</td><td>huko</td></tr><tr class=la><td>KL3-Tasche</td><td>KL3-dein</td><td>KL3-PRÄS-können-IND</td><td>KL15-OBJ3-stellen-IND</td><td>dorthin</td></tr></table><div class=klassen>mfuko Kl. 3/4 (m-/mw- › mi-) → mifuko</div><div class=konkordanz>Kl.3: SUBJ u- · ADJ m-/mw- · GEN wa · DEM huu/ule · POSS w- · REL -o</div><div class=hinweis>Objektpräfix -u- greift mfuko Kl.3 auf</div>	A1 SD1 D dort
Dort ist unser Haus.	Nyumba yetu iko huko.<hr><table class=gloss><tr class=mo><td>nyumba</td><td>y-etu</td><td>i-ko</td><td>huko</td></tr><tr class=la><td>KL9.Haus</td><td>KL9-unser</td><td>KL9-sein.da</td><td>dort</td></tr></table><div class=klassen>nyumba Kl. 9/10 (Ø/n-) → nyumba — Numerus nur an der Konkordanz</div><div class=konkordanz>Kl.9: SUBJ i- · ADJ Ø/n- · GEN ya · DEM hii/ile · POSS y- · REL -yo</div><div class=hinweis>iko für Sachen, yuko für Personen</div>	A1 SD1 D dort
Wollen wir draußen sitzen?	Tukae nje?<hr><table class=gloss><tr class=mo><td>tu-ka-e</td><td>nje</td></tr><tr class=la><td>1PL-sitzen-KONJ</td><td>draußen</td></tr></table><div class=hinweis>nje ist unveränderlich</div>	A1 SD1 D draußen
Bitte drucke das Formular für mich.	Tafadhali nichapishie fomu.<hr><table class=gloss><tr class=mo><td>tafadhali</td><td>ni-chapish-i-e</td><td>fomu</td></tr><tr class=la><td>bitte</td><td>OBJ1SG-drucken-APPL-KONJ</td><td>KL9.Formular</td></tr></table><div class=klassen>fomu Kl. 9/10 (Ø/n-) → fomu — Numerus nur an der Konkordanz [Lehnwort]</div><div class=konkordanz>Kl.9: SUBJ i- · ADJ Ø/n- · GEN ya · DEM hii/ile · POSS y- · REL -yo</div><div class=hinweis>Applikativ nennt den Begünstigten</div>	A1 SD1 D drucken
Mein Drucker ist kaputt.	Printa yangu imeharibika.<hr><table class=gloss><tr class=mo><td>printa</td><td>y-angu</td><td>i-me-haribik-a</td></tr><tr class=la><td>KL9.Drucker</td><td>KL9-mein</td><td>KL9-PERF-kaputt.gehen-IND</td></tr></table><div class=klassen>printa Kl. 9/10 (Ø/n-) → printa — Numerus nur an der Konkordanz [Lehnwort]</div><div class=konkordanz>Kl.9: SUBJ i- · ADJ Ø/n- · GEN ya · DEM hii/ile · POSS y- · REL -yo</div><div class=hinweis>Stativ -ik- plus Perfekt ergibt &quot;ist kaputt&quot;</div>	A1 SD1 D Drucker
Drück hier, dann geht der Computer an.	Bonyeza hapa, kisha kompyuta itawaka.<hr><table class=gloss><tr class=mo><td>bonyez-a</td><td>hapa</td><td>kisha</td><td>kompyuta</td><td>i-ta-wak-a</td></tr><tr class=la><td>drücken-IMP</td><td>hier</td><td>dann</td><td>KL9.Computer</td><td>KL9-FUT-angehen-IND</td></tr></table><div class=klassen>kompyuta Kl. 9/10 (Ø/n-) → kompyuta — Numerus nur an der Konkordanz [Lehnwort]</div><div class=konkordanz>Kl.9: SUBJ i- · ADJ Ø/n- · GEN ya · DEM hii/ile · POSS y- · REL -yo</div><div class=hinweis>kuwaka für Licht und Geräte</div>	A1 SD1 D drücken
Am besten gehen Sie durch die Breite Straße.	Ni bora mpite katika barabara pana.<hr><table class=gloss><tr class=mo><td>ni</td><td>bora</td><td>m-pit-e</td><td>katika</td><td>barabara</td><td>pana</td></tr><tr class=la><td>KOP</td><td>besser</td><td>2PL-gehen-KONJ</td><td>durch</td><td>KL9.Straße</td><td>breit</td></tr></table><div class=klassen>barabara Kl. 9/10 (Ø/n-) → barabara — Numerus nur an der Konkordanz</div><div class=konkordanz>Kl.9: SUBJ i- · ADJ Ø/n- · GEN ya · DEM hii/ile · POSS y- · REL -yo</div><div class=hinweis>pana bleibt in Kl.9 ohne Präfix</div>	A1 SD1 D durch
Ich habe die Durchsage nicht verstanden.	Sijaelewa tangazo.<hr><table class=gloss><tr class=mo><td>si-ja-elew-a</td><td>tangazo</td></tr><tr class=la><td>1SG.NEG-PERF.NEG-verstehen-IND</td><td>KL5.Durchsage</td></tr></table><div class=klassen>tangazo Kl. 5/6 (ji-/Ø › ma-) → matangazo</div><div class=konkordanz>Kl.5: SUBJ li- · ADJ ji-/Ø · GEN la · DEM hili/lile · POSS l- · REL -lo</div><div class=hinweis>-ja- ist das negative Perfekt: noch nicht</div>	A1 SD1 D Durchsage
Sie dürfen hier nicht rauchen.	Hamruhusiwi kuvuta sigara hapa.<hr><table class=gloss><tr class=mo><td>ham-ruhus-iw-i</td><td>ku-vut-a</td><td>sigara</td><td>hapa</td></tr><tr class=la><td>2PL.NEG-erlauben-PASS-NEG</td><td>KL15-ziehen-IND</td><td>KL9.Zigarette</td><td>hier</td></tr></table><div class=klassen>sigara Kl. 9/10 (Ø/n-) → sigara — Numerus nur an der Konkordanz [Lehnwort]</div><div class=konkordanz>Kl.9: SUBJ i- · ADJ Ø/n- · GEN ya · DEM hii/ile · POSS y- · REL -yo</div><div class=hinweis>rauchen = kuvuta sigara, &quot;Zigarette ziehen&quot;</div>	A1 SD1 D dürfen
Darf ich Sie zu einem Kaffee einladen?	Naweza kuwakaribisha kahawa?<hr><table class=gloss><tr class=mo><td>na-wez-a</td><td>ku-wa-karibish-a</td><td>kahawa</td></tr><tr class=la><td>1SG.PRÄS.ALLG-können-IND</td><td>KL15-OBJ2PL-einladen-IND</td><td>KL9.Kaffee</td></tr></table><div class=klassen>kahawa Kl. 9/10 (Ø/n-) → kahawa — Numerus nur an der Konkordanz</div><div class=konkordanz>Kl.9: SUBJ i- · ADJ Ø/n- · GEN ya · DEM hii/ile · POSS y- · REL -yo</div><div class=hinweis>karibisha ist der Kausativ zu karibu</div>	A1 SD1 D dürfen
Es darf nicht mehr als 15 Euro kosten.	Haipaswi kugharimu zaidi ya Euro kumi na tano.<hr><table class=gloss><tr class=mo><td>hai-pasw-i</td><td>ku-gharimu</td><td>zaidi</td><td>y-a</td><td>Euro</td><td>kumi</td><td>na</td><td>tano</td></tr><tr class=la><td>KL9.NEG-sollen-NEG</td><td>KL15-kosten</td><td>mehr</td><td>KL9-GEN</td><td>Euro</td><td>zehn</td><td>und</td><td>fünf</td></tr></table><div class=konkordanz>Kl.9: SUBJ i- · ADJ Ø/n- · GEN ya · DEM hii/ile · POSS y- · REL -yo · Kl.15: SUBJ ku- · ADJ ku- · GEN kwa · DEM huku/kule · POSS kw- · REL -ko</div><div class=hinweis>fünfzehn = kumi na tano</div>	A1 SD1 D dürfen
Hast du etwas zu trinken? Ich habe großen Durst.	Una kitu cha kunywa? Nina kiu kali.<hr><table class=gloss><tr class=mo><td>u-na</td><td>ki-tu</td><td>ch-a</td><td>ku-nyw-a</td><td>ni-na</td><td>kiu</td><td>kali</td></tr><tr class=la><td>2SG-haben</td><td>KL7-Ding</td><td>KL7-GEN</td><td>KL15-trinken-IND</td><td>1SG-haben</td><td>KL9.Durst</td><td>scharf</td></tr></table><div class=klassen>kiu Kl. 9 (Ø/n-), kein Numeruswechsel [kein Plural]</div><div class=konkordanz>Kl.9: SUBJ i- · ADJ Ø/n- · GEN ya · DEM hii/ile · POSS y- · REL -yo</div><div class=hinweis>Durst haben, nicht durstig sein</div>	A1 SD1 D Durst
Ich bade nicht so gern, ich dusche lieber.	Sipendi kuoga kwenye bafu, napenda kunyeshewa zaidi.<hr><table class=gloss><tr class=mo><td>si-pend-i</td><td>ku-og-a</td><td>kwenye</td><td>bafu</td><td>na-pend-a</td><td>ku-nyeshe-w-a</td><td>zaidi</td></tr><tr class=la><td>1SG.NEG-mögen-NEG</td><td>KL15-baden-IND</td><td>an</td><td>KL9.Bad</td><td>1SG.PRÄS.ALLG-mögen-IND</td><td>KL15-duschen-PASS-IND</td><td>mehr</td></tr></table><div class=klassen>bafu Kl. 9/10 (Ø/n-) → bafu — Numerus nur an der Konkordanz [Lehnwort]</div><div class=konkordanz>Kl.9: SUBJ i- · ADJ Ø/n- · GEN ya · DEM hii/ile · POSS y- · REL -yo</div><div class=hinweis>duschen steht im Passiv: man wird berieselt</div>	A1 SD1 D duschen
Unsere Wohnung hat nur eine Dusche.	Nyumba yetu ina bomba la kunyeshea tu.<hr><table class=gloss><tr class=mo><td>nyumba</td><td>y-etu</td><td>i-na</td><td>bomba</td><td>l-a</td><td>ku-nyeshe-a</td><td>tu</td></tr><tr class=la><td>KL9.Haus</td><td>KL9-unser</td><td>KL9-haben</td><td>KL5.Rohr</td><td>KL5-GEN</td><td>KL15-berieseln-IND</td><td>nur</td></tr></table><div class=klassen>nyumba Kl. 9/10 (Ø/n-) → nyumba — Numerus nur an der Konkordanz · bomba la kunyeshea Kl. 5/6 (ji-/Ø › ma-) → mabomba ya kunyeshea [Genitiv kongruiert mit dem Kopfnomen]</div><div class=konkordanz>Kl.9: SUBJ i- · ADJ Ø/n- · GEN ya · DEM hii/ile · POSS y- · REL -yo · Kl.5: SUBJ li- · ADJ ji-/Ø · GEN la · DEM hili/lile · POSS l- · REL -lo</div><div class=hinweis>Dusche als bomba la kunyeshea umschrieben</div>	A1 SD1 D Dusche
An der nächsten Ecke links.	Kwenye kona inayofuata kushoto.<hr><table class=gloss><tr class=mo><td>kwenye</td><td>kona</td><td>i-na-yo-fuat-a</td><td>ku-shoto</td></tr><tr class=la><td>an</td><td>KL9.Ecke</td><td>KL9-PRÄS-REL9-folgen-IND</td><td>KL17-links</td></tr></table><div class=klassen>kona Kl. 9/10 (Ø/n-) → kona — Numerus nur an der Konkordanz [Lehnwort]</div><div class=konkordanz>Kl.9: SUBJ i- · ADJ Ø/n- · GEN ya · DEM hii/ile · POSS y- · REL -yo</div><div class=hinweis>links und rechts sind Ortswörter der Kl.17</div>	A1 SD1 E Ecke
Das ist mein (Ehe-) Mann/meine (Ehe-) Frau.	Huyu ni mume wangu/mke wangu.<hr><table class=gloss><tr class=mo><td>huyu</td><td>ni</td><td>mume</td><td>w-angu</td><td>mke</td><td>w-angu</td></tr><tr class=la><td>KL1.DEM</td><td>KOP</td><td>KL1.Ehemann</td><td>KL1-mein</td><td>KL1.Ehefrau</td><td>KL1-mein</td></tr></table><div class=klassen>mke Kl. 1/2 (m-/mw- › wa-) → wake [Ehemann = &quot;mume&quot; Kl. 1/2]</div><div class=konkordanz>Kl.1: SUBJ a- · ADJ m-/mw- · GEN wa · DEM huyu/yule · POSS w- · REL -ye</div><div class=hinweis>mume und mke sind beide Kl.1</div>	A1 SD1 E Ehefrau
Möchtest du ein Ei zum Frühstück?	Unataka yai kwa kifungua kinywa?<hr><table class=gloss><tr class=mo><td>u-na-tak-a</td><td>yai</td><td>kwa</td><td>ki-fungua</td><td>kinywa</td></tr><tr class=la><td>2SG-PRÄS-wollen-IND</td><td>KL5.Ei</td><td>für</td><td>KL7-öffnen</td><td>KL7.Mund</td></tr></table><div class=klassen>yai Kl. 5/6 (ji-/Ø › ma-) → mayai · kifungua kinywa Kl. 7/8 (ki- › vi-) → vifungua kinywa [woertlich &quot;Mundoeffner&quot;]</div><div class=konkordanz>Kl.5: SUBJ li- · ADJ ji-/Ø · GEN la · DEM hili/lile · POSS l- · REL -lo · Kl.7: SUBJ ki- · ADJ ki- · GEN cha · DEM hiki/kile · POSS ch- · REL -cho</div><div class=hinweis>yai Kl.5, Plural mayai Kl.6</div>	A1 SD1 E Ei
Hast du es eilig?	Una haraka?<hr><table class=gloss><tr class=mo><td>u-na</td><td>haraka</td></tr><tr class=la><td>2SG-haben</td><td>KL9.Eile</td></tr></table><div class=konkordanz>Kl.9: SUBJ i- · ADJ Ø/n- · GEN ya · DEM hii/ile · POSS y- · REL -yo</div><div class=hinweis>Eile haben statt eilig sein</div>	A1 SD1 E eilig
Ich nehme ein Bier. Willst du auch eins?	Nachukua bia. Unataka moja pia?<hr><table class=gloss><tr class=mo><td>na-chuku-a</td><td>bia</td><td>u-na-tak-a</td><td>moja</td><td>pia</td></tr><tr class=la><td>1SG.PRÄS.ALLG-nehmen-IND</td><td>KL9.Bier</td><td>2SG-PRÄS-wollen-IND</td><td>eins</td><td>auch</td></tr></table><div class=klassen>bia Kl. 9/10 (Ø/n-) → bia — Numerus nur an der Konkordanz [Lehnwort]</div><div class=konkordanz>Kl.9: SUBJ i- · ADJ Ø/n- · GEN ya · DEM hii/ile · POSS y- · REL -yo</div><div class=hinweis>moja steht allein für &quot;eines&quot;</div>	A1 SD1 E ein
Ist hier einer, der das kann?	Kuna mtu hapa anayeweza kufanya hivi?<hr><table class=gloss><tr class=mo><td>ku-na</td><td>mtu</td><td>hapa</td><td>a-na-ye-wez-a</td><td>ku-fany-a</td><td>hivi</td></tr><tr class=la><td>KL17-mit</td><td>KL1.Mensch</td><td>hier</td><td>KL1-PRÄS-REL1-können-IND</td><td>KL15-tun-IND</td><td>so</td></tr></table><div class=klassen>mtu Kl. 1/2 (m-/mw- › wa-) → watu [Musterwort fuer Kl. 1/2]</div><div class=konkordanz>Kl.1: SUBJ a- · ADJ m-/mw- · GEN wa · DEM huyu/yule · POSS w- · REL -ye</div><div class=hinweis>Relativinfix -ye- für Personen der Kl.1</div>	A1 SD1 E ein
Die Prüfung ist ganz einfach.	Mtihani ni rahisi kabisa.<hr><table class=gloss><tr class=mo><td>m-tihani</td><td>ni</td><td>rahisi</td><td>kabisa</td></tr><tr class=la><td>KL3-Prüfung</td><td>KOP</td><td>einfach</td><td>ganz</td></tr></table><div class=klassen>mtihani Kl. 3/4 (m-/mw- › mi-) → mitihani</div><div class=konkordanz>Kl.3: SUBJ u- · ADJ m-/mw- · GEN wa · DEM huu/ule · POSS w- · REL -o</div><div class=hinweis>rahisi heißt einfach und billig</div>	A1 SD1 E einfach
Hin und zurück? – Nein, bitte nur einfach.	Kwenda na kurudi? - Hapana, kwenda tu tafadhali.<hr><table class=gloss><tr class=mo><td>kw-end-a</td><td>na</td><td>ku-rudi</td><td>hapana</td><td>kw-end-a</td><td>tu</td><td>tafadhali</td></tr><tr class=la><td>KL15-gehen-IND</td><td>und</td><td>KL15-zurückkehren</td><td>nein</td><td>KL15-gehen-IND</td><td>nur</td><td>bitte</td></tr></table><div class=konkordanz>Kl.15: SUBJ ku- · ADJ ku- · GEN kwa · DEM huku/kule · POSS kw- · REL -ko</div><div class=hinweis>einfache Fahrt wörtlich &quot;nur hin&quot;</div>	A1 SD1 E einfach
Ich brauche nur ein einfaches Zimmer.	Nahitaji chumba cha kawaida tu.<hr><table class=gloss><tr class=mo><td>na-hitaji</td><td>ki-umba</td><td>ch-a</td><td>kawaida</td><td>tu</td></tr><tr class=la><td>1SG.PRÄS.ALLG-brauchen</td><td>KL7-Zimmer</td><td>KL7-GEN</td><td>KL9.Gewohnheit</td><td>nur</td></tr></table><div class=klassen>chumba Kl. 7/8 (ki- › vi-) → vyumba</div><div class=konkordanz>Kl.7: SUBJ ki- · ADJ ki- · GEN cha · DEM hiki/kile · POSS ch- · REL -cho</div><div class=hinweis>cha kawaida heißt &quot;gewöhnlich, schlicht&quot;</div>	A1 SD1 E einfach
Der Eingang ist um die Ecke.	Njia ya kuingia iko kwenye kona.<hr><table class=gloss><tr class=mo><td>njia</td><td>y-a</td><td>ku-ingi-a</td><td>i-ko</td><td>kwenye</td><td>kona</td></tr><tr class=la><td>KL9.Weg</td><td>KL9-GEN</td><td>KL15-hineingehen-IND</td><td>KL9-sein.da</td><td>an</td><td>KL9.Ecke</td></tr></table><div class=klassen>njia ya kutoka Kl. 9/10 (Ø/n-) → njia za kutoka [Genitiv kongruiert mit dem Kopfnomen] · kona Kl. 9/10 (Ø/n-) → kona — Numerus nur an der Konkordanz [Lehnwort]</div><div class=konkordanz>Kl.9: SUBJ i- · ADJ Ø/n- · GEN ya · DEM hii/ile · POSS y- · REL -yo</div><div class=hinweis>Eingang als njia ya kuingia umschrieben</div>	A1 SD1 E Eingang
Ich muss noch für morgen einkaufen.	Lazima ninunue vitu kwa kesho.<hr><table class=gloss><tr class=mo><td>lazima</td><td>ni-nunu-e</td><td>vi-tu</td><td>kwa</td><td>kesho</td></tr><tr class=la><td>muss</td><td>1SG-kaufen-KONJ</td><td>KL8-Ding</td><td>für</td><td>morgen</td></tr></table><div class=konkordanz>Kl.8: SUBJ vi- · ADJ vi- · GEN vya · DEM hivi/vile · POSS vy- · REL -vyo</div><div class=hinweis>einkaufen = vitu kununua, &quot;Dinge kaufen&quot;</div>	A1 SD1 E einkaufen
Darf ich Sie zu einem Kaffee einladen?	Naweza kuwakaribisha kahawa?<hr><table class=gloss><tr class=mo><td>na-wez-a</td><td>ku-wa-karibish-a</td><td>kahawa</td></tr><tr class=la><td>1SG.PRÄS.ALLG-können-IND</td><td>KL15-OBJ2PL-einladen-IND</td><td>KL9.Kaffee</td></tr></table><div class=klassen>kahawa Kl. 9/10 (Ø/n-) → kahawa — Numerus nur an der Konkordanz</div><div class=konkordanz>Kl.9: SUBJ i- · ADJ Ø/n- · GEN ya · DEM hii/ile · POSS y- · REL -yo</div><div class=hinweis>Objektpräfix -wa- steht für höfliches Sie</div>	A1 SD1 E einladen
Danke für die Einladung!	Asante kwa mwaliko!<hr><table class=gloss><tr class=mo><td>asante</td><td>kwa</td><td>mw-aliko</td></tr><tr class=la><td>danke</td><td>für</td><td>KL3-Einladung</td></tr></table><div class=klassen>mwaliko Kl. 3/4 (m-/mw- › mi-) → mialiko</div><div class=konkordanz>Kl.3: SUBJ u- · ADJ m-/mw- · GEN wa · DEM huu/ule · POSS w- · REL -o</div><div class=hinweis>mwaliko Kl.3, Plural mialiko Kl.4</div>	A1 SD1 E Einladung
Diese Prüfung mache ich nicht noch einmal.	Mtihani huu sitaufanya tena.<hr><table class=gloss><tr class=mo><td>m-tihani</td><td>huu</td><td>si-ta-u-fany-a</td><td>tena</td></tr><tr class=la><td>KL3-Prüfung</td><td>KL3.DEM</td><td>1SG.NEG-FUT-OBJ3-tun-IND</td><td>wieder</td></tr></table><div class=klassen>mtihani Kl. 3/4 (m-/mw- › mi-) → mitihani</div><div class=konkordanz>Kl.3: SUBJ u- · ADJ m-/mw- · GEN wa · DEM huu/ule · POSS w- · REL -o</div><div class=hinweis>Negatives Futur behält -ta-, nur si- tritt hinzu</div>	A1 SD1 E einmal
Schnell, steig ein, der Zug fährt gleich.	Haraka, panda, treni inaondoka hivi punde.<hr><table class=gloss><tr class=mo><td>haraka</td><td>pand-a</td><td>treni</td><td>i-na-ondok-a</td><td>hivi</td><td>punde</td></tr><tr class=la><td>schnell</td><td>einsteigen-IMP</td><td>KL9.Zug</td><td>KL9-PRÄS-abfahren-IND</td><td>gleich</td><td>sofort</td></tr></table><div class=klassen>treni Kl. 9/10 (Ø/n-) → treni — Numerus nur an der Konkordanz [Lehnwort]</div><div class=konkordanz>Kl.9: SUBJ i- · ADJ Ø/n- · GEN ya · DEM hii/ile · POSS y- · REL -yo</div><div class=hinweis>kupanda heißt einsteigen und aufsteigen</div>	A1 SD1 E einsteigen
Der Preis für den Eintritt ist 5 Euro.	Bei ya kiingilio ni Euro tano.<hr><table class=gloss><tr class=mo><td>bei</td><td>y-a</td><td>ki-ingilio</td><td>ni</td><td>Euro</td><td>tano</td></tr><tr class=la><td>KL9.Preis</td><td>KL9-GEN</td><td>KL7-Eintritt</td><td>KOP</td><td>Euro</td><td>fünf</td></tr></table><div class=klassen>bei Kl. 9/10 (Ø/n-) → bei — Numerus nur an der Konkordanz · kiingilio Kl. 7/8 (ki- › vi-) → viingilio</div><div class=konkordanz>Kl.9: SUBJ i- · ADJ Ø/n- · GEN ya · DEM hii/ile · POSS y- · REL -yo · Kl.7: SUBJ ki- · ADJ ki- · GEN cha · DEM hiki/kile · POSS ch- · REL -cho</div><div class=hinweis>kiingilio Kl.7, Plural viingilio Kl.8</div>	A1 SD1 E Eintritt
Haben Sie noch ein Einzelzimmer?	Mnayo bado chumba cha mtu mmoja?<hr><table class=gloss><tr class=mo><td>m-na-yo</td><td>bado</td><td>ki-umba</td><td>ch-a</td><td>mtu</td><td>m-moja</td></tr><tr class=la><td>2PL-haben-REL9</td><td>noch</td><td>KL7-Zimmer</td><td>KL7-GEN</td><td>KL1.Mensch</td><td>KL1-eins</td></tr></table><div class=klassen>chumba Kl. 7/8 (ki- › vi-) → vyumba · mtu Kl. 1/2 (m-/mw- › wa-) → watu [Musterwort fuer Kl. 1/2]</div><div class=konkordanz>Kl.7: SUBJ ki- · ADJ ki- · GEN cha · DEM hiki/kile · POSS ch- · REL -cho · Kl.1: SUBJ a- · ADJ m-/mw- · GEN wa · DEM huyu/yule · POSS w- · REL -ye</div><div class=hinweis>mmoja kongruiert mit mtu Kl.1</div>	A1 SD1 E Einzelzimmer
Meine Eltern leben in Spanien.	Wazazi wangu wanakaa Hispania.<hr><table class=gloss><tr class=mo><td>wazazi</td><td>w-angu</td><td>wa-na-ka-a</td><td>Hispania</td></tr><tr class=la><td>KL2.Eltern</td><td>KL2-mein</td><td>KL2-PRÄS-wohnen-IND</td><td>Spanien</td></tr></table><div class=klassen>mzazi Kl. 1/2 (m-/mw- › wa-) → wazazi [deutsch nur Plural]</div><div class=konkordanz>Kl.1: SUBJ a- · ADJ m-/mw- · GEN wa · DEM huyu/yule · POSS w- · REL -ye</div><div class=hinweis>mzazi Kl.1, Plural wazazi Kl.2</div>	A1 SD1 E Eltern__pl__
Ich habe Ihre E-Mail nicht bekommen.	Sijapokea barua pepe yako.<hr><table class=gloss><tr class=mo><td>si-ja-poke-a</td><td>barua</td><td>pepe</td><td>y-ako</td></tr><tr class=la><td>1SG.NEG-PERF.NEG-empfangen-IND</td><td>KL9.Brief</td><td>Wind</td><td>KL9-dein</td></tr></table><div class=klassen>barua Kl. 9/10 (Ø/n-) → barua — Numerus nur an der Konkordanz [Numerus nur an der Konkordanz]</div><div class=konkordanz>Kl.9: SUBJ i- · ADJ Ø/n- · GEN ya · DEM hii/ile · POSS y- · REL -yo</div><div class=hinweis>barua pepe heißt wörtlich &quot;Windbrief&quot;</div>	A1 SD1 E E
Auf dem Brief steht dein Name, also bist du der Empfänger.	Kwenye barua kumeandikwa jina lako, kwa hiyo wewe ni mpokeaji.<hr><table class=gloss><tr class=mo><td>kwenye</td><td>barua</td><td>ku-me-andik-w-a</td><td>jina</td><td>l-ako</td><td>kwa</td><td>hiyo</td><td>wewe</td><td>ni</td><td>m-pokeaji</td></tr><tr class=la><td>an</td><td>KL9.Brief</td><td>KL17-PERF-schreiben-PASS-IND</td><td>KL5.Name</td><td>KL5-dein</td><td>für</td><td>KL9.DEM</td><td>du</td><td>KOP</td><td>KL1-Empfänger</td></tr></table><div class=klassen>barua Kl. 9/10 (Ø/n-) → barua — Numerus nur an der Konkordanz [Numerus nur an der Konkordanz] · jina Kl. 5/6 (ji-/Ø › ma-) → majina · mpokeaji Kl. 1/2 (m-/mw- › wa-) → wapokeaji</div><div class=konkordanz>Kl.9: SUBJ i- · ADJ Ø/n- · GEN ya · DEM hii/ile · POSS y- · REL -yo · Kl.5: SUBJ li- · ADJ ji-/Ø · GEN la · DEM hili/lile · POSS l- · REL -lo</div><div class=hinweis>Unpersönliches Passiv nimmt die Ortsklasse 17</div>	A1 SD1 E Empfänger
Welchen Wein können Sie mir empfehlen?	Mvinyo upi mnaweza kunipendekeza?<hr><table class=gloss><tr class=mo><td>m-vinyo</td><td>upi</td><td>m-na-wez-a</td><td>ku-ni-pendekez-a</td></tr><tr class=la><td>KL3-Wein</td><td>KL3.welche</td><td>2PL-PRÄS-können-IND</td><td>KL15-OBJ1SG-empfehlen-IND</td></tr></table><div class=klassen>mvinyo Kl. 3/4 (m-/mw- › mi-) → mivinyo</div><div class=konkordanz>Kl.3: SUBJ u- · ADJ m-/mw- · GEN wa · DEM huu/ule · POSS w- · REL -o</div><div class=hinweis>Fragewort upi kongruiert mit mvinyo Kl.3</div>	A1 SD1 E empfehlen
Die Straße endet hier.	Barabara inaishia hapa.<hr><table class=gloss><tr class=mo><td>barabara</td><td>i-na-ish-i-a</td><td>hapa</td></tr><tr class=la><td>KL9.Straße</td><td>KL9-PRÄS-enden-APPL-IND</td><td>hier</td></tr></table><div class=klassen>barabara Kl. 9/10 (Ø/n-) → barabara — Numerus nur an der Konkordanz</div><div class=konkordanz>Kl.9: SUBJ i- · ADJ Ø/n- · GEN ya · DEM hii/ile · POSS y- · REL -yo</div><div class=hinweis>Applikativ -i- verlangt die Ortsangabe</div>	A1 SD1 E enden
Sie wohnt am Ende der Straße.	Anakaa mwishoni mwa barabara.<hr><table class=gloss><tr class=mo><td>a-na-ka-a</td><td>mwisho-ni</td><td>mw-a</td><td>barabara</td></tr><tr class=la><td>3SG-PRÄS-wohnen-IND</td><td>KL3.Ende-LOK</td><td>KL18-GEN</td><td>KL9.Straße</td></tr></table><div class=klassen>barabara Kl. 9/10 (Ø/n-) → barabara — Numerus nur an der Konkordanz</div><div class=konkordanz>Kl.9: SUBJ i- · ADJ Ø/n- · GEN ya · DEM hii/ile · POSS y- · REL -yo</div><div class=hinweis>Nach -ni folgt der Genitiv mwa der Kl.18</div>	A1 SD1 E Ende
Er bekommt sein Geld am Ende des Monats.	Anapata pesa zake mwishoni mwa mwezi.<hr><table class=gloss><tr class=mo><td>a-na-pat-a</td><td>pesa</td><td>z-ake</td><td>mwisho-ni</td><td>mw-a</td><td>mw-ezi</td></tr><tr class=la><td>3SG-PRÄS-bekommen-IND</td><td>KL10.Geld</td><td>KL10-sein</td><td>KL3.Ende-LOK</td><td>KL18-GEN</td><td>KL3-Monat</td></tr></table><div class=klassen>pesa Kl. 9/10 (Ø/n-) → pesa — Numerus nur an der Konkordanz</div><div class=konkordanz>Kl.9: SUBJ i- · ADJ Ø/n- · GEN ya · DEM hii/ile · POSS y- · REL -yo</div><div class=hinweis>pesa nimmt zake Kl.10</div>	A1 SD1 E Ende
Entschuldigen Sie bitte!	Samahani tafadhali!<hr><table class=gloss><tr class=mo><td>samahani</td><td>tafadhali</td></tr><tr class=la><td>KL9.Entschuldigung</td><td>bitte</td></tr></table><div class=konkordanz>Kl.9: SUBJ i- · ADJ Ø/n- · GEN ya · DEM hii/ile · POSS y- · REL -yo</div><div class=hinweis>samahani entschuldigt, radhi erbittet Verzeihung</div>	A1 SD1 E entschuldigen
Entschuldigung! – Bitte.	Samahani! - Haidhuru.<hr><table class=gloss><tr class=mo><td>samahani</td><td>hai-dhuru</td></tr><tr class=la><td>KL9.Entschuldigung</td><td>KL9.NEG-schaden</td></tr></table><div class=konkordanz>Kl.9: SUBJ i- · ADJ Ø/n- · GEN ya · DEM hii/ile · POSS y- · REL -yo</div><div class=hinweis>haidhuru heißt wörtlich &quot;es schadet nicht&quot;</div>	A1 SD1 E Entschuldigung
Er heißt Ali.	Anaitwa Ali.<hr><table class=gloss><tr class=mo><td>a-na-it-w-a</td><td>Ali</td></tr><tr class=la><td>3SG-PRÄS-nennen-PASS-IND</td><td>Ali</td></tr></table><div class=hinweis>heißen steht im Passiv: er wird genannt</div>	A1 SD1 E er
Das Ergebnis des Tests bekommen Sie in zwei Wochen.	Matokeo ya mtihani mtayapata baada ya wiki mbili.<hr><table class=gloss><tr class=mo><td>ma-tokeo</td><td>y-a</td><td>m-tihani</td><td>m-ta-ya-pat-a</td><td>baada</td><td>y-a</td><td>wiki</td><td>mbili</td></tr><tr class=la><td>KL6-Ergebnis</td><td>KL6-GEN</td><td>KL3-Prüfung</td><td>2PL-FUT-OBJ6-bekommen-IND</td><td>nach</td><td>KL9-GEN</td><td>KL9.Woche</td><td>zwei</td></tr></table><div class=klassen>tokeo Kl. 5/6 (ji-/Ø › ma-) → matokeo [meist im Plural] · mtihani Kl. 3/4 (m-/mw- › mi-) → mitihani</div><div class=konkordanz>Kl.5: SUBJ li- · ADJ ji-/Ø · GEN la · DEM hili/lile · POSS l- · REL -lo · Kl.3: SUBJ u- · ADJ m-/mw- · GEN wa · DEM huu/ule · POSS w- · REL -o</div><div class=hinweis>Objektpräfix -ya- greift matokeo Kl.6 auf</div>	A1 SD1 E Ergebnis
Kannst du mir das erklären?	Unaweza kunielezea hili?<hr><table class=gloss><tr class=mo><td>u-na-wez-a</td><td>ku-ni-elez-e-a</td><td>hili</td></tr><tr class=la><td>2SG-PRÄS-können-IND</td><td>KL15-OBJ1SG-erklären-APPL-IND</td><td>KL5.DEM</td></tr></table><div class=konkordanz>Kl.15: SUBJ ku- · ADJ ku- · GEN kwa · DEM huku/kule · POSS kw- · REL -ko · Kl.5: SUBJ li- · ADJ ji-/Ø · GEN la · DEM hili/lile · POSS l- · REL -lo</div><div class=hinweis>Applikativ nennt den, für den erklärt wird</div>	A1 SD1 E erklären
Rauchen ist hier nicht erlaubt.	Kuvuta sigara hakuruhusiwi hapa.<hr><table class=gloss><tr class=mo><td>ku-vut-a</td><td>sigara</td><td>haku-ruhus-iw-i</td><td>hapa</td></tr><tr class=la><td>KL15-ziehen-IND</td><td>KL9.Zigarette</td><td>KL15.NEG-erlauben-PASS-NEG</td><td>hier</td></tr></table><div class=klassen>sigara Kl. 9/10 (Ø/n-) → sigara — Numerus nur an der Konkordanz [Lehnwort]</div><div class=konkordanz>Kl.9: SUBJ i- · ADJ Ø/n- · GEN ya · DEM hii/ile · POSS y- · REL -yo</div><div class=hinweis>Verbalnomen Kl.15 ist Subjekt, darum haku-</div>	A1 SD1 E erlauben
Dieser Film ist nur für Erwachsene.	Filamu hii ni kwa watu wazima tu.<hr><table class=gloss><tr class=mo><td>filamu</td><td>hii</td><td>ni</td><td>kwa</td><td>watu</td><td>wa-zima</td><td>tu</td></tr><tr class=la><td>KL9.Film</td><td>KL9.DEM</td><td>KOP</td><td>für</td><td>KL2.Mensch</td><td>KL2-erwachsen</td><td>nur</td></tr></table><div class=klassen>filamu Kl. 9/10 (Ø/n-) → filamu — Numerus nur an der Konkordanz [Lehnwort] · mtu Kl. 1/2 (m-/mw- › wa-) → watu [Musterwort fuer Kl. 1/2]</div><div class=konkordanz>Kl.9: SUBJ i- · ADJ Ø/n- · GEN ya · DEM hii/ile · POSS y- · REL -yo · Kl.1: SUBJ a- · ADJ m-/mw- · GEN wa · DEM huyu/yule · POSS w- · REL -ye</div><div class=hinweis>Erwachsene = watu wazima</div>	A1 SD1 E Erwachsene
Wir müssen euch etwas erzählen!	Lazima tuwaeleze kitu!<hr><table class=gloss><tr class=mo><td>lazima</td><td>tu-wa-elez-e</td><td>ki-tu</td></tr><tr class=la><td>muss</td><td>1PL-OBJ2PL-erzählen-KONJ</td><td>KL7-Ding</td></tr></table><div class=konkordanz>Kl.7: SUBJ ki- · ADJ ki- · GEN cha · DEM hiki/kile · POSS ch- · REL -cho</div><div class=hinweis>Objektpräfix -wa- auch für euch</div>	A1 SD1 E erzählen
Es regnet.	Inanyesha.<hr><table class=gloss><tr class=mo><td>i-na-nyesh-a</td></tr><tr class=la><td>KL9-PRÄS-regnen-IND</td></tr></table><div class=konkordanz>Kl.9: SUBJ i- · ADJ Ø/n- · GEN ya · DEM hii/ile · POSS y- · REL -yo</div><div class=hinweis>Wetterverben nehmen das Subjektpräfix der Kl.9</div>	A1 SD1 E es
Was gibt es zu essen?	Kuna nini cha kula?<hr><table class=gloss><tr class=mo><td>ku-na</td><td>nini</td><td>ch-a</td><td>ku-l-a</td></tr><tr class=la><td>KL17-mit</td><td>was</td><td>KL7-GEN</td><td>KL15-essen-IND</td></tr></table><div class=konkordanz>Kl.17: SUBJ ku- · ADJ ku- · GEN kwa · DEM huku/kule · POSS kw- · REL -ko · Kl.7: SUBJ ki- · ADJ ki- · GEN cha · DEM hiki/kile · POSS ch- · REL -cho</div><div class=hinweis>Genitiv cha verweist auf kitu &quot;Ding&quot;</div>	A1 SD1 E essen
Das Essen ist heute sehr gut.	Chakula ni kizuri sana leo.<hr><table class=gloss><tr class=mo><td>chakula</td><td>ni</td><td>ki-zuri</td><td>sana</td><td>leo</td></tr><tr class=la><td>KL7.Essen</td><td>KOP</td><td>KL7-gut</td><td>sehr</td><td>heute</td></tr></table><div class=klassen>chakula Kl. 7/8 (ki- › vi-) → vyakula</div><div class=konkordanz>Kl.7: SUBJ ki- · ADJ ki- · GEN cha · DEM hiki/kile · POSS ch- · REL -cho</div><div class=hinweis>kizuri kongruiert mit chakula Kl.7</div>	A1 SD1 E Essen
Euer Kurs beginnt heute.	Kozi yenu inaanza leo.<hr><table class=gloss><tr class=mo><td>kozi</td><td>y-enu</td><td>i-na-anz-a</td><td>leo</td></tr><tr class=la><td>KL9.Kurs</td><td>KL9-euer</td><td>KL9-PRÄS-anfangen-IND</td><td>heute</td></tr></table><div class=klassen>kozi Kl. 9/10 (Ø/n-) → kozi — Numerus nur an der Konkordanz [Lehnwort]</div><div class=konkordanz>Kl.9: SUBJ i- · ADJ Ø/n- · GEN ya · DEM hii/ile · POSS y- · REL -yo</div><div class=hinweis>yenu ist der Possessiv für 2PL</div>	A1 SD1 E euer
Ich fahre mit dem Auto zur Arbeit.	Naenda kazini kwa gari.<hr><table class=gloss><tr class=mo><td>na-end-a</td><td>kazi-ni</td><td>kwa</td><td>gari</td></tr><tr class=la><td>1SG.PRÄS.ALLG-gehen-IND</td><td>KL9.Arbeit-LOK</td><td>mit</td><td>KL5.Auto</td></tr></table><div class=klassen>gari Kl. 5/6 (ji-/Ø › ma-) → magari</div><div class=konkordanz>Kl.5: SUBJ li- · ADJ ji-/Ø · GEN la · DEM hili/lile · POSS l- · REL -lo</div><div class=hinweis>kwa bezeichnet das Verkehrsmittel</div>	A1 SD1 F fahren
Bitte nicht mit dem Fahrer sprechen!	Tafadhali msizungumze na dereva!<hr><table class=gloss><tr class=mo><td>tafadhali</td><td>m-si-zungumz-e</td><td>na</td><td>dereva</td></tr><tr class=la><td>bitte</td><td>2PL-NEG-sprechen-KONJ</td><td>mit</td><td>KL5/KL1.Fahrer</td></tr></table><div class=klassen>dereva Kl. 5/6 (ji-/Ø › ma-) → madereva [Person: Form Kl. 5/6, Kongruenz Kl. 1/2]</div><div class=konkordanz>Kl.1: SUBJ a- · ADJ m-/mw- · GEN wa · DEM huyu/yule · POSS w- · REL -ye</div><div class=hinweis>Verbot: 2PL plus -si- plus Konjunktiv</div>	A1 SD1 F Fahrer
Hast du schon eine Fahrkarte?	Unayo tiketi tayari?<hr><table class=gloss><tr class=mo><td>u-na-yo</td><td>tiketi</td><td>tayari</td></tr><tr class=la><td>2SG-haben-REL9</td><td>KL9.Fahrkarte</td><td>schon</td></tr></table><div class=klassen>tiketi Kl. 9/10 (Ø/n-) → tiketi — Numerus nur an der Konkordanz [Lehnwort]</div><div class=konkordanz>Kl.9: SUBJ i- · ADJ Ø/n- · GEN ya · DEM hii/ile · POSS y- · REL -yo</div><div class=hinweis>-yo im Verb nimmt tiketi Kl.9 auf</div>	A1 SD1 F Fahrkarte
Fährst du mit dem Fahrrad oder mit dem Auto?	Unasafiri kwa baiskeli au kwa gari?<hr><table class=gloss><tr class=mo><td>u-na-safiri</td><td>kwa</td><td>baiskeli</td><td>au</td><td>kwa</td><td>gari</td></tr><tr class=la><td>2SG-PRÄS-reisen</td><td>mit</td><td>KL9.Fahrrad</td><td>oder</td><td>mit</td><td>KL5.Auto</td></tr></table><div class=klassen>baiskeli Kl. 9/10 (Ø/n-) → baiskeli — Numerus nur an der Konkordanz [Lehnwort] · gari Kl. 5/6 (ji-/Ø › ma-) → magari</div><div class=konkordanz>Kl.9: SUBJ i- · ADJ Ø/n- · GEN ya · DEM hii/ile · POSS y- · REL -yo · Kl.5: SUBJ li- · ADJ ji-/Ø · GEN la · DEM hili/lile · POSS l- · REL -lo</div><div class=hinweis>kwa bleibt bei allen Verkehrsmitteln gleich</div>	A1 SD1 F Fahrrad
Das ist falsch.	Hii si sahihi.<hr><table class=gloss><tr class=mo><td>hii</td><td>si</td><td>sahihi</td></tr><tr class=la><td>KL9.DEM</td><td>NEG.KOP</td><td>richtig</td></tr></table><div class=klassen>sahihi Kl. 9/10 (Ø/n-) → sahihi — Numerus nur an der Konkordanz</div><div class=konkordanz>Kl.9: SUBJ i- · ADJ Ø/n- · GEN ya · DEM hii/ile · POSS y- · REL -yo</div><div class=hinweis>si ist die Negation der Kopula ni</div>	A1 SD1 F falsch
Meine Familie lebt in Spanien.	Familia yangu inakaa Hispania.<hr><table class=gloss><tr class=mo><td>familia</td><td>y-angu</td><td>i-na-ka-a</td><td>Hispania</td></tr><tr class=la><td>KL9.Familie</td><td>KL9-mein</td><td>KL9-PRÄS-wohnen-IND</td><td>Spanien</td></tr></table><div class=klassen>familia Kl. 9/10 (Ø/n-) → familia — Numerus nur an der Konkordanz [Lehnwort]</div><div class=konkordanz>Kl.9: SUBJ i- · ADJ Ø/n- · GEN ya · DEM hii/ile · POSS y- · REL -yo</div><div class=hinweis>familia ist Kl.9, darum i- und yangu</div>	A1 SD1 F Familie
Meine Familiennamen sind García González.	Majina yangu ya familia ni García González.<hr><table class=gloss><tr class=mo><td>ma-jina</td><td>y-angu</td><td>y-a</td><td>familia</td><td>ni</td><td>García</td><td>González</td></tr><tr class=la><td>KL6-Name</td><td>KL6-mein</td><td>KL6-GEN</td><td>KL9.Familie</td><td>KOP</td><td>García</td><td>González</td></tr></table><div class=klassen>jina Kl. 5/6 (ji-/Ø › ma-) → majina · familia Kl. 9/10 (Ø/n-) → familia — Numerus nur an der Konkordanz [Lehnwort]</div><div class=konkordanz>Kl.5: SUBJ li- · ADJ ji-/Ø · GEN la · DEM hili/lile · POSS l- · REL -lo · Kl.9: SUBJ i- · ADJ Ø/n- · GEN ya · DEM hii/ile · POSS y- · REL -yo</div><div class=hinweis>Doppelte Kl.6-Kongruenz: yangu und ya</div>	A1 SD1 F Familienname
Bei „Familienstand“ musst du „ledig“ ankreuzen.	Kwenye "hali ya ndoa" lazima utie alama "sijaoa".<hr><table class=gloss><tr class=mo><td>kwenye</td><td>hali</td><td>y-a</td><td>ndoa</td><td>lazima</td><td>u-ti-e</td><td>alama</td><td>si-ja-o-a</td></tr><tr class=la><td>an</td><td>KL9.Lage</td><td>KL9-GEN</td><td>KL9.Ehe</td><td>muss</td><td>2SG-setzen-KONJ</td><td>KL9.Zeichen</td><td>1SG.NEG-PERF.NEG-heiraten-IND</td></tr></table><div class=klassen>hali ya hewa Kl. 9 (Ø/n-), kein Numeruswechsel [Genitivfuegung, kein Plural] · alama Kl. 9/10 (Ø/n-) → alama — Numerus nur an der Konkordanz</div><div class=konkordanz>Kl.9: SUBJ i- · ADJ Ø/n- · GEN ya · DEM hii/ile · POSS y- · REL -yo</div><div class=hinweis>ledig wörtlich &quot;ich habe noch nicht geheiratet&quot;</div>	A1 SD1 F Familienstand
Die Farbe gefällt mir gut.	Rangi inanipendeza sana.<hr><table class=gloss><tr class=mo><td>rangi</td><td>i-na-ni-pendez-a</td><td>sana</td></tr><tr class=la><td>KL9.Farbe</td><td>KL9-PRÄS-OBJ1SG-gefallen-IND</td><td>sehr</td></tr></table><div class=klassen>rangi Kl. 9/10 (Ø/n-) → rangi — Numerus nur an der Konkordanz</div><div class=konkordanz>Kl.9: SUBJ i- · ADJ Ø/n- · GEN ya · DEM hii/ile · POSS y- · REL -yo</div><div class=hinweis>Die Farbe gefällt mich, nicht mir</div>	A1 SD1 F Farbe
Schicken Sie uns einfach ein Fax!	Tutumieni faksi tu!<hr><table class=gloss><tr class=mo><td>tu-tumi-eni</td><td>faksi</td><td>tu</td></tr><tr class=la><td>OBJ1PL-schicken-IMP.PL</td><td>KL9.Fax</td><td>nur</td></tr></table><div class=klassen>faksi Kl. 9/10 (Ø/n-) → faksi — Numerus nur an der Konkordanz [Lehnwort]</div><div class=konkordanz>Kl.9: SUBJ i- · ADJ Ø/n- · GEN ya · DEM hii/ile · POSS y- · REL -yo</div><div class=hinweis>Objektpräfix tu- im Imperativ Plural</div>	A1 SD1 F Fax
z. B. Feierabend, Feiertag	kwa mfano siku ya mapumziko, sikukuu<hr><table class=gloss><tr class=mo><td>kwa</td><td>m-fano</td><td>siku</td><td>y-a</td><td>ma-pumziko</td><td>sikukuu</td></tr><tr class=la><td>für</td><td>KL3-Beispiel</td><td>KL9.Tag</td><td>KL9-GEN</td><td>KL6-Pause</td><td>KL9.Feiertag</td></tr></table><div class=klassen>mfano Kl. 3/4 (m-/mw- › mi-) → mifano · siku ya kuzaliwa Kl. 9/10 (Ø/n-) → siku za kuzaliwa [Genitiv kongruiert mit dem Kopfnomen] · mapumziko Kl. 6 (ma-), kein Numeruswechsel [nur Plural]</div><div class=konkordanz>Kl.3: SUBJ u- · ADJ m-/mw- · GEN wa · DEM huu/ule · POSS w- · REL -o · Kl.9: SUBJ i- · ADJ Ø/n- · GEN ya · DEM hii/ile · POSS y- · REL -yo</div><div class=hinweis>Feierabend als siku ya mapumziko umschrieben</div>	A1 SD1 F Feier
Am Montag ist Feiertag.	Jumatatu ni sikukuu.<hr><table class=gloss><tr class=mo><td>Jumatatu</td><td>ni</td><td>sikukuu</td></tr><tr class=la><td>KL9.Montag</td><td>KOP</td><td>KL9.Feiertag</td></tr></table><div class=konkordanz>Kl.9: SUBJ i- · ADJ Ø/n- · GEN ya · DEM hii/ile · POSS y- · REL -yo</div><div class=hinweis>sikukuu ist ein festes Kompositum</div>	A1 SD1 F Feier
Wir feiern heute meinen Geburtstag.	Leo tunasherehekea siku yangu ya kuzaliwa.<hr><table class=gloss><tr class=mo><td>leo</td><td>tu-na-sherehek-e-a</td><td>siku</td><td>y-angu</td><td>y-a</td><td>ku-zali-w-a</td></tr><tr class=la><td>heute</td><td>1PL-PRÄS-feiern-APPL-IND</td><td>KL9.Tag</td><td>KL9-mein</td><td>KL9-GEN</td><td>KL15-gebären-PASS-IND</td></tr></table><div class=klassen>siku ya kuzaliwa Kl. 9/10 (Ø/n-) → siku za kuzaliwa [Genitiv kongruiert mit dem Kopfnomen]</div><div class=konkordanz>Kl.9: SUBJ i- · ADJ Ø/n- · GEN ya · DEM hii/ile · POSS y- · REL -yo</div><div class=hinweis>Geburtstag wörtlich &quot;Tag meines Geborenwerdens&quot;</div>	A1 SD1 F feiern
Herr Müller ist nicht da, er fehlt schon seit drei Tagen.	Bwana Müller hayupo, hayupo tangu siku tatu.<hr><table class=gloss><tr class=mo><td>bwana</td><td>Müller</td><td>ha-yu-po</td><td>ha-yu-po</td><td>tangu</td><td>siku</td><td>tatu</td></tr><tr class=la><td>KL5/KL1.Herr</td><td>Müller</td><td>3SG.NEG-KL1-sein.da</td><td>3SG.NEG-KL1-sein.da</td><td>seit</td><td>KL9.Tag</td><td>drei</td></tr></table><div class=klassen>bwana Kl. 5/6 (ji-/Ø › ma-) → mabwana [Person: Form Kl. 5/6, Kongruenz Kl. 1/2] · siku ya kuzaliwa Kl. 9/10 (Ø/n-) → siku za kuzaliwa [Genitiv kongruiert mit dem Kopfnomen]</div><div class=konkordanz>Kl.1: SUBJ a- · ADJ m-/mw- · GEN wa · DEM huyu/yule · POSS w- · REL -ye · Kl.9: SUBJ i- · ADJ Ø/n- · GEN ya · DEM hii/ile · POSS y- · REL -yo</div><div class=hinweis>hayupo ist die Personenform der Negation</div>	A1 SD1 F fehlen
Was fehlt Ihnen?	Mnaumwa nini?<hr><table class=gloss><tr class=mo><td>m-na-um-w-a</td><td>nini</td></tr><tr class=la><td>2PL-PRÄS-schmerzen-PASS-IND</td><td>was</td></tr></table><div class=hinweis>Krankheit im Passiv: man wird geschmerzt</div>	A1 SD1 F fehlen
Diesen Fehler mache ich immer.	Kosa hili nalifanya kila mara.<hr><table class=gloss><tr class=mo><td>kosa</td><td>hili</td><td>na-li-fany-a</td><td>kila</td><td>mara</td></tr><tr class=la><td>KL5.Fehler</td><td>KL5.DEM</td><td>1SG.PRÄS.ALLG-OBJ5-tun-IND</td><td>jede</td><td>KL9.Mal</td></tr></table><div class=klassen>kosa Kl. 5/6 (ji-/Ø › ma-) → makosa</div><div class=konkordanz>Kl.5: SUBJ li- · ADJ ji-/Ø · GEN la · DEM hili/lile · POSS l- · REL -lo</div><div class=hinweis>Objektpräfix -li- greift kosa Kl.5 auf</div>	A1 SD1 F Fehler
Wollen wir heute Abend mal fernsehen?	Tutazame televisheni leo jioni?<hr><table class=gloss><tr class=mo><td>tu-tazam-e</td><td>televisheni</td><td>leo</td><td>jioni</td></tr><tr class=la><td>1PL-schauen-KONJ</td><td>KL9.Fernsehen</td><td>heute</td><td>KL9.Abend</td></tr></table><div class=konkordanz>Kl.9: SUBJ i- · ADJ Ø/n- · GEN ya · DEM hii/ile · POSS y- · REL -yo</div><div class=hinweis>Konjunktiv als Vorschlag</div>	A1 SD1 F fernsehen
Bist du fertig?	Umemaliza?<hr><table class=gloss><tr class=mo><td>u-me-maliz-a</td></tr><tr class=la><td>2SG-PERF-fertig.werden-IND</td></tr></table><div class=hinweis>Perfekt beschreibt den erreichten Zustand</div>	A1 SD1 F fertig
Ist mein Auto schon fertig?	Gari langu limekwisha kutengenezwa?<hr><table class=gloss><tr class=mo><td>gari</td><td>l-angu</td><td>li-me-kwish-a</td><td>ku-tengenez-w-a</td></tr><tr class=la><td>KL5.Auto</td><td>KL5-mein</td><td>KL5-PERF-beenden-IND</td><td>KL15-reparieren-PASS-IND</td></tr></table><div class=klassen>gari Kl. 5/6 (ji-/Ø › ma-) → magari</div><div class=konkordanz>Kl.5: SUBJ li- · ADJ ji-/Ø · GEN la · DEM hili/lile · POSS l- · REL -lo</div><div class=hinweis>kwisha plus Infinitiv heißt &quot;schon fertig&quot;</div>	A1 SD1 F fertig
Haben Sie Feuer?	Mnayo moto?<hr><table class=gloss><tr class=mo><td>m-na-yo</td><td>moto</td></tr><tr class=la><td>2PL-haben-REL9</td><td>KL3.Feuer</td></tr></table><div class=klassen>moto Kl. 3/4 (m-/mw- › mi-) → mioto</div><div class=konkordanz>Kl.3: SUBJ u- · ADJ m-/mw- · GEN wa · DEM huu/ule · POSS w- · REL -o</div><div class=hinweis>moto heißt Feuer und Hitze</div>	A1 SD1 F Feuer
Mein Mann hat noch immer Fieber.	Mume wangu bado ana homa.<hr><table class=gloss><tr class=mo><td>mume</td><td>w-angu</td><td>bado</td><td>a-na</td><td>homa</td></tr><tr class=la><td>KL1.Ehemann</td><td>KL1-mein</td><td>noch</td><td>3SG-haben</td><td>KL9.Fieber</td></tr></table><div class=klassen>homa Kl. 9/10 (Ø/n-) → homa — Numerus nur an der Konkordanz</div><div class=konkordanz>Kl.9: SUBJ i- · ADJ Ø/n- · GEN ya · DEM hii/ile · POSS y- · REL -yo</div><div class=hinweis>Fieber haben, nicht fiebrig sein</div>	A1 SD1 F Fieber
Ich möchte gern diesen Film sehen.	Ningependa kuona filamu hii.<hr><table class=gloss><tr class=mo><td>ni-nge-pend-a</td><td>ku-on-a</td><td>filamu</td><td>hii</td></tr><tr class=la><td>1SG-IRR-mögen-IND</td><td>KL15-sehen-IND</td><td>KL9.Film</td><td>KL9.DEM</td></tr></table><div class=klassen>filamu Kl. 9/10 (Ø/n-) → filamu — Numerus nur an der Konkordanz [Lehnwort]</div><div class=konkordanz>Kl.9: SUBJ i- · ADJ Ø/n- · GEN ya · DEM hii/ile · POSS y- · REL -yo</div><div class=hinweis>-nge- bildet die höfliche Wunschform</div>	A1 SD1 F Film
Wir müssen den Schlüssel finden.	Lazima tupate ufunguo.<hr><table class=gloss><tr class=mo><td>lazima</td><td>tu-pat-e</td><td>ufunguo</td></tr><tr class=la><td>muss</td><td>1PL-finden-KONJ</td><td>KL11.Schlüssel</td></tr></table><div class=klassen>ufunguo Kl. 11/10 (u- › Ø/n-) → funguo</div><div class=konkordanz>Kl.11: SUBJ u- · ADJ m-/mw- · GEN wa · DEM huu/ule · POSS w- · REL -o</div><div class=hinweis>ufunguo Kl.11, Plural funguo Kl.10</div>	A1 SD1 F finden
Er arbeitet jetzt bei einer anderen Firma.	Sasa anafanya kazi kwenye kampuni nyingine.<hr><table class=gloss><tr class=mo><td>sasa</td><td>a-na-fany-a</td><td>kazi</td><td>kwenye</td><td>kampuni</td><td>ny-ingine</td></tr><tr class=la><td>jetzt</td><td>3SG-PRÄS-tun-IND</td><td>KL9.Arbeit</td><td>bei</td><td>KL9.Firma</td><td>KL9-andere</td></tr></table><div class=klassen>kazi Kl. 9/10 (Ø/n-) → kazi — Numerus nur an der Konkordanz · kampuni Kl. 9/10 (Ø/n-) → kampuni — Numerus nur an der Konkordanz [Lehnwort]</div><div class=konkordanz>Kl.9: SUBJ i- · ADJ Ø/n- · GEN ya · DEM hii/ile · POSS y- · REL -yo</div><div class=hinweis>nyingine mit Nasalpräfix der Kl.9</div>	A1 SD1 F Firma
Ich esse gern Fisch. Fleisch mag ich nicht.	Napenda kula samaki. Nyama sipendi.<hr><table class=gloss><tr class=mo><td>na-pend-a</td><td>ku-l-a</td><td>samaki</td><td>nyama</td><td>si-pend-i</td></tr><tr class=la><td>1SG.PRÄS.ALLG-mögen-IND</td><td>KL15-essen-IND</td><td>KL9.Fisch</td><td>KL9.Fleisch</td><td>1SG.NEG-mögen-NEG</td></tr></table><div class=klassen>samaki Kl. 9/10 (Ø/n-) → samaki — Numerus nur an der Konkordanz · nyama Kl. 9/10 (Ø/n-) → nyama — Numerus nur an der Konkordanz</div><div class=konkordanz>Kl.9: SUBJ i- · ADJ Ø/n- · GEN ya · DEM hii/ile · POSS y- · REL -yo</div><div class=hinweis>Vorangestelltes Objekt betont den Gegensatz</div>	A1 SD1 F Fisch
Eine Flasche Bier, bitte.	Chupa moja ya bia, tafadhali.<hr><table class=gloss><tr class=mo><td>chupa</td><td>moja</td><td>y-a</td><td>bia</td><td>tafadhali</td></tr><tr class=la><td>KL9.Flasche</td><td>eins</td><td>KL9-GEN</td><td>KL9.Bier</td><td>bitte</td></tr></table><div class=klassen>chupa Kl. 9/10 (Ø/n-) → chupa — Numerus nur an der Konkordanz · bia Kl. 9/10 (Ø/n-) → bia — Numerus nur an der Konkordanz [Lehnwort]</div><div class=konkordanz>Kl.9: SUBJ i- · ADJ Ø/n- · GEN ya · DEM hii/ile · POSS y- · REL -yo</div><div class=hinweis>chupa ist Kl.9 und Kl.10 gleich</div>	A1 SD1 F Flasche
Fleisch mag ich nicht.	Nyama sipendi.<hr><table class=gloss><tr class=mo><td>nyama</td><td>si-pend-i</td></tr><tr class=la><td>KL9.Fleisch</td><td>1SG.NEG-mögen-NEG</td></tr></table><div class=klassen>nyama Kl. 9/10 (Ø/n-) → nyama — Numerus nur an der Konkordanz</div><div class=konkordanz>Kl.9: SUBJ i- · ADJ Ø/n- · GEN ya · DEM hii/ile · POSS y- · REL -yo</div><div class=hinweis>Objekt vorangestellt zur Betonung</div>	A1 SD1 F Fleisch
Ich fliege nicht gern. Deshalb fahre ich mit dem Zug.	Sipendi kusafiri kwa ndege. Kwa hiyo nasafiri kwa treni.<hr><table class=gloss><tr class=mo><td>si-pend-i</td><td>ku-safiri</td><td>kwa</td><td>ndege</td><td>kwa</td><td>hiyo</td><td>na-safiri</td><td>kwa</td><td>treni</td></tr><tr class=la><td>1SG.NEG-mögen-NEG</td><td>KL15-reisen</td><td>mit</td><td>KL9.Flugzeug</td><td>für</td><td>KL9.DEM</td><td>1SG.PRÄS.ALLG-reisen</td><td>mit</td><td>KL9.Zug</td></tr></table><div class=klassen>ndege Kl. 9/10 (Ø/n-) → ndege — Numerus nur an der Konkordanz [auch &quot;Vogel&quot;] · treni Kl. 9/10 (Ø/n-) → treni — Numerus nur an der Konkordanz [Lehnwort]</div><div class=konkordanz>Kl.9: SUBJ i- · ADJ Ø/n- · GEN ya · DEM hii/ile · POSS y- · REL -yo</div><div class=hinweis>kwa hiyo heißt deshalb</div>	A1 SD1 F fliegen
Wann fliegst du ab?	Unaondoka lini kwa ndege?<hr><table class=gloss><tr class=mo><td>u-na-ondok-a</td><td>lini</td><td>kwa</td><td>ndege</td></tr><tr class=la><td>2SG-PRÄS-abfliegen-IND</td><td>wann</td><td>mit</td><td>KL9.Flugzeug</td></tr></table><div class=klassen>ndege Kl. 9/10 (Ø/n-) → ndege — Numerus nur an der Konkordanz [auch &quot;Vogel&quot;]</div><div class=konkordanz>Kl.9: SUBJ i- · ADJ Ø/n- · GEN ya · DEM hii/ile · POSS y- · REL -yo</div><div class=hinweis>kuondoka deckt abfahren und abfliegen ab</div>	A1 SD1 F abfliegen
Der Abflug ist um 11.20 Uhr.	Kuondoka ni saa tano na dakika ishirini.<hr><table class=gloss><tr class=mo><td>ku-ondok-a</td><td>ni</td><td>saa</td><td>tano</td><td>na</td><td>dakika</td><td>ishirini</td></tr><tr class=la><td>KL15-abfliegen-IND</td><td>KOP</td><td>KL9.Stunde</td><td>fünf</td><td>und</td><td>KL9.Minute</td><td>zwanzig</td></tr></table><div class=klassen>kuondoka Kl. 15 (ku-), kein Numeruswechsel [Verbalnomen] · saa Kl. 9/10 (Ø/n-) → saa — Numerus nur an der Konkordanz [auch &quot;Uhr&quot;]</div><div class=konkordanz>Kl.15: SUBJ ku- · ADJ ku- · GEN kwa · DEM huku/kule · POSS kw- · REL -ko · Kl.9: SUBJ i- · ADJ Ø/n- · GEN ya · DEM hii/ile · POSS y- · REL -yo</div><div class=hinweis>saa tano = 11 Uhr, fünfte Stunde nach Sonnenaufgang</div>	A1 SD1 F Abflug
Kannst du mich zum Flughafen bringen?	Unaweza kunipeleka uwanja wa ndege?<hr><table class=gloss><tr class=mo><td>u-na-wez-a</td><td>ku-ni-pelek-a</td><td>uwanja</td><td>w-a</td><td>ndege</td></tr><tr class=la><td>2SG-PRÄS-können-IND</td><td>KL15-OBJ1SG-bringen-IND</td><td>KL11.Platz</td><td>KL11-GEN</td><td>KL9.Flugzeug</td></tr></table><div class=klassen>uwanja wa ndege Kl. 11/8 (u- › vi-) → viwanja vya ndege [Plural wechselt nach Kl. 8] · ndege Kl. 9/10 (Ø/n-) → ndege — Numerus nur an der Konkordanz [auch &quot;Vogel&quot;]</div><div class=konkordanz>Kl.11: SUBJ u- · ADJ m-/mw- · GEN wa · DEM huu/ule · POSS w- · REL -o · Kl.9: SUBJ i- · ADJ Ø/n- · GEN ya · DEM hii/ile · POSS y- · REL -yo</div><div class=hinweis>Flughafen wörtlich &quot;Platz der Flugzeuge&quot;</div>	A1 SD1 F Flughafen
Das Flugzeug aus Berlin kommt heute später an.	Ndege kutoka Berlin inafika kwa kuchelewa leo.<hr><table class=gloss><tr class=mo><td>ndege</td><td>ku-tok-a</td><td>Berlin</td><td>i-na-fik-a</td><td>kwa</td><td>ku-chelew-a</td><td>leo</td></tr><tr class=la><td>KL9.Flugzeug</td><td>KL15-kommen-IND</td><td>Berlin</td><td>KL9-PRÄS-ankommen-IND</td><td>mit</td><td>KL15-sich.verspäten-IND</td><td>heute</td></tr></table><div class=klassen>ndege Kl. 9/10 (Ø/n-) → ndege — Numerus nur an der Konkordanz [auch &quot;Vogel&quot;]</div><div class=konkordanz>Kl.9: SUBJ i- · ADJ Ø/n- · GEN ya · DEM hii/ile · POSS y- · REL -yo</div><div class=hinweis>kwa plus Verbalnomen bildet eine Umstandsangabe</div>	A1 SD1 F Flugzeug
Sie müssen dieses Formular ausfüllen.	Lazima mjaze fomu hii.<hr><table class=gloss><tr class=mo><td>lazima</td><td>m-jaz-e</td><td>fomu</td><td>hii</td></tr><tr class=la><td>muss</td><td>2PL-füllen-KONJ</td><td>KL9.Formular</td><td>KL9.DEM</td></tr></table><div class=klassen>fomu Kl. 9/10 (Ø/n-) → fomu — Numerus nur an der Konkordanz [Lehnwort]</div><div class=konkordanz>Kl.9: SUBJ i- · ADJ Ø/n- · GEN ya · DEM hii/ile · POSS y- · REL -yo</div><div class=hinweis>kujaza heißt füllen und ausfüllen</div>	A1 SD1 F Formular
Darf ich ein Foto machen?	Naweza kupiga picha?<hr><table class=gloss><tr class=mo><td>na-wez-a</td><td>ku-pig-a</td><td>picha</td></tr><tr class=la><td>1SG.PRÄS.ALLG-können-IND</td><td>KL15-schlagen-IND</td><td>KL9.Foto</td></tr></table><div class=klassen>picha Kl. 9/10 (Ø/n-) → picha — Numerus nur an der Konkordanz [Lehnwort]</div><div class=konkordanz>Kl.9: SUBJ i- · ADJ Ø/n- · GEN ya · DEM hii/ile · POSS y- · REL -yo</div><div class=hinweis>fotografieren = kupiga picha, &quot;Bild schlagen&quot;</div>	A1 SD1 F Foto
Er möchte Sie etwas fragen. Wann kommen Sie?	Anataka kuwauliza kitu. Mnakuja lini?<hr><table class=gloss><tr class=mo><td>a-na-tak-a</td><td>ku-wa-uliz-a</td><td>ki-tu</td><td>m-na-kuj-a</td><td>lini</td></tr><tr class=la><td>3SG-PRÄS-wollen-IND</td><td>KL15-OBJ2PL-fragen-IND</td><td>KL7-Ding</td><td>2PL-PRÄS-kommen-IND</td><td>wann</td></tr></table><div class=konkordanz>Kl.15: SUBJ ku- · ADJ ku- · GEN kwa · DEM huku/kule · POSS kw- · REL -ko · Kl.7: SUBJ ki- · ADJ ki- · GEN cha · DEM hiki/kile · POSS ch- · REL -cho</div><div class=hinweis>Objektpräfix -wa- für höfliches Sie</div>	A1 SD1 F fragen
Ich habe eine Frage.	Nina swali.<hr><table class=gloss><tr class=mo><td>ni-na</td><td>swali</td></tr><tr class=la><td>1SG-haben</td><td>KL5.Frage</td></tr></table><div class=klassen>swali Kl. 5/6 (ji-/Ø › ma-) → maswali</div><div class=konkordanz>Kl.5: SUBJ li- · ADJ ji-/Ø · GEN la · DEM hili/lile · POSS l- · REL -lo</div><div class=hinweis>swali Kl.5, Plural maswali Kl.6</div>	A1 SD1 F Frage
Das ist Frau Becker.	Huyu ni Bibi Becker.<hr><table class=gloss><tr class=mo><td>huyu</td><td>ni</td><td>bibi</td><td>Becker</td></tr><tr class=la><td>KL1.DEM</td><td>KOP</td><td>KL5/KL1.Frau</td><td>Becker</td></tr></table><div class=klassen>bibi Kl. 5/6 (ji-/Ø › ma-) → mabibi [Person: Form Kl. 5/6, Kongruenz Kl. 1/2]</div><div class=konkordanz>Kl.1: SUBJ a- · ADJ m-/mw- · GEN wa · DEM huyu/yule · POSS w- · REL -ye</div><div class=hinweis>bibi als Anrede, mwanamke als Gattungswort</div>	A1 SD1 F Frau
Guten Tag, Frau Schmitt!	Habari za siku, Bibi Schmitt!<hr><table class=gloss><tr class=mo><td>habari</td><td>z-a</td><td>siku</td><td>bibi</td><td>Schmitt</td></tr><tr class=la><td>KL10.Nachricht</td><td>KL10-GEN</td><td>KL9.Tag</td><td>KL5/KL1.Frau</td><td>Schmitt</td></tr></table><div class=klassen>siku ya kuzaliwa Kl. 9/10 (Ø/n-) → siku za kuzaliwa [Genitiv kongruiert mit dem Kopfnomen] · bibi Kl. 5/6 (ji-/Ø › ma-) → mabibi [Person: Form Kl. 5/6, Kongruenz Kl. 1/2]</div><div class=konkordanz>Kl.9: SUBJ i- · ADJ Ø/n- · GEN ya · DEM hii/ile · POSS y- · REL -yo · Kl.1: SUBJ a- · ADJ m-/mw- · GEN wa · DEM huyu/yule · POSS w- · REL -ye</div><div class=hinweis>Grußformel fragt wörtlich nach den Nachrichten</div>	A1 SD1 F Frau
Hier arbeiten mehr Frauen als Männer.	Hapa wanafanya kazi wanawake wengi kuliko wanaume.<hr><table class=gloss><tr class=mo><td>hapa</td><td>wa-na-fany-a</td><td>kazi</td><td>wanawake</td><td>w-engi</td><td>kuliko</td><td>wanaume</td></tr><tr class=la><td>hier</td><td>KL2-PRÄS-tun-IND</td><td>KL9.Arbeit</td><td>KL2.Frau</td><td>KL2-viele</td><td>als</td><td>KL2.Mann</td></tr></table><div class=klassen>kazi Kl. 9/10 (Ø/n-) → kazi — Numerus nur an der Konkordanz · mwanamke Kl. 1/2 (m-/mw- › wa-) → wanawake · mwanamume Kl. 1/2 (m-/mw- › wa-) → wanaume</div><div class=konkordanz>Kl.9: SUBJ i- · ADJ Ø/n- · GEN ya · DEM hii/ile · POSS y- · REL -yo · Kl.1: SUBJ a- · ADJ m-/mw- · GEN wa · DEM huyu/yule · POSS w- · REL -ye</div><div class=hinweis>kuliko bildet den Vergleich &quot;mehr als&quot;</div>	A1 SD1 F Frau
Ist der Platz noch frei?	Nafasi hii ingali wazi?<hr><table class=gloss><tr class=mo><td>nafasi</td><td>hii</td><td>i-ngali</td><td>wazi</td></tr><tr class=la><td>KL9.Platz</td><td>KL9.DEM</td><td>KL9-noch.sein</td><td>frei</td></tr></table><div class=klassen>nafasi Kl. 9/10 (Ø/n-) → nafasi — Numerus nur an der Konkordanz [Sitzplatz; Ort = &quot;mahali&quot; Kl. 16]</div><div class=konkordanz>Kl.9: SUBJ i- · ADJ Ø/n- · GEN ya · DEM hii/ile · POSS y- · REL -yo</div><div class=hinweis>ingali heißt &quot;ist noch&quot;</div>	A1 SD1 F frei
In meiner Freizeit spiele ich oft Fußball.	Katika muda wangu wa mapumziko nacheza mpira wa miguu mara nyingi.<hr><table class=gloss><tr class=mo><td>katika</td><td>muda</td><td>w-angu</td><td>w-a</td><td>ma-pumziko</td><td>na-chez-a</td><td>m-pira</td><td>w-a</td><td>mi-guu</td><td>mara</td><td>ny-ingi</td></tr><tr class=la><td>in</td><td>KL3.Zeit</td><td>KL3-mein</td><td>KL3-GEN</td><td>KL6-Pause</td><td>1SG.PRÄS.ALLG-spielen-IND</td><td>KL3-Ball</td><td>KL3-GEN</td><td>KL4-Fuß</td><td>KL9.Mal</td><td>KL10-viele</td></tr></table><div class=klassen>muda Kl. 3/10 (m-/mw- › Ø/n-) → nyakati [Plural unregelmaessig] · mapumziko Kl. 6 (ma-), kein Numeruswechsel [nur Plural] · mpira wa miguu Kl. 3/4 (m-/mw- › mi-) → mipira ya miguu [Genitiv kongruiert mit dem Kopfnomen] · mguu Kl. 3/4 (m-/mw- › mi-) → miguu</div><div class=konkordanz>Kl.3: SUBJ u- · ADJ m-/mw- · GEN wa · DEM huu/ule · POSS w- · REL -o · Kl.6: SUBJ ya- · ADJ ma- · GEN ya · DEM haya/yale · POSS y- · REL -yo</div><div class=hinweis>Dreifache Kl.3-Kongruenz: wangu, wa, und wa</div>	A1 SD1 F Freizeit
Das weiß ich nicht; ich bin fremd hier.	Hilo sijui; mimi ni mgeni hapa.<hr><table class=gloss><tr class=mo><td>hilo</td><td>si-ju-i</td><td>mimi</td><td>ni</td><td>m-geni</td><td>hapa</td></tr><tr class=la><td>KL5.DEM</td><td>1SG.NEG-wissen-NEG</td><td>ich</td><td>KOP</td><td>KL1-fremd</td><td>hier</td></tr></table><div class=klassen>mgeni Kl. 1/2 (m-/mw- › wa-) → wageni [auch &quot;Gast&quot;]</div><div class=konkordanz>Kl.1: SUBJ a- · ADJ m-/mw- · GEN wa · DEM huyu/yule · POSS w- · REL -ye</div><div class=hinweis>mgeni heißt Gast, Fremder und Ausländer</div>	A1 SD1 F fremd
Ich freue mich auf den Urlaub.	Nafurahia likizo.<hr><table class=gloss><tr class=mo><td>na-furahi-a</td><td>likizo</td></tr><tr class=la><td>1SG.PRÄS.ALLG-sich.freuen-IND</td><td>KL9.Urlaub</td></tr></table><div class=klassen>likizo Kl. 9/10 (Ø/n-) → likizo — Numerus nur an der Konkordanz</div><div class=konkordanz>Kl.9: SUBJ i- · ADJ Ø/n- · GEN ya · DEM hii/ile · POSS y- · REL -yo</div><div class=hinweis>kufurahia braucht kein Reflexivpronomen</div>	A1 SD1 F freuen
Das ist ein Freund von mir.	Huyu ni rafiki yangu.<hr><table class=gloss><tr class=mo><td>huyu</td><td>ni</td><td>rafiki</td><td>y-angu</td></tr><tr class=la><td>KL1.DEM</td><td>KOP</td><td>KL9/KL1.Freund</td><td>KL9-mein</td></tr></table><div class=klassen>rafiki Kl. 9/10 (Ø/n-) → rafiki — Numerus nur an der Konkordanz [Musterfall: &quot;rafiki yangu&quot; Kl. 9, aber &quot;rafiki anakuja&quot; Kl. 1]</div><div class=konkordanz>Kl.1: SUBJ a- · ADJ m-/mw- · GEN wa · DEM huyu/yule · POSS w- · REL -ye</div><div class=hinweis>huyu Kl.1, yangu aber Kl.9: der rafiki-Fall</div>	A1 SD1 F Freund
Das ist meine Freundin.	Huyu ni rafiki yangu wa kike.<hr><table class=gloss><tr class=mo><td>huyu</td><td>ni</td><td>rafiki</td><td>y-angu</td><td>w-a</td><td>ki-ke</td></tr><tr class=la><td>KL1.DEM</td><td>KOP</td><td>KL9/KL1.Freundin</td><td>KL9-mein</td><td>KL1-GEN</td><td>KL7-weiblich</td></tr></table><div class=klassen>rafiki Kl. 9/10 (Ø/n-) → rafiki — Numerus nur an der Konkordanz [Musterfall: &quot;rafiki yangu&quot; Kl. 9, aber &quot;rafiki anakuja&quot; Kl. 1]</div><div class=konkordanz>Kl.1: SUBJ a- · ADJ m-/mw- · GEN wa · DEM huyu/yule · POSS w- · REL -ye</div><div class=hinweis>Geschlecht durch wa kike nachgestellt</div>	A1 SD1 F Freund
Früher waren wir oft zusammen im Kino.	Zamani tulikuwa pamoja sinemani mara nyingi.<hr><table class=gloss><tr class=mo><td>zamani</td><td>tu-li-kuw-a</td><td>pamoja</td><td>sinema-ni</td><td>mara</td><td>ny-ingi</td></tr><tr class=la><td>früher</td><td>1PL-PRÄT-sein-IND</td><td>zusammen</td><td>KL9.Kino-LOK</td><td>KL9.Mal</td><td>KL10-viele</td></tr></table><div class=konkordanz>Kl.9: SUBJ i- · ADJ Ø/n- · GEN ya · DEM hii/ile · POSS y- · REL -yo · Kl.10: SUBJ zi- · ADJ Ø/n- · GEN za · DEM hizi/zile · POSS z- · REL -zo</div><div class=hinweis>zamani bezeichnet die ferne Vergangenheit</div>	A1 SD1 F früher
Am Sonntag frühstücke ich gern im Bett.	Jumapili napenda kula kifungua kinywa kitandani.<hr><table class=gloss><tr class=mo><td>Jumapili</td><td>na-pend-a</td><td>ku-l-a</td><td>ki-fungua</td><td>kinywa</td><td>ki-tanda-ni</td></tr><tr class=la><td>KL9.Sonntag</td><td>1SG.PRÄS.ALLG-mögen-IND</td><td>KL15-essen-IND</td><td>KL7-öffnen</td><td>KL7.Mund</td><td>KL7-Bett-LOK</td></tr></table><div class=klassen>kifungua kinywa Kl. 7/8 (ki- › vi-) → vifungua kinywa [woertlich &quot;Mundoeffner&quot;]</div><div class=konkordanz>Kl.7: SUBJ ki- · ADJ ki- · GEN cha · DEM hiki/kile · POSS ch- · REL -cho</div><div class=hinweis>Ortssuffix -ni an kitanda Kl.7</div>	A1 SD1 F frühstücken
Möchtest du ein Ei zum Frühstück?	Unataka yai kwa kifungua kinywa?<hr><table class=gloss><tr class=mo><td>u-na-tak-a</td><td>yai</td><td>kwa</td><td>ki-fungua</td><td>kinywa</td></tr><tr class=la><td>2SG-PRÄS-wollen-IND</td><td>KL5.Ei</td><td>für</td><td>KL7-öffnen</td><td>KL7.Mund</td></tr></table><div class=klassen>yai Kl. 5/6 (ji-/Ø › ma-) → mayai · kifungua kinywa Kl. 7/8 (ki- › vi-) → vifungua kinywa [woertlich &quot;Mundoeffner&quot;]</div><div class=konkordanz>Kl.5: SUBJ li- · ADJ ji-/Ø · GEN la · DEM hili/lile · POSS l- · REL -lo · Kl.7: SUBJ ki- · ADJ ki- · GEN cha · DEM hiki/kile · POSS ch- · REL -cho</div><div class=hinweis>kifungua kinywa heißt wörtlich &quot;Mundöffner&quot;</div>	A1 SD1 F Frühstück
Die Führung durch das Haus beginnt in 3 Minuten.	Uongozi katika nyumba unaanza baada ya dakika tatu.<hr><table class=gloss><tr class=mo><td>uongozi</td><td>katika</td><td>nyumba</td><td>u-na-anz-a</td><td>baada</td><td>y-a</td><td>dakika</td><td>tatu</td></tr><tr class=la><td>KL14.Führung</td><td>in</td><td>KL9.Haus</td><td>KL14-PRÄS-anfangen-IND</td><td>nach</td><td>KL9-GEN</td><td>KL9.Minute</td><td>drei</td></tr></table><div class=klassen>uongozi Kl. 14 (u-), kein Numeruswechsel [Abstraktum] · nyumba Kl. 9/10 (Ø/n-) → nyumba — Numerus nur an der Konkordanz</div><div class=konkordanz>Kl.14: SUBJ u- · ADJ m-/mw- · GEN wa · DEM huu/ule · POSS w- · REL -o · Kl.9: SUBJ i- · ADJ Ø/n- · GEN ya · DEM hii/ile · POSS y- · REL -yo</div><div class=hinweis>uongozi Kl.14 nimmt das Subjektpräfix u-</div>	A1 SD1 F Führung
Das ist für Sie.	Hii ni kwa ajili yenu.<hr><table class=gloss><tr class=mo><td>hii</td><td>ni</td><td>kwa</td><td>ajili</td><td>y-enu</td></tr><tr class=la><td>KL9.DEM</td><td>KOP</td><td>für</td><td>KL9.Zweck</td><td>KL9-euer</td></tr></table><div class=konkordanz>Kl.9: SUBJ i- · ADJ Ø/n- · GEN ya · DEM hii/ile · POSS y- · REL -yo</div><div class=hinweis>yenu für höfliches Sie</div>	A1 SD1 F für
Das ist der Schlüssel für die Haustür.	Huu ni ufunguo wa mlango wa nyumba.<hr><table class=gloss><tr class=mo><td>huu</td><td>ni</td><td>ufunguo</td><td>w-a</td><td>m-lango</td><td>w-a</td><td>nyumba</td></tr><tr class=la><td>KL11.DEM</td><td>KOP</td><td>KL11.Schlüssel</td><td>KL11-GEN</td><td>KL3-Tür</td><td>KL3-GEN</td><td>KL9.Haus</td></tr></table><div class=klassen>ufunguo Kl. 11/10 (u- › Ø/n-) → funguo · nyumba Kl. 9/10 (Ø/n-) → nyumba — Numerus nur an der Konkordanz</div><div class=konkordanz>Kl.11: SUBJ u- · ADJ m-/mw- · GEN wa · DEM huu/ule · POSS w- · REL -o · Kl.9: SUBJ i- · ADJ Ø/n- · GEN ya · DEM hii/ile · POSS y- · REL -yo</div><div class=hinweis>Zwei Genitive hintereinander, beide mit wa</div>	A1 SD1 F für
Das ist das Brot für morgen.	Huu ni mkate wa kesho.<hr><table class=gloss><tr class=mo><td>huu</td><td>ni</td><td>m-kate</td><td>w-a</td><td>kesho</td></tr><tr class=la><td>KL3.DEM</td><td>KOP</td><td>KL3-Brot</td><td>KL3-GEN</td><td>morgen</td></tr></table><div class=klassen>mkate Kl. 3/4 (m-/mw- › mi-) → mikate</div><div class=konkordanz>Kl.3: SUBJ u- · ADJ m-/mw- · GEN wa · DEM huu/ule · POSS w- · REL -o</div><div class=hinweis>huu und wa kongruieren beide mit Kl.3</div>	A1 SD1 F für
Der linke Fuß tut mir weh.	Mguu wangu wa kushoto unaniuma.<hr><table class=gloss><tr class=mo><td>m-guu</td><td>w-angu</td><td>w-a</td><td>ku-shoto</td><td>u-na-ni-um-a</td></tr><tr class=la><td>KL3-Fuß</td><td>KL3-mein</td><td>KL3-GEN</td><td>KL17-links</td><td>KL3-PRÄS-OBJ1SG-schmerzen-IND</td></tr></table><div class=klassen>mguu Kl. 3/4 (m-/mw- › mi-) → miguu</div><div class=konkordanz>Kl.3: SUBJ u- · ADJ m-/mw- · GEN wa · DEM huu/ule · POSS w- · REL -o</div><div class=hinweis>Der Fuß schmerzt mich: Objektpräfix -ni-</div>	A1 SD1 F Fuß
Spielt ihr gerne Fußball?	Mnapenda kucheza mpira wa miguu?<hr><table class=gloss><tr class=mo><td>m-na-pend-a</td><td>ku-chez-a</td><td>m-pira</td><td>w-a</td><td>mi-guu</td></tr><tr class=la><td>2PL-PRÄS-mögen-IND</td><td>KL15-spielen-IND</td><td>KL3-Ball</td><td>KL3-GEN</td><td>KL4-Fuß</td></tr></table><div class=klassen>mpira wa miguu Kl. 3/4 (m-/mw- › mi-) → mipira ya miguu [Genitiv kongruiert mit dem Kopfnomen] · mguu Kl. 3/4 (m-/mw- › mi-) → miguu</div><div class=konkordanz>Kl.3: SUBJ u- · ADJ m-/mw- · GEN wa · DEM huu/ule · POSS w- · REL -o</div><div class=hinweis>mpira wa miguu wörtlich &quot;Ball der Füße&quot;</div>	A1 SD1 F Fußball
Wir haben leider keinen Garten.	Kwa bahati mbaya hatuna bustani.<hr><table class=gloss><tr class=mo><td>kwa</td><td>bahati</td><td>m-baya</td><td>hatu-na</td><td>bustani</td></tr><tr class=la><td>für</td><td>KL9.Glück</td><td>KL9-schlecht</td><td>1PL.NEG-haben</td><td>KL9.Garten</td></tr></table><div class=klassen>bahati Kl. 9/10 (Ø/n-) → bahati — Numerus nur an der Konkordanz · bustani Kl. 9/10 (Ø/n-) → bustani — Numerus nur an der Konkordanz</div><div class=konkordanz>Kl.9: SUBJ i- · ADJ Ø/n- · GEN ya · DEM hii/ile · POSS y- · REL -yo</div><div class=hinweis>hatuna ist die 1PL-Negation von tuna</div>	A1 SD1 G Garten
Am Wochenende haben wir mehrere Gäste.	Mwishoni wa wiki tunakuwa na wageni kadhaa.<hr><table class=gloss><tr class=mo><td>mwisho-ni</td><td>w-a</td><td>wiki</td><td>tu-na-kuw-a</td><td>na</td><td>wa-geni</td><td>kadhaa</td></tr><tr class=la><td>KL3.Ende-LOK</td><td>KL3-GEN</td><td>KL9.Woche</td><td>1PL-PRÄS-sein-IND</td><td>mit</td><td>KL2-Gast</td><td>mehrere</td></tr></table><div class=klassen>mgeni Kl. 1/2 (m-/mw- › wa-) → wageni [auch &quot;Gast&quot;]</div><div class=konkordanz>Kl.1: SUBJ a- · ADJ m-/mw- · GEN wa · DEM huyu/yule · POSS w- · REL -ye</div><div class=hinweis>Wochenende als mwishoni wa wiki</div>	A1 SD1 G Gast
Kannst du mir bitte deinen Kugelschreiber geben?	Unaweza kunipa kalamu yako tafadhali?<hr><table class=gloss><tr class=mo><td>u-na-wez-a</td><td>ku-ni-p-a</td><td>kalamu</td><td>y-ako</td><td>tafadhali</td></tr><tr class=la><td>2SG-PRÄS-können-IND</td><td>KL15-OBJ1SG-geben-IND</td><td>KL9.Kugelschreiber</td><td>KL9-dein</td><td>bitte</td></tr></table><div class=klassen>kalamu Kl. 9/10 (Ø/n-) → kalamu — Numerus nur an der Konkordanz</div><div class=konkordanz>Kl.9: SUBJ i- · ADJ Ø/n- · GEN ya · DEM hii/ile · POSS y- · REL -yo</div><div class=hinweis>kalamu deckt Stift und Kugelschreiber ab</div>	A1 SD1 G geben
Es gibt keine Karten mehr.	Hakuna tiketi tena.<hr><table class=gloss><tr class=mo><td>haku-na</td><td>tiketi</td><td>tena</td></tr><tr class=la><td>KL17.NEG-mit</td><td>KL10.Fahrkarte</td><td>mehr</td></tr></table><div class=klassen>tiketi Kl. 9/10 (Ø/n-) → tiketi — Numerus nur an der Konkordanz [Lehnwort]</div><div class=konkordanz>Kl.9: SUBJ i- · ADJ Ø/n- · GEN ya · DEM hii/ile · POSS y- · REL -yo</div><div class=hinweis>hakuna ist die Negation von kuna</div>	A1 SD1 G geben
Ich bin in Zagreb geboren.	Nilizaliwa Zagreb.<hr><table class=gloss><tr class=mo><td>ni-li-zali-w-a</td><td>Zagreb</td></tr><tr class=la><td>1SG-PRÄT-gebären-PASS-IND</td><td>Zagreb</td></tr></table><div class=hinweis>geboren sein steht im Passiv Vergangenheit</div>	A1 SD1 G geboren
Das Geburtsjahr Ihres Sohnes, bitte?	Mwaka wa kuzaliwa wa mwana wako, tafadhali?<hr><table class=gloss><tr class=mo><td>mw-aka</td><td>w-a</td><td>ku-zali-w-a</td><td>w-a</td><td>mw-ana</td><td>w-ako</td><td>tafadhali</td></tr><tr class=la><td>KL3-Jahr</td><td>KL3-GEN</td><td>KL15-gebären-PASS-IND</td><td>KL3-GEN</td><td>KL1-Sohn</td><td>KL1-dein</td><td>bitte</td></tr></table><div class=klassen>mwaka wa kuzaliwa Kl. 3/4 (m-/mw- › mi-) → miaka ya kuzaliwa [Genitiv kongruiert mit dem Kopfnomen] · mwana Kl. 1/2 (m-/mw- › wa-) → wana</div><div class=konkordanz>Kl.3: SUBJ u- · ADJ m-/mw- · GEN wa · DEM huu/ule · POSS w- · REL -o · Kl.1: SUBJ a- · ADJ m-/mw- · GEN wa · DEM huyu/yule · POSS w- · REL -ye</div><div class=hinweis>Drei Genitive, alle mit wa für Kl.3 und Kl.1</div>	A1 SD1 G Geburtsjahr
Bitte schreiben Sie Ihren Geburtsort auf das Formular.	Tafadhali andikeni mahali penu pa kuzaliwa kwenye fomu.<hr><table class=gloss><tr class=mo><td>tafadhali</td><td>andik-eni</td><td>mahali</td><td>p-enu</td><td>p-a</td><td>ku-zali-w-a</td><td>kwenye</td><td>fomu</td></tr><tr class=la><td>bitte</td><td>schreiben-IMP.PL</td><td>KL16.Ort</td><td>KL16-euer</td><td>KL16-GEN</td><td>KL15-gebären-PASS-IND</td><td>an</td><td>KL9.Formular</td></tr></table><div class=klassen>mahali Kl. 16 (pa-), kein Numeruswechsel [Ortsklasse] · fomu Kl. 9/10 (Ø/n-) → fomu — Numerus nur an der Konkordanz [Lehnwort]</div><div class=konkordanz>Kl.16: SUBJ pa- · ADJ pa- · GEN pa · DEM hapa/pale · POSS p- · REL -po · Kl.9: SUBJ i- · ADJ Ø/n- · GEN ya · DEM hii/ile · POSS y- · REL -yo</div><div class=hinweis>Ortsklasse 16 hat eigene Formen penu und pa</div>	A1 SD1 G Geburtsort
Herzlichen Glückwunsch zum Geburtstag!	Hongera kwa siku yako ya kuzaliwa!<hr><table class=gloss><tr class=mo><td>hongera</td><td>kwa</td><td>siku</td><td>y-ako</td><td>y-a</td><td>ku-zali-w-a</td></tr><tr class=la><td>KL9.Glückwunsch</td><td>für</td><td>KL9.Tag</td><td>KL9-dein</td><td>KL9-GEN</td><td>KL15-gebären-PASS-IND</td></tr></table><div class=klassen>hongera Kl. 9/10 (Ø/n-) → hongera — Numerus nur an der Konkordanz · siku ya kuzaliwa Kl. 9/10 (Ø/n-) → siku za kuzaliwa [Genitiv kongruiert mit dem Kopfnomen]</div><div class=konkordanz>Kl.9: SUBJ i- · ADJ Ø/n- · GEN ya · DEM hii/ile · POSS y- · REL -yo</div><div class=hinweis>hongera ist die übliche Gratulationsformel</div>	A1 SD1 G Geburtstag
Das gefällt mir.	Hii inanipendeza.<hr><table class=gloss><tr class=mo><td>hii</td><td>i-na-ni-pendez-a</td></tr><tr class=la><td>KL9.DEM</td><td>KL9-PRÄS-OBJ1SG-gefallen-IND</td></tr></table><div class=konkordanz>Kl.9: SUBJ i- · ADJ Ø/n- · GEN ya · DEM hii/ile · POSS y- · REL -yo</div><div class=hinweis>Das Gefallende ist Subjekt, ich bin Objekt</div>	A1 SD1 G gefallen
Fahr nicht gegen den Baum!	Usiendeshe hadi mtini!<hr><table class=gloss><tr class=mo><td>u-si-endesh-e</td><td>hadi</td><td>m-ti-ni</td></tr><tr class=la><td>2SG-NEG-fahren-KONJ</td><td>bis</td><td>KL3-Baum-LOK</td></tr></table><div class=konkordanz>Kl.3: SUBJ u- · ADJ m-/mw- · GEN wa · DEM huu/ule · POSS w- · REL -o</div><div class=hinweis>Negativer Imperativ mit -si- und Konjunktiv</div>	A1 SD1 G gegen
Ich bin gegen diese Lösung.	Mimi ni kinyume cha suluhisho hili.<hr><table class=gloss><tr class=mo><td>mimi</td><td>ni</td><td>ki-nyume</td><td>ch-a</td><td>suluhisho</td><td>hili</td></tr><tr class=la><td>ich</td><td>KOP</td><td>KL7-Gegenteil</td><td>KL7-GEN</td><td>KL5.Lösung</td><td>KL5.DEM</td></tr></table><div class=konkordanz>Kl.7: SUBJ ki- · ADJ ki- · GEN cha · DEM hiki/kile · POSS ch- · REL -cho · Kl.5: SUBJ li- · ADJ ji-/Ø · GEN la · DEM hili/lile · POSS l- · REL -lo</div><div class=hinweis>gegen etwas sein = kinyume cha</div>	A1 SD1 G gegen
Wer spielt gegen wen?	Nani anacheza na nani?<hr><table class=gloss><tr class=mo><td>nani</td><td>a-na-chez-a</td><td>na</td><td>nani</td></tr><tr class=la><td>wer</td><td>KL1-PRÄS-spielen-IND</td><td>gegen</td><td>wer</td></tr></table><div class=konkordanz>Kl.1: SUBJ a- · ADJ m-/mw- · GEN wa · DEM huyu/yule · POSS w- · REL -ye</div><div class=hinweis>na deckt mit und gegen ab</div>	A1 SD1 G gegen
Ich weiß nicht, wie das geht.	Sijui hii inafanya kazi vipi.<hr><table class=gloss><tr class=mo><td>si-ju-i</td><td>hii</td><td>i-na-fany-a</td><td>kazi</td><td>vipi</td></tr><tr class=la><td>1SG.NEG-wissen-NEG</td><td>KL9.DEM</td><td>KL9-PRÄS-tun-IND</td><td>KL9.Arbeit</td><td>wie</td></tr></table><div class=klassen>kazi Kl. 9/10 (Ø/n-) → kazi — Numerus nur an der Konkordanz</div><div class=konkordanz>Kl.9: SUBJ i- · ADJ Ø/n- · GEN ya · DEM hii/ile · POSS y- · REL -yo</div><div class=hinweis>funktionieren = kufanya kazi, wie Arbeit tun</div>	A1 SD1 G gehen
Wie geht‘s?	Habari?<hr><table class=gloss><tr class=mo><td>habari</td></tr><tr class=la><td>KL10.Nachricht</td></tr></table><div class=konkordanz>Kl.10: SUBJ zi- · ADJ Ø/n- · GEN za · DEM hizi/zile · POSS z- · REL -zo</div><div class=hinweis>Begrüßung fragt nach den Nachrichten</div>	A1 SD1 G gehen
Jetzt muss ich (aber) leider gehen.	Kwa bahati mbaya lazima niende sasa.<hr><table class=gloss><tr class=mo><td>kwa</td><td>bahati</td><td>m-baya</td><td>lazima</td><td>ni-end-e</td><td>sasa</td></tr><tr class=la><td>für</td><td>KL9.Glück</td><td>KL9-schlecht</td><td>muss</td><td>1SG-gehen-KONJ</td><td>jetzt</td></tr></table><div class=klassen>bahati Kl. 9/10 (Ø/n-) → bahati — Numerus nur an der Konkordanz</div><div class=konkordanz>Kl.9: SUBJ i- · ADJ Ø/n- · GEN ya · DEM hii/ile · POSS y- · REL -yo</div><div class=hinweis>lazima plus Konjunktiv für Notwendigkeit</div>	A1 SD1 G gehen
Ich muss zum Arzt gehen.	Lazima niende kwa daktari.<hr><table class=gloss><tr class=mo><td>lazima</td><td>ni-end-e</td><td>kwa</td><td>daktari</td></tr><tr class=la><td>muss</td><td>1SG-gehen-KONJ</td><td>zu</td><td>KL5/KL1.Arzt</td></tr></table><div class=klassen>daktari Kl. 5/6 (ji-/Ø › ma-) → madaktari [Person: Form Kl. 5/6, Kongruenz Kl. 1/2]</div><div class=konkordanz>Kl.1: SUBJ a- · ADJ m-/mw- · GEN wa · DEM huyu/yule · POSS w- · REL -ye</div><div class=hinweis>kwa für den Weg zu einer Person</div>	A1 SD1 G gehen
Das geht nicht!	Haiwezekani!<hr><table class=gloss><tr class=mo><td>hai-wezekan-i</td></tr><tr class=la><td>KL9.NEG-möglich.sein-NEG</td></tr></table><div class=konkordanz>Kl.9: SUBJ i- · ADJ Ø/n- · GEN ya · DEM hii/ile · POSS y- · REL -yo</div><div class=hinweis>Unpersönliches Subjekt ist Kl.9</div>	A1 SD1 G gehen
Wem gehört das?	Hii ni ya nani?<hr><table class=gloss><tr class=mo><td>hii</td><td>ni</td><td>y-a</td><td>nani</td></tr><tr class=la><td>KL9.DEM</td><td>KOP</td><td>KL9-GEN</td><td>wer</td></tr></table><div class=konkordanz>Kl.9: SUBJ i- · ADJ Ø/n- · GEN ya · DEM hii/ile · POSS y- · REL -yo</div><div class=hinweis>gehören wird mit dem Genitiv ausgedrückt</div>	A1 SD1 G gehören
Hast du noch Geld?	Unayo pesa bado?<hr><table class=gloss><tr class=mo><td>u-na-yo</td><td>pesa</td><td>bado</td></tr><tr class=la><td>2SG-haben-REL9</td><td>KL10.Geld</td><td>noch</td></tr></table><div class=klassen>pesa Kl. 9/10 (Ø/n-) → pesa — Numerus nur an der Konkordanz</div><div class=konkordanz>Kl.9: SUBJ i- · ADJ Ø/n- · GEN ya · DEM hii/ile · POSS y- · REL -yo</div><div class=hinweis>pesa ist Kl.10, grammatisch Plural</div>	A1 SD1 G Geld
Gemüse brauchen wir auch noch.	Mboga tunahitaji pia bado.<hr><table class=gloss><tr class=mo><td>mboga</td><td>tu-na-hitaji</td><td>pia</td><td>bado</td></tr><tr class=la><td>KL9.Gemüse</td><td>1PL-PRÄS-brauchen</td><td>auch</td><td>noch</td></tr></table><div class=klassen>mboga Kl. 9/10 (Ø/n-) → mboga — Numerus nur an der Konkordanz</div><div class=konkordanz>Kl.9: SUBJ i- · ADJ Ø/n- · GEN ya · DEM hii/ile · POSS y- · REL -yo</div><div class=hinweis>Vorangestelltes Objekt als Thema des Satzes</div>	A1 SD1 G Gemüse
Wollen Sie Ihr Gepäck mitnehmen?	Mnataka kuchukua mizigo yenu?<hr><table class=gloss><tr class=mo><td>m-na-tak-a</td><td>ku-chuku-a</td><td>mi-zigo</td><td>y-enu</td></tr><tr class=la><td>2PL-PRÄS-wollen-IND</td><td>KL15-nehmen-IND</td><td>KL4-Gepäck</td><td>KL4-euer</td></tr></table><div class=klassen>mzigo Kl. 3/4 (m-/mw- › mi-) → mizigo [meist Plural &quot;mizigo&quot;]</div><div class=konkordanz>Kl.3: SUBJ u- · ADJ m-/mw- · GEN wa · DEM huu/ule · POSS w- · REL -o</div><div class=hinweis>mzigo Kl.3, Plural mizigo Kl.4</div>	A1 SD1 G Gepäck
Da kommt er ja gerade.	Tazama, anakuja hivi sasa.<hr><table class=gloss><tr class=mo><td>tazam-a</td><td>a-na-kuj-a</td><td>hivi</td><td>sasa</td></tr><tr class=la><td>schauen-IMP</td><td>3SG-PRÄS-kommen-IND</td><td>gleich</td><td>jetzt</td></tr></table><div class=hinweis>hivi sasa heißt &quot;eben jetzt&quot;</div>	A1 SD1 G gerade
Gehen Sie immer geradeaus!	Endeleeni moja kwa moja!<hr><table class=gloss><tr class=mo><td>endele-eni</td><td>moja</td><td>kwa</td><td>moja</td></tr><tr class=la><td>weitergehen-IMP.PL</td><td>eins</td><td>für</td><td>eins</td></tr></table><div class=hinweis>geradeaus wörtlich &quot;eins für eins&quot;</div>	A1 SD1 G geradeaus
Ich gehe gerne einkaufen.	Napenda kwenda kununua vitu.<hr><table class=gloss><tr class=mo><td>na-pend-a</td><td>kw-end-a</td><td>ku-nunu-a</td><td>vi-tu</td></tr><tr class=la><td>1SG.PRÄS.ALLG-mögen-IND</td><td>KL15-gehen-IND</td><td>KL15-kaufen-IND</td><td>KL8-Ding</td></tr></table><div class=konkordanz>Kl.15: SUBJ ku- · ADJ ku- · GEN kwa · DEM huku/kule · POSS kw- · REL -ko · Kl.8: SUBJ vi- · ADJ vi- · GEN vya · DEM hivi/vile · POSS vy- · REL -vyo</div><div class=hinweis>gern wird durch kupenda ausgedrückt</div>	A1 SD1 G gern_e_
Die Geschäfte schließen um 18.30 Uhr.	Maduka yanafunga saa kumi na mbili na nusu.<hr><table class=gloss><tr class=mo><td>ma-duka</td><td>ya-na-fung-a</td><td>saa</td><td>kumi</td><td>na</td><td>mbili</td><td>na</td><td>nusu</td></tr><tr class=la><td>KL6-Geschäft</td><td>KL6-PRÄS-schließen-IND</td><td>KL9.Stunde</td><td>zehn</td><td>und</td><td>zwei</td><td>und</td><td>KL9.Hälfte</td></tr></table><div class=klassen>duka Kl. 5/6 (ji-/Ø › ma-) → maduka · saa Kl. 9/10 (Ø/n-) → saa — Numerus nur an der Konkordanz [auch &quot;Uhr&quot;]</div><div class=konkordanz>Kl.5: SUBJ li- · ADJ ji-/Ø · GEN la · DEM hili/lile · POSS l- · REL -lo · Kl.9: SUBJ i- · ADJ Ø/n- · GEN ya · DEM hii/ile · POSS y- · REL -yo</div><div class=hinweis>saa kumi na mbili na nusu = 18.30 Uhr</div>	A1 SD1 G Geschäft
Danke für das schöne Geschenk.	Asante kwa zawadi nzuri.<hr><table class=gloss><tr class=mo><td>asante</td><td>kwa</td><td>zawadi</td><td>n-zuri</td></tr><tr class=la><td>danke</td><td>für</td><td>KL9.Geschenk</td><td>KL9-gut</td></tr></table><div class=klassen>zawadi Kl. 9/10 (Ø/n-) → zawadi — Numerus nur an der Konkordanz</div><div class=konkordanz>Kl.9: SUBJ i- · ADJ Ø/n- · GEN ya · DEM hii/ile · POSS y- · REL -yo</div><div class=hinweis>nzuri mit Nasalpräfix der Kl.9</div>	A1 SD1 G Geschenk
Ich habe leider keine Geschwister.	Kwa bahati mbaya sina ndugu.<hr><table class=gloss><tr class=mo><td>kwa</td><td>bahati</td><td>m-baya</td><td>si-na</td><td>ndugu</td></tr><tr class=la><td>für</td><td>KL9.Glück</td><td>KL9-schlecht</td><td>1SG.NEG-haben</td><td>KL9/KL2.Geschwister</td></tr></table><div class=klassen>bahati Kl. 9/10 (Ø/n-) → bahati — Numerus nur an der Konkordanz · ndugu Kl. 9/10 (Ø/n-) → ndugu — Numerus nur an der Konkordanz [Person: Form Kl. 9/10, Kongruenz Kl. 1/2]</div><div class=konkordanz>Kl.9: SUBJ i- · ADJ Ø/n- · GEN ya · DEM hii/ile · POSS y- · REL -yo · Kl.1: SUBJ a- · ADJ m-/mw- · GEN wa · DEM huyu/yule · POSS w- · REL -ye</div><div class=hinweis>ndugu deckt Geschwister und Verwandte ab</div>	A1 SD1 G Geschwister__pl__
Das Gespräch mit Frau Kunz ist um 14 Uhr.	Mazungumzo na Bibi Kunz ni saa nane.<hr><table class=gloss><tr class=mo><td>ma-zungumzo</td><td>na</td><td>bibi</td><td>Kunz</td><td>ni</td><td>saa</td><td>nane</td></tr><tr class=la><td>KL6-Gespräch</td><td>mit</td><td>KL5/KL1.Frau</td><td>Kunz</td><td>KOP</td><td>KL9.Stunde</td><td>acht</td></tr></table><div class=klassen>mazungumzo Kl. 6 (ma-), kein Numeruswechsel [nur Plural] · bibi Kl. 5/6 (ji-/Ø › ma-) → mabibi [Person: Form Kl. 5/6, Kongruenz Kl. 1/2] · saa Kl. 9/10 (Ø/n-) → saa — Numerus nur an der Konkordanz [auch &quot;Uhr&quot;]</div><div class=konkordanz>Kl.6: SUBJ ya- · ADJ ma- · GEN ya · DEM haya/yale · POSS y- · REL -yo · Kl.1: SUBJ a- · ADJ m-/mw- · GEN wa · DEM huyu/yule · POSS w- · REL -ye</div><div class=hinweis>saa nane = 14 Uhr, achte Stunde nach Sonnenaufgang</div>	A1 SD1 G Gespräch
Gestern war ich krank.	Jana nilikuwa mgonjwa.<hr><table class=gloss><tr class=mo><td>jana</td><td>ni-li-kuw-a</td><td>m-gonjwa</td></tr><tr class=la><td>gestern</td><td>1SG-PRÄT-sein-IND</td><td>KL1-krank</td></tr></table><div class=konkordanz>Kl.1: SUBJ a- · ADJ m-/mw- · GEN wa · DEM huyu/yule · POSS w- · REL -ye</div><div class=hinweis>Vergangenheit mit -li-, Zustand mit kuwa</div>	A1 SD1 G gestern
Meine Frau ist gestern gestorben.	Mke wangu alifariki jana.<hr><table class=gloss><tr class=mo><td>mke</td><td>w-angu</td><td>a-li-fariki</td><td>jana</td></tr><tr class=la><td>KL1.Ehefrau</td><td>KL1-mein</td><td>3SG-PRÄT-sterben</td><td>gestern</td></tr></table><div class=klassen>mke Kl. 1/2 (m-/mw- › wa-) → wake [Ehemann = &quot;mume&quot; Kl. 1/2]</div><div class=konkordanz>Kl.1: SUBJ a- · ADJ m-/mw- · GEN wa · DEM huyu/yule · POSS w- · REL -ye</div><div class=hinweis>kufariki ist arabisches Lehnverb auf -i</div>	A1 SD1 G gestorben
Mein Lieblingsgetränk ist Tomatensaft.	Kinywaji nikipendacho zaidi ni juisi ya nyanya.<hr><table class=gloss><tr class=mo><td>ki-nywaji</td><td>ni-ki-pend-a-cho</td><td>zaidi</td><td>ni</td><td>juisi</td><td>y-a</td><td>nyanya</td></tr><tr class=la><td>KL7-Getränk</td><td>1SG-OBJ7-mögen-IND-REL7</td><td>mehr</td><td>KOP</td><td>KL9.Saft</td><td>KL9-GEN</td><td>KL9.Tomate</td></tr></table><div class=klassen>kinywaji Kl. 7/8 (ki- › vi-) → vinywaji · juisi Kl. 9/10 (Ø/n-) → juisi — Numerus nur an der Konkordanz [Lehnwort] · nyanya Kl. 9/10 (Ø/n-) → nyanya — Numerus nur an der Konkordanz</div><div class=konkordanz>Kl.7: SUBJ ki- · ADJ ki- · GEN cha · DEM hiki/kile · POSS ch- · REL -cho · Kl.9: SUBJ i- · ADJ Ø/n- · GEN ya · DEM hii/ile · POSS y- · REL -yo</div><div class=hinweis>Relativsuffix -cho steht am Verbende, Klasse 7</div>	A1 SD1 G Getränk
Bei „Gewicht“ schreibst du: 62 Kilo.	Kwenye "uzito" unaandika: kilo sitini na mbili.<hr><table class=gloss><tr class=mo><td>kwenye</td><td>uzito</td><td>u-na-andik-a</td><td>kilo</td><td>sitini</td><td>na</td><td>mbili</td></tr><tr class=la><td>an</td><td>KL14.Gewicht</td><td>2SG-PRÄS-schreiben-IND</td><td>KL9.Kilo</td><td>sechzig</td><td>und</td><td>zwei</td></tr></table><div class=klassen>uzito Kl. 14 (u-), kein Numeruswechsel [Abstraktum]</div><div class=konkordanz>Kl.14: SUBJ u- · ADJ m-/mw- · GEN wa · DEM huu/ule · POSS w- · REL -o</div><div class=hinweis>zweiundsechzig = sitini na mbili</div>	A1 SD1 G Gewicht
Wer gewinnt das Spiel?	Nani anashinda mchezo?<hr><table class=gloss><tr class=mo><td>nani</td><td>a-na-shind-a</td><td>m-chezo</td></tr><tr class=la><td>wer</td><td>KL1-PRÄS-gewinnen-IND</td><td>KL3-Spiel</td></tr></table><div class=klassen>mchezo Kl. 3/4 (m-/mw- › mi-) → michezo</div><div class=konkordanz>Kl.3: SUBJ u- · ADJ m-/mw- · GEN wa · DEM huu/ule · POSS w- · REL -o</div><div class=hinweis>kushinda heißt gewinnen und besiegen</div>	A1 SD1 G gewinnen
Bitte noch ein Glas Wein!	Tafadhali glasi nyingine ya mvinyo!<hr><table class=gloss><tr class=mo><td>tafadhali</td><td>glasi</td><td>ny-ingine</td><td>y-a</td><td>m-vinyo</td></tr><tr class=la><td>bitte</td><td>KL9.Glas</td><td>KL9-andere</td><td>KL9-GEN</td><td>KL3-Wein</td></tr></table><div class=klassen>glasi Kl. 9/10 (Ø/n-) → glasi — Numerus nur an der Konkordanz [Lehnwort] · mvinyo Kl. 3/4 (m-/mw- › mi-) → mivinyo</div><div class=konkordanz>Kl.9: SUBJ i- · ADJ Ø/n- · GEN ya · DEM hii/ile · POSS y- · REL -yo · Kl.3: SUBJ u- · ADJ m-/mw- · GEN wa · DEM huu/ule · POSS w- · REL -o</div><div class=hinweis>nyingine heißt &quot;ein weiteres&quot;</div>	A1 SD1 G Glas
Wir brauchen noch drei Gläser.	Tunahitaji glasi tatu bado.<hr><table class=gloss><tr class=mo><td>tu-na-hitaji</td><td>glasi</td><td>tatu</td><td>bado</td></tr><tr class=la><td>1PL-PRÄS-brauchen</td><td>KL10.Glas</td><td>drei</td><td>noch</td></tr></table><div class=klassen>glasi Kl. 9/10 (Ø/n-) → glasi — Numerus nur an der Konkordanz [Lehnwort]</div><div class=konkordanz>Kl.9: SUBJ i- · ADJ Ø/n- · GEN ya · DEM hii/ile · POSS y- · REL -yo</div><div class=hinweis>glasi ist Kl.9 und Kl.10 gleich</div>	A1 SD1 G Glas
Sie können mir glauben, es ist so.	Mnaweza kuniamini, ni hivyo.<hr><table class=gloss><tr class=mo><td>m-na-wez-a</td><td>ku-ni-amini</td><td>ni</td><td>hivyo</td></tr><tr class=la><td>2PL-PRÄS-können-IND</td><td>KL15-OBJ1SG-glauben</td><td>KOP</td><td>so</td></tr></table><div class=konkordanz>Kl.15: SUBJ ku- · ADJ ku- · GEN kwa · DEM huku/kule · POSS kw- · REL -ko</div><div class=hinweis>kuamini ist arabisches Lehnverb auf -i</div>	A1 SD1 G glauben
Ich glaube, er kommt gleich.	Nadhani anakuja hivi punde.<hr><table class=gloss><tr class=mo><td>na-dhani</td><td>a-na-kuj-a</td><td>hivi</td><td>punde</td></tr><tr class=la><td>1SG.PRÄS.ALLG-meinen</td><td>3SG-PRÄS-kommen-IND</td><td>gleich</td><td>sofort</td></tr></table><div class=hinweis>kudhani für Vermutung, kuamini für Vertrauen</div>	A1 SD1 G glauben
Das ist mir gleich.	Kwangu ni sawa.<hr><table class=gloss><tr class=mo><td>kw-angu</td><td>ni</td><td>sawa</td></tr><tr class=la><td>KL17-mein</td><td>KOP</td><td>gleich</td></tr></table><div class=konkordanz>Kl.17: SUBJ ku- · ADJ ku- · GEN kwa · DEM huku/kule · POSS kw- · REL -ko</div><div class=hinweis>sawa heißt gleich, in Ordnung und einverstanden</div>	A1 SD1 G gleich
Das ist der gleiche Preis.	Hii ni bei ile ile.<hr><table class=gloss><tr class=mo><td>hii</td><td>ni</td><td>bei</td><td>ile</td><td>ile</td></tr><tr class=la><td>KL9.DEM</td><td>KOP</td><td>KL9.Preis</td><td>KL9.DEM.fern</td><td>KL9.DEM.fern</td></tr></table><div class=klassen>bei Kl. 9/10 (Ø/n-) → bei — Numerus nur an der Konkordanz</div><div class=konkordanz>Kl.9: SUBJ i- · ADJ Ø/n- · GEN ya · DEM hii/ile · POSS y- · REL -yo</div><div class=hinweis>Verdoppeltes Demonstrativ heißt &quot;derselbe&quot;</div>	A1 SD1 G gleich
Ich komme gleich.	Nakuja hivi punde.<hr><table class=gloss><tr class=mo><td>na-kuj-a</td><td>hivi</td><td>punde</td></tr><tr class=la><td>1SG.PRÄS.ALLG-kommen-IND</td><td>gleich</td><td>sofort</td></tr></table><div class=hinweis>hivi punde für die unmittelbare Zukunft</div>	A1 SD1 G gleich
Der ICE nach Berlin hält heute an Gleis 12.	Treni ya kasi kwenda Berlin leo inasimama jukwaa namba kumi na mbili.<hr><table class=gloss><tr class=mo><td>treni</td><td>y-a</td><td>kasi</td><td>kw-end-a</td><td>Berlin</td><td>leo</td><td>i-na-simam-a</td><td>jukwaa</td><td>namba</td><td>kumi</td><td>na</td><td>mbili</td></tr><tr class=la><td>KL9.Zug</td><td>KL9-GEN</td><td>KL9.Geschwindigkeit</td><td>KL15-gehen-IND</td><td>Berlin</td><td>heute</td><td>KL9-PRÄS-halten-IND</td><td>KL5.Bahnsteig</td><td>KL9.Nummer</td><td>zehn</td><td>und</td><td>zwei</td></tr></table><div class=klassen>treni Kl. 9/10 (Ø/n-) → treni — Numerus nur an der Konkordanz [Lehnwort] · jukwaa Kl. 5/6 (ji-/Ø › ma-) → majukwaa [Bahnsteig] · namba Kl. 9/10 (Ø/n-) → namba — Numerus nur an der Konkordanz [Lehnwort]</div><div class=konkordanz>Kl.9: SUBJ i- · ADJ Ø/n- · GEN ya · DEM hii/ile · POSS y- · REL -yo · Kl.5: SUBJ li- · ADJ ji-/Ø · GEN la · DEM hili/lile · POSS l- · REL -lo</div><div class=hinweis>zwölf = kumi na mbili</div>	A1 SD1 G Gleis
Viel Glück!	Bahati njema!<hr><table class=gloss><tr class=mo><td>bahati</td><td>n-jema</td></tr><tr class=la><td>KL9.Glück</td><td>KL9-gut</td></tr></table><div class=klassen>bahati Kl. 9/10 (Ø/n-) → bahati — Numerus nur an der Konkordanz</div><div class=konkordanz>Kl.9: SUBJ i- · ADJ Ø/n- · GEN ya · DEM hii/ile · POSS y- · REL -yo</div><div class=hinweis>njema mit Nasalpräfix der Kl.9</div>	A1 SD1 G Glück
Meine Kinder sind glücklich verheiratet.	Watoto wangu wameoa kwa furaha.<hr><table class=gloss><tr class=mo><td>watoto</td><td>w-angu</td><td>wa-me-o-a</td><td>kwa</td><td>furaha</td></tr><tr class=la><td>KL2.Kind</td><td>KL2-mein</td><td>KL2-PERF-heiraten-IND</td><td>mit</td><td>KL9.Freude</td></tr></table><div class=klassen>mtoto Kl. 1/2 (m-/mw- › wa-) → watoto</div><div class=konkordanz>Kl.1: SUBJ a- · ADJ m-/mw- · GEN wa · DEM huyu/yule · POSS w- · REL -ye</div><div class=hinweis>kuoa heiratet eine Frau, kuolewa einen Mann</div>	A1 SD1 G glücklich
Herzlichen Glückwunsch zum Geburtstag.	Hongera kwa siku yako ya kuzaliwa.<hr><table class=gloss><tr class=mo><td>hongera</td><td>kwa</td><td>siku</td><td>y-ako</td><td>y-a</td><td>ku-zali-w-a</td></tr><tr class=la><td>KL9.Glückwunsch</td><td>für</td><td>KL9.Tag</td><td>KL9-dein</td><td>KL9-GEN</td><td>KL15-gebären-PASS-IND</td></tr></table><div class=klassen>hongera Kl. 9/10 (Ø/n-) → hongera — Numerus nur an der Konkordanz · siku ya kuzaliwa Kl. 9/10 (Ø/n-) → siku za kuzaliwa [Genitiv kongruiert mit dem Kopfnomen]</div><div class=konkordanz>Kl.9: SUBJ i- · ADJ Ø/n- · GEN ya · DEM hii/ile · POSS y- · REL -yo</div><div class=hinweis>Zweifache Kl.9-Kongruenz: yako und ya</div>	A1 SD1 G Glückwunsch
Heute haben wir dreißig Grad.	Leo tuna nyuzi joto thelathini.<hr><table class=gloss><tr class=mo><td>leo</td><td>tu-na</td><td>nyuzi</td><td>joto</td><td>thelathini</td></tr><tr class=la><td>heute</td><td>1PL-haben</td><td>KL10.Grad</td><td>KL9.Hitze</td><td>dreißig</td></tr></table><div class=konkordanz>Kl.10: SUBJ zi- · ADJ Ø/n- · GEN za · DEM hizi/zile · POSS z- · REL -zo · Kl.9: SUBJ i- · ADJ Ø/n- · GEN ya · DEM hii/ile · POSS y- · REL -yo</div><div class=hinweis>Grad Celsius = nyuzi joto</div>	A1 SD1 G Grad__Celsius_
Ich gratuliere dir!	Nakupongeza!<hr><table class=gloss><tr class=mo><td>na-ku-pongez-a</td></tr><tr class=la><td>1SG.PRÄS.ALLG-OBJ2SG-gratulieren-IND</td></tr></table><div class=hinweis>Objektpräfix -ku- für dich</div>	A1 SD1 G gratulieren
Heute grillen wir im Garten.	Leo tunachoma nyama bustanini.<hr><table class=gloss><tr class=mo><td>leo</td><td>tu-na-chom-a</td><td>nyama</td><td>bustani-ni</td></tr><tr class=la><td>heute</td><td>1PL-PRÄS-grillen-IND</td><td>KL9.Fleisch</td><td>KL9.Garten-LOK</td></tr></table><div class=klassen>nyama Kl. 9/10 (Ø/n-) → nyama — Numerus nur an der Konkordanz</div><div class=konkordanz>Kl.9: SUBJ i- · ADJ Ø/n- · GEN ya · DEM hii/ile · POSS y- · REL -yo</div><div class=hinweis>grillen = kuchoma nyama, &quot;Fleisch brennen&quot;</div>	A1 SD1 G grillen
Mein Bruder und ich sind gleich groß.	Kaka yangu na mimi tuna urefu sawa.<hr><table class=gloss><tr class=mo><td>kaka</td><td>y-angu</td><td>na</td><td>mimi</td><td>tu-na</td><td>urefu</td><td>sawa</td></tr><tr class=la><td>KL9/KL1.Bruder</td><td>KL9-mein</td><td>und</td><td>ich</td><td>1PL-haben</td><td>KL14.Größe</td><td>gleich</td></tr></table><div class=klassen>kaka Kl. 9/10 (Ø/n-) → kaka — Numerus nur an der Konkordanz [Person: Form Kl. 9/10, Kongruenz Kl. 1/2]</div><div class=konkordanz>Kl.1: SUBJ a- · ADJ m-/mw- · GEN wa · DEM huyu/yule · POSS w- · REL -ye</div><div class=hinweis>Größe haben statt groß sein</div>	A1 SD1 G groß
Frankfurt ist eine große Stadt.	Frankfurt ni mji mkubwa.<hr><table class=gloss><tr class=mo><td>Frankfurt</td><td>ni</td><td>m-ji</td><td>m-kubwa</td></tr><tr class=la><td>Frankfurt</td><td>KOP</td><td>KL3-Stadt</td><td>KL3-groß</td></tr></table><div class=klassen>mji Kl. 3/4 (m-/mw- › mi-) → miji</div><div class=konkordanz>Kl.3: SUBJ u- · ADJ m-/mw- · GEN wa · DEM huu/ule · POSS w- · REL -o</div><div class=hinweis>mkubwa kongruiert mit mji Kl.3</div>	A1 SD1 G groß
Haben Sie das auch in Größe 40?	Mnayo hii pia kwa ukubwa arobaini?<hr><table class=gloss><tr class=mo><td>m-na-yo</td><td>hii</td><td>pia</td><td>kwa</td><td>ukubwa</td><td>arobaini</td></tr><tr class=la><td>2PL-haben-REL9</td><td>KL9.DEM</td><td>auch</td><td>für</td><td>KL14.Größe</td><td>vierzig</td></tr></table><div class=klassen>ukubwa Kl. 14 (u-), kein Numeruswechsel [Abstraktum]</div><div class=konkordanz>Kl.14: SUBJ u- · ADJ m-/mw- · GEN wa · DEM huu/ule · POSS w- · REL -o</div><div class=hinweis>ukubwa ist Kl.14, ein Abstraktum</div>	A1 SD1 G Größe
Meine Großeltern leben in Japan.	Babu na bibi wangu wanakaa Japani.<hr><table class=gloss><tr class=mo><td>babu</td><td>na</td><td>bibi</td><td>w-angu</td><td>wa-na-ka-a</td><td>Japani</td></tr><tr class=la><td>KL9/KL1.Großvater</td><td>und</td><td>KL9/KL1.Großmutter</td><td>KL2-mein</td><td>KL2-PRÄS-wohnen-IND</td><td>Japan</td></tr></table><div class=klassen>babu Kl. 9/10 (Ø/n-) → babu — Numerus nur an der Konkordanz [Person: Form Kl. 9/10, Kongruenz Kl. 1/2] · bibi Kl. 5/6 (ji-/Ø › ma-) → mabibi [Person: Form Kl. 5/6, Kongruenz Kl. 1/2]</div><div class=konkordanz>Kl.1: SUBJ a- · ADJ m-/mw- · GEN wa · DEM huyu/yule · POSS w- · REL -ye</div><div class=hinweis>Großeltern als babu na bibi, Kongruenz Kl.2</div>	A1 SD1 G Großeltern__pl__
Meine Großmutter heißt Eva.	Bibi yangu anaitwa Eva.<hr><table class=gloss><tr class=mo><td>bibi</td><td>y-angu</td><td>a-na-it-w-a</td><td>Eva</td></tr><tr class=la><td>KL9/KL1.Großmutter</td><td>KL9-mein</td><td>3SG-PRÄS-nennen-PASS-IND</td><td>Eva</td></tr></table><div class=klassen>bibi Kl. 5/6 (ji-/Ø › ma-) → mabibi [Person: Form Kl. 5/6, Kongruenz Kl. 1/2]</div><div class=konkordanz>Kl.1: SUBJ a- · ADJ m-/mw- · GEN wa · DEM huyu/yule · POSS w- · REL -ye</div><div class=hinweis>yangu Kl.9, Verbkongruenz a- aber Kl.1</div>	A1 SD1 G Großmutter
Mein Großvater ist schon 80.	Babu yangu ana miaka themanini tayari.<hr><table class=gloss><tr class=mo><td>babu</td><td>y-angu</td><td>a-na</td><td>mi-aka</td><td>themanini</td><td>tayari</td></tr><tr class=la><td>KL9/KL1.Großvater</td><td>KL9-mein</td><td>3SG-haben</td><td>KL4-Jahr</td><td>achtzig</td><td>schon</td></tr></table><div class=klassen>babu Kl. 9/10 (Ø/n-) → babu — Numerus nur an der Konkordanz [Person: Form Kl. 9/10, Kongruenz Kl. 1/2] · mwaka wa kuzaliwa Kl. 3/4 (m-/mw- › mi-) → miaka ya kuzaliwa [Genitiv kongruiert mit dem Kopfnomen]</div><div class=konkordanz>Kl.1: SUBJ a- · ADJ m-/mw- · GEN wa · DEM huyu/yule · POSS w- · REL -ye · Kl.3: SUBJ u- · ADJ m-/mw- · GEN wa · DEM huu/ule · POSS w- · REL -o</div><div class=hinweis>Alter durch &quot;Jahre haben&quot;</div>	A1 SD1 G Großvater
Die erste Gruppe beginnt um 16 Uhr.	Kikundi cha kwanza kinaanza saa kumi.<hr><table class=gloss><tr class=mo><td>ki-kundi</td><td>ch-a</td><td>kwanza</td><td>ki-na-anz-a</td><td>saa</td><td>kumi</td></tr><tr class=la><td>KL7-Gruppe</td><td>KL7-GEN</td><td>erste</td><td>KL7-PRÄS-anfangen-IND</td><td>KL9.Stunde</td><td>zehn</td></tr></table><div class=klassen>kikundi Kl. 7/8 (ki- › vi-) → vikundi · saa Kl. 9/10 (Ø/n-) → saa — Numerus nur an der Konkordanz [auch &quot;Uhr&quot;]</div><div class=konkordanz>Kl.7: SUBJ ki- · ADJ ki- · GEN cha · DEM hiki/kile · POSS ch- · REL -cho · Kl.9: SUBJ i- · ADJ Ø/n- · GEN ya · DEM hii/ile · POSS y- · REL -yo</div><div class=hinweis>saa kumi = 16 Uhr, zehnte Stunde nach Sonnenaufgang</div>	A1 SD1 G Gruppe
Viele Grüße an Ihre Frau.	Salamu nyingi kwa mke wako.<hr><table class=gloss><tr class=mo><td>salamu</td><td>ny-ingi</td><td>kwa</td><td>mke</td><td>w-ako</td></tr><tr class=la><td>KL10.Gruß</td><td>KL10-viele</td><td>für</td><td>KL1.Ehefrau</td><td>KL1-dein</td></tr></table><div class=klassen>salamu Kl. 9/10 (Ø/n-) → salamu — Numerus nur an der Konkordanz · mke Kl. 1/2 (m-/mw- › wa-) → wake [Ehemann = &quot;mume&quot; Kl. 1/2]</div><div class=konkordanz>Kl.9: SUBJ i- · ADJ Ø/n- · GEN ya · DEM hii/ile · POSS y- · REL -yo · Kl.1: SUBJ a- · ADJ m-/mw- · GEN wa · DEM huyu/yule · POSS w- · REL -ye</div><div class=hinweis>salamu ist Kl.9 und Kl.10 gleich</div>	A1 SD1 G Gruß
Mit freundlichen Grüßen	Kwa salamu za heri<hr><table class=gloss><tr class=mo><td>kwa</td><td>salamu</td><td>z-a</td><td>heri</td></tr><tr class=la><td>mit</td><td>KL10.Gruß</td><td>KL10-GEN</td><td>KL9.Segen</td></tr></table><div class=klassen>salamu Kl. 9/10 (Ø/n-) → salamu — Numerus nur an der Konkordanz</div><div class=konkordanz>Kl.9: SUBJ i- · ADJ Ø/n- · GEN ya · DEM hii/ile · POSS y- · REL -yo</div><div class=hinweis>Briefschluss ohne Satzzeichen</div>	A1 SD1 G Gruß
Der Pass ist nicht mehr gültig.	Pasipoti haifai tena.<hr><table class=gloss><tr class=mo><td>pasipoti</td><td>hai-fa-i</td><td>tena</td></tr><tr class=la><td>KL9.Pass</td><td>KL9.NEG-taugen-NEG</td><td>mehr</td></tr></table><div class=klassen>pasipoti Kl. 9/10 (Ø/n-) → pasipoti — Numerus nur an der Konkordanz [Lehnwort]</div><div class=konkordanz>Kl.9: SUBJ i- · ADJ Ø/n- · GEN ya · DEM hii/ile · POSS y- · REL -yo</div><div class=hinweis>kufaa heißt taugen, gültig sein</div>	A1 SD1 G gültig
Dort gibt es günstige Angebote.	Huko kuna ofa nafuu.<hr><table class=gloss><tr class=mo><td>huko</td><td>ku-na</td><td>ofa</td><td>nafuu</td></tr><tr class=la><td>dort</td><td>KL17-mit</td><td>KL10.Angebot</td><td>günstig</td></tr></table><div class=klassen>ofa Kl. 9/10 (Ø/n-) → ofa — Numerus nur an der Konkordanz [Lehnwort]</div><div class=konkordanz>Kl.9: SUBJ i- · ADJ Ø/n- · GEN ya · DEM hii/ile · POSS y- · REL -yo</div><div class=hinweis>nafuu bleibt unverändert</div>	A1 SD1 G günstig
Das finde ich gut.	Hii naiona nzuri.<hr><table class=gloss><tr class=mo><td>hii</td><td>na-i-on-a</td><td>n-zuri</td></tr><tr class=la><td>KL9.DEM</td><td>1SG.PRÄS.ALLG-OBJ9-sehen-IND</td><td>KL9-gut</td></tr></table><div class=konkordanz>Kl.9: SUBJ i- · ADJ Ø/n- · GEN ya · DEM hii/ile · POSS y- · REL -yo</div><div class=hinweis>finden = kuona, wörtlich sehen</div>	A1 SD1 G gut
Ich komme um 13 Uhr. – Gut!	Nakuja saa saba. - Vizuri!<hr><table class=gloss><tr class=mo><td>na-kuj-a</td><td>saa</td><td>saba</td><td>vi-zuri</td></tr><tr class=la><td>1SG.PRÄS.ALLG-kommen-IND</td><td>KL9.Stunde</td><td>sieben</td><td>KL8-gut</td></tr></table><div class=klassen>saa Kl. 9/10 (Ø/n-) → saa — Numerus nur an der Konkordanz [auch &quot;Uhr&quot;]</div><div class=konkordanz>Kl.9: SUBJ i- · ADJ Ø/n- · GEN ya · DEM hii/ile · POSS y- · REL -yo</div><div class=hinweis>saa saba = 13 Uhr, siebte Stunde</div>	A1 SD1 G gut
Guten Morgen!	Habari za asubuhi!<hr><table class=gloss><tr class=mo><td>habari</td><td>z-a</td><td>asubuhi</td></tr><tr class=la><td>KL10.Nachricht</td><td>KL10-GEN</td><td>KL9.Morgen</td></tr></table><div class=konkordanz>Kl.10: SUBJ zi- · ADJ Ø/n- · GEN za · DEM hizi/zile · POSS z- · REL -zo · Kl.9: SUBJ i- · ADJ Ø/n- · GEN ya · DEM hii/ile · POSS y- · REL -yo</div><div class=hinweis>Gruß fragt nach den Nachrichten des Morgens</div>	A1 SD1 G gut
Ein gutes neues Jahr!	Mwaka mpya mwema!<hr><table class=gloss><tr class=mo><td>mw-aka</td><td>m-pya</td><td>mw-ema</td></tr><tr class=la><td>KL3-Jahr</td><td>KL3-neu</td><td>KL3-gut</td></tr></table><div class=klassen>mwaka wa kuzaliwa Kl. 3/4 (m-/mw- › mi-) → miaka ya kuzaliwa [Genitiv kongruiert mit dem Kopfnomen]</div><div class=konkordanz>Kl.3: SUBJ u- · ADJ m-/mw- · GEN wa · DEM huu/ule · POSS w- · REL -o</div><div class=hinweis>Dreifache Kl.3-Kongruenz in drei Wörtern</div>	A1 SD1 G gut
Guten Appetit!	Karibu chakula!<hr><table class=gloss><tr class=mo><td>karibu</td><td>chakula</td></tr><tr class=la><td>willkommen</td><td>KL7.Essen</td></tr></table><div class=klassen>chakula Kl. 7/8 (ki- › vi-) → vyakula</div><div class=konkordanz>Kl.7: SUBJ ki- · ADJ ki- · GEN cha · DEM hiki/kile · POSS ch- · REL -cho</div><div class=hinweis>karibu lädt ein, es ist kein Wunsch</div>	A1 SD1 G gut
Sie hat lange Haare.	Ana nywele ndefu.<hr><table class=gloss><tr class=mo><td>a-na</td><td>nywele</td><td>n-defu</td></tr><tr class=la><td>3SG-haben</td><td>KL10.Haar</td><td>KL10-lang</td></tr></table><div class=klassen>unywele Kl. 11/10 (u- › Ø/n-) → nywele [meist Plural &quot;nywele&quot;]</div><div class=konkordanz>Kl.11: SUBJ u- · ADJ m-/mw- · GEN wa · DEM huu/ule · POSS w- · REL -o</div><div class=hinweis>nywele Kl.10, Singular unywele Kl.11</div>	A1 SD1 H Haar
Ich habe ein neues Auto.	Nina gari jipya.<hr><table class=gloss><tr class=mo><td>ni-na</td><td>gari</td><td>ji-pya</td></tr><tr class=la><td>1SG-haben</td><td>KL5.Auto</td><td>KL5-neu</td></tr></table><div class=klassen>gari Kl. 5/6 (ji-/Ø › ma-) → magari</div><div class=konkordanz>Kl.5: SUBJ li- · ADJ ji-/Ø · GEN la · DEM hili/lile · POSS l- · REL -lo</div><div class=hinweis>jipya mit ji-Präfix der Kl.5</div>	A1 SD1 H haben
Ein Hähnchen mit Pommes bitte!	Kuku mmoja na chipsi tafadhali!<hr><table class=gloss><tr class=mo><td>kuku</td><td>m-moja</td><td>na</td><td>chipsi</td><td>tafadhali</td></tr><tr class=la><td>KL9.Hähnchen</td><td>KL1-eins</td><td>und</td><td>KL10.Pommes</td><td>bitte</td></tr></table><div class=klassen>kuku Kl. 9/10 (Ø/n-) → kuku — Numerus nur an der Konkordanz · chipsi Kl. 10 (Ø/n-), kein Numeruswechsel [nur Plural, Lehnwort]</div><div class=konkordanz>Kl.9: SUBJ i- · ADJ Ø/n- · GEN ya · DEM hii/ile · POSS y- · REL -yo · Kl.10: SUBJ zi- · ADJ Ø/n- · GEN za · DEM hizi/zile · POSS z- · REL -zo</div><div class=hinweis>Tiere nehmen oft die Personenkongruenz</div>	A1 SD1 H Hähnchen
Möchten Sie Vollpension oder Halbpension?	Mnataka malazi na chakula chote au chakula kimoja?<hr><table class=gloss><tr class=mo><td>m-na-tak-a</td><td>ma-lazi</td><td>na</td><td>chakula</td><td>ch-ote</td><td>au</td><td>chakula</td><td>ki-moja</td></tr><tr class=la><td>2PL-PRÄS-wollen-IND</td><td>KL6-Unterkunft</td><td>und</td><td>KL7.Essen</td><td>KL7-alle</td><td>oder</td><td>KL7.Essen</td><td>KL7-eins</td></tr></table><div class=klassen>malazi na chakula kimoja Kl. 6 (ma-), kein Numeruswechsel [feste Fuegung] · chakula Kl. 7/8 (ki- › vi-) → vyakula</div><div class=konkordanz>Kl.6: SUBJ ya- · ADJ ma- · GEN ya · DEM haya/yale · POSS y- · REL -yo · Kl.7: SUBJ ki- · ADJ ki- · GEN cha · DEM hiki/kile · POSS ch- · REL -cho</div><div class=hinweis>chote und kimoja kongruieren mit chakula Kl.7</div>	A1 SD1 H Halbpension
Wir treffen uns in Halle B	Tunakutana ukumbi B<hr><table class=gloss><tr class=mo><td>tu-na-kut-an-a</td><td>ukumbi</td><td>B</td></tr><tr class=la><td>1PL-PRÄS-treffen-REZ-IND</td><td>KL11.Halle</td><td>B</td></tr></table><div class=klassen>ukumbi Kl. 11/10 (u- › Ø/n-) → kumbi</div><div class=konkordanz>Kl.11: SUBJ u- · ADJ m-/mw- · GEN wa · DEM huu/ule · POSS w- · REL -o</div><div class=hinweis>ukumbi Kl.11, Plural kumbi Kl.10</div>	A1 SD1 H Halle
Hallo Inge! Wie geht’s?	Hujambo Inge! Habari?<hr><table class=gloss><tr class=mo><td>hu-jambo</td><td>Inge</td><td>habari</td></tr><tr class=la><td>2SG.NEG-Sache</td><td>Inge</td><td>KL10.Nachricht</td></tr></table><div class=konkordanz>Kl.10: SUBJ zi- · ADJ Ø/n- · GEN za · DEM hizi/zile · POSS z- · REL -zo</div><div class=hinweis>hujambo heißt wörtlich &quot;du hast keine Sache&quot;</div>	A1 SD1 H hallo
Dieser Zug hält nicht in Rüdesheim.	Treni hii haisimami Rüdesheim.<hr><table class=gloss><tr class=mo><td>treni</td><td>hii</td><td>hai-simam-i</td><td>Rüdesheim</td></tr><tr class=la><td>KL9.Zug</td><td>KL9.DEM</td><td>KL9.NEG-halten-NEG</td><td>Rüdesheim</td></tr></table><div class=klassen>treni Kl. 9/10 (Ø/n-) → treni — Numerus nur an der Konkordanz [Lehnwort]</div><div class=konkordanz>Kl.9: SUBJ i- · ADJ Ø/n- · GEN ya · DEM hii/ile · POSS y- · REL -yo</div><div class=hinweis>haisimami: Kl.9-Negation plus Endvokal -i</div>	A1 SD1 H halten
An der nächsten Haltestelle müssen Sie aussteigen.	Kituo kinachofuata lazima mshuke.<hr><table class=gloss><tr class=mo><td>ki-tuo</td><td>ki-na-cho-fuat-a</td><td>lazima</td><td>m-shuk-e</td></tr><tr class=la><td>KL7-Haltestelle</td><td>KL7-PRÄS-REL7-folgen-IND</td><td>muss</td><td>2PL-aussteigen-KONJ</td></tr></table><div class=klassen>kituo Kl. 7/8 (ki- › vi-) → vituo</div><div class=konkordanz>Kl.7: SUBJ ki- · ADJ ki- · GEN cha · DEM hiki/kile · POSS ch- · REL -cho</div><div class=hinweis>Relativinfix -cho- für Kl.7</div>	A1 SD1 H Haltestelle
Er gibt mir die Hand.	Ananipa mkono.<hr><table class=gloss><tr class=mo><td>a-na-ni-p-a</td><td>m-kono</td></tr><tr class=la><td>3SG-PRÄS-OBJ1SG-geben-IND</td><td>KL3-Hand</td></tr></table><div class=klassen>mkono Kl. 3/4 (m-/mw- › mi-) → mikono</div><div class=konkordanz>Kl.3: SUBJ u- · ADJ m-/mw- · GEN wa · DEM huu/ule · POSS w- · REL -o</div><div class=hinweis>mkono heißt Hand und Arm</div>	A1 SD1 H Hand
In der Schule bitte die Handys ausmachen!	Shuleni tafadhali zimeni simu za mkononi!<hr><table class=gloss><tr class=mo><td>shule-ni</td><td>tafadhali</td><td>zim-eni</td><td>simu</td><td>z-a</td><td>m-kono-ni</td></tr><tr class=la><td>KL9.Schule-LOK</td><td>bitte</td><td>ausmachen-IMP.PL</td><td>KL10.Telefon</td><td>KL10-GEN</td><td>KL3-Hand-LOK</td></tr></table><div class=klassen>simu Kl. 9/10 (Ø/n-) → simu — Numerus nur an der Konkordanz</div><div class=konkordanz>Kl.9: SUBJ i- · ADJ Ø/n- · GEN ya · DEM hii/ile · POSS y- · REL -yo</div><div class=hinweis>Handy wörtlich &quot;Telefon der Hand&quot;</div>	A1 SD1 H Handy
In welchem Haus wohnst du?	Unakaa nyumba ipi?<hr><table class=gloss><tr class=mo><td>u-na-ka-a</td><td>nyumba</td><td>ipi</td></tr><tr class=la><td>2SG-PRÄS-wohnen-IND</td><td>KL9.Haus</td><td>KL9.welche</td></tr></table><div class=klassen>nyumba Kl. 9/10 (Ø/n-) → nyumba — Numerus nur an der Konkordanz</div><div class=konkordanz>Kl.9: SUBJ i- · ADJ Ø/n- · GEN ya · DEM hii/ile · POSS y- · REL -yo</div><div class=hinweis>Fragewort ipi kongruiert mit nyumba Kl.9</div>	A1 SD1 H Haus
Ich gehe jetzt nach Hause.	Sasa naenda nyumbani.<hr><table class=gloss><tr class=mo><td>sasa</td><td>na-end-a</td><td>nyumbani</td></tr><tr class=la><td>jetzt</td><td>1SG.PRÄS.ALLG-gehen-IND</td><td>KL9.Haus.LOK</td></tr></table><div class=konkordanz>Kl.9: SUBJ i- · ADJ Ø/n- · GEN ya · DEM hii/ile · POSS y- · REL -yo</div><div class=hinweis>nyumbani deckt &quot;nach Hause&quot; und &quot;zu Hause&quot; ab</div>	A1 SD1 H Haus
Paul ist nicht zu Hause.	Paul hayupo nyumbani.<hr><table class=gloss><tr class=mo><td>Paul</td><td>ha-yu-po</td><td>nyumbani</td></tr><tr class=la><td>Paul</td><td>3SG.NEG-KL1-sein.da</td><td>KL9.Haus.LOK</td></tr></table><div class=konkordanz>Kl.1: SUBJ a- · ADJ m-/mw- · GEN wa · DEM huyu/yule · POSS w- · REL -ye · Kl.9: SUBJ i- · ADJ Ø/n- · GEN ya · DEM hii/ile · POSS y- · REL -yo</div><div class=hinweis>hayupo ist die Personenform von hakuna</div>	A1 SD1 H Haus
Kannst du mir bei den Hausaufgaben helfen?	Unaweza kunisaidia kwa kazi za nyumbani?<hr><table class=gloss><tr class=mo><td>u-na-wez-a</td><td>ku-ni-saidi-a</td><td>kwa</td><td>kazi</td><td>z-a</td><td>nyumbani</td></tr><tr class=la><td>2SG-PRÄS-können-IND</td><td>KL15-OBJ1SG-helfen-IND</td><td>bei</td><td>KL10.Aufgabe</td><td>KL10-GEN</td><td>KL9.Haus.LOK</td></tr></table><div class=klassen>kazi Kl. 9/10 (Ø/n-) → kazi — Numerus nur an der Konkordanz</div><div class=konkordanz>Kl.9: SUBJ i- · ADJ Ø/n- · GEN ya · DEM hii/ile · POSS y- · REL -yo</div><div class=hinweis>Hausaufgaben als kazi za nyumbani</div>	A1 SD1 H Hausaufgabe
Die Hausfrau/der Hausmann wäscht, kocht und kauft ein.	Mama wa nyumbani anafua, anapika na ananunua vitu.<hr><table class=gloss><tr class=mo><td>mama</td><td>w-a</td><td>nyumbani</td><td>a-na-fu-a</td><td>a-na-pik-a</td><td>na</td><td>a-na-nunu-a</td><td>vi-tu</td></tr><tr class=la><td>KL9/KL1.Hausfrau</td><td>KL1-GEN</td><td>KL9.Haus.LOK</td><td>3SG-PRÄS-waschen-IND</td><td>3SG-PRÄS-kochen-IND</td><td>und</td><td>3SG-PRÄS-kaufen-IND</td><td>KL8-Ding</td></tr></table><div class=klassen>mama Kl. 9/10 (Ø/n-) → mama — Numerus nur an der Konkordanz [Person: Form Kl. 9/10, Kongruenz Kl. 1/2]</div><div class=konkordanz>Kl.1: SUBJ a- · ADJ m-/mw- · GEN wa · DEM huyu/yule · POSS w- · REL -ye</div><div class=hinweis>kufua wäscht Wäsche, kuosha wäscht Geschirr</div>	A1 SD1 H Hausfrau
Ich komme aus der Schweiz. Das ist meine Heimat.	Natoka Uswisi. Hiyo ni nchi yangu ya asili.<hr><table class=gloss><tr class=mo><td>na-tok-a</td><td>Uswisi</td><td>hiyo</td><td>ni</td><td>nchi</td><td>y-angu</td><td>y-a</td><td>asili</td></tr><tr class=la><td>1SG.PRÄS.ALLG-kommen-IND</td><td>Schweiz</td><td>KL9.DEM</td><td>KOP</td><td>KL9.Land</td><td>KL9-mein</td><td>KL9-GEN</td><td>KL9.Ursprung</td></tr></table><div class=klassen>nchi Kl. 9/10 (Ø/n-) → nchi — Numerus nur an der Konkordanz</div><div class=konkordanz>Kl.9: SUBJ i- · ADJ Ø/n- · GEN ya · DEM hii/ile · POSS y- · REL -yo</div><div class=hinweis>Ländernamen tragen oft das u- der Kl.11</div>	A1 SD1 H Heimat
Meine Schwester heiratet einen Japaner.	Dada yangu anaolewa na Mjapani.<hr><table class=gloss><tr class=mo><td>dada</td><td>y-angu</td><td>a-na-ol-ew-a</td><td>na</td><td>M-japani</td></tr><tr class=la><td>KL9/KL1.Schwester</td><td>KL9-mein</td><td>3SG-PRÄS-heiraten-PASS-IND</td><td>mit</td><td>KL1-Japaner</td></tr></table><div class=klassen>dada Kl. 9/10 (Ø/n-) → dada — Numerus nur an der Konkordanz [Person: Form Kl. 9/10, Kongruenz Kl. 1/2]</div><div class=konkordanz>Kl.1: SUBJ a- · ADJ m-/mw- · GEN wa · DEM huyu/yule · POSS w- · REL -ye</div><div class=hinweis>Die Frau heiratet im Passiv: kuolewa</div>	A1 SD1 H heiraten
Ich heiße Charlotte Meier.	Naitwa Charlotte Meier.<hr><table class=gloss><tr class=mo><td>na-it-w-a</td><td>Charlotte</td><td>Meier</td></tr><tr class=la><td>1SG.PRÄS.ALLG-nennen-PASS-IND</td><td>Charlotte</td><td>Meier</td></tr></table><div class=hinweis>heißen steht stets im Passiv</div>	A1 SD1 H heißen
Wie heißt das auf Deutsch?	Hii inaitwaje kwa Kijerumani?<hr><table class=gloss><tr class=mo><td>hii</td><td>i-na-it-w-a-je</td><td>kwa</td><td>Ki-jerumani</td></tr><tr class=la><td>KL9.DEM</td><td>KL9-PRÄS-nennen-PASS-IND-wie</td><td>für</td><td>KL7-Deutsch</td></tr></table><div class=konkordanz>Kl.9: SUBJ i- · ADJ Ø/n- · GEN ya · DEM hii/ile · POSS y- · REL -yo · Kl.7: SUBJ ki- · ADJ ki- · GEN cha · DEM hiki/kile · POSS ch- · REL -cho</div><div class=hinweis>Fragesuffix -je tritt an das Verbende</div>	A1 SD1 H heißen
Können Sie mir helfen, bitte?	Mnaweza kunisaidia, tafadhali?<hr><table class=gloss><tr class=mo><td>m-na-wez-a</td><td>ku-ni-saidi-a</td><td>tafadhali</td></tr><tr class=la><td>2PL-PRÄS-können-IND</td><td>KL15-OBJ1SG-helfen-IND</td><td>bitte</td></tr></table><div class=konkordanz>Kl.15: SUBJ ku- · ADJ ku- · GEN kwa · DEM huku/kule · POSS kw- · REL -ko</div><div class=hinweis>Objektpräfix -ni- für mir</div>	A1 SD1 H helfen
Im Sommer ist es bis 21 Uhr hell.	Kiangazi kuna mwanga hadi saa tatu usiku.<hr><table class=gloss><tr class=mo><td>ki-angazi</td><td>ku-na</td><td>mw-anga</td><td>hadi</td><td>saa</td><td>tatu</td><td>usiku</td></tr><tr class=la><td>KL7-Sommer</td><td>KL17-mit</td><td>KL3-Licht</td><td>bis</td><td>KL9.Stunde</td><td>drei</td><td>KL11.Nacht</td></tr></table><div class=klassen>mwanga Kl. 3/4 (m-/mw- › mi-) → mianga [Lampe = &quot;taa&quot; Kl. 9/10] · saa Kl. 9/10 (Ø/n-) → saa — Numerus nur an der Konkordanz [auch &quot;Uhr&quot;]</div><div class=konkordanz>Kl.3: SUBJ u- · ADJ m-/mw- · GEN wa · DEM huu/ule · POSS w- · REL -o · Kl.9: SUBJ i- · ADJ Ø/n- · GEN ya · DEM hii/ile · POSS y- · REL -yo</div><div class=hinweis>saa tatu usiku = 21 Uhr, dritte Stunde der Nacht</div>	A1 SD1 H hell
In der neuen Küche fehlt noch der Herd.	Jikoni jipya hakuna jiko bado.<hr><table class=gloss><tr class=mo><td>jiko-ni</td><td>ji-pya</td><td>haku-na</td><td>jiko</td><td>bado</td></tr><tr class=la><td>KL5.Küche-LOK</td><td>KL5-neu</td><td>KL17.NEG-mit</td><td>KL5.Herd</td><td>noch</td></tr></table><div class=klassen>jiko Kl. 5/6 (ji-/Ø › ma-) → majiko</div><div class=konkordanz>Kl.5: SUBJ li- · ADJ ji-/Ø · GEN la · DEM hili/lile · POSS l- · REL -lo</div><div class=hinweis>jiko heißt Küche und Herd zugleich; jipya kongruiert mit Kl.5</div>	A1 SD1 H Herd
Guten Tag, Herr Sommer!	Habari za siku, Bwana Sommer!<hr><table class=gloss><tr class=mo><td>habari</td><td>z-a</td><td>siku</td><td>bwana</td><td>Sommer</td></tr><tr class=la><td>KL10.Nachricht</td><td>KL10-GEN</td><td>KL9.Tag</td><td>KL5/KL1.Herr</td><td>Sommer</td></tr></table><div class=klassen>siku ya kuzaliwa Kl. 9/10 (Ø/n-) → siku za kuzaliwa [Genitiv kongruiert mit dem Kopfnomen] · bwana Kl. 5/6 (ji-/Ø › ma-) → mabwana [Person: Form Kl. 5/6, Kongruenz Kl. 1/2]</div><div class=konkordanz>Kl.9: SUBJ i- · ADJ Ø/n- · GEN ya · DEM hii/ile · POSS y- · REL -yo · Kl.1: SUBJ a- · ADJ m-/mw- · GEN wa · DEM huyu/yule · POSS w- · REL -ye</div><div class=hinweis>bwana ist Kl.5, kongruiert als Person Kl.1</div>	A1 SD1 H Herr
Herzlichen Glückwunsch!	Hongera za moyo!<hr><table class=gloss><tr class=mo><td>hongera</td><td>z-a</td><td>moyo</td></tr><tr class=la><td>KL10.Glückwunsch</td><td>KL10-GEN</td><td>KL3.Herz</td></tr></table><div class=klassen>hongera Kl. 9/10 (Ø/n-) → hongera — Numerus nur an der Konkordanz</div><div class=konkordanz>Kl.9: SUBJ i- · ADJ Ø/n- · GEN ya · DEM hii/ile · POSS y- · REL -yo</div><div class=hinweis>za moyo heißt wörtlich &quot;des Herzens&quot;</div>	A1 SD1 H herzlich
Heute ist ein schöner Tag.	Leo ni siku nzuri.<hr><table class=gloss><tr class=mo><td>leo</td><td>ni</td><td>siku</td><td>n-zuri</td></tr><tr class=la><td>heute</td><td>KOP</td><td>KL9.Tag</td><td>KL9-gut</td></tr></table><div class=klassen>siku ya kuzaliwa Kl. 9/10 (Ø/n-) → siku za kuzaliwa [Genitiv kongruiert mit dem Kopfnomen]</div><div class=konkordanz>Kl.9: SUBJ i- · ADJ Ø/n- · GEN ya · DEM hii/ile · POSS y- · REL -yo</div><div class=hinweis>nzuri mit Nasalpräfix der Kl.9</div>	A1 SD1 H heute
Hier ist 06131-553221, Pamela Linke.	Hapa ni 06131-553221, Pamela Linke.<hr><table class=gloss><tr class=mo><td>hapa</td><td>ni</td><td>Pamela</td><td>Linke</td></tr><tr class=la><td>hier</td><td>KOP</td><td>Pamela</td><td>Linke</td></tr></table><div class=hinweis>Am Telefon nennt man sich mit hapa ni</div>	A1 SD1 H hier
Hier wohne ich.	Nakaa hapa.<hr><table class=gloss><tr class=mo><td>na-ka-a</td><td>hapa</td></tr><tr class=la><td>1SG.PRÄS.ALLG-wohnen-IND</td><td>hier</td></tr></table><div class=hinweis>hapa ist ein Ortswort der Kl.16</div>	A1 SD1 H hier
Hilfe! Bitte helfen Sie mir!	Msaada! Tafadhali nisaidieni!<hr><table class=gloss><tr class=mo><td>m-saada</td><td>tafadhali</td><td>ni-saidi-eni</td></tr><tr class=la><td>KL3-Hilfe</td><td>bitte</td><td>OBJ1SG-helfen-IMP.PL</td></tr></table><div class=klassen>msaada Kl. 3/4 (m-/mw- › mi-) → misaada</div><div class=konkordanz>Kl.3: SUBJ u- · ADJ m-/mw- · GEN wa · DEM huu/ule · POSS w- · REL -o</div><div class=hinweis>Objektpräfix ni- vor dem Imperativ Plural</div>	A1 SD1 H Hilfe
Brauchen Sie meine Hilfe?	Mnahitaji msaada wangu?<hr><table class=gloss><tr class=mo><td>m-na-hitaji</td><td>m-saada</td><td>w-angu</td></tr><tr class=la><td>2PL-PRÄS-brauchen</td><td>KL3-Hilfe</td><td>KL3-mein</td></tr></table><div class=klassen>msaada Kl. 3/4 (m-/mw- › mi-) → misaada</div><div class=konkordanz>Kl.3: SUBJ u- · ADJ m-/mw- · GEN wa · DEM huu/ule · POSS w- · REL -o</div><div class=hinweis>msaada Kl.3 nimmt wangu</div>	A1 SD1 H Hilfe
Die Tür zum Aussteigen ist hinten.	Mlango wa kushuka uko nyuma.<hr><table class=gloss><tr class=mo><td>m-lango</td><td>w-a</td><td>ku-shuk-a</td><td>u-ko</td><td>nyuma</td></tr><tr class=la><td>KL3-Tür</td><td>KL3-GEN</td><td>KL15-aussteigen-IND</td><td>KL3-sein.da</td><td>hinten</td></tr></table><div class=konkordanz>Kl.3: SUBJ u- · ADJ m-/mw- · GEN wa · DEM huu/ule · POSS w- · REL -o · Kl.15: SUBJ ku- · ADJ ku- · GEN kwa · DEM huku/kule · POSS kw- · REL -ko</div><div class=hinweis>Dreifache Kl.3-Kongruenz: wa, u-, und mlango</div>	A1 SD1 H hinten
Meine Hobbys sind Wandern und Schwimmen.	Burudani zangu ni kutembea na kuogelea.<hr><table class=gloss><tr class=mo><td>burudani</td><td>z-angu</td><td>ni</td><td>ku-tembe-a</td><td>na</td><td>ku-ogele-a</td></tr><tr class=la><td>KL10.Hobby</td><td>KL10-mein</td><td>KOP</td><td>KL15-wandern-IND</td><td>und</td><td>KL15-schwimmen-IND</td></tr></table><div class=klassen>burudani Kl. 9/10 (Ø/n-) → burudani — Numerus nur an der Konkordanz</div><div class=konkordanz>Kl.9: SUBJ i- · ADJ Ø/n- · GEN ya · DEM hii/ile · POSS y- · REL -yo</div><div class=hinweis>Verbalnomen der Kl.15 dienen als Nomen</div>	A1 SD1 H Hobby
Der Mount Everest ist 8.880 Meter hoch.	Mount Everest una urefu wa mita elfu nane mia nane themanini.<hr><table class=gloss><tr class=mo><td>Mount</td><td>Everest</td><td>u-na</td><td>urefu</td><td>w-a</td><td>mita</td><td>elfu</td><td>nane</td><td>mia</td><td>nane</td><td>themanini</td></tr><tr class=la><td>Mount</td><td>Everest</td><td>KL3-haben</td><td>KL14.Höhe</td><td>KL14-GEN</td><td>KL9.Meter</td><td>KL9.Tausend</td><td>acht</td><td>KL9.Hundert</td><td>acht</td><td>achtzig</td></tr></table><div class=konkordanz>Kl.3: SUBJ u- · ADJ m-/mw- · GEN wa · DEM huu/ule · POSS w- · REL -o · Kl.14: SUBJ u- · ADJ m-/mw- · GEN wa · DEM huu/ule · POSS w- · REL -o</div><div class=hinweis>Höhe haben statt hoch sein</div>	A1 SD1 H hoch
Zur dieser Hochzeit kommen mehr als fünfzig Gäste.	Kwenye harusi hii wanakuja wageni zaidi ya hamsini.<hr><table class=gloss><tr class=mo><td>kwenye</td><td>harusi</td><td>hii</td><td>wa-na-kuj-a</td><td>wa-geni</td><td>zaidi</td><td>y-a</td><td>hamsini</td></tr><tr class=la><td>an</td><td>KL9.Hochzeit</td><td>KL9.DEM</td><td>KL2-PRÄS-kommen-IND</td><td>KL2-Gast</td><td>mehr</td><td>KL9-GEN</td><td>fünfzig</td></tr></table><div class=klassen>harusi Kl. 9/10 (Ø/n-) → harusi — Numerus nur an der Konkordanz · mgeni Kl. 1/2 (m-/mw- › wa-) → wageni [auch &quot;Gast&quot;]</div><div class=konkordanz>Kl.9: SUBJ i- · ADJ Ø/n- · GEN ya · DEM hii/ile · POSS y- · REL -yo · Kl.1: SUBJ a- · ADJ m-/mw- · GEN wa · DEM huyu/yule · POSS w- · REL -ye</div><div class=hinweis>zaidi ya für &quot;mehr als&quot;</div>	A1 SD1 H Hochzeit
Ich hole zwei Flaschen Wasser aus der Küche.	Nachukua chupa mbili za maji kutoka jikoni.<hr><table class=gloss><tr class=mo><td>na-chuku-a</td><td>chupa</td><td>mbili</td><td>z-a</td><td>maji</td><td>ku-tok-a</td><td>jiko-ni</td></tr><tr class=la><td>1SG.PRÄS.ALLG-holen-IND</td><td>KL10.Flasche</td><td>zwei</td><td>KL10-GEN</td><td>KL6.Wasser</td><td>KL15-kommen-IND</td><td>KL5.Küche-LOK</td></tr></table><div class=klassen>chupa Kl. 9/10 (Ø/n-) → chupa — Numerus nur an der Konkordanz · maji Kl. 6 (ma-), kein Numeruswechsel [nur Plural]</div><div class=konkordanz>Kl.9: SUBJ i- · ADJ Ø/n- · GEN ya · DEM hii/ile · POSS y- · REL -yo · Kl.6: SUBJ ya- · ADJ ma- · GEN ya · DEM haya/yale · POSS y- · REL -yo</div><div class=hinweis>kutoka dient als Präposition &quot;aus&quot;</div>	A1 SD1 H holen
Hör mal! Was ist das?	Sikiliza! Ni nini hii?<hr><table class=gloss><tr class=mo><td>sikiliz-a</td><td>ni</td><td>nini</td><td>hii</td></tr><tr class=la><td>zuhören-IMP</td><td>KOP</td><td>was</td><td>KL9.DEM</td></tr></table><div class=konkordanz>Kl.9: SUBJ i- · ADJ Ø/n- · GEN ya · DEM hii/ile · POSS y- · REL -yo</div><div class=hinweis>kusikiliza hört zu, kusikia hört wahr</div>	A1 SD1 H hören
Ich habe das Lied schon mal gehört.	Nimekwisha kusikia wimbo huu.<hr><table class=gloss><tr class=mo><td>ni-me-kwish-a</td><td>ku-siki-a</td><td>wimbo</td><td>huu</td></tr><tr class=la><td>1SG-PERF-beenden-IND</td><td>KL15-hören-IND</td><td>KL11.Lied</td><td>KL11.DEM</td></tr></table><div class=klassen>wimbo Kl. 11/10 (u- › Ø/n-) → nyimbo</div><div class=konkordanz>Kl.11: SUBJ u- · ADJ m-/mw- · GEN wa · DEM huu/ule · POSS w- · REL -o</div><div class=hinweis>kwisha plus Infinitiv heißt &quot;schon einmal&quot;</div>	A1 SD1 H hören
Im Urlaub sind wir in einem Hotel am Meer.	Likizoni tunakaa kwenye hoteli baharini.<hr><table class=gloss><tr class=mo><td>likizo-ni</td><td>tu-na-ka-a</td><td>kwenye</td><td>hoteli</td><td>bahari-ni</td></tr><tr class=la><td>KL9.Urlaub-LOK</td><td>1PL-PRÄS-wohnen-IND</td><td>an</td><td>KL9.Hotel</td><td>KL9.Meer-LOK</td></tr></table><div class=klassen>hoteli Kl. 9/10 (Ø/n-) → hoteli — Numerus nur an der Konkordanz [Lehnwort]</div><div class=konkordanz>Kl.9: SUBJ i- · ADJ Ø/n- · GEN ya · DEM hii/ile · POSS y- · REL -yo</div><div class=hinweis>Zwei Ortsangaben mit -ni im selben Satz</div>	A1 SD1 H Hotel
Der Hund ist noch jung.	Mbwa bado ni mdogo.<hr><table class=gloss><tr class=mo><td>mbwa</td><td>bado</td><td>ni</td><td>m-dogo</td></tr><tr class=la><td>KL9.Hund</td><td>noch</td><td>KOP</td><td>KL1-jung</td></tr></table><div class=klassen>mbwa Kl. 9/10 (Ø/n-) → mbwa — Numerus nur an der Konkordanz</div><div class=konkordanz>Kl.9: SUBJ i- · ADJ Ø/n- · GEN ya · DEM hii/ile · POSS y- · REL -yo</div><div class=hinweis>Tiere nehmen oft die Personenkongruenz</div>	A1 SD1 H Hund
Ich habe Hunger! Wann ist das Essen fertig?	Nina njaa! Chakula kitakuwa tayari lini?<hr><table class=gloss><tr class=mo><td>ni-na</td><td>njaa</td><td>chakula</td><td>ki-ta-kuw-a</td><td>tayari</td><td>lini</td></tr><tr class=la><td>1SG-haben</td><td>KL9.Hunger</td><td>KL7.Essen</td><td>KL7-FUT-sein-IND</td><td>fertig</td><td>wann</td></tr></table><div class=klassen>njaa Kl. 9 (Ø/n-), kein Numeruswechsel [kein Plural] · chakula Kl. 7/8 (ki- › vi-) → vyakula</div><div class=konkordanz>Kl.9: SUBJ i- · ADJ Ø/n- · GEN ya · DEM hii/ile · POSS y- · REL -yo · Kl.7: SUBJ ki- · ADJ ki- · GEN cha · DEM hiki/kile · POSS ch- · REL -cho</div><div class=hinweis>Hunger haben, nicht hungrig sein</div>	A1 SD1 H Hunger
Ich heiße Veronika.	Naitwa Veronika.<hr><table class=gloss><tr class=mo><td>na-it-w-a</td><td>Veronika</td></tr><tr class=la><td>1SG.PRÄS.ALLG-nennen-PASS-IND</td><td>Veronika</td></tr></table><div class=hinweis>Passiv auch bei der eigenen Vorstellung</div>	A1 SD1 I ich
Gib ihr/ihm bitte das Buch.	Tafadhali mpe kitabu.<hr><table class=gloss><tr class=mo><td>tafadhali</td><td>m-p-e</td><td>ki-tabu</td></tr><tr class=la><td>bitte</td><td>OBJ1-geben-KONJ</td><td>KL7-Buch</td></tr></table><div class=klassen>kitabu Kl. 7/8 (ki- › vi-) → vitabu</div><div class=konkordanz>Kl.7: SUBJ ki- · ADJ ki- · GEN cha · DEM hiki/kile · POSS ch- · REL -cho</div><div class=hinweis>Ein Objektpräfix -m- für ihr und ihm</div>	A1 SD1 I ihr/ihm/ihn
Ruf ihn bitte an.	Tafadhali mpigie simu.<hr><table class=gloss><tr class=mo><td>tafadhali</td><td>m-pig-i-e</td><td>simu</td></tr><tr class=la><td>bitte</td><td>OBJ1-schlagen-APPL-KONJ</td><td>KL9.Telefon</td></tr></table><div class=klassen>simu Kl. 9/10 (Ø/n-) → simu — Numerus nur an der Konkordanz</div><div class=konkordanz>Kl.9: SUBJ i- · ADJ Ø/n- · GEN ya · DEM hii/ile · POSS y- · REL -yo</div><div class=hinweis>Applikativ plus Objektpräfix für &quot;ihn anrufen&quot;</div>	A1 SD1 I ihr/ihm/ihn
Frau Bast kommt immer zu spät.	Bibi Bast anafika kwa kuchelewa kila mara.<hr><table class=gloss><tr class=mo><td>bibi</td><td>Bast</td><td>a-na-fik-a</td><td>kwa</td><td>ku-chelew-a</td><td>kila</td><td>mara</td></tr><tr class=la><td>KL5/KL1.Frau</td><td>Bast</td><td>3SG-PRÄS-ankommen-IND</td><td>mit</td><td>KL15-sich.verspäten-IND</td><td>jede</td><td>KL9.Mal</td></tr></table><div class=klassen>bibi Kl. 5/6 (ji-/Ø › ma-) → mabibi [Person: Form Kl. 5/6, Kongruenz Kl. 1/2]</div><div class=konkordanz>Kl.1: SUBJ a- · ADJ m-/mw- · GEN wa · DEM huyu/yule · POSS w- · REL -ye</div><div class=hinweis>zu spät kommen als kwa kuchelewa</div>	A1 SD1 I immer
Ich wohne in Wiesbaden.	Nakaa Wiesbaden.<hr><table class=gloss><tr class=mo><td>na-ka-a</td><td>Wiesbaden</td></tr><tr class=la><td>1SG.PRÄS.ALLG-wohnen-IND</td><td>Wiesbaden</td></tr></table><div class=hinweis>Ortsnamen brauchen keine Präposition</div>	A1 SD1 I in
Der Zug kommt in fünf Minuten.	Treni inakuja baada ya dakika tano.<hr><table class=gloss><tr class=mo><td>treni</td><td>i-na-kuj-a</td><td>baada</td><td>y-a</td><td>dakika</td><td>tano</td></tr><tr class=la><td>KL9.Zug</td><td>KL9-PRÄS-kommen-IND</td><td>nach</td><td>KL9-GEN</td><td>KL9.Minute</td><td>fünf</td></tr></table><div class=klassen>treni Kl. 9/10 (Ø/n-) → treni — Numerus nur an der Konkordanz [Lehnwort]</div><div class=konkordanz>Kl.9: SUBJ i- · ADJ Ø/n- · GEN ya · DEM hii/ile · POSS y- · REL -yo</div><div class=hinweis>baada ya verlangt den Genitiv</div>	A1 SD1 I in
Frau Rausch arbeitet in einem Geschäft.	Bibi Rausch anafanya kazi kwenye duka.<hr><table class=gloss><tr class=mo><td>bibi</td><td>Rausch</td><td>a-na-fany-a</td><td>kazi</td><td>kwenye</td><td>duka</td></tr><tr class=la><td>KL5/KL1.Frau</td><td>Rausch</td><td>3SG-PRÄS-tun-IND</td><td>KL9.Arbeit</td><td>an</td><td>KL5.Geschäft</td></tr></table><div class=klassen>bibi Kl. 5/6 (ji-/Ø › ma-) → mabibi [Person: Form Kl. 5/6, Kongruenz Kl. 1/2] · kazi Kl. 9/10 (Ø/n-) → kazi — Numerus nur an der Konkordanz · duka Kl. 5/6 (ji-/Ø › ma-) → maduka</div><div class=konkordanz>Kl.1: SUBJ a- · ADJ m-/mw- · GEN wa · DEM huyu/yule · POSS w- · REL -ye · Kl.9: SUBJ i- · ADJ Ø/n- · GEN ya · DEM hii/ile · POSS y- · REL -yo</div><div class=hinweis>kwenye für Orte und Institutionen</div>	A1 SD1 I in
Komm, wir gehen ins Kino.	Njoo, tunaenda sinemani.<hr><table class=gloss><tr class=mo><td>njoo</td><td>tu-na-end-a</td><td>sinema-ni</td></tr><tr class=la><td>komm</td><td>1PL-PRÄS-gehen-IND</td><td>KL9.Kino-LOK</td></tr></table><div class=konkordanz>Kl.9: SUBJ i- · ADJ Ø/n- · GEN ya · DEM hii/ile · POSS y- · REL -yo</div><div class=hinweis>njoo ist der unregelmäßige Imperativ von kuja</div>	A1 SD1 I in
Wenn Sie Fragen haben, gehen Sie zur Information.	Kama mnayo maswali, nendeni kwenye taarifa.<hr><table class=gloss><tr class=mo><td>kama</td><td>m-na-yo</td><td>ma-swali</td><td>nend-eni</td><td>kwenye</td><td>taarifa</td></tr><tr class=la><td>wenn</td><td>2PL-haben-REL9</td><td>KL6-Frage</td><td>gehen-IMP.PL</td><td>an</td><td>KL9.Information</td></tr></table><div class=klassen>swali Kl. 5/6 (ji-/Ø › ma-) → maswali · taarifa Kl. 9/10 (Ø/n-) → taarifa — Numerus nur an der Konkordanz</div><div class=konkordanz>Kl.5: SUBJ li- · ADJ ji-/Ø · GEN la · DEM hili/lile · POSS l- · REL -lo · Kl.9: SUBJ i- · ADJ Ø/n- · GEN ya · DEM hii/ile · POSS y- · REL -yo</div><div class=hinweis>kama leitet den Bedingungssatz ein</div>	A1 SD1 I Information
Wir haben hier wichtige Informationen für Sie.	Tunayo taarifa muhimu kwa ajili yenu hapa.<hr><table class=gloss><tr class=mo><td>tu-na-yo</td><td>taarifa</td><td>muhimu</td><td>kwa</td><td>ajili</td><td>y-enu</td><td>hapa</td></tr><tr class=la><td>1PL-haben-REL9</td><td>KL10.Information</td><td>wichtig</td><td>für</td><td>KL9.Zweck</td><td>KL9-euer</td><td>hier</td></tr></table><div class=klassen>taarifa Kl. 9/10 (Ø/n-) → taarifa — Numerus nur an der Konkordanz</div><div class=konkordanz>Kl.9: SUBJ i- · ADJ Ø/n- · GEN ya · DEM hii/ile · POSS y- · REL -yo</div><div class=hinweis>muhimu bleibt unverändert</div>	A1 SD1 I Information
Unser Deutschkurs ist international: Silvana kommt aus Italien, Conchi aus Spanien, Yin aus China ...	Kozi yetu ya Kijerumani ni ya kimataifa: Silvana anatoka Italia, Conchi kutoka Hispania, Yin kutoka China ...<hr><table class=gloss><tr class=mo><td>kozi</td><td>y-etu</td><td>y-a</td><td>Ki-jerumani</td><td>ni</td><td>y-a</td><td>ki-mataifa</td><td>Silvana</td><td>a-na-tok-a</td><td>Italia</td><td>Conchi</td><td>ku-tok-a</td><td>Hispania</td><td>Yin</td><td>ku-tok-a</td><td>China</td></tr><tr class=la><td>KL9.Kurs</td><td>KL9-unser</td><td>KL9-GEN</td><td>KL7-Deutsch</td><td>KOP</td><td>KL9-GEN</td><td>KL7-international</td><td>Silvana</td><td>3SG-PRÄS-kommen-IND</td><td>Italien</td><td>Conchi</td><td>KL15-kommen-IND</td><td>Spanien</td><td>Yin</td><td>KL15-kommen-IND</td><td>China</td></tr></table><div class=klassen>kozi Kl. 9/10 (Ø/n-) → kozi — Numerus nur an der Konkordanz [Lehnwort]</div><div class=konkordanz>Kl.9: SUBJ i- · ADJ Ø/n- · GEN ya · DEM hii/ile · POSS y- · REL -yo</div><div class=hinweis>ki- bildet Adjektive der Art: kimataifa</div>	A1 SD1 I international
Das findest du im Internet.	Hii unaipata kwenye mtandao.<hr><table class=gloss><tr class=mo><td>hii</td><td>u-na-i-pat-a</td><td>kwenye</td><td>m-tandao</td></tr><tr class=la><td>KL9.DEM</td><td>2SG-PRÄS-OBJ9-finden-IND</td><td>an</td><td>KL3-Internet</td></tr></table><div class=klassen>mtandao Kl. 3/4 (m-/mw- › mi-) → mitandao</div><div class=konkordanz>Kl.3: SUBJ u- · ADJ m-/mw- · GEN wa · DEM huu/ule · POSS w- · REL -o</div><div class=hinweis>mtandao Kl.3 heißt Netz und Internet</div>	A1 SD1 I Internet
Sind Sie Herr Watanabe? – Ja.	Nyinyi ni Bwana Watanabe? - Ndiyo.<hr><table class=gloss><tr class=mo><td>nyinyi</td><td>ni</td><td>bwana</td><td>Watanabe</td><td>ndiyo</td></tr><tr class=la><td>ihr</td><td>KOP</td><td>KL5/KL1.Herr</td><td>Watanabe</td><td>ja</td></tr></table><div class=klassen>bwana Kl. 5/6 (ji-/Ø › ma-) → mabwana [Person: Form Kl. 5/6, Kongruenz Kl. 1/2]</div><div class=konkordanz>Kl.1: SUBJ a- · ADJ m-/mw- · GEN wa · DEM huyu/yule · POSS w- · REL -ye</div><div class=hinweis>ndiyo bejaht einen Satz, ndio bestätigt ein Nomen</div>	A1 SD1 J ja
Zieh dir eine Jacke an. Es ist kalt.	Vaa koti. Kuna baridi.<hr><table class=gloss><tr class=mo><td>va-a</td><td>koti</td><td>ku-na</td><td>baridi</td></tr><tr class=la><td>anziehen-IMP</td><td>KL5.Jacke</td><td>KL17-mit</td><td>KL9.Kälte</td></tr></table><div class=klassen>koti Kl. 5/6 (ji-/Ø › ma-) → makoti</div><div class=konkordanz>Kl.5: SUBJ li- · ADJ ji-/Ø · GEN la · DEM hili/lile · POSS l- · REL -lo</div><div class=hinweis>Wetter mit kuna: es gibt Kälte</div>	A1 SD1 J Jacke
Blumen kannst du in jedem Bahnhof kaufen.	Maua unaweza kuyanunua kwenye stesheni yoyote.<hr><table class=gloss><tr class=mo><td>ma-ua</td><td>u-na-wez-a</td><td>ku-ya-nunu-a</td><td>kwenye</td><td>stesheni</td><td>y-oyote</td></tr><tr class=la><td>KL6-Blume</td><td>2SG-PRÄS-können-IND</td><td>KL15-OBJ6-kaufen-IND</td><td>an</td><td>KL9.Bahnhof</td><td>KL9-jede</td></tr></table><div class=klassen>ua Kl. 5/6 (ji-/Ø › ma-) → maua [Nullpraefix im Singular] · stesheni Kl. 9/10 (Ø/n-) → stesheni — Numerus nur an der Konkordanz [Lehnwort]</div><div class=konkordanz>Kl.5: SUBJ li- · ADJ ji-/Ø · GEN la · DEM hili/lile · POSS l- · REL -lo · Kl.9: SUBJ i- · ADJ Ø/n- · GEN ya · DEM hii/ile · POSS y- · REL -yo</div><div class=hinweis>yoyote kongruiert mit stesheni Kl.9</div>	A1 SD1 J jed
Jetzt machen wir eine Pause.	Sasa tunachukua mapumziko.<hr><table class=gloss><tr class=mo><td>sasa</td><td>tu-na-chuku-a</td><td>ma-pumziko</td></tr><tr class=la><td>jetzt</td><td>1PL-PRÄS-nehmen-IND</td><td>KL6-Pause</td></tr></table><div class=klassen>mapumziko Kl. 6 (ma-), kein Numeruswechsel [nur Plural]</div><div class=konkordanz>Kl.6: SUBJ ya- · ADJ ma- · GEN ya · DEM haya/yale · POSS y- · REL -yo</div><div class=hinweis>mapumziko ist Kl.6 und hat keinen Singular</div>	A1 SD1 J jetzt
Jenny hat einen neuen Job bei der Post.	Jenny ana kazi mpya kwenye posta.<hr><table class=gloss><tr class=mo><td>Jenny</td><td>a-na</td><td>kazi</td><td>m-pya</td><td>kwenye</td><td>posta</td></tr><tr class=la><td>Jenny</td><td>3SG-haben</td><td>KL9.Arbeit</td><td>KL9-neu</td><td>an</td><td>KL9.Post</td></tr></table><div class=klassen>kazi Kl. 9/10 (Ø/n-) → kazi — Numerus nur an der Konkordanz · posta Kl. 9/10 (Ø/n-) → posta — Numerus nur an der Konkordanz [Lehnwort]</div><div class=konkordanz>Kl.9: SUBJ i- · ADJ Ø/n- · GEN ya · DEM hii/ile · POSS y- · REL -yo</div><div class=hinweis>kazi deckt Arbeit, Beruf und Job ab</div>	A1 SD1 J Job
Viele Jugendliche kaufen gern ein.	Vijana wengi wanapenda kununua vitu.<hr><table class=gloss><tr class=mo><td>vi-jana</td><td>w-engi</td><td>wa-na-pend-a</td><td>ku-nunu-a</td><td>vi-tu</td></tr><tr class=la><td>KL8-Jugendliche</td><td>KL2-viele</td><td>KL2-PRÄS-mögen-IND</td><td>KL15-kaufen-IND</td><td>KL8-Ding</td></tr></table><div class=klassen>kijana Kl. 7/8 (ki- › vi-) → vijana [Person: Form Kl. 7/8, Kongruenz Kl. 1/2]</div><div class=konkordanz>Kl.1: SUBJ a- · ADJ m-/mw- · GEN wa · DEM huyu/yule · POSS w- · REL -ye</div><div class=hinweis>vijana ist Kl.8, kongruiert als Person aber Kl.2</div>	A1 SD1 J Jugendliche
Claudia ist 21. – Was? Noch so jung?	Claudia ana miaka ishirini na moja. - Nini? Mdogo hivyo bado?<hr><table class=gloss><tr class=mo><td>Claudia</td><td>a-na</td><td>mi-aka</td><td>ishirini</td><td>na</td><td>moja</td><td>nini</td><td>m-dogo</td><td>hivyo</td><td>bado</td></tr><tr class=la><td>Claudia</td><td>3SG-haben</td><td>KL4-Jahr</td><td>zwanzig</td><td>und</td><td>eins</td><td>was</td><td>KL1-jung</td><td>so</td><td>noch</td></tr></table><div class=klassen>mwaka wa kuzaliwa Kl. 3/4 (m-/mw- › mi-) → miaka ya kuzaliwa [Genitiv kongruiert mit dem Kopfnomen]</div><div class=konkordanz>Kl.3: SUBJ u- · ADJ m-/mw- · GEN wa · DEM huu/ule · POSS w- · REL -o</div><div class=hinweis>einundzwanzig = ishirini na moja</div>	A1 SD1 J jung
Ich habe zwei Kinder. Einen Jungen und ein Mädchen.	Nina watoto wawili. Mvulana mmoja na msichana mmoja.<hr><table class=gloss><tr class=mo><td>ni-na</td><td>watoto</td><td>w-awili</td><td>m-vulana</td><td>m-moja</td><td>na</td><td>m-sichana</td><td>m-moja</td></tr><tr class=la><td>1SG-haben</td><td>KL2.Kind</td><td>KL2-zwei</td><td>KL1-Junge</td><td>KL1-eins</td><td>und</td><td>KL1-Mädchen</td><td>KL1-eins</td></tr></table><div class=klassen>mtoto Kl. 1/2 (m-/mw- › wa-) → watoto · mvulana Kl. 1/2 (m-/mw- › wa-) → wavulana · msichana Kl. 1/2 (m-/mw- › wa-) → wasichana</div><div class=konkordanz>Kl.1: SUBJ a- · ADJ m-/mw- · GEN wa · DEM huyu/yule · POSS w- · REL -ye</div><div class=hinweis>mmoja kongruiert dreimal mit Kl.1 und Kl.2</div>	A1 SD1 J Junge
Zum Frühstück trinke ich immer Kaffee.	Kwa kifungua kinywa nanywa kahawa kila mara.<hr><table class=gloss><tr class=mo><td>kwa</td><td>ki-fungua</td><td>kinywa</td><td>na-nyw-a</td><td>kahawa</td><td>kila</td><td>mara</td></tr><tr class=la><td>für</td><td>KL7-öffnen</td><td>KL7.Mund</td><td>1SG.PRÄS.ALLG-trinken-IND</td><td>KL9.Kaffee</td><td>jede</td><td>KL9.Mal</td></tr></table><div class=klassen>kifungua kinywa Kl. 7/8 (ki- › vi-) → vifungua kinywa [woertlich &quot;Mundoeffner&quot;] · kahawa Kl. 9/10 (Ø/n-) → kahawa — Numerus nur an der Konkordanz</div><div class=konkordanz>Kl.7: SUBJ ki- · ADJ ki- · GEN cha · DEM hiki/kile · POSS ch- · REL -cho · Kl.9: SUBJ i- · ADJ Ø/n- · GEN ya · DEM hii/ile · POSS y- · REL -yo</div><div class=hinweis>kunywa hat den unregelmäßigen Stamm nyw-</div>	A1 SD1 K Kaffee
Das Glas war teuer. Es geht sehr leicht kaputt.	Glasi ilikuwa ghali. Inavunjika kwa urahisi sana.<hr><table class=gloss><tr class=mo><td>glasi</td><td>i-li-kuw-a</td><td>ghali</td><td>i-na-vunjik-a</td><td>kwa</td><td>urahisi</td><td>sana</td></tr><tr class=la><td>KL9.Glas</td><td>KL9-PRÄT-sein-IND</td><td>teuer</td><td>KL9-PRÄS-zerbrechen-IND</td><td>mit</td><td>KL14.Leichtigkeit</td><td>sehr</td></tr></table><div class=klassen>glasi Kl. 9/10 (Ø/n-) → glasi — Numerus nur an der Konkordanz [Lehnwort]</div><div class=konkordanz>Kl.9: SUBJ i- · ADJ Ø/n- · GEN ya · DEM hii/ile · POSS y- · REL -yo</div><div class=hinweis>Stativ -ik- macht aus zerbrechen &quot;kaputtgehen&quot;</div>	A1 SD1 K kaputt
Ich schreibe meinen Bekannten eine Karte aus dem Urlaub.	Naandikia watu niwafahamu kadi kutoka likizoni.<hr><table class=gloss><tr class=mo><td>na-andik-i-a</td><td>watu</td><td>ni-wa-fahamu</td><td>kadi</td><td>ku-tok-a</td><td>likizo-ni</td></tr><tr class=la><td>1SG.PRÄS.ALLG-schreiben-APPL-IND</td><td>KL2.Bekannte</td><td>1SG-OBJ2-kennen</td><td>KL9.Karte</td><td>KL15-kommen-IND</td><td>KL9.Urlaub-LOK</td></tr></table><div class=klassen>mtu Kl. 1/2 (m-/mw- › wa-) → watu [Musterwort fuer Kl. 1/2] · kadi Kl. 9/10 (Ø/n-) → kadi — Numerus nur an der Konkordanz [Speisekarte = &quot;menyu&quot; Kl. 9]</div><div class=konkordanz>Kl.1: SUBJ a- · ADJ m-/mw- · GEN wa · DEM huyu/yule · POSS w- · REL -ye · Kl.9: SUBJ i- · ADJ Ø/n- · GEN ya · DEM hii/ile · POSS y- · REL -yo</div><div class=hinweis>Applikativ -i- nennt die Empfänger</div>	A1 SD1 K Karte
Wollen wir Karten spielen?	Tucheze karata?<hr><table class=gloss><tr class=mo><td>tu-chez-e</td><td>karata</td></tr><tr class=la><td>1PL-spielen-KONJ</td><td>KL10.Spielkarte</td></tr></table><div class=konkordanz>Kl.10: SUBJ zi- · ADJ Ø/n- · GEN za · DEM hizi/zile · POSS z- · REL -zo</div><div class=hinweis>Spielkarte ist karata, Postkarte kadi</div>	A1 SD1 K Karte
Ich möchte auch etwas essen. Bringen Sie mir die Karte, bitte.	Nataka kula kitu pia. Tafadhali niletee menyu.<hr><table class=gloss><tr class=mo><td>na-tak-a</td><td>ku-l-a</td><td>ki-tu</td><td>pia</td><td>tafadhali</td><td>ni-let-e-e</td><td>menyu</td></tr><tr class=la><td>1SG.PRÄS.ALLG-wollen-IND</td><td>KL15-essen-IND</td><td>KL7-Ding</td><td>auch</td><td>bitte</td><td>OBJ1SG-bringen-APPL-KONJ</td><td>KL9.Speisekarte</td></tr></table><div class=klassen>menyu Kl. 9/10 (Ø/n-) → menyu — Numerus nur an der Konkordanz [Lehnwort]</div><div class=konkordanz>Kl.9: SUBJ i- · ADJ Ø/n- · GEN ya · DEM hii/ile · POSS y- · REL -yo</div><div class=hinweis>Speisekarte ist menyu, nicht kadi</div>	A1 SD1 K Karte
Kann ich auch mit Karte (be-) zahlen?	Naweza kulipa kwa kadi pia?<hr><table class=gloss><tr class=mo><td>na-wez-a</td><td>ku-lip-a</td><td>kwa</td><td>kadi</td><td>pia</td></tr><tr class=la><td>1SG.PRÄS.ALLG-können-IND</td><td>KL15-zahlen-IND</td><td>mit</td><td>KL9.Karte</td><td>auch</td></tr></table><div class=klassen>kadi Kl. 9/10 (Ø/n-) → kadi — Numerus nur an der Konkordanz [Speisekarte = &quot;menyu&quot; Kl. 9]</div><div class=konkordanz>Kl.9: SUBJ i- · ADJ Ø/n- · GEN ya · DEM hii/ile · POSS y- · REL -yo</div><div class=hinweis>kwa bezeichnet das Zahlungsmittel</div>	A1 SD1 K _Kredit_
Für Pommes frites braucht man Kartoffeln.	Kwa chipsi unahitaji viazi.<hr><table class=gloss><tr class=mo><td>kwa</td><td>chipsi</td><td>u-na-hitaji</td><td>vi-azi</td></tr><tr class=la><td>für</td><td>KL10.Pommes</td><td>2SG-PRÄS-brauchen</td><td>KL8-Kartoffel</td></tr></table><div class=klassen>chipsi Kl. 10 (Ø/n-), kein Numeruswechsel [nur Plural, Lehnwort] · kiazi Kl. 7/8 (ki- › vi-) → viazi</div><div class=konkordanz>Kl.10: SUBJ zi- · ADJ Ø/n- · GEN za · DEM hizi/zile · POSS z- · REL -zo · Kl.7: SUBJ ki- · ADJ ki- · GEN cha · DEM hiki/kile · POSS ch- · REL -cho</div><div class=hinweis>kiazi Kl.7, Plural viazi Kl.8</div>	A1 SD1 K Kartoffel
Zahlen Sie bitte an der Kasse.	Tafadhali lipeni kwenye kaunta ya kulipia.<hr><table class=gloss><tr class=mo><td>tafadhali</td><td>lip-eni</td><td>kwenye</td><td>kaunta</td><td>y-a</td><td>ku-lip-i-a</td></tr><tr class=la><td>bitte</td><td>zahlen-IMP.PL</td><td>an</td><td>KL9.Kasse</td><td>KL9-GEN</td><td>KL15-zahlen-APPL-IND</td></tr></table><div class=klassen>kaunta Kl. 9/10 (Ø/n-) → kaunta — Numerus nur an der Konkordanz [Lehnwort]</div><div class=konkordanz>Kl.9: SUBJ i- · ADJ Ø/n- · GEN ya · DEM hii/ile · POSS y- · REL -yo</div><div class=hinweis>Kasse als kaunta ya kulipia umschrieben</div>	A1 SD1 K Kasse
Tim kauft sich ein neues Auto.	Tim anajinunulia gari jipya.<hr><table class=gloss><tr class=mo><td>Tim</td><td>a-na-ji-nunu-li-a</td><td>gari</td><td>ji-pya</td></tr><tr class=la><td>Tim</td><td>3SG-PRÄS-REFL-kaufen-APPL-IND</td><td>KL5.Auto</td><td>KL5-neu</td></tr></table><div class=klassen>gari Kl. 5/6 (ji-/Ø › ma-) → magari</div><div class=konkordanz>Kl.5: SUBJ li- · ADJ ji-/Ø · GEN la · DEM hili/lile · POSS l- · REL -lo</div><div class=hinweis>Reflexiv -ji- plus Applikativ: für sich kaufen</div>	A1 SD1 K kaufen
Es gibt keine Eintrittskarten mehr.	Hakuna tiketi za kiingilio tena.<hr><table class=gloss><tr class=mo><td>haku-na</td><td>tiketi</td><td>z-a</td><td>ki-ingilio</td><td>tena</td></tr><tr class=la><td>KL17.NEG-mit</td><td>KL10.Fahrkarte</td><td>KL10-GEN</td><td>KL7-Eintritt</td><td>mehr</td></tr></table><div class=klassen>tiketi Kl. 9/10 (Ø/n-) → tiketi — Numerus nur an der Konkordanz [Lehnwort] · kiingilio Kl. 7/8 (ki- › vi-) → viingilio</div><div class=konkordanz>Kl.9: SUBJ i- · ADJ Ø/n- · GEN ya · DEM hii/ile · POSS y- · REL -yo · Kl.7: SUBJ ki- · ADJ ki- · GEN cha · DEM hiki/kile · POSS ch- · REL -cho</div><div class=hinweis>hakuna verneint das Vorhandensein</div>	A1 SD1 K kein
Kennen Sie diese Frau? – Nein, leider nicht.	Mnamfahamu mwanamke huyu? - Hapana, kwa bahati mbaya.<hr><table class=gloss><tr class=mo><td>m-na-m-fahamu</td><td>mw-anamke</td><td>huyu</td><td>hapana</td><td>kwa</td><td>bahati</td><td>m-baya</td></tr><tr class=la><td>2PL-PRÄS-OBJ1-kennen</td><td>KL1-Frau</td><td>KL1.DEM</td><td>nein</td><td>für</td><td>KL9.Glück</td><td>KL9-schlecht</td></tr></table><div class=klassen>mwanamke Kl. 1/2 (m-/mw- › wa-) → wanawake · bahati Kl. 9/10 (Ø/n-) → bahati — Numerus nur an der Konkordanz</div><div class=konkordanz>Kl.1: SUBJ a- · ADJ m-/mw- · GEN wa · DEM huyu/yule · POSS w- · REL -ye · Kl.9: SUBJ i- · ADJ Ø/n- · GEN ya · DEM hii/ile · POSS y- · REL -yo</div><div class=hinweis>Objektpräfix -m- für Personen der Kl.1</div>	A1 SD1 K kennen
Wir sind neu hier. Wir möchten Sie kennenlernen.	Tu wageni hapa. Tungependa kufahamiana nanyi.<hr><table class=gloss><tr class=mo><td>tu</td><td>wa-geni</td><td>hapa</td><td>tu-nge-pend-a</td><td>ku-fahami-an-a</td><td>nanyi</td></tr><tr class=la><td>1PL.KOP</td><td>KL2-neu</td><td>hier</td><td>1PL-IRR-mögen-IND</td><td>KL15-kennen-REZ-IND</td><td>mit.ihr</td></tr></table><div class=klassen>mgeni Kl. 1/2 (m-/mw- › wa-) → wageni [auch &quot;Gast&quot;]</div><div class=konkordanz>Kl.1: SUBJ a- · ADJ m-/mw- · GEN wa · DEM huyu/yule · POSS w- · REL -ye</div><div class=hinweis>Reziprok -an-: einander kennenlernen</div>	A1 SD1 K kennenlernen
Wie viele Kinder haben Sie?	Mna watoto wangapi?<hr><table class=gloss><tr class=mo><td>m-na</td><td>watoto</td><td>w-angapi</td></tr><tr class=la><td>2PL-haben</td><td>KL2.Kind</td><td>KL2-wieviel</td></tr></table><div class=klassen>mtoto Kl. 1/2 (m-/mw- › wa-) → watoto</div><div class=konkordanz>Kl.1: SUBJ a- · ADJ m-/mw- · GEN wa · DEM huyu/yule · POSS w- · REL -ye</div><div class=hinweis>wangapi kongruiert mit watoto Kl.2</div>	A1 SD1 K Kind
Die kleine Laura geht schon in den Kindergarten.	Laura mdogo anaenda shule ya awali tayari.<hr><table class=gloss><tr class=mo><td>Laura</td><td>m-dogo</td><td>a-na-end-a</td><td>shule</td><td>y-a</td><td>awali</td><td>tayari</td></tr><tr class=la><td>Laura</td><td>KL1-klein</td><td>3SG-PRÄS-gehen-IND</td><td>KL9.Schule</td><td>KL9-GEN</td><td>KL9.Anfang</td><td>schon</td></tr></table><div class=klassen>shule Kl. 9/10 (Ø/n-) → shule — Numerus nur an der Konkordanz</div><div class=konkordanz>Kl.9: SUBJ i- · ADJ Ø/n- · GEN ya · DEM hii/ile · POSS y- · REL -yo</div><div class=hinweis>Kindergarten als shule ya awali</div>	A1 SD1 K Kindergarten
Wir sehen heute Abend im Kino einen schönen Film.	Leo jioni tunaona filamu nzuri sinemani.<hr><table class=gloss><tr class=mo><td>leo</td><td>jioni</td><td>tu-na-on-a</td><td>filamu</td><td>n-zuri</td><td>sinema-ni</td></tr><tr class=la><td>heute</td><td>KL9.Abend</td><td>1PL-PRÄS-sehen-IND</td><td>KL9.Film</td><td>KL9-gut</td><td>KL9.Kino-LOK</td></tr></table><div class=klassen>filamu Kl. 9/10 (Ø/n-) → filamu — Numerus nur an der Konkordanz [Lehnwort]</div><div class=konkordanz>Kl.9: SUBJ i- · ADJ Ø/n- · GEN ya · DEM hii/ile · POSS y- · REL -yo</div><div class=hinweis>nzuri mit Nasalpräfix der Kl.9</div>	A1 SD1 K Kino
Am Kiosk bekommen Sie Getränke, Zigaretten und Zeitungen.	Kwenye kibanda mnapata vinywaji, sigara na magazeti.<hr><table class=gloss><tr class=mo><td>kwenye</td><td>ki-banda</td><td>m-na-pat-a</td><td>vi-nywaji</td><td>sigara</td><td>na</td><td>ma-gazeti</td></tr><tr class=la><td>an</td><td>KL7-Kiosk</td><td>2PL-PRÄS-bekommen-IND</td><td>KL8-Getränk</td><td>KL10.Zigarette</td><td>und</td><td>KL6-Zeitung</td></tr></table><div class=klassen>kibanda Kl. 7/8 (ki- › vi-) → vibanda · kinywaji Kl. 7/8 (ki- › vi-) → vinywaji · sigara Kl. 9/10 (Ø/n-) → sigara — Numerus nur an der Konkordanz [Lehnwort] · gazeti Kl. 5/6 (ji-/Ø › ma-) → magazeti</div><div class=konkordanz>Kl.7: SUBJ ki- · ADJ ki- · GEN cha · DEM hiki/kile · POSS ch- · REL -cho · Kl.9: SUBJ i- · ADJ Ø/n- · GEN ya · DEM hii/ile · POSS y- · REL -yo</div><div class=hinweis>Drei Klassen in einer Aufzählung: 8, 10, 6</div>	A1 SD1 K Kiosk
Kommst du mit? – Klar!	Unakuja pamoja? - Bila shaka!<hr><table class=gloss><tr class=mo><td>u-na-kuj-a</td><td>pamoja</td><td>bila</td><td>shaka</td></tr><tr class=la><td>2SG-PRÄS-kommen-IND</td><td>zusammen</td><td>ohne</td><td>KL9.Zweifel</td></tr></table><div class=konkordanz>Kl.9: SUBJ i- · ADJ Ø/n- · GEN ya · DEM hii/ile · POSS y- · REL -yo</div><div class=hinweis>bila shaka heißt wörtlich &quot;ohne Zweifel&quot;</div>	A1 SD1 K klar
In unserer Klasse sind fünfundzwanzig Schüler.	Katika darasa letu kuna wanafunzi ishirini na watano.<hr><table class=gloss><tr class=mo><td>katika</td><td>darasa</td><td>l-etu</td><td>ku-na</td><td>wanafunzi</td><td>ishirini</td><td>na</td><td>wa-tano</td></tr><tr class=la><td>in</td><td>KL5.Klasse</td><td>KL5-unser</td><td>KL17-mit</td><td>KL2.Schüler</td><td>zwanzig</td><td>und</td><td>KL2-fünf</td></tr></table><div class=klassen>darasa Kl. 5/6 (ji-/Ø › ma-) → madarasa · mwanafunzi Kl. 1/2 (m-/mw- › wa-) → wanafunzi</div><div class=konkordanz>Kl.5: SUBJ li- · ADJ ji-/Ø · GEN la · DEM hili/lile · POSS l- · REL -lo · Kl.1: SUBJ a- · ADJ m-/mw- · GEN wa · DEM huyu/yule · POSS w- · REL -ye</div><div class=hinweis>watano trägt das Kl.2-Präfix, ishirini nicht</div>	A1 SD1 K Klasse
Im Zug fahre ich immer 2. Klasse.	Kwenye treni nasafiri daraja la pili kila mara.<hr><table class=gloss><tr class=mo><td>kwenye</td><td>treni</td><td>na-safiri</td><td>daraja</td><td>l-a</td><td>pili</td><td>kila</td><td>mara</td></tr><tr class=la><td>an</td><td>KL9.Zug</td><td>1SG.PRÄS.ALLG-reisen</td><td>KL5.Klasse</td><td>KL5-GEN</td><td>zweite</td><td>jede</td><td>KL9.Mal</td></tr></table><div class=klassen>treni Kl. 9/10 (Ø/n-) → treni — Numerus nur an der Konkordanz [Lehnwort]</div><div class=konkordanz>Kl.9: SUBJ i- · ADJ Ø/n- · GEN ya · DEM hii/ile · POSS y- · REL -yo</div><div class=hinweis>daraja Kl.5 für Rang und Klasse</div>	A1 SD1 K Klasse
Wo finde ich Kleidung? – Jacken im ersten, Jeans im zweiten Stock.	Nguo nazipata wapi? - Makoti ghorofa ya kwanza, jinsi ghorofa ya pili.<hr><table class=gloss><tr class=mo><td>nguo</td><td>na-zi-pat-a</td><td>wapi</td><td>ma-koti</td><td>ghorofa</td><td>y-a</td><td>kwanza</td><td>jinsi</td><td>ghorofa</td><td>y-a</td><td>pili</td></tr><tr class=la><td>KL10.Kleidung</td><td>1SG.PRÄS.ALLG-OBJ10-finden-IND</td><td>wo</td><td>KL6-Jacke</td><td>KL9.Stock</td><td>KL9-GEN</td><td>erste</td><td>KL10.Jeans</td><td>KL9.Stock</td><td>KL9-GEN</td><td>zweite</td></tr></table><div class=klassen>nguo Kl. 9/10 (Ø/n-) → nguo — Numerus nur an der Konkordanz [meist Plural] · koti Kl. 5/6 (ji-/Ø › ma-) → makoti · ghorofa Kl. 9/10 (Ø/n-) → ghorofa — Numerus nur an der Konkordanz [Etage]</div><div class=konkordanz>Kl.9: SUBJ i- · ADJ Ø/n- · GEN ya · DEM hii/ile · POSS y- · REL -yo · Kl.5: SUBJ li- · ADJ ji-/Ø · GEN la · DEM hili/lile · POSS l- · REL -lo</div><div class=hinweis>Objektpräfix -zi- greift nguo Kl.10 auf</div>	A1 SD1 K Kleidung
Eltville ist eine kleine Stadt am Rhein.	Eltville ni mji mdogo kwenye mto Rhein.<hr><table class=gloss><tr class=mo><td>Eltville</td><td>ni</td><td>m-ji</td><td>m-dogo</td><td>kwenye</td><td>mto</td><td>Rhein</td></tr><tr class=la><td>Eltville</td><td>KOP</td><td>KL3-Stadt</td><td>KL3-klein</td><td>an</td><td>KL3.Fluss</td><td>Rhein</td></tr></table><div class=klassen>mji Kl. 3/4 (m-/mw- › mi-) → miji</div><div class=konkordanz>Kl.3: SUBJ u- · ADJ m-/mw- · GEN wa · DEM huu/ule · POSS w- · REL -o</div><div class=hinweis>mdogo kongruiert mit mji Kl.3</div>	A1 SD1 K klein
Herr Georgi kann gut kochen.	Bwana Georgi anaweza kupika vizuri.<hr><table class=gloss><tr class=mo><td>bwana</td><td>Georgi</td><td>a-na-wez-a</td><td>ku-pik-a</td><td>vi-zuri</td></tr><tr class=la><td>KL5/KL1.Herr</td><td>Georgi</td><td>3SG-PRÄS-können-IND</td><td>KL15-kochen-IND</td><td>KL8-gut</td></tr></table><div class=klassen>bwana Kl. 5/6 (ji-/Ø › ma-) → mabwana [Person: Form Kl. 5/6, Kongruenz Kl. 1/2]</div><div class=konkordanz>Kl.1: SUBJ a- · ADJ m-/mw- · GEN wa · DEM huyu/yule · POSS w- · REL -ye</div><div class=hinweis>vizuri ist das Adverb mit Kl.8-Präfix</div>	A1 SD1 K kochen
Ist das Ihr Koffer?	Hili ni sanduku lako?<hr><table class=gloss><tr class=mo><td>hili</td><td>ni</td><td>sanduku</td><td>l-ako</td></tr><tr class=la><td>KL5.DEM</td><td>KOP</td><td>KL5.Koffer</td><td>KL5-dein</td></tr></table><div class=klassen>sanduku Kl. 5/6 (ji-/Ø › ma-) → masanduku</div><div class=konkordanz>Kl.5: SUBJ li- · ADJ ji-/Ø · GEN la · DEM hili/lile · POSS l- · REL -lo</div><div class=hinweis>hili und lako kongruieren beide mit Kl.5</div>	A1 SD1 K Koffer
Wie heißt die neue Kollegin?	Mwenzi mpya anaitwa nani?<hr><table class=gloss><tr class=mo><td>mw-enzi</td><td>m-pya</td><td>a-na-it-w-a</td><td>nani</td></tr><tr class=la><td>KL1-Kollegin</td><td>KL1-neu</td><td>3SG-PRÄS-nennen-PASS-IND</td><td>wer</td></tr></table><div class=klassen>mwenzi Kl. 1/2 (m-/mw- › wa-) → wenzi</div><div class=konkordanz>Kl.1: SUBJ a- · ADJ m-/mw- · GEN wa · DEM huyu/yule · POSS w- · REL -ye</div><div class=hinweis>mwenzi Kl.1, Plural wenzi Kl.2</div>	A1 SD1 K Kollege
Woher kommen Sie? – Aus Frankreich.	Mnatoka wapi? - Kutoka Ufaransa.<hr><table class=gloss><tr class=mo><td>m-na-tok-a</td><td>wapi</td><td>ku-tok-a</td><td>Ufaransa</td></tr><tr class=la><td>2PL-PRÄS-kommen-IND</td><td>wo</td><td>KL15-kommen-IND</td><td>Frankreich</td></tr></table><div class=konkordanz>Kl.15: SUBJ ku- · ADJ ku- · GEN kwa · DEM huku/kule · POSS kw- · REL -ko</div><div class=hinweis>Ländernamen mit u- der Kl.11: Ufaransa</div>	A1 SD1 K kommen
Kommst du mit ins Schwimmbad?	Unakuja pamoja bwawani la kuogelea?<hr><table class=gloss><tr class=mo><td>u-na-kuj-a</td><td>pamoja</td><td>bwawa-ni</td><td>l-a</td><td>ku-ogele-a</td></tr><tr class=la><td>2SG-PRÄS-kommen-IND</td><td>zusammen</td><td>KL5.Becken-LOK</td><td>KL5-GEN</td><td>KL15-schwimmen-IND</td></tr></table><div class=konkordanz>Kl.5: SUBJ li- · ADJ ji-/Ø · GEN la · DEM hili/lile · POSS l- · REL -lo · Kl.15: SUBJ ku- · ADJ ku- · GEN kwa · DEM huku/kule · POSS kw- · REL -ko</div><div class=hinweis>Schwimmbad als bwawa la kuogelea</div>	A1 SD1 K kommen
Ich kann Deutsch und Russisch.	Najua Kijerumani na Kirusi.<hr><table class=gloss><tr class=mo><td>na-ju-a</td><td>Ki-jerumani</td><td>na</td><td>Ki-rusi</td></tr><tr class=la><td>1SG.PRÄS.ALLG-wissen-IND</td><td>KL7-Deutsch</td><td>und</td><td>KL7-Russisch</td></tr></table><div class=konkordanz>Kl.7: SUBJ ki- · ADJ ki- · GEN cha · DEM hiki/kile · POSS ch- · REL -cho</div><div class=hinweis>Sprachen tragen das ki- der Kl.7</div>	A1 SD1 K können
Können Sie mir helfen?	Mnaweza kunisaidia?<hr><table class=gloss><tr class=mo><td>m-na-wez-a</td><td>ku-ni-saidi-a</td></tr><tr class=la><td>2PL-PRÄS-können-IND</td><td>KL15-OBJ1SG-helfen-IND</td></tr></table><div class=konkordanz>Kl.15: SUBJ ku- · ADJ ku- · GEN kwa · DEM huku/kule · POSS kw- · REL -ko</div><div class=hinweis>kuweza für Fähigkeit, kujua für Kenntnis</div>	A1 SD1 K können
Das Geld überweisen wir am ersten März auf Ihr Konto.	Pesa tutazituma kwenye akaunti yako tarehe mosi Machi.<hr><table class=gloss><tr class=mo><td>pesa</td><td>tu-ta-zi-tum-a</td><td>kwenye</td><td>akaunti</td><td>y-ako</td><td>tarehe</td><td>mosi</td><td>Machi</td></tr><tr class=la><td>KL10.Geld</td><td>1PL-FUT-OBJ10-schicken-IND</td><td>an</td><td>KL9.Konto</td><td>KL9-dein</td><td>KL9.Datum</td><td>erste</td><td>März</td></tr></table><div class=klassen>pesa Kl. 9/10 (Ø/n-) → pesa — Numerus nur an der Konkordanz · akaunti Kl. 9/10 (Ø/n-) → akaunti — Numerus nur an der Konkordanz [Lehnwort] · tarehe Kl. 9/10 (Ø/n-) → tarehe — Numerus nur an der Konkordanz</div><div class=konkordanz>Kl.9: SUBJ i- · ADJ Ø/n- · GEN ya · DEM hii/ile · POSS y- · REL -yo</div><div class=hinweis>tarehe mosi ist der erste Tag des Monats</div>	A1 SD1 K Konto
Mein Kopf tut weh!	Kichwa changu kinaniuma!<hr><table class=gloss><tr class=mo><td>ki-chwa</td><td>ch-angu</td><td>ki-na-ni-um-a</td></tr><tr class=la><td>KL7-Kopf</td><td>KL7-mein</td><td>KL7-PRÄS-OBJ1SG-schmerzen-IND</td></tr></table><div class=klassen>kichwa Kl. 7/8 (ki- › vi-) → vichwa</div><div class=konkordanz>Kl.7: SUBJ ki- · ADJ ki- · GEN cha · DEM hiki/kile · POSS ch- · REL -cho</div><div class=hinweis>Dreifache Kl.7-Kongruenz: changu, ki-, kichwa</div>	A1 SD1 K Kopf
Wie viel kostet das? – 10 Euro.	Hii inagharimu kiasi gani? - Euro kumi.<hr><table class=gloss><tr class=mo><td>hii</td><td>i-na-gharimu</td><td>kiasi</td><td>gani</td><td>Euro</td><td>kumi</td></tr><tr class=la><td>KL9.DEM</td><td>KL9-PRÄS-kosten</td><td>KL9.Menge</td><td>welche</td><td>Euro</td><td>zehn</td></tr></table><div class=konkordanz>Kl.9: SUBJ i- · ADJ Ø/n- · GEN ya · DEM hii/ile · POSS y- · REL -yo</div><div class=hinweis>kiasi gani fragt nach der Menge</div>	A1 SD1 K kosten
Ich kann heute nicht zur Arbeit kommen, ich bin krank und liege im Bett.	Siwezi kuja kazini leo, mimi ni mgonjwa na nalala kitandani.<hr><table class=gloss><tr class=mo><td>si-wez-i</td><td>ku-j-a</td><td>kazi-ni</td><td>leo</td><td>mimi</td><td>ni</td><td>m-gonjwa</td><td>na</td><td>na-lal-a</td><td>ki-tanda-ni</td></tr><tr class=la><td>1SG.NEG-können-NEG</td><td>KL15-kommen-IND</td><td>KL9.Arbeit-LOK</td><td>heute</td><td>ich</td><td>KOP</td><td>KL1-krank</td><td>und</td><td>1SG.PRÄS.ALLG-liegen-IND</td><td>KL7-Bett-LOK</td></tr></table><div class=konkordanz>Kl.15: SUBJ ku- · ADJ ku- · GEN kwa · DEM huku/kule · POSS kw- · REL -ko · Kl.9: SUBJ i- · ADJ Ø/n- · GEN ya · DEM hii/ile · POSS y- · REL -yo</div><div class=hinweis>Zwei Ortsangaben mit -ni: kazini und kitandani</div>	A1 SD1 K krank
Ich kriege 15 Euro in der Stunde für meine Arbeit.	Napata Euro kumi na tano kwa saa kwa kazi yangu.<hr><table class=gloss><tr class=mo><td>na-pat-a</td><td>Euro</td><td>kumi</td><td>na</td><td>tano</td><td>kwa</td><td>saa</td><td>kwa</td><td>kazi</td><td>y-angu</td></tr><tr class=la><td>1SG.PRÄS.ALLG-bekommen-IND</td><td>Euro</td><td>zehn</td><td>und</td><td>fünf</td><td>pro</td><td>KL9.Stunde</td><td>für</td><td>KL9.Arbeit</td><td>KL9-mein</td></tr></table><div class=klassen>saa Kl. 9/10 (Ø/n-) → saa — Numerus nur an der Konkordanz [auch &quot;Uhr&quot;] · kazi Kl. 9/10 (Ø/n-) → kazi — Numerus nur an der Konkordanz</div><div class=konkordanz>Kl.9: SUBJ i- · ADJ Ø/n- · GEN ya · DEM hii/ile · POSS y- · REL -yo</div><div class=hinweis>kwa dient als &quot;pro&quot; und als &quot;für&quot;</div>	A1 SD1 K kriegen
Der neue Herd kommt in die Küche.	Jiko jipya linakwenda jikoni.<hr><table class=gloss><tr class=mo><td>jiko</td><td>ji-pya</td><td>li-na-kwend-a</td><td>jiko-ni</td></tr><tr class=la><td>KL5.Herd</td><td>KL5-neu</td><td>KL5-PRÄS-gehen-IND</td><td>KL5.Küche-LOK</td></tr></table><div class=klassen>jiko Kl. 5/6 (ji-/Ø › ma-) → majiko</div><div class=konkordanz>Kl.5: SUBJ li- · ADJ ji-/Ø · GEN la · DEM hili/lile · POSS l- · REL -lo</div><div class=hinweis>jiko ist Herd und Küche; nur -ni unterscheidet</div>	A1 SD1 K Küche
Ich nehme ein Stück Kuchen.	Nachukua kipande cha keki.<hr><table class=gloss><tr class=mo><td>na-chuku-a</td><td>ki-pande</td><td>ch-a</td><td>keki</td></tr><tr class=la><td>1SG.PRÄS.ALLG-nehmen-IND</td><td>KL7-Stück</td><td>KL7-GEN</td><td>KL9.Kuchen</td></tr></table><div class=klassen>keki Kl. 9/10 (Ø/n-) → keki — Numerus nur an der Konkordanz [Lehnwort]</div><div class=konkordanz>Kl.9: SUBJ i- · ADJ Ø/n- · GEN ya · DEM hii/ile · POSS y- · REL -yo</div><div class=hinweis>kipande Kl.7 nimmt den Genitiv cha</div>	A1 SD1 K Kuchen
Hast du einen Kugelschreiber für mich?	Unayo kalamu kwa ajili yangu?<hr><table class=gloss><tr class=mo><td>u-na-yo</td><td>kalamu</td><td>kwa</td><td>ajili</td><td>y-angu</td></tr><tr class=la><td>2SG-haben-REL9</td><td>KL9.Kugelschreiber</td><td>für</td><td>KL9.Zweck</td><td>KL9-mein</td></tr></table><div class=klassen>kalamu Kl. 9/10 (Ø/n-) → kalamu — Numerus nur an der Konkordanz</div><div class=konkordanz>Kl.9: SUBJ i- · ADJ Ø/n- · GEN ya · DEM hii/ile · POSS y- · REL -yo</div><div class=hinweis>kalamu deckt Stift und Kugelschreiber ab</div>	A1 SD1 K Kugelschreiber
Haben wir noch Milch? – Ja, im Kühlschrank.	Tunayo maziwa bado? - Ndiyo, kwenye friji.<hr><table class=gloss><tr class=mo><td>tu-na-yo</td><td>maziwa</td><td>bado</td><td>ndiyo</td><td>kwenye</td><td>friji</td></tr><tr class=la><td>1PL-haben-REL9</td><td>KL6.Milch</td><td>noch</td><td>ja</td><td>an</td><td>KL9.Kühlschrank</td></tr></table><div class=klassen>maziwa Kl. 6 (ma-), kein Numeruswechsel [nur Plural] · friji Kl. 9/10 (Ø/n-) → friji — Numerus nur an der Konkordanz [Lehnwort]</div><div class=konkordanz>Kl.6: SUBJ ya- · ADJ ma- · GEN ya · DEM haya/yale · POSS y- · REL -yo · Kl.9: SUBJ i- · ADJ Ø/n- · GEN ya · DEM hii/ile · POSS y- · REL -yo</div><div class=hinweis>maziwa ist Kl.6 und heißt Milch und Seen</div>	A1 SD1 K Kühlschrank
Ich bin kulturell interessiert. Ich gehe oft ins Museum.	Nina hamu ya kitamaduni. Naenda jumba la makumbusho mara nyingi.<hr><table class=gloss><tr class=mo><td>ni-na</td><td>hamu</td><td>y-a</td><td>ki-tamaduni</td><td>na-end-a</td><td>jumba</td><td>l-a</td><td>ma-kumbusho</td><td>mara</td><td>ny-ingi</td></tr><tr class=la><td>1SG-haben</td><td>KL9.Lust</td><td>KL9-GEN</td><td>KL7-kulturell</td><td>1SG.PRÄS.ALLG-gehen-IND</td><td>KL5.Halle</td><td>KL5-GEN</td><td>KL6-Erinnerung</td><td>KL9.Mal</td><td>KL10-viele</td></tr></table><div class=klassen>hamu ya kula Kl. 9 (Ø/n-), kein Numeruswechsel [Genitivfuegung]</div><div class=konkordanz>Kl.9: SUBJ i- · ADJ Ø/n- · GEN ya · DEM hii/ile · POSS y- · REL -yo</div><div class=hinweis>ki- bildet Adjektive der Art: kitamaduni</div>	A1 SD1 K kulturell
Jede Mutter kümmert sich um ihre kleinen Kinder.	Kila mama anawajali watoto wake wadogo.<hr><table class=gloss><tr class=mo><td>kila</td><td>mama</td><td>a-na-wa-jali</td><td>watoto</td><td>w-ake</td><td>w-adogo</td></tr><tr class=la><td>jede</td><td>KL9/KL1.Mutter</td><td>3SG-PRÄS-OBJ2-sorgen</td><td>KL2.Kind</td><td>KL2-sein</td><td>KL2-klein</td></tr></table><div class=klassen>mama Kl. 9/10 (Ø/n-) → mama — Numerus nur an der Konkordanz [Person: Form Kl. 9/10, Kongruenz Kl. 1/2] · mtoto Kl. 1/2 (m-/mw- › wa-) → watoto · mke Kl. 1/2 (m-/mw- › wa-) → wake [Ehemann = &quot;mume&quot; Kl. 1/2]</div><div class=konkordanz>Kl.1: SUBJ a- · ADJ m-/mw- · GEN wa · DEM huyu/yule · POSS w- · REL -ye</div><div class=hinweis>kujali braucht kein Reflexivpronomen</div>	A1 SD1 K sich_kümmern
Einen Moment, bitte. Ich habe eine Kundin.	Dakika moja, tafadhali. Nina mteja.<hr><table class=gloss><tr class=mo><td>dakika</td><td>moja</td><td>tafadhali</td><td>ni-na</td><td>m-teja</td></tr><tr class=la><td>KL9.Minute</td><td>eins</td><td>bitte</td><td>1SG-haben</td><td>KL1-Kunde</td></tr></table><div class=klassen>mteja Kl. 1/2 (m-/mw- › wa-) → wateja</div><div class=konkordanz>Kl.1: SUBJ a- · ADJ m-/mw- · GEN wa · DEM huyu/yule · POSS w- · REL -ye</div><div class=hinweis>mteja Kl.1, Plural wateja Kl.2</div>	A1 SD1 K Kunde
Der Deutschkurs geht bis zum Sommer.	Kozi ya Kijerumani inaendelea hadi kiangazi.<hr><table class=gloss><tr class=mo><td>kozi</td><td>y-a</td><td>Ki-jerumani</td><td>i-na-endele-a</td><td>hadi</td><td>ki-angazi</td></tr><tr class=la><td>KL9.Kurs</td><td>KL9-GEN</td><td>KL7-Deutsch</td><td>KL9-PRÄS-weitergehen-IND</td><td>bis</td><td>KL7-Sommer</td></tr></table><div class=klassen>kozi Kl. 9/10 (Ø/n-) → kozi — Numerus nur an der Konkordanz [Lehnwort]</div><div class=konkordanz>Kl.9: SUBJ i- · ADJ Ø/n- · GEN ya · DEM hii/ile · POSS y- · REL -yo</div><div class=hinweis>Jahreszeiten tragen oft das ki- der Kl.7</div>	A1 SD1 K Kurs
Ricardo hat kurzes Haar.	Ricardo ana nywele fupi.<hr><table class=gloss><tr class=mo><td>Ricardo</td><td>a-na</td><td>nywele</td><td>fupi</td></tr><tr class=la><td>Ricardo</td><td>3SG-haben</td><td>KL10.Haar</td><td>kurz</td></tr></table><div class=klassen>unywele Kl. 11/10 (u- › Ø/n-) → nywele [meist Plural &quot;nywele&quot;]</div><div class=konkordanz>Kl.11: SUBJ u- · ADJ m-/mw- · GEN wa · DEM huu/ule · POSS w- · REL -o</div><div class=hinweis>fupi bleibt in Kl.10 ohne Präfix</div>	A1 SD1 K kurz
Die Kinder lachen viel.	Watoto wanacheka sana.<hr><table class=gloss><tr class=mo><td>watoto</td><td>wa-na-chek-a</td><td>sana</td></tr><tr class=la><td>KL2.Kind</td><td>KL2-PRÄS-lachen-IND</td><td>sehr</td></tr></table><div class=klassen>mtoto Kl. 1/2 (m-/mw- › wa-) → watoto</div><div class=konkordanz>Kl.1: SUBJ a- · ADJ m-/mw- · GEN wa · DEM huyu/yule · POSS w- · REL -ye</div><div class=hinweis>sana verstärkt das Verb</div>	A1 SD1 L lachen
Im Buchladen können Sie Bücher kaufen.	Kwenye duka la vitabu mnaweza kununua vitabu.<hr><table class=gloss><tr class=mo><td>kwenye</td><td>duka</td><td>l-a</td><td>vi-tabu</td><td>m-na-wez-a</td><td>ku-nunu-a</td><td>vi-tabu</td></tr><tr class=la><td>an</td><td>KL5.Laden</td><td>KL5-GEN</td><td>KL8-Buch</td><td>2PL-PRÄS-können-IND</td><td>KL15-kaufen-IND</td><td>KL8-Buch</td></tr></table><div class=klassen>duka Kl. 5/6 (ji-/Ø › ma-) → maduka · kitabu Kl. 7/8 (ki- › vi-) → vitabu</div><div class=konkordanz>Kl.5: SUBJ li- · ADJ ji-/Ø · GEN la · DEM hili/lile · POSS l- · REL -lo · Kl.7: SUBJ ki- · ADJ ki- · GEN cha · DEM hiki/kile · POSS ch- · REL -cho</div><div class=hinweis>duka la vitabu heißt wörtlich &quot;Laden der Bücher&quot;</div>	A1 SD1 L Laden
Italien ist ein schönes Land.	Italia ni nchi nzuri.<hr><table class=gloss><tr class=mo><td>Italia</td><td>ni</td><td>nchi</td><td>n-zuri</td></tr><tr class=la><td>Italien</td><td>KOP</td><td>KL9.Land</td><td>KL9-gut</td></tr></table><div class=klassen>nchi Kl. 9/10 (Ø/n-) → nchi — Numerus nur an der Konkordanz</div><div class=konkordanz>Kl.9: SUBJ i- · ADJ Ø/n- · GEN ya · DEM hii/ile · POSS y- · REL -yo</div><div class=hinweis>nzuri mit Nasalpräfix der Kl.9</div>	A1 SD1 L Land
Die Jeans ist zu lang.	Jinsi ni ndefu mno.<hr><table class=gloss><tr class=mo><td>jinsi</td><td>ni</td><td>n-defu</td><td>mno</td></tr><tr class=la><td>KL10.Jeans</td><td>KOP</td><td>KL10-lang</td><td>zu</td></tr></table><div class=konkordanz>Kl.10: SUBJ zi- · ADJ Ø/n- · GEN za · DEM hizi/zile · POSS z- · REL -zo</div><div class=hinweis>mno heißt &quot;allzu&quot;, sana heißt &quot;sehr&quot;</div>	A1 SD1 L lang
Wie lange fährt der Zug von Hamburg nach Berlin?	Treni inachukua muda gani kutoka Hamburg hadi Berlin?<hr><table class=gloss><tr class=mo><td>treni</td><td>i-na-chuku-a</td><td>muda</td><td>gani</td><td>ku-tok-a</td><td>Hamburg</td><td>hadi</td><td>Berlin</td></tr><tr class=la><td>KL9.Zug</td><td>KL9-PRÄS-nehmen-IND</td><td>KL3.Zeit</td><td>welche</td><td>KL15-kommen-IND</td><td>Hamburg</td><td>bis</td><td>Berlin</td></tr></table><div class=klassen>treni Kl. 9/10 (Ø/n-) → treni — Numerus nur an der Konkordanz [Lehnwort] · muda Kl. 3/10 (m-/mw- › Ø/n-) → nyakati [Plural unregelmaessig]</div><div class=konkordanz>Kl.9: SUBJ i- · ADJ Ø/n- · GEN ya · DEM hii/ile · POSS y- · REL -yo · Kl.3: SUBJ u- · ADJ m-/mw- · GEN wa · DEM huu/ule · POSS w- · REL -o</div><div class=hinweis>Dauer wird mit kuchukua muda ausgedrückt</div>	A1 SD1 L lange
Könnten Sie bitte etwas langsamer sprechen?	Mngeweza kusema polepole zaidi, tafadhali?<hr><table class=gloss><tr class=mo><td>m-nge-wez-a</td><td>ku-sem-a</td><td>polepole</td><td>zaidi</td><td>tafadhali</td></tr><tr class=la><td>2PL-IRR-können-IND</td><td>KL15-sprechen-IND</td><td>langsam</td><td>mehr</td><td>bitte</td></tr></table><div class=konkordanz>Kl.15: SUBJ ku- · ADJ ku- · GEN kwa · DEM huku/kule · POSS kw- · REL -ko</div><div class=hinweis>-nge- bildet die Höflichkeitsform &quot;könnten Sie&quot;</div>	A1 SD1 L langsam
Ich möchte nicht Auto fahren, ich möchte laufen.	Sitaki kuendesha gari, nataka kutembea.<hr><table class=gloss><tr class=mo><td>si-tak-i</td><td>ku-endesh-a</td><td>gari</td><td>na-tak-a</td><td>ku-tembe-a</td></tr><tr class=la><td>1SG.NEG-wollen-NEG</td><td>KL15-fahren-IND</td><td>KL5.Auto</td><td>1SG.PRÄS.ALLG-wollen-IND</td><td>KL15-gehen-IND</td></tr></table><div class=klassen>gari Kl. 5/6 (ji-/Ø › ma-) → magari</div><div class=konkordanz>Kl.5: SUBJ li- · ADJ ji-/Ø · GEN la · DEM hili/lile · POSS l- · REL -lo</div><div class=hinweis>kutembea heißt gehen, wandern und spazieren</div>	A1 SD1 L laufen
Nicht so laut! Das Baby schläft.	Si kwa sauti kubwa hivyo! Mtoto mchanga analala.<hr><table class=gloss><tr class=mo><td>si</td><td>kwa</td><td>sauti</td><td>kubwa</td><td>hivyo</td><td>m-toto</td><td>m-changa</td><td>a-na-lal-a</td></tr><tr class=la><td>NEG</td><td>mit</td><td>KL9.Stimme</td><td>groß</td><td>so</td><td>KL1-Kind</td><td>KL1-jung</td><td>3SG-PRÄS-schlafen-IND</td></tr></table><div class=klassen>mtoto Kl. 1/2 (m-/mw- › wa-) → watoto</div><div class=konkordanz>Kl.1: SUBJ a- · ADJ m-/mw- · GEN wa · DEM huyu/yule · POSS w- · REL -ye</div><div class=hinweis>laut = kwa sauti kubwa, &quot;mit großer Stimme&quot;</div>	A1 SD1 L laut
Sie lebt bei ihrer Schwester.	Anakaa kwa dada yake.<hr><table class=gloss><tr class=mo><td>a-na-ka-a</td><td>kwa</td><td>dada</td><td>y-ake</td></tr><tr class=la><td>3SG-PRÄS-wohnen-IND</td><td>bei</td><td>KL9/KL1.Schwester</td><td>KL9-sein</td></tr></table><div class=klassen>dada Kl. 9/10 (Ø/n-) → dada — Numerus nur an der Konkordanz [Person: Form Kl. 9/10, Kongruenz Kl. 1/2]</div><div class=konkordanz>Kl.1: SUBJ a- · ADJ m-/mw- · GEN wa · DEM huyu/yule · POSS w- · REL -ye</div><div class=hinweis>kwa bezeichnet den Aufenthalt bei Personen</div>	A1 SD1 L leben
Ihre Eltern leben nicht mehr.	Wazazi wake hawapo tena hai.<hr><table class=gloss><tr class=mo><td>wazazi</td><td>w-ake</td><td>hawa-po</td><td>tena</td><td>hai</td></tr><tr class=la><td>KL2.Eltern</td><td>KL2-sein</td><td>3PL.NEG-sein.da</td><td>mehr</td><td>lebendig</td></tr></table><div class=klassen>mzazi Kl. 1/2 (m-/mw- › wa-) → wazazi [deutsch nur Plural] · mke Kl. 1/2 (m-/mw- › wa-) → wake [Ehemann = &quot;mume&quot; Kl. 1/2]</div><div class=konkordanz>Kl.1: SUBJ a- · ADJ m-/mw- · GEN wa · DEM huyu/yule · POSS w- · REL -ye</div><div class=hinweis>hai bleibt unverändert</div>	A1 SD1 L leben
Das Leben in diesem Land ist teuer.	Maisha katika nchi hii ni ghali.<hr><table class=gloss><tr class=mo><td>maisha</td><td>katika</td><td>nchi</td><td>hii</td><td>ni</td><td>ghali</td></tr><tr class=la><td>KL6.Leben</td><td>in</td><td>KL9.Land</td><td>KL9.DEM</td><td>KOP</td><td>teuer</td></tr></table><div class=klassen>maisha Kl. 6 (ma-), kein Numeruswechsel [nur Plural] · nchi Kl. 9/10 (Ø/n-) → nchi — Numerus nur an der Konkordanz</div><div class=konkordanz>Kl.6: SUBJ ya- · ADJ ma- · GEN ya · DEM haya/yale · POSS y- · REL -yo · Kl.9: SUBJ i- · ADJ Ø/n- · GEN ya · DEM hii/ile · POSS y- · REL -yo</div><div class=hinweis>maisha ist Kl.6 und hat keinen Singular</div>	A1 SD1 L Leben
Lebensmittel bekommen Sie im Supermarkt.	Chakula mnapata kwenye duka kuu.<hr><table class=gloss><tr class=mo><td>chakula</td><td>m-na-pat-a</td><td>kwenye</td><td>duka</td><td>kuu</td></tr><tr class=la><td>KL7.Essen</td><td>2PL-PRÄS-bekommen-IND</td><td>an</td><td>KL5.Laden</td><td>groß</td></tr></table><div class=klassen>chakula Kl. 7/8 (ki- › vi-) → vyakula · duka Kl. 5/6 (ji-/Ø › ma-) → maduka</div><div class=konkordanz>Kl.7: SUBJ ki- · ADJ ki- · GEN cha · DEM hiki/kile · POSS ch- · REL -cho · Kl.5: SUBJ li- · ADJ ji-/Ø · GEN la · DEM hili/lile · POSS l- · REL -lo</div><div class=hinweis>Supermarkt als duka kuu</div>	A1 SD1 L Lebensmittel__pl__
Sind Sie verheiratet? – Nein. Ledig.	Mmeoa? - Hapana. Sijaoa.<hr><table class=gloss><tr class=mo><td>m-me-o-a</td><td>hapana</td><td>si-ja-o-a</td></tr><tr class=la><td>2PL-PERF-heiraten-IND</td><td>nein</td><td>1SG.NEG-PERF.NEG-heiraten-IND</td></tr></table><div class=hinweis>ledig wörtlich &quot;ich habe noch nicht geheiratet&quot;</div>	A1 SD1 L ledig
Legen Sie das Buch auf den Tisch.	Wekeni kitabu mezani.<hr><table class=gloss><tr class=mo><td>wek-eni</td><td>ki-tabu</td><td>meza-ni</td></tr><tr class=la><td>legen-IMP.PL</td><td>KL7-Buch</td><td>KL9.Tisch-LOK</td></tr></table><div class=klassen>kitabu Kl. 7/8 (ki- › vi-) → vitabu</div><div class=konkordanz>Kl.7: SUBJ ki- · ADJ ki- · GEN cha · DEM hiki/kile · POSS ch- · REL -cho</div><div class=hinweis>Ortssuffix -ni ersetzt die Präposition auf</div>	A1 SD1 L legen
Unsere Deutschlehrerin heißt Frau Müller.	Mwalimu wetu wa Kijerumani anaitwa Bibi Müller.<hr><table class=gloss><tr class=mo><td>mw-alimu</td><td>w-etu</td><td>w-a</td><td>Ki-jerumani</td><td>a-na-it-w-a</td><td>bibi</td><td>Müller</td></tr><tr class=la><td>KL1-Lehrerin</td><td>KL1-unser</td><td>KL1-GEN</td><td>KL7-Deutsch</td><td>3SG-PRÄS-nennen-PASS-IND</td><td>KL5/KL1.Frau</td><td>Müller</td></tr></table><div class=klassen>mwalimu Kl. 1/2 (m-/mw- › wa-) → walimu [Musterwort fuer Kl. 1/2] · bibi Kl. 5/6 (ji-/Ø › ma-) → mabibi [Person: Form Kl. 5/6, Kongruenz Kl. 1/2]</div><div class=konkordanz>Kl.1: SUBJ a- · ADJ m-/mw- · GEN wa · DEM huyu/yule · POSS w- · REL -ye</div><div class=hinweis>mwalimu Kl.1, Plural walimu Kl.2</div>	A1 SD1 L Lehrer
Der Koffer ist leicht.	Sanduku ni jepesi.<hr><table class=gloss><tr class=mo><td>sanduku</td><td>ni</td><td>je-pesi</td></tr><tr class=la><td>KL5.Koffer</td><td>KOP</td><td>KL5-leicht</td></tr></table><div class=klassen>sanduku Kl. 5/6 (ji-/Ø › ma-) → masanduku</div><div class=konkordanz>Kl.5: SUBJ li- · ADJ ji-/Ø · GEN la · DEM hili/lile · POSS l- · REL -lo</div><div class=hinweis>jepesi mit ji-Präfix der Kl.5</div>	A1 SD1 L leicht
Deutsch ist nicht leicht.	Kijerumani si rahisi.<hr><table class=gloss><tr class=mo><td>Ki-jerumani</td><td>si</td><td>rahisi</td></tr><tr class=la><td>KL7-Deutsch</td><td>NEG.KOP</td><td>einfach</td></tr></table><div class=konkordanz>Kl.7: SUBJ ki- · ADJ ki- · GEN cha · DEM hiki/kile · POSS ch- · REL -cho</div><div class=hinweis>rahisi heißt einfach und billig</div>	A1 SD1 L leicht
Leider kann ich nicht kommen. Ich muss zum Arzt.	Kwa bahati mbaya siwezi kuja. Lazima niende kwa daktari.<hr><table class=gloss><tr class=mo><td>kwa</td><td>bahati</td><td>m-baya</td><td>si-wez-i</td><td>ku-j-a</td><td>lazima</td><td>ni-end-e</td><td>kwa</td><td>daktari</td></tr><tr class=la><td>für</td><td>KL9.Glück</td><td>KL9-schlecht</td><td>1SG.NEG-können-NEG</td><td>KL15-kommen-IND</td><td>muss</td><td>1SG-gehen-KONJ</td><td>zu</td><td>KL5/KL1.Arzt</td></tr></table><div class=klassen>bahati Kl. 9/10 (Ø/n-) → bahati — Numerus nur an der Konkordanz · daktari Kl. 5/6 (ji-/Ø › ma-) → madaktari [Person: Form Kl. 5/6, Kongruenz Kl. 1/2]</div><div class=konkordanz>Kl.9: SUBJ i- · ADJ Ø/n- · GEN ya · DEM hii/ile · POSS y- · REL -yo · Kl.1: SUBJ a- · ADJ m-/mw- · GEN wa · DEM huyu/yule · POSS w- · REL -ye</div><div class=hinweis>kwa bahati mbaya ist die feste Wendung für leider</div>	A1 SD1 L leider
Seid leise. Die anderen schlafen schon.	Kuwa watulivu. Wengine wanalala tayari.<hr><table class=gloss><tr class=mo><td>ku-w-a</td><td>wa-tulivu</td><td>w-engine</td><td>wa-na-lal-a</td><td>tayari</td></tr><tr class=la><td>KL15-sein-IND</td><td>KL2-ruhig</td><td>KL2-andere</td><td>KL2-PRÄS-schlafen-IND</td><td>schon</td></tr></table><div class=konkordanz>Kl.15: SUBJ ku- · ADJ ku- · GEN kwa · DEM huku/kule · POSS kw- · REL -ko · Kl.2: SUBJ wa- · ADJ wa- · GEN wa · DEM hawa/wale · POSS w- · REL -o</div><div class=hinweis>Infinitiv dient als höflicher Imperativ</div>	A1 SD1 L leise
Wie lange lernen Sie schon Deutsch?	Mnasoma Kijerumani kwa muda gani tayari?<hr><table class=gloss><tr class=mo><td>m-na-som-a</td><td>Ki-jerumani</td><td>kwa</td><td>muda</td><td>gani</td><td>tayari</td></tr><tr class=la><td>2PL-PRÄS-lernen-IND</td><td>KL7-Deutsch</td><td>für</td><td>KL3.Zeit</td><td>welche</td><td>schon</td></tr></table><div class=klassen>muda Kl. 3/10 (m-/mw- › Ø/n-) → nyakati [Plural unregelmaessig]</div><div class=konkordanz>Kl.3: SUBJ u- · ADJ m-/mw- · GEN wa · DEM huu/ule · POSS w- · REL -o</div><div class=hinweis>kusoma heißt lesen, lernen und studieren</div>	A1 SD1 L lernen
Ich lese ein Buch von García Márquez.	Nasoma kitabu cha García Márquez.<hr><table class=gloss><tr class=mo><td>na-som-a</td><td>ki-tabu</td><td>ch-a</td><td>García</td><td>Márquez</td></tr><tr class=la><td>1SG.PRÄS.ALLG-lesen-IND</td><td>KL7-Buch</td><td>KL7-GEN</td><td>García</td><td>Márquez</td></tr></table><div class=klassen>kitabu Kl. 7/8 (ki- › vi-) → vitabu</div><div class=konkordanz>Kl.7: SUBJ ki- · ADJ ki- · GEN cha · DEM hiki/kile · POSS ch- · REL -cho</div><div class=hinweis>Genitiv cha nach kitabu Kl.7</div>	A1 SD1 L lesen
Morgen ist der letzte Kurstag.	Kesho ni siku ya mwisho ya kozi.<hr><table class=gloss><tr class=mo><td>kesho</td><td>ni</td><td>siku</td><td>y-a</td><td>mwisho</td><td>y-a</td><td>kozi</td></tr><tr class=la><td>morgen</td><td>KOP</td><td>KL9.Tag</td><td>KL9-GEN</td><td>KL3.Ende</td><td>KL9-GEN</td><td>KL9.Kurs</td></tr></table><div class=klassen>siku ya kuzaliwa Kl. 9/10 (Ø/n-) → siku za kuzaliwa [Genitiv kongruiert mit dem Kopfnomen] · mwisho Kl. 3/4 (m-/mw- › mi-) → miisho · kozi Kl. 9/10 (Ø/n-) → kozi — Numerus nur an der Konkordanz [Lehnwort]</div><div class=konkordanz>Kl.9: SUBJ i- · ADJ Ø/n- · GEN ya · DEM hii/ile · POSS y- · REL -yo · Kl.3: SUBJ u- · ADJ m-/mw- · GEN wa · DEM huu/ule · POSS w- · REL -o</div><div class=hinweis>Zwei Genitive ya hintereinander</div>	A1 SD1 L letzt
In der Disko sind viele Leute.	Diskoni kuna watu wengi.<hr><table class=gloss><tr class=mo><td>disko-ni</td><td>ku-na</td><td>watu</td><td>w-engi</td></tr><tr class=la><td>KL9.Disco-LOK</td><td>KL17-mit</td><td>KL2.Leute</td><td>KL2-viele</td></tr></table><div class=klassen>mtu Kl. 1/2 (m-/mw- › wa-) → watu [Musterwort fuer Kl. 1/2]</div><div class=konkordanz>Kl.1: SUBJ a- · ADJ m-/mw- · GEN wa · DEM huyu/yule · POSS w- · REL -ye</div><div class=hinweis>kuna nimmt die Ortsklasse 17</div>	A1 SD1 L Leute__pl__
Wo macht man hier das Licht an?	Taa inawashwa wapi hapa?<hr><table class=gloss><tr class=mo><td>taa</td><td>i-na-wash-w-a</td><td>wapi</td><td>hapa</td></tr><tr class=la><td>KL9.Lampe</td><td>KL9-PRÄS-anmachen-PASS-IND</td><td>wo</td><td>hier</td></tr></table><div class=konkordanz>Kl.9: SUBJ i- · ADJ Ø/n- · GEN ya · DEM hii/ile · POSS y- · REL -yo</div><div class=hinweis>Unpersönliches &quot;man&quot; wird durch das Passiv ersetzt</div>	A1 SD1 L Licht
Liebe Susanne, lieber Hans,	Susanne mpendwa, Hans mpendwa,<hr><table class=gloss><tr class=mo><td>Susanne</td><td>m-pendwa</td><td>Hans</td><td>m-pendwa</td></tr><tr class=la><td>Susanne</td><td>KL1-lieb</td><td>Hans</td><td>KL1-lieb</td></tr></table><div class=konkordanz>Kl.1: SUBJ a- · ADJ m-/mw- · GEN wa · DEM huyu/yule · POSS w- · REL -ye</div><div class=hinweis>mpendwa ist ein Passivpartizip: der Geliebte</div>	A1 SD1 L lieb
Ich liebe dich!	Nakupenda!<hr><table class=gloss><tr class=mo><td>na-ku-pend-a</td></tr><tr class=la><td>1SG.PRÄS.ALLG-OBJ2SG-lieben-IND</td></tr></table><div class=hinweis>Objektpräfix -ku- für dich</div>	A1 SD1 L lieben
Sie fährt lieber mit der Bahn.	Anapenda kusafiri kwa treni zaidi.<hr><table class=gloss><tr class=mo><td>a-na-pend-a</td><td>ku-safiri</td><td>kwa</td><td>treni</td><td>zaidi</td></tr><tr class=la><td>3SG-PRÄS-mögen-IND</td><td>KL15-reisen</td><td>mit</td><td>KL9.Zug</td><td>mehr</td></tr></table><div class=klassen>treni Kl. 9/10 (Ø/n-) → treni — Numerus nur an der Konkordanz [Lehnwort]</div><div class=konkordanz>Kl.9: SUBJ i- · ADJ Ø/n- · GEN ya · DEM hii/ile · POSS y- · REL -yo</div><div class=hinweis>lieber = kupenda zaidi</div>	A1 SD1 L lieber
Mein Lieblingsfilm ist „Schwarze Augen“.	Filamu nipendayo zaidi ni "Macho Meusi".<hr><table class=gloss><tr class=mo><td>filamu</td><td>ni-pend-a-yo</td><td>zaidi</td><td>ni</td><td>macho</td><td>m-eusi</td></tr><tr class=la><td>KL9.Film</td><td>1SG-mögen-IND-REL9</td><td>mehr</td><td>KOP</td><td>KL6.Auge</td><td>KL6-schwarz</td></tr></table><div class=klassen>filamu Kl. 9/10 (Ø/n-) → filamu — Numerus nur an der Konkordanz [Lehnwort] · jicho Kl. 5/6 (ji-/Ø › ma-) → macho [Nullpraefix im Singular]</div><div class=konkordanz>Kl.9: SUBJ i- · ADJ Ø/n- · GEN ya · DEM hii/ile · POSS y- · REL -yo · Kl.5: SUBJ li- · ADJ ji-/Ø · GEN la · DEM hili/lile · POSS l- · REL -lo</div><div class=hinweis>Relativsuffix -yo am Verbende, Klasse 9</div>	A1 SD1 L Lieblings
Welches ist dein Lieblingslied?	Wimbo upi ni unaoupenda zaidi?<hr><table class=gloss><tr class=mo><td>wimbo</td><td>upi</td><td>ni</td><td>u-na-o-u-pend-a</td><td>zaidi</td></tr><tr class=la><td>KL11.Lied</td><td>KL11.welche</td><td>KOP</td><td>KL11-PRÄS-REL11-OBJ11-mögen-IND</td><td>mehr</td></tr></table><div class=klassen>wimbo Kl. 11/10 (u- › Ø/n-) → nyimbo</div><div class=konkordanz>Kl.11: SUBJ u- · ADJ m-/mw- · GEN wa · DEM huu/ule · POSS w- · REL -o</div><div class=hinweis>Relativ -o- und Objekt -u- beide für Kl.11</div>	A1 SD1 L Lied
Um neun Uhr liegt Judith noch im Bett.	Saa tatu Judith angali kitandani.<hr><table class=gloss><tr class=mo><td>saa</td><td>tatu</td><td>Judith</td><td>a-ngali</td><td>ki-tanda-ni</td></tr><tr class=la><td>KL9.Stunde</td><td>drei</td><td>Judith</td><td>3SG-noch.sein</td><td>KL7-Bett-LOK</td></tr></table><div class=klassen>saa Kl. 9/10 (Ø/n-) → saa — Numerus nur an der Konkordanz [auch &quot;Uhr&quot;]</div><div class=konkordanz>Kl.9: SUBJ i- · ADJ Ø/n- · GEN ya · DEM hii/ile · POSS y- · REL -yo</div><div class=hinweis>saa tatu = 9 Uhr, dritte Stunde nach Sonnenaufgang</div>	A1 SD1 L liegen
Frankfurt liegt am Main.	Frankfurt iko kwenye mto Main.<hr><table class=gloss><tr class=mo><td>Frankfurt</td><td>i-ko</td><td>kwenye</td><td>mto</td><td>Main</td></tr><tr class=la><td>Frankfurt</td><td>KL9-sein.da</td><td>an</td><td>KL3.Fluss</td><td>Main</td></tr></table><div class=konkordanz>Kl.9: SUBJ i- · ADJ Ø/n- · GEN ya · DEM hii/ile · POSS y- · REL -yo · Kl.3: SUBJ u- · ADJ m-/mw- · GEN wa · DEM huu/ule · POSS w- · REL -o</div><div class=hinweis>iko gibt die Lage an, ni die Identität</div>	A1 SD1 L liegen
Gehen Sie die nächste Straße links.	Nendeni barabara inayofuata kushoto.<hr><table class=gloss><tr class=mo><td>nend-eni</td><td>barabara</td><td>i-na-yo-fuat-a</td><td>ku-shoto</td></tr><tr class=la><td>gehen-IMP.PL</td><td>KL9.Straße</td><td>KL9-PRÄS-REL9-folgen-IND</td><td>KL17-links</td></tr></table><div class=klassen>barabara Kl. 9/10 (Ø/n-) → barabara — Numerus nur an der Konkordanz</div><div class=konkordanz>Kl.9: SUBJ i- · ADJ Ø/n- · GEN ya · DEM hii/ile · POSS y- · REL -yo</div><div class=hinweis>kushoto und kulia sind Ortswörter der Kl.17</div>	A1 SD1 L links
Dieser Lastkraftwagen ist sehr groß.	Lori hili ni kubwa sana.<hr><table class=gloss><tr class=mo><td>lori</td><td>hili</td><td>ni</td><td>kubwa</td><td>sana</td></tr><tr class=la><td>KL5.Lkw</td><td>KL5.DEM</td><td>KOP</td><td>groß</td><td>sehr</td></tr></table><div class=klassen>lori Kl. 5/6 (ji-/Ø › ma-) → malori</div><div class=konkordanz>Kl.5: SUBJ li- · ADJ ji-/Ø · GEN la · DEM hili/lile · POSS l- · REL -lo</div><div class=hinweis>kubwa bleibt in Kl.5 ohne Präfix</div>	A1 SD1 L Lkw
In unserer Straße gibt es ein neues Lokal.	Katika barabara yetu kuna baa mpya.<hr><table class=gloss><tr class=mo><td>katika</td><td>barabara</td><td>y-etu</td><td>ku-na</td><td>baa</td><td>m-pya</td></tr><tr class=la><td>in</td><td>KL9.Straße</td><td>KL9-unser</td><td>KL17-mit</td><td>KL9.Lokal</td><td>KL9-neu</td></tr></table><div class=klassen>barabara Kl. 9/10 (Ø/n-) → barabara — Numerus nur an der Konkordanz · baa Kl. 9/10 (Ø/n-) → baa — Numerus nur an der Konkordanz [Lehnwort]</div><div class=konkordanz>Kl.9: SUBJ i- · ADJ Ø/n- · GEN ya · DEM hii/ile · POSS y- · REL -yo</div><div class=hinweis>kuna steht unabhängig von der Klasse des Nomens</div>	A1 SD1 L Lokal
Die Lösung ist ganz einfach.	Suluhisho ni rahisi kabisa.<hr><table class=gloss><tr class=mo><td>suluhisho</td><td>ni</td><td>rahisi</td><td>kabisa</td></tr><tr class=la><td>KL5.Lösung</td><td>KOP</td><td>einfach</td><td>ganz</td></tr></table><div class=konkordanz>Kl.5: SUBJ li- · ADJ ji-/Ø · GEN la · DEM hili/lile · POSS l- · REL -lo</div><div class=hinweis>suluhisho Kl.5, Plural masuluhisho Kl.6</div>	A1 SD1 L Lösung
Frau Mertens ist lustig. Sie lacht immer.	Bibi Mertens ni mchekeshaji. Anacheka kila mara.<hr><table class=gloss><tr class=mo><td>bibi</td><td>Mertens</td><td>ni</td><td>m-chekeshaji</td><td>a-na-chek-a</td><td>kila</td><td>mara</td></tr><tr class=la><td>KL5/KL1.Frau</td><td>Mertens</td><td>KOP</td><td>KL1-Spaßmacherin</td><td>3SG-PRÄS-lachen-IND</td><td>jede</td><td>KL9.Mal</td></tr></table><div class=klassen>bibi Kl. 5/6 (ji-/Ø › ma-) → mabibi [Person: Form Kl. 5/6, Kongruenz Kl. 1/2]</div><div class=konkordanz>Kl.1: SUBJ a- · ADJ m-/mw- · GEN wa · DEM huyu/yule · POSS w- · REL -ye</div><div class=hinweis>Kausativ -esh- bildet aus lachen &quot;lachen machen&quot;</div>	A1 SD1 L lustig
Was machst du heute Abend?	Unafanya nini leo jioni?<hr><table class=gloss><tr class=mo><td>u-na-fany-a</td><td>nini</td><td>leo</td><td>jioni</td></tr><tr class=la><td>2SG-PRÄS-tun-IND</td><td>was</td><td>heute</td><td>KL9.Abend</td></tr></table><div class=konkordanz>Kl.9: SUBJ i- · ADJ Ø/n- · GEN ya · DEM hii/ile · POSS y- · REL -yo</div><div class=hinweis>kufanya für Tätigkeiten allgemein</div>	A1 SD1 M machen
Ich muss jetzt das Essen machen.	Sasa lazima nipike chakula.<hr><table class=gloss><tr class=mo><td>sasa</td><td>lazima</td><td>ni-pik-e</td><td>chakula</td></tr><tr class=la><td>jetzt</td><td>muss</td><td>1SG-kochen-KONJ</td><td>KL7.Essen</td></tr></table><div class=klassen>chakula Kl. 7/8 (ki- › vi-) → vyakula</div><div class=konkordanz>Kl.7: SUBJ ki- · ADJ ki- · GEN cha · DEM hiki/kile · POSS ch- · REL -cho</div><div class=hinweis>Essen machen heißt kupika, nicht kufanya</div>	A1 SD1 M machen
Das macht 5 Euro 95.	Hiyo ni Euro tano na senti tisini na tano.<hr><table class=gloss><tr class=mo><td>hiyo</td><td>ni</td><td>Euro</td><td>tano</td><td>na</td><td>senti</td><td>tisini</td><td>na</td><td>tano</td></tr><tr class=la><td>KL9.DEM</td><td>KOP</td><td>Euro</td><td>fünf</td><td>und</td><td>KL9.Cent</td><td>neunzig</td><td>und</td><td>fünf</td></tr></table><div class=konkordanz>Kl.9: SUBJ i- · ADJ Ø/n- · GEN ya · DEM hii/ile · POSS y- · REL -yo</div><div class=hinweis>fünfundneunzig = tisini na tano</div>	A1 SD1 M machen
Das macht nichts.	Haidhuru.<hr><table class=gloss><tr class=mo><td>hai-dhuru</td></tr><tr class=la><td>KL9.NEG-schaden</td></tr></table><div class=konkordanz>Kl.9: SUBJ i- · ADJ Ø/n- · GEN ya · DEM hii/ile · POSS y- · REL -yo</div><div class=hinweis>wörtlich &quot;es schadet nicht&quot;</div>	A1 SD1 M machen
Familie Kurz bekommt ein Baby. – Junge oder Mädchen?	Familia Kurz inapata mtoto. - Mvulana au msichana?<hr><table class=gloss><tr class=mo><td>familia</td><td>Kurz</td><td>i-na-pat-a</td><td>m-toto</td><td>m-vulana</td><td>au</td><td>m-sichana</td></tr><tr class=la><td>KL9.Familie</td><td>Kurz</td><td>KL9-PRÄS-bekommen-IND</td><td>KL1-Kind</td><td>KL1-Junge</td><td>oder</td><td>KL1-Mädchen</td></tr></table><div class=klassen>familia Kl. 9/10 (Ø/n-) → familia — Numerus nur an der Konkordanz [Lehnwort] · mtoto Kl. 1/2 (m-/mw- › wa-) → watoto · mvulana Kl. 1/2 (m-/mw- › wa-) → wavulana · msichana Kl. 1/2 (m-/mw- › wa-) → wasichana</div><div class=konkordanz>Kl.9: SUBJ i- · ADJ Ø/n- · GEN ya · DEM hii/ile · POSS y- · REL -yo · Kl.1: SUBJ a- · ADJ m-/mw- · GEN wa · DEM huyu/yule · POSS w- · REL -ye</div><div class=hinweis>Alle drei Personenwörter tragen das m- der Kl.1</div>	A1 SD1 M Mädchen
Hier darf man nicht rauchen.	Hapa hairuhusiwi kuvuta sigara.<hr><table class=gloss><tr class=mo><td>hapa</td><td>hai-ruhus-iw-i</td><td>ku-vut-a</td><td>sigara</td></tr><tr class=la><td>hier</td><td>KL9.NEG-erlauben-PASS-NEG</td><td>KL15-ziehen-IND</td><td>KL9.Zigarette</td></tr></table><div class=klassen>sigara Kl. 9/10 (Ø/n-) → sigara — Numerus nur an der Konkordanz [Lehnwort]</div><div class=konkordanz>Kl.9: SUBJ i- · ADJ Ø/n- · GEN ya · DEM hii/ile · POSS y- · REL -yo</div><div class=hinweis>Unpersönliches &quot;man&quot; wird zum Passiv der Kl.9</div>	A1 SD1 M man
Mein Mann arbeitet bei der Polizei.	Mume wangu anafanya kazi kwenye polisi.<hr><table class=gloss><tr class=mo><td>mume</td><td>w-angu</td><td>a-na-fany-a</td><td>kazi</td><td>kwenye</td><td>polisi</td></tr><tr class=la><td>KL1.Ehemann</td><td>KL1-mein</td><td>3SG-PRÄS-tun-IND</td><td>KL9.Arbeit</td><td>bei</td><td>KL9.Polizei</td></tr></table><div class=klassen>kazi Kl. 9/10 (Ø/n-) → kazi — Numerus nur an der Konkordanz · polisi Kl. 9/10 (Ø/n-) → polisi — Numerus nur an der Konkordanz [Kongruenz Kl. 1/2 bei Personen]</div><div class=konkordanz>Kl.9: SUBJ i- · ADJ Ø/n- · GEN ya · DEM hii/ile · POSS y- · REL -yo</div><div class=hinweis>mume Kl.1, Plural waume Kl.2</div>	A1 SD1 M Mann
Kreuzen Sie bitte an: „weiblich“ oder „männlich“.	Tafadhali tieni alama: "mwanamke" au "mwanamume".<hr><table class=gloss><tr class=mo><td>tafadhali</td><td>ti-eni</td><td>alama</td><td>mw-anamke</td><td>au</td><td>mw-anamume</td></tr><tr class=la><td>bitte</td><td>setzen-IMP.PL</td><td>KL9.Zeichen</td><td>KL1-Frau</td><td>oder</td><td>KL1-Mann</td></tr></table><div class=klassen>alama Kl. 9/10 (Ø/n-) → alama — Numerus nur an der Konkordanz · mwanamke Kl. 1/2 (m-/mw- › wa-) → wanawake · mwanamume Kl. 1/2 (m-/mw- › wa-) → wanaume</div><div class=konkordanz>Kl.9: SUBJ i- · ADJ Ø/n- · GEN ya · DEM hii/ile · POSS y- · REL -yo · Kl.1: SUBJ a- · ADJ m-/mw- · GEN wa · DEM huyu/yule · POSS w- · REL -ye</div><div class=hinweis>Geschlecht als Nomen, nicht als Adjektiv</div>	A1 SD1 M männlich
Die Waschmaschine ist günstig.	Mashine ya kufua ni nafuu.<hr><table class=gloss><tr class=mo><td>mashine</td><td>y-a</td><td>ku-fu-a</td><td>ni</td><td>nafuu</td></tr><tr class=la><td>KL9.Maschine</td><td>KL9-GEN</td><td>KL15-waschen-IND</td><td>KOP</td><td>günstig</td></tr></table><div class=klassen>mashine Kl. 9/10 (Ø/n-) → mashine — Numerus nur an der Konkordanz</div><div class=konkordanz>Kl.9: SUBJ i- · ADJ Ø/n- · GEN ya · DEM hii/ile · POSS y- · REL -yo</div><div class=hinweis>Waschmaschine wörtlich &quot;Maschine des Waschens&quot;</div>	A1 SD1 M Maschine
Wir machen Urlaub am Meer.	Tunafanya likizo baharini.<hr><table class=gloss><tr class=mo><td>tu-na-fany-a</td><td>likizo</td><td>bahari-ni</td></tr><tr class=la><td>1PL-PRÄS-tun-IND</td><td>KL9.Urlaub</td><td>KL9.Meer-LOK</td></tr></table><div class=klassen>likizo Kl. 9/10 (Ø/n-) → likizo — Numerus nur an der Konkordanz</div><div class=konkordanz>Kl.9: SUBJ i- · ADJ Ø/n- · GEN ya · DEM hii/ile · POSS y- · REL -yo</div><div class=hinweis>Ortssuffix -ni an bahari Kl.9</div>	A1 SD1 M Meer
Dieses Auto kostet 1.000 Euro mehr als das andere.	Gari hili linagharimu Euro elfu moja zaidi ya lile lingine.<hr><table class=gloss><tr class=mo><td>gari</td><td>hili</td><td>li-na-gharimu</td><td>Euro</td><td>elfu</td><td>moja</td><td>zaidi</td><td>y-a</td><td>lile</td><td>li-ngine</td></tr><tr class=la><td>KL5.Auto</td><td>KL5.DEM</td><td>KL5-PRÄS-kosten</td><td>Euro</td><td>KL9.Tausend</td><td>eins</td><td>mehr</td><td>KL9-GEN</td><td>KL5.DEM.fern</td><td>KL5-andere</td></tr></table><div class=klassen>gari Kl. 5/6 (ji-/Ø › ma-) → magari</div><div class=konkordanz>Kl.5: SUBJ li- · ADJ ji-/Ø · GEN la · DEM hili/lile · POSS l- · REL -lo</div><div class=hinweis>zaidi ya bildet den Vergleich</div>	A1 SD1 M mehr
Mein Vater ist Arzt.	Baba yangu ni daktari.<hr><table class=gloss><tr class=mo><td>baba</td><td>y-angu</td><td>ni</td><td>daktari</td></tr><tr class=la><td>KL9/KL1.Vater</td><td>KL9-mein</td><td>KOP</td><td>KL5/KL1.Arzt</td></tr></table><div class=klassen>baba Kl. 9/10 (Ø/n-) → baba — Numerus nur an der Konkordanz [Person: Form Kl. 9/10, Kongruenz Kl. 1/2] · daktari Kl. 5/6 (ji-/Ø › ma-) → madaktari [Person: Form Kl. 5/6, Kongruenz Kl. 1/2]</div><div class=konkordanz>Kl.1: SUBJ a- · ADJ m-/mw- · GEN wa · DEM huyu/yule · POSS w- · REL -ye</div><div class=hinweis>Zwei Wörter mit Formklasse 9 bzw. 5, Kongruenz Kl.1</div>	A1 SD1 M mein
Die meisten Norddeutschen sind sehr groß.	Wajerumani wengi wa kaskazini ni warefu sana.<hr><table class=gloss><tr class=mo><td>Wa-jerumani</td><td>w-engi</td><td>w-a</td><td>kaskazini</td><td>ni</td><td>wa-refu</td><td>sana</td></tr><tr class=la><td>KL2-Deutsche</td><td>KL2-viele</td><td>KL2-GEN</td><td>KL9.Norden</td><td>KOP</td><td>KL2-groß</td><td>sehr</td></tr></table><div class=konkordanz>Kl.2: SUBJ wa- · ADJ wa- · GEN wa · DEM hawa/wale · POSS w- · REL -o · Kl.9: SUBJ i- · ADJ Ø/n- · GEN ya · DEM hii/ile · POSS y- · REL -yo</div><div class=hinweis>Vierfache Kl.2-Kongruenz in einem Satz</div>	A1 SD1 M meist
Die Menschen sind hier anders als bei uns.	Watu hapa ni tofauti kuliko kwetu.<hr><table class=gloss><tr class=mo><td>watu</td><td>hapa</td><td>ni</td><td>tofauti</td><td>kuliko</td><td>kwetu</td></tr><tr class=la><td>KL2.Mensch</td><td>hier</td><td>KOP</td><td>verschieden</td><td>als</td><td>bei.uns</td></tr></table><div class=klassen>mtu Kl. 1/2 (m-/mw- › wa-) → watu [Musterwort fuer Kl. 1/2]</div><div class=konkordanz>Kl.1: SUBJ a- · ADJ m-/mw- · GEN wa · DEM huyu/yule · POSS w- · REL -ye</div><div class=hinweis>kuliko für den Vergleich &quot;als&quot;</div>	A1 SD1 M Mensch
Ich möchte ein Auto mieten.	Ningependa kupanga gari.<hr><table class=gloss><tr class=mo><td>ni-nge-pend-a</td><td>ku-pang-a</td><td>gari</td></tr><tr class=la><td>1SG-IRR-mögen-IND</td><td>KL15-mieten-IND</td><td>KL5.Auto</td></tr></table><div class=klassen>gari Kl. 5/6 (ji-/Ø › ma-) → magari</div><div class=konkordanz>Kl.5: SUBJ li- · ADJ ji-/Ø · GEN la · DEM hili/lile · POSS l- · REL -lo</div><div class=hinweis>kupanga heißt mieten und ordnen</div>	A1 SD1 M mieten
Die Miete für diese Wohnung ist 600 Euro.	Kodi ya nyumba hii ni Euro mia sita.<hr><table class=gloss><tr class=mo><td>kodi</td><td>y-a</td><td>nyumba</td><td>hii</td><td>ni</td><td>Euro</td><td>mia</td><td>sita</td></tr><tr class=la><td>KL9.Miete</td><td>KL9-GEN</td><td>KL9.Haus</td><td>KL9.DEM</td><td>KOP</td><td>Euro</td><td>KL9.Hundert</td><td>sechs</td></tr></table><div class=klassen>kodi Kl. 9/10 (Ø/n-) → kodi — Numerus nur an der Konkordanz · nyumba Kl. 9/10 (Ø/n-) → nyumba — Numerus nur an der Konkordanz</div><div class=konkordanz>Kl.9: SUBJ i- · ADJ Ø/n- · GEN ya · DEM hii/ile · POSS y- · REL -yo</div><div class=hinweis>sechshundert = mia sita</div>	A1 SD1 M Miete
Die Milch steht im Kühlschrank.	Maziwa yako kwenye friji.<hr><table class=gloss><tr class=mo><td>maziwa</td><td>ya-ko</td><td>kwenye</td><td>friji</td></tr><tr class=la><td>KL6.Milch</td><td>KL6-sein.da</td><td>an</td><td>KL9.Kühlschrank</td></tr></table><div class=klassen>maziwa Kl. 6 (ma-), kein Numeruswechsel [nur Plural] · friji Kl. 9/10 (Ø/n-) → friji — Numerus nur an der Konkordanz [Lehnwort]</div><div class=konkordanz>Kl.6: SUBJ ya- · ADJ ma- · GEN ya · DEM haya/yale · POSS y- · REL -yo · Kl.9: SUBJ i- · ADJ Ø/n- · GEN ya · DEM hii/ile · POSS y- · REL -yo</div><div class=hinweis>maziwa Kl.6 nimmt das Subjektpräfix ya-</div>	A1 SD1 M Milch
Trinken Sie den Kaffee mit Milch?	Mnanywa kahawa na maziwa?<hr><table class=gloss><tr class=mo><td>m-na-nyw-a</td><td>kahawa</td><td>na</td><td>maziwa</td></tr><tr class=la><td>2PL-PRÄS-trinken-IND</td><td>KL9.Kaffee</td><td>mit</td><td>KL6.Milch</td></tr></table><div class=klassen>kahawa Kl. 9/10 (Ø/n-) → kahawa — Numerus nur an der Konkordanz · maziwa Kl. 6 (ma-), kein Numeruswechsel [nur Plural]</div><div class=konkordanz>Kl.9: SUBJ i- · ADJ Ø/n- · GEN ya · DEM hii/ile · POSS y- · REL -yo · Kl.6: SUBJ ya- · ADJ ma- · GEN ya · DEM haya/yale · POSS y- · REL -yo</div><div class=hinweis>na dient als &quot;mit&quot; und als &quot;und&quot;</div>	A1 SD1 M mit
Ich gehe einkaufen. Soll ich dir was mitbringen?	Naenda kununua vitu. Nikuletee kitu?<hr><table class=gloss><tr class=mo><td>na-end-a</td><td>ku-nunu-a</td><td>vi-tu</td><td>ni-ku-let-e-e</td><td>ki-tu</td></tr><tr class=la><td>1SG.PRÄS.ALLG-gehen-IND</td><td>KL15-kaufen-IND</td><td>KL8-Ding</td><td>1SG-OBJ2SG-bringen-APPL-KONJ</td><td>KL7-Ding</td></tr></table><div class=konkordanz>Kl.15: SUBJ ku- · ADJ ku- · GEN kwa · DEM huku/kule · POSS kw- · REL -ko · Kl.8: SUBJ vi- · ADJ vi- · GEN vya · DEM hivi/vile · POSS vy- · REL -vyo</div><div class=hinweis>Applikativ plus Konjunktiv für ein Angebot</div>	A1 SD1 M mitbringen
Ich gehe ins Kino. Kommst du mit?	Naenda sinemani. Unakuja pamoja?<hr><table class=gloss><tr class=mo><td>na-end-a</td><td>sinema-ni</td><td>u-na-kuj-a</td><td>pamoja</td></tr><tr class=la><td>1SG.PRÄS.ALLG-gehen-IND</td><td>KL9.Kino-LOK</td><td>2SG-PRÄS-kommen-IND</td><td>zusammen</td></tr></table><div class=konkordanz>Kl.9: SUBJ i- · ADJ Ø/n- · GEN ya · DEM hii/ile · POSS y- · REL -yo</div><div class=hinweis>mitkommen = kuja pamoja</div>	A1 SD1 M mitkommen
Warum macht ihr nicht mit?	Kwa nini hamshiriki?<hr><table class=gloss><tr class=mo><td>kwa</td><td>nini</td><td>ham-shiriki</td></tr><tr class=la><td>für</td><td>was</td><td>2PL.NEG-teilnehmen</td></tr></table><div class=hinweis>kushiriki ist arabisches Lehnverb auf -i</div>	A1 SD1 M mitmachen
Nehmen wir meine Schwester ins Kino mit?	Tumchukue dada yangu pamoja sinemani?<hr><table class=gloss><tr class=mo><td>tu-m-chuku-e</td><td>dada</td><td>y-angu</td><td>pamoja</td><td>sinema-ni</td></tr><tr class=la><td>1PL-OBJ1-nehmen-KONJ</td><td>KL9/KL1.Schwester</td><td>KL9-mein</td><td>zusammen</td><td>KL9.Kino-LOK</td></tr></table><div class=klassen>dada Kl. 9/10 (Ø/n-) → dada — Numerus nur an der Konkordanz [Person: Form Kl. 9/10, Kongruenz Kl. 1/2]</div><div class=konkordanz>Kl.1: SUBJ a- · ADJ m-/mw- · GEN wa · DEM huyu/yule · POSS w- · REL -ye</div><div class=hinweis>Objektpräfix -m- Kl.1, Possessiv yangu Kl.9</div>	A1 SD1 M mitnehmen
Der Lehrer steht in der Mitte des Klassenzimmers.	Mwalimu anasimama katikati ya darasa.<hr><table class=gloss><tr class=mo><td>mw-alimu</td><td>a-na-simam-a</td><td>katikati</td><td>y-a</td><td>darasa</td></tr><tr class=la><td>KL1-Lehrer</td><td>3SG-PRÄS-stehen-IND</td><td>Mitte</td><td>KL9-GEN</td><td>KL5.Klassenzimmer</td></tr></table><div class=klassen>mwalimu Kl. 1/2 (m-/mw- › wa-) → walimu [Musterwort fuer Kl. 1/2] · darasa Kl. 5/6 (ji-/Ø › ma-) → madarasa</div><div class=konkordanz>Kl.1: SUBJ a- · ADJ m-/mw- · GEN wa · DEM huyu/yule · POSS w- · REL -ye · Kl.5: SUBJ li- · ADJ ji-/Ø · GEN la · DEM hili/lile · POSS l- · REL -lo</div><div class=hinweis>katikati ya verlangt den Genitiv</div>	A1 SD1 M Mitte
Sind die Möbel neu?	Samani ni mpya?<hr><table class=gloss><tr class=mo><td>samani</td><td>ni</td><td>m-pya</td></tr><tr class=la><td>KL10.Möbel</td><td>KOP</td><td>KL10-neu</td></tr></table><div class=klassen>samani Kl. 9/10 (Ø/n-) → samani — Numerus nur an der Konkordanz [deutsch nur Plural]</div><div class=konkordanz>Kl.9: SUBJ i- · ADJ Ø/n- · GEN ya · DEM hii/ile · POSS y- · REL -yo</div><div class=hinweis>samani ist Kl.9 und Kl.10 gleich</div>	A1 SD1 M Möbel__pl__
Was möchten Sie trinken?	Mnataka kunywa nini?<hr><table class=gloss><tr class=mo><td>m-na-tak-a</td><td>ku-nyw-a</td><td>nini</td></tr><tr class=la><td>2PL-PRÄS-wollen-IND</td><td>KL15-trinken-IND</td><td>was</td></tr></table><div class=konkordanz>Kl.15: SUBJ ku- · ADJ ku- · GEN kwa · DEM huku/kule · POSS kw- · REL -ko</div><div class=hinweis>kutaka deckt wollen und möchten ab</div>	A1 SD1 M möchten
Magst du Kaffee oder Tee?	Unapenda kahawa au chai?<hr><table class=gloss><tr class=mo><td>u-na-pend-a</td><td>kahawa</td><td>au</td><td>chai</td></tr><tr class=la><td>2SG-PRÄS-mögen-IND</td><td>KL9.Kaffee</td><td>oder</td><td>KL9.Tee</td></tr></table><div class=klassen>kahawa Kl. 9/10 (Ø/n-) → kahawa — Numerus nur an der Konkordanz · chai Kl. 9/10 (Ø/n-) → chai — Numerus nur an der Konkordanz</div><div class=konkordanz>Kl.9: SUBJ i- · ADJ Ø/n- · GEN ya · DEM hii/ile · POSS y- · REL -yo</div><div class=hinweis>kupenda für mögen und lieben</div>	A1 SD1 M mögen
Mit dieser Fahrkarte ist die Fahrt ab 9 Uhr möglich.	Kwa tiketi hii safari inawezekana kuanzia saa tatu.<hr><table class=gloss><tr class=mo><td>kwa</td><td>tiketi</td><td>hii</td><td>safari</td><td>i-na-wezekan-a</td><td>ku-anz-i-a</td><td>saa</td><td>tatu</td></tr><tr class=la><td>mit</td><td>KL9.Fahrkarte</td><td>KL9.DEM</td><td>KL9.Reise</td><td>KL9-PRÄS-möglich.sein-IND</td><td>KL15-anfangen-APPL-IND</td><td>KL9.Stunde</td><td>drei</td></tr></table><div class=klassen>tiketi Kl. 9/10 (Ø/n-) → tiketi — Numerus nur an der Konkordanz [Lehnwort] · safari Kl. 9/10 (Ø/n-) → safari — Numerus nur an der Konkordanz · saa Kl. 9/10 (Ø/n-) → saa — Numerus nur an der Konkordanz [auch &quot;Uhr&quot;]</div><div class=konkordanz>Kl.9: SUBJ i- · ADJ Ø/n- · GEN ya · DEM hii/ile · POSS y- · REL -yo</div><div class=hinweis>saa tatu = 9 Uhr, dritte Stunde nach Sonnenaufgang</div>	A1 SD1 M möglich
Moment mal bitte!	Dakika moja tafadhali!<hr><table class=gloss><tr class=mo><td>dakika</td><td>moja</td><td>tafadhali</td></tr><tr class=la><td>KL9.Minute</td><td>eins</td><td>bitte</td></tr></table><div class=konkordanz>Kl.9: SUBJ i- · ADJ Ø/n- · GEN ya · DEM hii/ile · POSS y- · REL -yo</div><div class=hinweis>Moment wird als &quot;eine Minute&quot; ausgedrückt</div>	A1 SD1 M Moment
Einen Moment bitte.	Dakika moja tafadhali.<hr><table class=gloss><tr class=mo><td>dakika</td><td>moja</td><td>tafadhali</td></tr><tr class=la><td>KL9.Minute</td><td>eins</td><td>bitte</td></tr></table><div class=konkordanz>Kl.9: SUBJ i- · ADJ Ø/n- · GEN ya · DEM hii/ile · POSS y- · REL -yo</div><div class=hinweis>dakika ist Kl.9 und Kl.10 gleich</div>	A1 SD1 M Moment
Morgen beginnt die Schule um 10 Uhr.	Kesho shule inaanza saa nne.<hr><table class=gloss><tr class=mo><td>kesho</td><td>shule</td><td>i-na-anz-a</td><td>saa</td><td>nne</td></tr><tr class=la><td>morgen</td><td>KL9.Schule</td><td>KL9-PRÄS-anfangen-IND</td><td>KL9.Stunde</td><td>vier</td></tr></table><div class=klassen>shule Kl. 9/10 (Ø/n-) → shule — Numerus nur an der Konkordanz · saa Kl. 9/10 (Ø/n-) → saa — Numerus nur an der Konkordanz [auch &quot;Uhr&quot;]</div><div class=konkordanz>Kl.9: SUBJ i- · ADJ Ø/n- · GEN ya · DEM hii/ile · POSS y- · REL -yo</div><div class=hinweis>saa nne = 10 Uhr, vierte Stunde nach Sonnenaufgang</div>	A1 SD1 M morgen
Ich bin müde. Ich gehe schlafen.	Nina uchovu. Naenda kulala.<hr><table class=gloss><tr class=mo><td>ni-na</td><td>uchovu</td><td>na-end-a</td><td>ku-lal-a</td></tr><tr class=la><td>1SG-haben</td><td>KL14.Müdigkeit</td><td>1SG.PRÄS.ALLG-gehen-IND</td><td>KL15-schlafen-IND</td></tr></table><div class=konkordanz>Kl.14: SUBJ u- · ADJ m-/mw- · GEN wa · DEM huu/ule · POSS w- · REL -o · Kl.15: SUBJ ku- · ADJ ku- · GEN kwa · DEM huku/kule · POSS kw- · REL -ko</div><div class=hinweis>Müdigkeit haben statt müde sein</div>	A1 SD1 M müde
Öffnen Sie den Mund.	Fungueni mdomo.<hr><table class=gloss><tr class=mo><td>fungu-eni</td><td>m-domo</td></tr><tr class=la><td>öffnen-IMP.PL</td><td>KL3-Mund</td></tr></table><div class=klassen>mdomo Kl. 3/4 (m-/mw- › mi-) → midomo</div><div class=konkordanz>Kl.3: SUBJ u- · ADJ m-/mw- · GEN wa · DEM huu/ule · POSS w- · REL -o</div><div class=hinweis>mdomo Kl.3, Plural midomo Kl.4</div>	A1 SD1 M Mund
Ich muss jeden Tag von 8 Uhr bis 18 Uhr arbeiten.	Lazima nifanye kazi kila siku kuanzia saa mbili hadi saa kumi na mbili.<hr><table class=gloss><tr class=mo><td>lazima</td><td>ni-fany-e</td><td>kazi</td><td>kila</td><td>siku</td><td>ku-anz-i-a</td><td>saa</td><td>mbili</td><td>hadi</td><td>saa</td><td>kumi</td><td>na</td><td>mbili</td></tr><tr class=la><td>muss</td><td>1SG-tun-KONJ</td><td>KL9.Arbeit</td><td>jede</td><td>KL9.Tag</td><td>KL15-anfangen-APPL-IND</td><td>KL9.Stunde</td><td>zwei</td><td>bis</td><td>KL9.Stunde</td><td>zehn</td><td>und</td><td>zwei</td></tr></table><div class=klassen>kazi Kl. 9/10 (Ø/n-) → kazi — Numerus nur an der Konkordanz · siku ya kuzaliwa Kl. 9/10 (Ø/n-) → siku za kuzaliwa [Genitiv kongruiert mit dem Kopfnomen] · saa Kl. 9/10 (Ø/n-) → saa — Numerus nur an der Konkordanz [auch &quot;Uhr&quot;]</div><div class=konkordanz>Kl.9: SUBJ i- · ADJ Ø/n- · GEN ya · DEM hii/ile · POSS y- · REL -yo</div><div class=hinweis>saa mbili = 8 Uhr, saa kumi na mbili = 18 Uhr</div>	A1 SD1 M müssen
Frau Berghäuser ist die Mutter von Michaela.	Bibi Berghäuser ni mama wa Michaela.<hr><table class=gloss><tr class=mo><td>bibi</td><td>Berghäuser</td><td>ni</td><td>mama</td><td>w-a</td><td>Michaela</td></tr><tr class=la><td>KL5/KL1.Frau</td><td>Berghäuser</td><td>KOP</td><td>KL9/KL1.Mutter</td><td>KL1-GEN</td><td>Michaela</td></tr></table><div class=klassen>bibi Kl. 5/6 (ji-/Ø › ma-) → mabibi [Person: Form Kl. 5/6, Kongruenz Kl. 1/2] · mama Kl. 9/10 (Ø/n-) → mama — Numerus nur an der Konkordanz [Person: Form Kl. 9/10, Kongruenz Kl. 1/2]</div><div class=konkordanz>Kl.1: SUBJ a- · ADJ m-/mw- · GEN wa · DEM huyu/yule · POSS w- · REL -ye</div><div class=hinweis>mama nimmt den Genitiv wa der Kl.1</div>	A1 SD1 M Mutter
Ich gehe jetzt nach Hause.	Sasa naenda nyumbani.<hr><table class=gloss><tr class=mo><td>sasa</td><td>na-end-a</td><td>nyumbani</td></tr><tr class=la><td>jetzt</td><td>1SG.PRÄS.ALLG-gehen-IND</td><td>KL9.Haus.LOK</td></tr></table><div class=konkordanz>Kl.9: SUBJ i- · ADJ Ø/n- · GEN ya · DEM hii/ile · POSS y- · REL -yo</div><div class=hinweis>nyumbani braucht keine Präposition</div>	A1 SD1 N nach
Ich fliege nach München.	Nasafiri kwa ndege kwenda München.<hr><table class=gloss><tr class=mo><td>na-safiri</td><td>kwa</td><td>ndege</td><td>kw-end-a</td><td>München</td></tr><tr class=la><td>1SG.PRÄS.ALLG-reisen</td><td>mit</td><td>KL9.Flugzeug</td><td>KL15-gehen-IND</td><td>München</td></tr></table><div class=klassen>ndege Kl. 9/10 (Ø/n-) → ndege — Numerus nur an der Konkordanz [auch &quot;Vogel&quot;]</div><div class=konkordanz>Kl.9: SUBJ i- · ADJ Ø/n- · GEN ya · DEM hii/ile · POSS y- · REL -yo</div><div class=hinweis>Richtung durch den Infinitiv kwenda</div>	A1 SD1 N nach
Es ist schon 5 nach 12.	Ni saa sita na dakika tano tayari.<hr><table class=gloss><tr class=mo><td>ni</td><td>saa</td><td>sita</td><td>na</td><td>dakika</td><td>tano</td><td>tayari</td></tr><tr class=la><td>KOP</td><td>KL9.Stunde</td><td>sechs</td><td>und</td><td>KL9.Minute</td><td>fünf</td><td>schon</td></tr></table><div class=klassen>saa Kl. 9/10 (Ø/n-) → saa — Numerus nur an der Konkordanz [auch &quot;Uhr&quot;]</div><div class=konkordanz>Kl.9: SUBJ i- · ADJ Ø/n- · GEN ya · DEM hii/ile · POSS y- · REL -yo</div><div class=hinweis>saa sita = 12 Uhr, nicht 6 Uhr</div>	A1 SD1 N nach
Sehen wir uns nächste Woche?	Tutaonana wiki ijayo?<hr><table class=gloss><tr class=mo><td>tu-ta-on-an-a</td><td>wiki</td><td>i-ja-yo</td></tr><tr class=la><td>1PL-FUT-sehen-REZ-IND</td><td>KL9.Woche</td><td>KL9-kommen-REL9</td></tr></table><div class=konkordanz>Kl.9: SUBJ i- · ADJ Ø/n- · GEN ya · DEM hii/ile · POSS y- · REL -yo</div><div class=hinweis>Reziprok -an-: einander sehen</div>	A1 SD1 N nächst
Mein Name ist Thomas Schmidt.	Jina langu ni Thomas Schmidt.<hr><table class=gloss><tr class=mo><td>jina</td><td>l-angu</td><td>ni</td><td>Thomas</td><td>Schmidt</td></tr><tr class=la><td>KL5.Name</td><td>KL5-mein</td><td>KOP</td><td>Thomas</td><td>Schmidt</td></tr></table><div class=klassen>jina Kl. 5/6 (ji-/Ø › ma-) → majina</div><div class=konkordanz>Kl.5: SUBJ li- · ADJ ji-/Ø · GEN la · DEM hili/lile · POSS l- · REL -lo</div><div class=hinweis>jina Kl.5 nimmt langu</div>	A1 SD1 N Name
Mein Vorname ist Thomas; Schmidt ist der Familienname.	Jina langu la kwanza ni Thomas; Schmidt ni jina la familia.<hr><table class=gloss><tr class=mo><td>jina</td><td>l-angu</td><td>l-a</td><td>kwanza</td><td>ni</td><td>Thomas</td><td>Schmidt</td><td>ni</td><td>jina</td><td>l-a</td><td>familia</td></tr><tr class=la><td>KL5.Name</td><td>KL5-mein</td><td>KL5-GEN</td><td>erste</td><td>KOP</td><td>Thomas</td><td>Schmidt</td><td>KOP</td><td>KL5.Name</td><td>KL5-GEN</td><td>KL9.Familie</td></tr></table><div class=klassen>jina Kl. 5/6 (ji-/Ø › ma-) → majina · familia Kl. 9/10 (Ø/n-) → familia — Numerus nur an der Konkordanz [Lehnwort]</div><div class=konkordanz>Kl.5: SUBJ li- · ADJ ji-/Ø · GEN la · DEM hili/lile · POSS l- · REL -lo · Kl.9: SUBJ i- · ADJ Ø/n- · GEN ya · DEM hii/ile · POSS y- · REL -yo</div><div class=hinweis>Dreimal die Kl.5-Konkordanz l-</div>	A1 SD1 N Name
Heute gibt es Hähnchen. Das nehme ich.	Leo kuna kuku. Hiyo nachukua.<hr><table class=gloss><tr class=mo><td>leo</td><td>ku-na</td><td>kuku</td><td>hiyo</td><td>na-chuku-a</td></tr><tr class=la><td>heute</td><td>KL17-mit</td><td>KL9.Hähnchen</td><td>KL9.DEM</td><td>1SG.PRÄS.ALLG-nehmen-IND</td></tr></table><div class=klassen>kuku Kl. 9/10 (Ø/n-) → kuku — Numerus nur an der Konkordanz</div><div class=konkordanz>Kl.9: SUBJ i- · ADJ Ø/n- · GEN ya · DEM hii/ile · POSS y- · REL -yo</div><div class=hinweis>Vorangestelltes Objekt betont die Wahl</div>	A1 SD1 N nehmen
Ich nehme den Bus.	Nachukua basi.<hr><table class=gloss><tr class=mo><td>na-chuku-a</td><td>basi</td></tr><tr class=la><td>1SG.PRÄS.ALLG-nehmen-IND</td><td>KL5.Bus</td></tr></table><div class=klassen>basi Kl. 5/6 (ji-/Ø › ma-) → mabasi</div><div class=konkordanz>Kl.5: SUBJ li- · ADJ ji-/Ø · GEN la · DEM hili/lile · POSS l- · REL -lo</div><div class=hinweis>basi Kl.5, Plural mabasi Kl.6</div>	A1 SD1 N nehmen
Fährst du auch nach München? – Nein, ich habe keine Zeit.	Unasafiri München pia? - Hapana, sina wakati.<hr><table class=gloss><tr class=mo><td>u-na-safiri</td><td>München</td><td>pia</td><td>hapana</td><td>si-na</td><td>wakati</td></tr><tr class=la><td>2SG-PRÄS-reisen</td><td>München</td><td>auch</td><td>nein</td><td>1SG.NEG-haben</td><td>KL11.Zeit</td></tr></table><div class=klassen>wakati Kl. 11/10 (u- › Ø/n-) → nyakati</div><div class=konkordanz>Kl.11: SUBJ u- · ADJ m-/mw- · GEN wa · DEM huu/ule · POSS w- · REL -o</div><div class=hinweis>sina ist die 1SG-Negation von nina</div>	A1 SD1 N nein
Ich bin der neue Kollege.	Mimi ni mwenzi mpya.<hr><table class=gloss><tr class=mo><td>mimi</td><td>ni</td><td>mw-enzi</td><td>m-pya</td></tr><tr class=la><td>ich</td><td>KOP</td><td>KL1-Kollege</td><td>KL1-neu</td></tr></table><div class=klassen>mwenzi Kl. 1/2 (m-/mw- › wa-) → wenzi</div><div class=konkordanz>Kl.1: SUBJ a- · ADJ m-/mw- · GEN wa · DEM huyu/yule · POSS w- · REL -ye</div><div class=hinweis>mpya kongruiert mit mwenzi Kl.1</div>	A1 SD1 N neu
Wir haben eine neue Wohnung.	Tuna nyumba mpya.<hr><table class=gloss><tr class=mo><td>tu-na</td><td>nyumba</td><td>m-pya</td></tr><tr class=la><td>1PL-haben</td><td>KL9.Haus</td><td>KL9-neu</td></tr></table><div class=klassen>nyumba Kl. 9/10 (Ø/n-) → nyumba — Numerus nur an der Konkordanz</div><div class=konkordanz>Kl.9: SUBJ i- · ADJ Ø/n- · GEN ya · DEM hii/ile · POSS y- · REL -yo</div><div class=hinweis>mpya bleibt in Kl.9 gleich geschrieben</div>	A1 SD1 N neu
Das stimmt nicht.	Hiyo si sahihi.<hr><table class=gloss><tr class=mo><td>hiyo</td><td>si</td><td>sahihi</td></tr><tr class=la><td>KL9.DEM</td><td>NEG.KOP</td><td>richtig</td></tr></table><div class=klassen>sahihi Kl. 9/10 (Ø/n-) → sahihi — Numerus nur an der Konkordanz</div><div class=konkordanz>Kl.9: SUBJ i- · ADJ Ø/n- · GEN ya · DEM hii/ile · POSS y- · REL -yo</div><div class=hinweis>si verneint die Kopula ni</div>	A1 SD1 N nicht
Das ist doch schön, nicht?	Hiyo ni nzuri, sivyo?<hr><table class=gloss><tr class=mo><td>hiyo</td><td>ni</td><td>n-zuri</td><td>si-vyo</td></tr><tr class=la><td>KL9.DEM</td><td>KOP</td><td>KL9-gut</td><td>NEG-KL8</td></tr></table><div class=konkordanz>Kl.9: SUBJ i- · ADJ Ø/n- · GEN ya · DEM hii/ile · POSS y- · REL -yo · Kl.8: SUBJ vi- · ADJ vi- · GEN vya · DEM hivi/vile · POSS vy- · REL -vyo</div><div class=hinweis>sivyo ist die feste Rückfrage &quot;nicht wahr&quot;</div>	A1 SD1 N nicht
Das macht nichts.	Haidhuru.<hr><table class=gloss><tr class=mo><td>hai-dhuru</td></tr><tr class=la><td>KL9.NEG-schaden</td></tr></table><div class=konkordanz>Kl.9: SUBJ i- · ADJ Ø/n- · GEN ya · DEM hii/ile · POSS y- · REL -yo</div><div class=hinweis>haidhuru verneint das Schaden</div>	A1 SD1 N nichts
Hier kaufe ich nichts. Der Laden gefällt mir nicht.	Hapa sinunui kitu. Duka halinipendezi.<hr><table class=gloss><tr class=mo><td>hapa</td><td>si-nunu-i</td><td>ki-tu</td><td>duka</td><td>hali-ni-pendez-i</td></tr><tr class=la><td>hier</td><td>1SG.NEG-kaufen-NEG</td><td>KL7-Ding</td><td>KL5.Laden</td><td>KL5.NEG-OBJ1SG-gefallen-NEG</td></tr></table><div class=klassen>duka Kl. 5/6 (ji-/Ø › ma-) → maduka</div><div class=konkordanz>Kl.5: SUBJ li- · ADJ ji-/Ø · GEN la · DEM hili/lile · POSS l- · REL -lo</div><div class=hinweis>Zwei Negationen mit unterschiedlichen Präfixen</div>	A1 SD1 N nichts
Er kommt nie pünktlich.	Hafiki kwa wakati kamwe.<hr><table class=gloss><tr class=mo><td>ha-fik-i</td><td>kwa</td><td>wakati</td><td>kamwe</td></tr><tr class=la><td>3SG.NEG-ankommen-NEG</td><td>zu</td><td>KL11.Zeit</td><td>nie</td></tr></table><div class=klassen>wakati Kl. 11/10 (u- › Ø/n-) → nyakati</div><div class=konkordanz>Kl.11: SUBJ u- · ADJ m-/mw- · GEN wa · DEM huu/ule · POSS w- · REL -o</div><div class=hinweis>kamwe verstärkt die Negation zu &quot;nie&quot;</div>	A1 SD1 N nie
Vielleicht kommt er noch.	Labda bado anakuja.<hr><table class=gloss><tr class=mo><td>labda</td><td>bado</td><td>a-na-kuj-a</td></tr><tr class=la><td>vielleicht</td><td>noch</td><td>3SG-PRÄS-kommen-IND</td></tr></table><div class=hinweis>bado heißt noch und noch nicht</div>	A1 SD1 N noch
Wir warten noch fünf Minuten.	Tunasubiri dakika tano bado.<hr><table class=gloss><tr class=mo><td>tu-na-subiri</td><td>dakika</td><td>tano</td><td>bado</td></tr><tr class=la><td>1PL-PRÄS-warten</td><td>KL9.Minute</td><td>fünf</td><td>noch</td></tr></table><div class=konkordanz>Kl.9: SUBJ i- · ADJ Ø/n- · GEN ya · DEM hii/ile · POSS y- · REL -yo</div><div class=hinweis>kusubiri ist arabisches Lehnverb auf -i</div>	A1 SD1 N noch
Ich habe noch 20 Euro.	Nina Euro ishirini bado.<hr><table class=gloss><tr class=mo><td>ni-na</td><td>Euro</td><td>ishirini</td><td>bado</td></tr><tr class=la><td>1SG-haben</td><td>Euro</td><td>zwanzig</td><td>noch</td></tr></table><div class=hinweis>bado steht meist am Satzende</div>	A1 SD1 N noch
75 kg. Sein Gewicht ist normal.	Kilo sabini na tano. Uzito wake ni wa kawaida.<hr><table class=gloss><tr class=mo><td>kilo</td><td>sabini</td><td>na</td><td>tano</td><td>uzito</td><td>w-ake</td><td>ni</td><td>w-a</td><td>kawaida</td></tr><tr class=la><td>KL9.Kilo</td><td>siebzig</td><td>und</td><td>fünf</td><td>KL14.Gewicht</td><td>KL14-sein</td><td>KOP</td><td>KL14-GEN</td><td>KL9.Gewohnheit</td></tr></table><div class=klassen>uzito Kl. 14 (u-), kein Numeruswechsel [Abstraktum] · mke Kl. 1/2 (m-/mw- › wa-) → wake [Ehemann = &quot;mume&quot; Kl. 1/2]</div><div class=konkordanz>Kl.14: SUBJ u- · ADJ m-/mw- · GEN wa · DEM huu/ule · POSS w- · REL -o · Kl.1: SUBJ a- · ADJ m-/mw- · GEN wa · DEM huyu/yule · POSS w- · REL -ye</div><div class=hinweis>normal = wa kawaida, &quot;des Gewöhnlichen&quot;</div>	A1 SD1 N normal
Sie haben Zimmer Nummer zwölf.	Mnayo chumba namba kumi na mbili.<hr><table class=gloss><tr class=mo><td>m-na-yo</td><td>ki-umba</td><td>namba</td><td>kumi</td><td>na</td><td>mbili</td></tr><tr class=la><td>2PL-haben-REL9</td><td>KL7-Zimmer</td><td>KL9.Nummer</td><td>zehn</td><td>und</td><td>zwei</td></tr></table><div class=klassen>chumba Kl. 7/8 (ki- › vi-) → vyumba · namba Kl. 9/10 (Ø/n-) → namba — Numerus nur an der Konkordanz [Lehnwort]</div><div class=konkordanz>Kl.7: SUBJ ki- · ADJ ki- · GEN cha · DEM hiki/kile · POSS ch- · REL -cho · Kl.9: SUBJ i- · ADJ Ø/n- · GEN ya · DEM hii/ile · POSS y- · REL -yo</div><div class=hinweis>zwölf = kumi na mbili</div>	A1 SD1 N Nummer
Welche Hausnummer haben Sie?	Mnayo namba ipi ya nyumba?<hr><table class=gloss><tr class=mo><td>m-na-yo</td><td>namba</td><td>ipi</td><td>y-a</td><td>nyumba</td></tr><tr class=la><td>2PL-haben-REL9</td><td>KL9.Nummer</td><td>KL9.welche</td><td>KL9-GEN</td><td>KL9.Haus</td></tr></table><div class=klassen>namba Kl. 9/10 (Ø/n-) → namba — Numerus nur an der Konkordanz [Lehnwort] · nyumba Kl. 9/10 (Ø/n-) → nyumba — Numerus nur an der Konkordanz</div><div class=konkordanz>Kl.9: SUBJ i- · ADJ Ø/n- · GEN ya · DEM hii/ile · POSS y- · REL -yo</div><div class=hinweis>ipi kongruiert mit namba Kl.9</div>	A1 SD1 N Nummer
Können Sie mir Ihre Nummer geben?	Mnaweza kunipa namba yenu?<hr><table class=gloss><tr class=mo><td>m-na-wez-a</td><td>ku-ni-p-a</td><td>namba</td><td>y-enu</td></tr><tr class=la><td>2PL-PRÄS-können-IND</td><td>KL15-OBJ1SG-geben-IND</td><td>KL9.Nummer</td><td>KL9-euer</td></tr></table><div class=klassen>namba Kl. 9/10 (Ø/n-) → namba — Numerus nur an der Konkordanz [Lehnwort]</div><div class=konkordanz>Kl.9: SUBJ i- · ADJ Ø/n- · GEN ya · DEM hii/ile · POSS y- · REL -yo</div><div class=hinweis>yenu ist der Possessiv für höfliches Sie</div>	A1 SD1 N Nummer
Ich möchte nur ein Glas Wasser.	Nataka glasi moja ya maji tu.<hr><table class=gloss><tr class=mo><td>na-tak-a</td><td>glasi</td><td>moja</td><td>y-a</td><td>maji</td><td>tu</td></tr><tr class=la><td>1SG.PRÄS.ALLG-wollen-IND</td><td>KL9.Glas</td><td>eins</td><td>KL9-GEN</td><td>KL6.Wasser</td><td>nur</td></tr></table><div class=klassen>glasi Kl. 9/10 (Ø/n-) → glasi — Numerus nur an der Konkordanz [Lehnwort] · maji Kl. 6 (ma-), kein Numeruswechsel [nur Plural]</div><div class=konkordanz>Kl.9: SUBJ i- · ADJ Ø/n- · GEN ya · DEM hii/ile · POSS y- · REL -yo · Kl.6: SUBJ ya- · ADJ ma- · GEN ya · DEM haya/yale · POSS y- · REL -yo</div><div class=hinweis>tu am Satzende heißt &quot;nur&quot;</div>	A1 SD1 N nur
Ich wohne oben.	Nakaa juu.<hr><table class=gloss><tr class=mo><td>na-ka-a</td><td>juu</td></tr><tr class=la><td>1SG.PRÄS.ALLG-wohnen-IND</td><td>oben</td></tr></table><div class=hinweis>juu und chini sind unveränderlich</div>	A1 SD1 O oben
Im Sommer ist das Obst billig.	Kiangazi matunda ni rahisi.<hr><table class=gloss><tr class=mo><td>ki-angazi</td><td>ma-tunda</td><td>ni</td><td>rahisi</td></tr><tr class=la><td>KL7-Sommer</td><td>KL6-Obst</td><td>KOP</td><td>billig</td></tr></table><div class=klassen>tunda Kl. 5/6 (ji-/Ø › ma-) → matunda [meist Plural]</div><div class=konkordanz>Kl.5: SUBJ li- · ADJ ji-/Ø · GEN la · DEM hili/lile · POSS l- · REL -lo</div><div class=hinweis>rahisi heißt billig und einfach</div>	A1 SD1 O Obst
Wann können Sie kommen – heute oder morgen?	Mnaweza kuja lini - leo au kesho?<hr><table class=gloss><tr class=mo><td>m-na-wez-a</td><td>ku-j-a</td><td>lini</td><td>leo</td><td>au</td><td>kesho</td></tr><tr class=la><td>2PL-PRÄS-können-IND</td><td>KL15-kommen-IND</td><td>wann</td><td>heute</td><td>oder</td><td>morgen</td></tr></table><div class=konkordanz>Kl.15: SUBJ ku- · ADJ ku- · GEN kwa · DEM huku/kule · POSS kw- · REL -ko</div><div class=hinweis>au verbindet Alternativen</div>	A1 SD1 O oder
Ich öffne die Tür.	Nafungua mlango.<hr><table class=gloss><tr class=mo><td>na-fungu-a</td><td>m-lango</td></tr><tr class=la><td>1SG.PRÄS.ALLG-öffnen-IND</td><td>KL3-Tür</td></tr></table><div class=konkordanz>Kl.3: SUBJ u- · ADJ m-/mw- · GEN wa · DEM huu/ule · POSS w- · REL -o</div><div class=hinweis>mlango Kl.3, Plural milango Kl.4</div>	A1 SD1 O öffnen
Der Laden ist samstags bis 16.00 Uhr geöffnet.	Duka limefunguliwa Jumamosi hadi saa kumi.<hr><table class=gloss><tr class=mo><td>duka</td><td>li-me-fungu-liw-a</td><td>Jumamosi</td><td>hadi</td><td>saa</td><td>kumi</td></tr><tr class=la><td>KL5.Laden</td><td>KL5-PERF-öffnen-PASS-IND</td><td>KL9.Samstag</td><td>bis</td><td>KL9.Stunde</td><td>zehn</td></tr></table><div class=klassen>duka Kl. 5/6 (ji-/Ø › ma-) → maduka · saa Kl. 9/10 (Ø/n-) → saa — Numerus nur an der Konkordanz [auch &quot;Uhr&quot;]</div><div class=konkordanz>Kl.5: SUBJ li- · ADJ ji-/Ø · GEN la · DEM hili/lile · POSS l- · REL -lo · Kl.9: SUBJ i- · ADJ Ø/n- · GEN ya · DEM hii/ile · POSS y- · REL -yo</div><div class=hinweis>Jumamosi heißt wörtlich &quot;erster Tag&quot;</div>	A1 SD1 O geöffnet
Petra treffe ich oft.	Petra namkuta mara nyingi.<hr><table class=gloss><tr class=mo><td>Petra</td><td>na-m-kut-a</td><td>mara</td><td>ny-ingi</td></tr><tr class=la><td>Petra</td><td>1SG.PRÄS.ALLG-OBJ1-treffen-IND</td><td>KL9.Mal</td><td>KL10-viele</td></tr></table><div class=konkordanz>Kl.9: SUBJ i- · ADJ Ø/n- · GEN ya · DEM hii/ile · POSS y- · REL -yo · Kl.10: SUBJ zi- · ADJ Ø/n- · GEN za · DEM hizi/zile · POSS z- · REL -zo</div><div class=hinweis>Objektpräfix -m- auch bei vorangestelltem Namen</div>	A1 SD1 O oft
Ohne Geld kann er nichts kaufen.	Bila pesa hawezi kununua kitu.<hr><table class=gloss><tr class=mo><td>bila</td><td>pesa</td><td>ha-wez-i</td><td>ku-nunu-a</td><td>ki-tu</td></tr><tr class=la><td>ohne</td><td>KL10.Geld</td><td>3SG.NEG-können-NEG</td><td>KL15-kaufen-IND</td><td>KL7-Ding</td></tr></table><div class=klassen>pesa Kl. 9/10 (Ø/n-) → pesa — Numerus nur an der Konkordanz</div><div class=konkordanz>Kl.9: SUBJ i- · ADJ Ø/n- · GEN ya · DEM hii/ile · POSS y- · REL -yo</div><div class=hinweis>bila verlangt kein Konkordanzelement</div>	A1 SD1 O ohne
Den Salat machen wir ohne Öl.	Saladi tunaifanya bila mafuta.<hr><table class=gloss><tr class=mo><td>saladi</td><td>tu-na-i-fany-a</td><td>bila</td><td>ma-futa</td></tr><tr class=la><td>KL9.Salat</td><td>1PL-PRÄS-OBJ9-tun-IND</td><td>ohne</td><td>KL6-Öl</td></tr></table><div class=klassen>saladi Kl. 9/10 (Ø/n-) → saladi — Numerus nur an der Konkordanz [Lehnwort] · mafuta Kl. 6 (ma-), kein Numeruswechsel [nur Plural]</div><div class=konkordanz>Kl.9: SUBJ i- · ADJ Ø/n- · GEN ya · DEM hii/ile · POSS y- · REL -yo · Kl.6: SUBJ ya- · ADJ ma- · GEN ya · DEM haya/yale · POSS y- · REL -yo</div><div class=hinweis>mafuta ist Kl.6 und heißt Öl und Fett</div>	A1 SD1 O Öl
Meine Oma ist schon tot.	Bibi yangu amekwisha kufariki.<hr><table class=gloss><tr class=mo><td>bibi</td><td>y-angu</td><td>a-me-kwish-a</td><td>ku-fariki</td></tr><tr class=la><td>KL9/KL1.Großmutter</td><td>KL9-mein</td><td>3SG-PERF-beenden-IND</td><td>KL15-sterben</td></tr></table><div class=klassen>bibi Kl. 5/6 (ji-/Ø › ma-) → mabibi [Person: Form Kl. 5/6, Kongruenz Kl. 1/2]</div><div class=konkordanz>Kl.1: SUBJ a- · ADJ m-/mw- · GEN wa · DEM huyu/yule · POSS w- · REL -ye</div><div class=hinweis>kwisha plus Infinitiv heißt &quot;schon&quot;</div>	A1 SD1 O Oma
Mein Opa heißt Hans.	Babu yangu anaitwa Hans.<hr><table class=gloss><tr class=mo><td>babu</td><td>y-angu</td><td>a-na-it-w-a</td><td>Hans</td></tr><tr class=la><td>KL9/KL1.Großvater</td><td>KL9-mein</td><td>3SG-PRÄS-nennen-PASS-IND</td><td>Hans</td></tr></table><div class=klassen>babu Kl. 9/10 (Ø/n-) → babu — Numerus nur an der Konkordanz [Person: Form Kl. 9/10, Kongruenz Kl. 1/2]</div><div class=konkordanz>Kl.1: SUBJ a- · ADJ m-/mw- · GEN wa · DEM huyu/yule · POSS w- · REL -ye</div><div class=hinweis>yangu Kl.9, Verbkongruenz Kl.1</div>	A1 SD1 O Opa
Das ist in Ordnung.	Hiyo ni sawa.<hr><table class=gloss><tr class=mo><td>hiyo</td><td>ni</td><td>sawa</td></tr><tr class=la><td>KL9.DEM</td><td>KOP</td><td>in.Ordnung</td></tr></table><div class=konkordanz>Kl.9: SUBJ i- · ADJ Ø/n- · GEN ya · DEM hii/ile · POSS y- · REL -yo</div><div class=hinweis>sawa deckt gleich und in Ordnung ab</div>	A1 SD1 O Ordnung
Der Ort liegt am Meer.	Mahali hapa pako baharini.<hr><table class=gloss><tr class=mo><td>mahali</td><td>hapa</td><td>pa-ko</td><td>bahari-ni</td></tr><tr class=la><td>KL16.Ort</td><td>KL16.DEM</td><td>KL16-sein.da</td><td>KL9.Meer-LOK</td></tr></table><div class=klassen>mahali Kl. 16 (pa-), kein Numeruswechsel [Ortsklasse]</div><div class=konkordanz>Kl.16: SUBJ pa- · ADJ pa- · GEN pa · DEM hapa/pale · POSS p- · REL -po</div><div class=hinweis>Ortsklasse 16 hat die Konkordanz p-</div>	A1 SD1 O Ort
Hier sind Papier und Bleistift.	Hapa kuna karatasi na kalamu ya risasi.<hr><table class=gloss><tr class=mo><td>hapa</td><td>ku-na</td><td>karatasi</td><td>na</td><td>kalamu</td><td>y-a</td><td>risasi</td></tr><tr class=la><td>hier</td><td>KL17-mit</td><td>KL9.Papier</td><td>und</td><td>KL9.Stift</td><td>KL9-GEN</td><td>KL9.Blei</td></tr></table><div class=klassen>karatasi Kl. 9/10 (Ø/n-) → karatasi — Numerus nur an der Konkordanz · kalamu Kl. 9/10 (Ø/n-) → kalamu — Numerus nur an der Konkordanz</div><div class=konkordanz>Kl.9: SUBJ i- · ADJ Ø/n- · GEN ya · DEM hii/ile · POSS y- · REL -yo</div><div class=hinweis>kuna gilt für Singular und Plural</div>	A1 SD1 P Papier
Haben Sie Ihre Papiere dabei?	Mnayo hati zenu?<hr><table class=gloss><tr class=mo><td>m-na-yo</td><td>hati</td><td>z-enu</td></tr><tr class=la><td>2PL-haben-REL9</td><td>KL10.Papier</td><td>KL10-euer</td></tr></table><div class=klassen>hati Kl. 9/10 (Ø/n-) → hati — Numerus nur an der Konkordanz [deutsch nur Plural]</div><div class=konkordanz>Kl.9: SUBJ i- · ADJ Ø/n- · GEN ya · DEM hii/ile · POSS y- · REL -yo</div><div class=hinweis>hati ist Kl.9 und Kl.10 gleich</div>	A1 SD1 P Papiere__pl__
Sie ist meine Partnerin.	Yeye ni mwenzi wangu.<hr><table class=gloss><tr class=mo><td>yeye</td><td>ni</td><td>mw-enzi</td><td>w-angu</td></tr><tr class=la><td>sie</td><td>KOP</td><td>KL1-Partnerin</td><td>KL1-mein</td></tr></table><div class=klassen>mwenzi Kl. 1/2 (m-/mw- › wa-) → wenzi</div><div class=konkordanz>Kl.1: SUBJ a- · ADJ m-/mw- · GEN wa · DEM huyu/yule · POSS w- · REL -ye</div><div class=hinweis>mwenzi gilt für beide Geschlechter</div>	A1 SD1 P Partner
Heute Abend machen wir eine Party.	Leo jioni tunafanya sherehe.<hr><table class=gloss><tr class=mo><td>leo</td><td>jioni</td><td>tu-na-fany-a</td><td>sherehe</td></tr><tr class=la><td>heute</td><td>KL9.Abend</td><td>1PL-PRÄS-tun-IND</td><td>KL9.Party</td></tr></table><div class=klassen>sherehe Kl. 9/10 (Ø/n-) → sherehe — Numerus nur an der Konkordanz</div><div class=konkordanz>Kl.9: SUBJ i- · ADJ Ø/n- · GEN ya · DEM hii/ile · POSS y- · REL -yo</div><div class=hinweis>sherehe deckt Fest und Party ab</div>	A1 SD1 P Party
Im Hotel brauchst du deinen Pass.	Hotelini unahitaji pasipoti yako.<hr><table class=gloss><tr class=mo><td>hoteli-ni</td><td>u-na-hitaji</td><td>pasipoti</td><td>y-ako</td></tr><tr class=la><td>KL9.Hotel-LOK</td><td>2SG-PRÄS-brauchen</td><td>KL9.Pass</td><td>KL9-dein</td></tr></table><div class=klassen>pasipoti Kl. 9/10 (Ø/n-) → pasipoti — Numerus nur an der Konkordanz [Lehnwort]</div><div class=konkordanz>Kl.9: SUBJ i- · ADJ Ø/n- · GEN ya · DEM hii/ile · POSS y- · REL -yo</div><div class=hinweis>Ortssuffix -ni an hoteli Kl.9</div>	A1 SD1 P Pass
Von 12.00 bis 12.30 Uhr haben wir Mittagspause.	Kuanzia saa sita hadi saa sita na nusu tuna mapumziko ya mchana.<hr><table class=gloss><tr class=mo><td>ku-anz-i-a</td><td>saa</td><td>sita</td><td>hadi</td><td>saa</td><td>sita</td><td>na</td><td>nusu</td><td>tu-na</td><td>ma-pumziko</td><td>y-a</td><td>m-chana</td></tr><tr class=la><td>KL15-anfangen-APPL-IND</td><td>KL9.Stunde</td><td>sechs</td><td>bis</td><td>KL9.Stunde</td><td>sechs</td><td>und</td><td>KL9.Hälfte</td><td>1PL-haben</td><td>KL6-Pause</td><td>KL6-GEN</td><td>KL3-Mittag</td></tr></table><div class=klassen>saa Kl. 9/10 (Ø/n-) → saa — Numerus nur an der Konkordanz [auch &quot;Uhr&quot;] · mapumziko Kl. 6 (ma-), kein Numeruswechsel [nur Plural]</div><div class=konkordanz>Kl.9: SUBJ i- · ADJ Ø/n- · GEN ya · DEM hii/ile · POSS y- · REL -yo · Kl.6: SUBJ ya- · ADJ ma- · GEN ya · DEM haya/yale · POSS y- · REL -yo</div><div class=hinweis>saa sita = 12 Uhr, na nusu = und halb</div>	A1 SD1 P Pause
Ich kaufe mir einen Stadtplan.	Najinunulia mpango wa mji.<hr><table class=gloss><tr class=mo><td>na-ji-nunu-li-a</td><td>m-pango</td><td>w-a</td><td>m-ji</td></tr><tr class=la><td>1SG.PRÄS.ALLG-REFL-kaufen-APPL-IND</td><td>KL3-Plan</td><td>KL3-GEN</td><td>KL3-Stadt</td></tr></table><div class=klassen>mpango Kl. 3/4 (m-/mw- › mi-) → mipango · mji Kl. 3/4 (m-/mw- › mi-) → miji</div><div class=konkordanz>Kl.3: SUBJ u- · ADJ m-/mw- · GEN wa · DEM huu/ule · POSS w- · REL -o</div><div class=hinweis>Reflexiv -ji- plus Applikativ: für sich kaufen</div>	A1 SD1 P Plan
Tut mir leid, der Platz ist besetzt.	Pole, nafasi imechukuliwa.<hr><table class=gloss><tr class=mo><td>pole</td><td>nafasi</td><td>i-me-chuku-liw-a</td></tr><tr class=la><td>Mitgefühl</td><td>KL9.Platz</td><td>KL9-PERF-nehmen-PASS-IND</td></tr></table><div class=klassen>nafasi Kl. 9/10 (Ø/n-) → nafasi — Numerus nur an der Konkordanz [Sitzplatz; Ort = &quot;mahali&quot; Kl. 16]</div><div class=konkordanz>Kl.9: SUBJ i- · ADJ Ø/n- · GEN ya · DEM hii/ile · POSS y- · REL -yo</div><div class=hinweis>pole drückt Mitgefühl aus, nicht Entschuldigung</div>	A1 SD1 P Platz
Bitte nehmen Sie Platz!	Tafadhali kaeni!<hr><table class=gloss><tr class=mo><td>tafadhali</td><td>ka-eni</td></tr><tr class=la><td>bitte</td><td>sitzen-IMP.PL</td></tr></table><div class=hinweis>Platz nehmen ist einfach kukaa</div>	A1 SD1 P Platz
Ich wohne Messeplatz 5.	Nakaa Messeplatz tano.<hr><table class=gloss><tr class=mo><td>na-ka-a</td><td>Messeplatz</td><td>tano</td></tr><tr class=la><td>1SG.PRÄS.ALLG-wohnen-IND</td><td>Messeplatz</td><td>fünf</td></tr></table><div class=hinweis>Adressen bleiben ohne Präposition</div>	A1 SD1 P Platz
Holen Sie die Polizei!	Iteni polisi!<hr><table class=gloss><tr class=mo><td>it-eni</td><td>polisi</td></tr><tr class=la><td>rufen-IMP.PL</td><td>KL9.Polizei</td></tr></table><div class=klassen>polisi Kl. 9/10 (Ø/n-) → polisi — Numerus nur an der Konkordanz [Kongruenz Kl. 1/2 bei Personen]</div><div class=konkordanz>Kl.9: SUBJ i- · ADJ Ø/n- · GEN ya · DEM hii/ile · POSS y- · REL -yo</div><div class=hinweis>kuita ruft, kupiga simu telefoniert</div>	A1 SD1 P Polizei
Die Kinder essen Hähnchen mit Pommes frites.	Watoto wanakula kuku na chipsi.<hr><table class=gloss><tr class=mo><td>watoto</td><td>wa-na-kul-a</td><td>kuku</td><td>na</td><td>chipsi</td></tr><tr class=la><td>KL2.Kind</td><td>KL2-PRÄS-essen-IND</td><td>KL9.Hähnchen</td><td>mit</td><td>KL10.Pommes</td></tr></table><div class=klassen>mtoto Kl. 1/2 (m-/mw- › wa-) → watoto · kuku Kl. 9/10 (Ø/n-) → kuku — Numerus nur an der Konkordanz · chipsi Kl. 10 (Ø/n-), kein Numeruswechsel [nur Plural, Lehnwort]</div><div class=konkordanz>Kl.1: SUBJ a- · ADJ m-/mw- · GEN wa · DEM huyu/yule · POSS w- · REL -ye · Kl.9: SUBJ i- · ADJ Ø/n- · GEN ya · DEM hii/ile · POSS y- · REL -yo</div><div class=hinweis>Bei kula bleibt das ku- des Stammes erhalten</div>	A1 SD1 P Pommes_frites__pl__
Wo ist die Post, bitte?	Posta iko wapi, tafadhali?<hr><table class=gloss><tr class=mo><td>posta</td><td>i-ko</td><td>wapi</td><td>tafadhali</td></tr><tr class=la><td>KL9.Post</td><td>KL9-sein.da</td><td>wo</td><td>bitte</td></tr></table><div class=klassen>posta Kl. 9/10 (Ø/n-) → posta — Numerus nur an der Konkordanz [Lehnwort]</div><div class=konkordanz>Kl.9: SUBJ i- · ADJ Ø/n- · GEN ya · DEM hii/ile · POSS y- · REL -yo</div><div class=hinweis>iko fragt nach dem Ort</div>	A1 SD1 P Post
Ist Post da?	Kuna barua?<hr><table class=gloss><tr class=mo><td>ku-na</td><td>barua</td></tr><tr class=la><td>KL17-mit</td><td>KL9.Brief</td></tr></table><div class=klassen>barua Kl. 9/10 (Ø/n-) → barua — Numerus nur an der Konkordanz [Numerus nur an der Konkordanz]</div><div class=konkordanz>Kl.9: SUBJ i- · ADJ Ø/n- · GEN ya · DEM hii/ile · POSS y- · REL -yo</div><div class=hinweis>kuna fragt nach dem Vorhandensein</div>	A1 SD1 P Post
Wie ist Ihre Postleitzahl?	Namba yenu ya posta ni ipi?<hr><table class=gloss><tr class=mo><td>namba</td><td>y-enu</td><td>y-a</td><td>posta</td><td>ni</td><td>ipi</td></tr><tr class=la><td>KL9.Nummer</td><td>KL9-euer</td><td>KL9-GEN</td><td>KL9.Post</td><td>KOP</td><td>KL9.welche</td></tr></table><div class=klassen>namba Kl. 9/10 (Ø/n-) → namba — Numerus nur an der Konkordanz [Lehnwort] · posta Kl. 9/10 (Ø/n-) → posta — Numerus nur an der Konkordanz [Lehnwort]</div><div class=konkordanz>Kl.9: SUBJ i- · ADJ Ø/n- · GEN ya · DEM hii/ile · POSS y- · REL -yo</div><div class=hinweis>Dreifache Kl.9-Kongruenz: yenu, ya, ipi</div>	A1 SD1 P Postleitzahl
Ich mache ein Praktikum bei Siemens.	Nafanya mafunzo kwa vitendo kwenye Siemens.<hr><table class=gloss><tr class=mo><td>na-fany-a</td><td>ma-funzo</td><td>kwa</td><td>vi-tendo</td><td>kwenye</td><td>Siemens</td></tr><tr class=la><td>1SG.PRÄS.ALLG-tun-IND</td><td>KL6-Ausbildung</td><td>für</td><td>KL8-Tat</td><td>an</td><td>Siemens</td></tr></table><div class=klassen>mafunzo kwa vitendo Kl. 6 (ma-), kein Numeruswechsel [nur Plural]</div><div class=konkordanz>Kl.6: SUBJ ya- · ADJ ma- · GEN ya · DEM haya/yale · POSS y- · REL -yo</div><div class=hinweis>Praktikum wörtlich &quot;Ausbildung durch Taten&quot;</div>	A1 SD1 P Praktikum
Die Praxis ist ab acht Uhr geöffnet.	Kliniki imefunguliwa kuanzia saa mbili.<hr><table class=gloss><tr class=mo><td>kliniki</td><td>i-me-fungu-liw-a</td><td>ku-anz-i-a</td><td>saa</td><td>mbili</td></tr><tr class=la><td>KL9.Praxis</td><td>KL9-PERF-öffnen-PASS-IND</td><td>KL15-anfangen-APPL-IND</td><td>KL9.Stunde</td><td>zwei</td></tr></table><div class=klassen>kliniki Kl. 9/10 (Ø/n-) → kliniki — Numerus nur an der Konkordanz [Lehnwort] · saa Kl. 9/10 (Ø/n-) → saa — Numerus nur an der Konkordanz [auch &quot;Uhr&quot;]</div><div class=konkordanz>Kl.9: SUBJ i- · ADJ Ø/n- · GEN ya · DEM hii/ile · POSS y- · REL -yo</div><div class=hinweis>saa mbili = 8 Uhr, zweite Stunde nach Sonnenaufgang</div>	A1 SD1 P Praxis
Die Preise sind hoch.	Bei ni juu.<hr><table class=gloss><tr class=mo><td>bei</td><td>ni</td><td>juu</td></tr><tr class=la><td>KL10.Preis</td><td>KOP</td><td>oben</td></tr></table><div class=klassen>bei Kl. 9/10 (Ø/n-) → bei — Numerus nur an der Konkordanz</div><div class=konkordanz>Kl.9: SUBJ i- · ADJ Ø/n- · GEN ya · DEM hii/ile · POSS y- · REL -yo</div><div class=hinweis>hoch bei Preisen ist juu</div>	A1 SD1 P Preis
Mein Problem ist die Sprache.	Tatizo langu ni lugha.<hr><table class=gloss><tr class=mo><td>tatizo</td><td>l-angu</td><td>ni</td><td>lugha</td></tr><tr class=la><td>KL5.Problem</td><td>KL5-mein</td><td>KOP</td><td>KL9.Sprache</td></tr></table><div class=klassen>tatizo Kl. 5/6 (ji-/Ø › ma-) → matatizo · lugha Kl. 9/10 (Ø/n-) → lugha — Numerus nur an der Konkordanz</div><div class=konkordanz>Kl.5: SUBJ li- · ADJ ji-/Ø · GEN la · DEM hili/lile · POSS l- · REL -lo · Kl.9: SUBJ i- · ADJ Ø/n- · GEN ya · DEM hii/ile · POSS y- · REL -yo</div><div class=hinweis>tatizo Kl.5, Plural matatizo Kl.6</div>	A1 SD1 P Problem
Bitte schicken Sie mir einen Prospekt von Ihrem Hotel.	Tafadhali nitumieni kijitabu cha hoteli yenu.<hr><table class=gloss><tr class=mo><td>tafadhali</td><td>ni-tumi-eni</td><td>ki-jitabu</td><td>ch-a</td><td>hoteli</td><td>y-enu</td></tr><tr class=la><td>bitte</td><td>OBJ1SG-schicken-IMP.PL</td><td>KL7-Prospekt</td><td>KL7-GEN</td><td>KL9.Hotel</td><td>KL9-euer</td></tr></table><div class=klassen>kijitabu Kl. 7/8 (ki- › vi-) → vijitabu [Diminutiv von &quot;kitabu&quot;] · hoteli Kl. 9/10 (Ø/n-) → hoteli — Numerus nur an der Konkordanz [Lehnwort]</div><div class=konkordanz>Kl.7: SUBJ ki- · ADJ ki- · GEN cha · DEM hiki/kile · POSS ch- · REL -cho · Kl.9: SUBJ i- · ADJ Ø/n- · GEN ya · DEM hii/ile · POSS y- · REL -yo</div><div class=hinweis>kijitabu ist der Diminutiv von kitabu</div>	A1 SD1 P Prospekt
Die Prüfung ist am Montag um 8.00 Uhr.	Mtihani ni Jumatatu saa mbili.<hr><table class=gloss><tr class=mo><td>m-tihani</td><td>ni</td><td>Jumatatu</td><td>saa</td><td>mbili</td></tr><tr class=la><td>KL3-Prüfung</td><td>KOP</td><td>KL9.Montag</td><td>KL9.Stunde</td><td>zwei</td></tr></table><div class=klassen>mtihani Kl. 3/4 (m-/mw- › mi-) → mitihani · saa Kl. 9/10 (Ø/n-) → saa — Numerus nur an der Konkordanz [auch &quot;Uhr&quot;]</div><div class=konkordanz>Kl.3: SUBJ u- · ADJ m-/mw- · GEN wa · DEM huu/ule · POSS w- · REL -o · Kl.9: SUBJ i- · ADJ Ø/n- · GEN ya · DEM hii/ile · POSS y- · REL -yo</div><div class=hinweis>saa mbili = 8 Uhr morgens</div>	A1 SD1 P Prüfung
Der Bus fährt pünktlich um acht Uhr.	Basi linaondoka kwa wakati saa mbili.<hr><table class=gloss><tr class=mo><td>basi</td><td>li-na-ondok-a</td><td>kwa</td><td>wakati</td><td>saa</td><td>mbili</td></tr><tr class=la><td>KL5.Bus</td><td>KL5-PRÄS-abfahren-IND</td><td>zu</td><td>KL11.Zeit</td><td>KL9.Stunde</td><td>zwei</td></tr></table><div class=klassen>basi Kl. 5/6 (ji-/Ø › ma-) → mabasi · wakati Kl. 11/10 (u- › Ø/n-) → nyakati · saa Kl. 9/10 (Ø/n-) → saa — Numerus nur an der Konkordanz [auch &quot;Uhr&quot;]</div><div class=konkordanz>Kl.5: SUBJ li- · ADJ ji-/Ø · GEN la · DEM hili/lile · POSS l- · REL -lo · Kl.11: SUBJ u- · ADJ m-/mw- · GEN wa · DEM huu/ule · POSS w- · REL -o</div><div class=hinweis>pünktlich = kwa wakati, &quot;zur Zeit&quot;</div>	A1 SD1 P pünktlich
Herr Müller ist immer pünktlich.	Bwana Müller ni wa wakati kila mara.<hr><table class=gloss><tr class=mo><td>bwana</td><td>Müller</td><td>ni</td><td>w-a</td><td>wakati</td><td>kila</td><td>mara</td></tr><tr class=la><td>KL5/KL1.Herr</td><td>Müller</td><td>KOP</td><td>KL1-GEN</td><td>KL11.Zeit</td><td>jede</td><td>KL9.Mal</td></tr></table><div class=klassen>bwana Kl. 5/6 (ji-/Ø › ma-) → mabwana [Person: Form Kl. 5/6, Kongruenz Kl. 1/2] · wakati Kl. 11/10 (u- › Ø/n-) → nyakati</div><div class=konkordanz>Kl.1: SUBJ a- · ADJ m-/mw- · GEN wa · DEM huyu/yule · POSS w- · REL -ye · Kl.11: SUBJ u- · ADJ m-/mw- · GEN wa · DEM huu/ule · POSS w- · REL -o</div><div class=hinweis>wa wakati beschreibt die Eigenschaft</div>	A1 SD1 P pünktlich
Das Kind kann schon Rad fahren.	Mtoto anaweza kuendesha baiskeli tayari.<hr><table class=gloss><tr class=mo><td>m-toto</td><td>a-na-wez-a</td><td>ku-endesh-a</td><td>baiskeli</td><td>tayari</td></tr><tr class=la><td>KL1-Kind</td><td>3SG-PRÄS-können-IND</td><td>KL15-fahren-IND</td><td>KL9.Fahrrad</td><td>schon</td></tr></table><div class=klassen>mtoto Kl. 1/2 (m-/mw- › wa-) → watoto · baiskeli Kl. 9/10 (Ø/n-) → baiskeli — Numerus nur an der Konkordanz [Lehnwort]</div><div class=konkordanz>Kl.1: SUBJ a- · ADJ m-/mw- · GEN wa · DEM huyu/yule · POSS w- · REL -ye · Kl.9: SUBJ i- · ADJ Ø/n- · GEN ya · DEM hii/ile · POSS y- · REL -yo</div><div class=hinweis>kuendesha ist der Kausativ zu kwenda</div>	A1 SD1 R Rad_fahren
Ich rauche nicht.	Sivuti sigara.<hr><table class=gloss><tr class=mo><td>si-vut-i</td><td>sigara</td></tr><tr class=la><td>1SG.NEG-ziehen-NEG</td><td>KL9.Zigarette</td></tr></table><div class=klassen>sigara Kl. 9/10 (Ø/n-) → sigara — Numerus nur an der Konkordanz [Lehnwort]</div><div class=konkordanz>Kl.9: SUBJ i- · ADJ Ø/n- · GEN ya · DEM hii/ile · POSS y- · REL -yo</div><div class=hinweis>rauchen = kuvuta sigara</div>	A1 SD1 R rauchen
Der Unterricht ist in Raum 332.	Masomo yako kwenye chumba namba mia tatu thelathini na mbili.<hr><table class=gloss><tr class=mo><td>ma-somo</td><td>ya-ko</td><td>kwenye</td><td>ki-umba</td><td>namba</td><td>mia</td><td>tatu</td><td>thelathini</td><td>na</td><td>mbili</td></tr><tr class=la><td>KL6-Unterricht</td><td>KL6-sein.da</td><td>an</td><td>KL7-Raum</td><td>KL9.Nummer</td><td>KL9.Hundert</td><td>drei</td><td>dreißig</td><td>und</td><td>zwei</td></tr></table><div class=klassen>masomo Kl. 6 (ma-), kein Numeruswechsel [nur Plural] · chumba Kl. 7/8 (ki- › vi-) → vyumba · namba Kl. 9/10 (Ø/n-) → namba — Numerus nur an der Konkordanz [Lehnwort]</div><div class=konkordanz>Kl.6: SUBJ ya- · ADJ ma- · GEN ya · DEM haya/yale · POSS y- · REL -yo · Kl.7: SUBJ ki- · ADJ ki- · GEN cha · DEM hiki/kile · POSS ch- · REL -cho</div><div class=hinweis>332 = mia tatu thelathini na mbili</div>	A1 SD1 R Raum
Die Rechnung, bitte.	Bili, tafadhali.<hr><table class=gloss><tr class=mo><td>bili</td><td>tafadhali</td></tr><tr class=la><td>KL9.Rechnung</td><td>bitte</td></tr></table><div class=klassen>bili Kl. 9/10 (Ø/n-) → bili — Numerus nur an der Konkordanz [Lehnwort]</div><div class=konkordanz>Kl.9: SUBJ i- · ADJ Ø/n- · GEN ya · DEM hii/ile · POSS y- · REL -yo</div><div class=hinweis>bili ist Kl.9 und Kl.10 gleich</div>	A1 SD1 R Rechnung
Die Schillerstraße ist hier rechts.	Schillerstraße iko hapa kulia.<hr><table class=gloss><tr class=mo><td>Schillerstraße</td><td>i-ko</td><td>hapa</td><td>ku-lia</td></tr><tr class=la><td>Schillerstraße</td><td>KL9-sein.da</td><td>hier</td><td>KL17-rechts</td></tr></table><div class=konkordanz>Kl.9: SUBJ i- · ADJ Ø/n- · GEN ya · DEM hii/ile · POSS y- · REL -yo · Kl.17: SUBJ ku- · ADJ ku- · GEN kwa · DEM huku/kule · POSS kw- · REL -ko</div><div class=hinweis>kulia ist ein Ortswort der Kl.17</div>	A1 SD1 R rechts
Heute regnet es.	Leo inanyesha.<hr><table class=gloss><tr class=mo><td>leo</td><td>i-na-nyesh-a</td></tr><tr class=la><td>heute</td><td>KL9-PRÄS-regnen-IND</td></tr></table><div class=konkordanz>Kl.9: SUBJ i- · ADJ Ø/n- · GEN ya · DEM hii/ile · POSS y- · REL -yo</div><div class=hinweis>Wetterverben nehmen das Subjektpräfix der Kl.9</div>	A1 SD1 R regnen
Bei diesem Regen gehe ich nicht raus.	Kwa mvua hii sitatoka nje.<hr><table class=gloss><tr class=mo><td>kwa</td><td>mvua</td><td>hii</td><td>si-ta-tok-a</td><td>nje</td></tr><tr class=la><td>bei</td><td>KL9.Regen</td><td>KL9.DEM</td><td>1SG.NEG-FUT-hinausgehen-IND</td><td>draußen</td></tr></table><div class=klassen>mvua Kl. 9/10 (Ø/n-) → mvua — Numerus nur an der Konkordanz</div><div class=konkordanz>Kl.9: SUBJ i- · ADJ Ø/n- · GEN ya · DEM hii/ile · POSS y- · REL -yo</div><div class=hinweis>Negatives Futur behält -ta-</div>	A1 SD1 R Regen
Ich esse gern Reis.	Napenda kula mchele.<hr><table class=gloss><tr class=mo><td>na-pend-a</td><td>ku-kul-a</td><td>m-chele</td></tr><tr class=la><td>1SG.PRÄS.ALLG-mögen-IND</td><td>KL15-essen-IND</td><td>KL3-Reis</td></tr></table><div class=klassen>mchele Kl. 3/4 (m-/mw- › mi-) → michele [gekocht = &quot;wali&quot; Kl. 11]</div><div class=konkordanz>Kl.3: SUBJ u- · ADJ m-/mw- · GEN wa · DEM huu/ule · POSS w- · REL -o</div><div class=hinweis>mchele ist roher Reis, wali gekochter</div>	A1 SD1 R Reis
Ich reise gern.	Napenda kusafiri.<hr><table class=gloss><tr class=mo><td>na-pend-a</td><td>ku-safiri</td></tr><tr class=la><td>1SG.PRÄS.ALLG-mögen-IND</td><td>KL15-reisen</td></tr></table><div class=konkordanz>Kl.15: SUBJ ku- · ADJ ku- · GEN kwa · DEM huku/kule · POSS kw- · REL -ko</div><div class=hinweis>kusafiri ist arabisches Lehnverb auf -i</div>	A1 SD1 R reisen
Wir machen eine Reise nach Österreich.	Tunafanya safari kwenda Austria.<hr><table class=gloss><tr class=mo><td>tu-na-fany-a</td><td>safari</td><td>kw-end-a</td><td>Austria</td></tr><tr class=la><td>1PL-PRÄS-tun-IND</td><td>KL9.Reise</td><td>KL15-gehen-IND</td><td>Österreich</td></tr></table><div class=klassen>safari Kl. 9/10 (Ø/n-) → safari — Numerus nur an der Konkordanz</div><div class=konkordanz>Kl.9: SUBJ i- · ADJ Ø/n- · GEN ya · DEM hii/ile · POSS y- · REL -yo</div><div class=hinweis>Richtung durch den Infinitiv kwenda</div>	A1 SD1 R Reise
Mein Mann arbeitet im Reisebüro.	Mume wangu anafanya kazi kwenye ofisi ya safari.<hr><table class=gloss><tr class=mo><td>mume</td><td>w-angu</td><td>a-na-fany-a</td><td>kazi</td><td>kwenye</td><td>ofisi</td><td>y-a</td><td>safari</td></tr><tr class=la><td>KL1.Ehemann</td><td>KL1-mein</td><td>3SG-PRÄS-tun-IND</td><td>KL9.Arbeit</td><td>an</td><td>KL9.Büro</td><td>KL9-GEN</td><td>KL9.Reise</td></tr></table><div class=klassen>kazi Kl. 9/10 (Ø/n-) → kazi — Numerus nur an der Konkordanz · ofisi ya safari Kl. 9/10 (Ø/n-) → ofisi za safari [Genitiv kongruiert mit dem Kopfnomen] · safari Kl. 9/10 (Ø/n-) → safari — Numerus nur an der Konkordanz</div><div class=konkordanz>Kl.9: SUBJ i- · ADJ Ø/n- · GEN ya · DEM hii/ile · POSS y- · REL -yo</div><div class=hinweis>Reisebüro als ofisi ya safari</div>	A1 SD1 R Reisebüro
Ich kaufe mir einen Reiseführer von Berlin.	Najinunulia kitabu cha mwongozo cha Berlin.<hr><table class=gloss><tr class=mo><td>na-ji-nunu-li-a</td><td>ki-tabu</td><td>ch-a</td><td>mw-ongozo</td><td>ch-a</td><td>Berlin</td></tr><tr class=la><td>1SG.PRÄS.ALLG-REFL-kaufen-APPL-IND</td><td>KL7-Buch</td><td>KL7-GEN</td><td>KL3-Führung</td><td>KL7-GEN</td><td>Berlin</td></tr></table><div class=klassen>kitabu Kl. 7/8 (ki- › vi-) → vitabu</div><div class=konkordanz>Kl.7: SUBJ ki- · ADJ ki- · GEN cha · DEM hiki/kile · POSS ch- · REL -cho</div><div class=hinweis>Zwei Genitive cha, beide nach kitabu Kl.7</div>	A1 SD1 R Reiseführer
Unser Reiseführer heißt Peter.	Kiongozi wetu anaitwa Peter.<hr><table class=gloss><tr class=mo><td>ki-ongozi</td><td>w-etu</td><td>a-na-it-w-a</td><td>Peter</td></tr><tr class=la><td>KL7-Reiseführer</td><td>KL1-unser</td><td>3SG-PRÄS-nennen-PASS-IND</td><td>Peter</td></tr></table><div class=konkordanz>Kl.7: SUBJ ki- · ADJ ki- · GEN cha · DEM hiki/kile · POSS ch- · REL -cho · Kl.1: SUBJ a- · ADJ m-/mw- · GEN wa · DEM huyu/yule · POSS w- · REL -ye</div><div class=hinweis>kiongozi ist Kl.7, kongruiert als Person Kl.1</div>	A1 SD1 R Reiseführer
Er hat das Fahrrad repariert.	Amekwisha kutengeneza baiskeli.<hr><table class=gloss><tr class=mo><td>a-me-kwish-a</td><td>ku-tengenez-a</td><td>baiskeli</td></tr><tr class=la><td>3SG-PERF-beenden-IND</td><td>KL15-reparieren-IND</td><td>KL9.Fahrrad</td></tr></table><div class=klassen>baiskeli Kl. 9/10 (Ø/n-) → baiskeli — Numerus nur an der Konkordanz [Lehnwort]</div><div class=konkordanz>Kl.9: SUBJ i- · ADJ Ø/n- · GEN ya · DEM hii/ile · POSS y- · REL -yo</div><div class=hinweis>kwisha plus Infinitiv für die abgeschlossene Tat</div>	A1 SD1 R reparieren
Die Reparatur ist sehr teuer.	Ukarabati ni ghali sana.<hr><table class=gloss><tr class=mo><td>ukarabati</td><td>ni</td><td>ghali</td><td>sana</td></tr><tr class=la><td>KL14.Reparatur</td><td>KOP</td><td>teuer</td><td>sehr</td></tr></table><div class=klassen>ukarabati Kl. 14 (u-), kein Numeruswechsel [Abstraktum]</div><div class=konkordanz>Kl.14: SUBJ u- · ADJ m-/mw- · GEN wa · DEM huu/ule · POSS w- · REL -o</div><div class=hinweis>ukarabati Kl.14 hat keinen Plural</div>	A1 SD1 R Reparatur
Wir essen heute in einem Restaurant.	Leo tunakula kwenye mkahawa.<hr><table class=gloss><tr class=mo><td>leo</td><td>tu-na-kul-a</td><td>kwenye</td><td>m-kahawa</td></tr><tr class=la><td>heute</td><td>1PL-PRÄS-essen-IND</td><td>an</td><td>KL3-Restaurant</td></tr></table><div class=klassen>mkahawa Kl. 3/4 (m-/mw- › mi-) → mikahawa</div><div class=konkordanz>Kl.3: SUBJ u- · ADJ m-/mw- · GEN wa · DEM huu/ule · POSS w- · REL -o</div><div class=hinweis>mkahawa deckt Café und Restaurant ab</div>	A1 SD1 R Restaurant
Fragen Sie bitte im Hotel an der Rezeption.	Tafadhali ulizeni hotelini kwenye mapokezi.<hr><table class=gloss><tr class=mo><td>tafadhali</td><td>uliz-eni</td><td>hoteli-ni</td><td>kwenye</td><td>ma-pokezi</td></tr><tr class=la><td>bitte</td><td>fragen-IMP.PL</td><td>KL9.Hotel-LOK</td><td>an</td><td>KL6-Rezeption</td></tr></table><div class=klassen>mapokezi Kl. 6 (ma-), kein Numeruswechsel [nur Plural]</div><div class=konkordanz>Kl.6: SUBJ ya- · ADJ ma- · GEN ya · DEM haya/yale · POSS y- · REL -yo</div><div class=hinweis>mapokezi ist Kl.6 und hat keinen Singular</div>	A1 SD1 R Rezeption
Habe ich das richtig verstanden?	Nimeelewa hii sawasawa?<hr><table class=gloss><tr class=mo><td>ni-me-elew-a</td><td>hii</td><td>sawasawa</td></tr><tr class=la><td>1SG-PERF-verstehen-IND</td><td>KL9.DEM</td><td>richtig</td></tr></table><div class=konkordanz>Kl.9: SUBJ i- · ADJ Ø/n- · GEN ya · DEM hii/ile · POSS y- · REL -yo</div><div class=hinweis>sawasawa ist die Verdoppelung von sawa</div>	A1 SD1 R richtig
Das ist richtig.	Hiyo ni sahihi.<hr><table class=gloss><tr class=mo><td>hiyo</td><td>ni</td><td>sahihi</td></tr><tr class=la><td>KL9.DEM</td><td>KOP</td><td>richtig</td></tr></table><div class=klassen>sahihi Kl. 9/10 (Ø/n-) → sahihi — Numerus nur an der Konkordanz</div><div class=konkordanz>Kl.9: SUBJ i- · ADJ Ø/n- · GEN ya · DEM hii/ile · POSS y- · REL -yo</div><div class=hinweis>sahihi heißt richtig und Unterschrift</div>	A1 SD1 R richtig
Dieser Wein riecht gut.	Mvinyo huu unanukia vizuri.<hr><table class=gloss><tr class=mo><td>m-vinyo</td><td>huu</td><td>u-na-nuki-a</td><td>vi-zuri</td></tr><tr class=la><td>KL3-Wein</td><td>KL3.DEM</td><td>KL3-PRÄS-riechen-IND</td><td>KL8-gut</td></tr></table><div class=klassen>mvinyo Kl. 3/4 (m-/mw- › mi-) → mivinyo</div><div class=konkordanz>Kl.3: SUBJ u- · ADJ m-/mw- · GEN wa · DEM huu/ule · POSS w- · REL -o</div><div class=hinweis>kunukia riecht gut, kunuka riecht schlecht</div>	A1 SD1 R riechen
Ich möchte ein ruhiges Zimmer.	Nataka chumba tulivu.<hr><table class=gloss><tr class=mo><td>na-tak-a</td><td>ki-umba</td><td>tulivu</td></tr><tr class=la><td>1SG.PRÄS.ALLG-wollen-IND</td><td>KL7-Zimmer</td><td>ruhig</td></tr></table><div class=klassen>chumba Kl. 7/8 (ki- › vi-) → vyumba</div><div class=konkordanz>Kl.7: SUBJ ki- · ADJ ki- · GEN cha · DEM hiki/kile · POSS ch- · REL -cho</div><div class=hinweis>tulivu bleibt in Kl.7 ohne Präfix</div>	A1 SD1 R ruhig
Möchtest du einen Apfelsaft?	Unataka juisi ya tofaa?<hr><table class=gloss><tr class=mo><td>u-na-tak-a</td><td>juisi</td><td>y-a</td><td>tofaa</td></tr><tr class=la><td>2SG-PRÄS-wollen-IND</td><td>KL9.Saft</td><td>KL9-GEN</td><td>KL5.Apfel</td></tr></table><div class=klassen>juisi Kl. 9/10 (Ø/n-) → juisi — Numerus nur an der Konkordanz [Lehnwort] · tofaa Kl. 5/6 (ji-/Ø › ma-) → matofaa</div><div class=konkordanz>Kl.9: SUBJ i- · ADJ Ø/n- · GEN ya · DEM hii/ile · POSS y- · REL -yo · Kl.5: SUBJ li- · ADJ ji-/Ø · GEN la · DEM hili/lile · POSS l- · REL -lo</div><div class=hinweis>Genitiv ya nach juisi Kl.9</div>	A1 SD1 S Saft
Sag mal, wie geht es dir denn?	Niambie, habari zako?<hr><table class=gloss><tr class=mo><td>ni-ambi-e</td><td>habari</td><td>z-ako</td></tr><tr class=la><td>OBJ1SG-sagen-KONJ</td><td>KL10.Nachricht</td><td>KL10-dein</td></tr></table><div class=konkordanz>Kl.10: SUBJ zi- · ADJ Ø/n- · GEN za · DEM hizi/zile · POSS z- · REL -zo</div><div class=hinweis>Befinden wird mit habari erfragt</div>	A1 SD1 S sagen
Wie schmeckt dir der Salat?	Saladi inakupendeza vipi?<hr><table class=gloss><tr class=mo><td>saladi</td><td>i-na-ku-pendez-a</td><td>vipi</td></tr><tr class=la><td>KL9.Salat</td><td>KL9-PRÄS-OBJ2SG-gefallen-IND</td><td>wie</td></tr></table><div class=klassen>saladi Kl. 9/10 (Ø/n-) → saladi — Numerus nur an der Konkordanz [Lehnwort]</div><div class=konkordanz>Kl.9: SUBJ i- · ADJ Ø/n- · GEN ya · DEM hii/ile · POSS y- · REL -yo</div><div class=hinweis>schmecken wird mit kupendeza ausgedrückt</div>	A1 SD1 S Salat
Herr Ober, kann ich bitte Salz haben?	Bwana mhudumu, naweza kupata chumvi tafadhali?<hr><table class=gloss><tr class=mo><td>bwana</td><td>m-hudumu</td><td>na-wez-a</td><td>ku-pat-a</td><td>chumvi</td><td>tafadhali</td></tr><tr class=la><td>KL5/KL1.Herr</td><td>KL1-Kellner</td><td>1SG.PRÄS.ALLG-können-IND</td><td>KL15-bekommen-IND</td><td>KL9.Salz</td><td>bitte</td></tr></table><div class=klassen>bwana Kl. 5/6 (ji-/Ø › ma-) → mabwana [Person: Form Kl. 5/6, Kongruenz Kl. 1/2] · chumvi Kl. 9/10 (Ø/n-) → chumvi — Numerus nur an der Konkordanz</div><div class=konkordanz>Kl.1: SUBJ a- · ADJ m-/mw- · GEN wa · DEM huyu/yule · POSS w- · REL -ye · Kl.9: SUBJ i- · ADJ Ø/n- · GEN ya · DEM hii/ile · POSS y- · REL -yo</div><div class=hinweis>mhudumu Kl.1, Plural wahudumu Kl.2</div>	A1 SD1 S Salz
Dieser Satz ist sehr einfach.	Sentensi hii ni rahisi sana.<hr><table class=gloss><tr class=mo><td>sentensi</td><td>hii</td><td>ni</td><td>rahisi</td><td>sana</td></tr><tr class=la><td>KL9.Satz</td><td>KL9.DEM</td><td>KOP</td><td>einfach</td><td>sehr</td></tr></table><div class=konkordanz>Kl.9: SUBJ i- · ADJ Ø/n- · GEN ya · DEM hii/ile · POSS y- · REL -yo</div><div class=hinweis>sentensi ist Kl.9 und Kl.10 gleich</div>	A1 SD1 S Satz
Ich nehme lieber die S-Bahn.	Napenda kuchukua treni ya mjini zaidi.<hr><table class=gloss><tr class=mo><td>na-pend-a</td><td>ku-chuku-a</td><td>treni</td><td>y-a</td><td>m-ji-ni</td><td>zaidi</td></tr><tr class=la><td>1SG.PRÄS.ALLG-mögen-IND</td><td>KL15-nehmen-IND</td><td>KL9.Bahn</td><td>KL9-GEN</td><td>KL3-Stadt-LOK</td><td>mehr</td></tr></table><div class=klassen>treni Kl. 9/10 (Ø/n-) → treni — Numerus nur an der Konkordanz [Lehnwort]</div><div class=konkordanz>Kl.9: SUBJ i- · ADJ Ø/n- · GEN ya · DEM hii/ile · POSS y- · REL -yo</div><div class=hinweis>S-Bahn als treni ya mjini</div>	A1 SD1 S S
Gehen Sie bitte zum Schalter drei!	Tafadhali nendeni kwenye kaunta namba tatu!<hr><table class=gloss><tr class=mo><td>tafadhali</td><td>nend-eni</td><td>kwenye</td><td>kaunta</td><td>namba</td><td>tatu</td></tr><tr class=la><td>bitte</td><td>gehen-IMP.PL</td><td>an</td><td>KL9.Schalter</td><td>KL9.Nummer</td><td>drei</td></tr></table><div class=klassen>kaunta Kl. 9/10 (Ø/n-) → kaunta — Numerus nur an der Konkordanz [Lehnwort] · namba Kl. 9/10 (Ø/n-) → namba — Numerus nur an der Konkordanz [Lehnwort]</div><div class=konkordanz>Kl.9: SUBJ i- · ADJ Ø/n- · GEN ya · DEM hii/ile · POSS y- · REL -yo</div><div class=hinweis>kaunta deckt Schalter und Kasse ab</div>	A1 SD1 S Schalter
Die Sonne scheint.	Jua linawaka.<hr><table class=gloss><tr class=mo><td>jua</td><td>li-na-wak-a</td></tr><tr class=la><td>KL5.Sonne</td><td>KL5-PRÄS-leuchten-IND</td></tr></table><div class=klassen>jua Kl. 5/6 (ji-/Ø › ma-) → majua [meist Singular]</div><div class=konkordanz>Kl.5: SUBJ li- · ADJ ji-/Ø · GEN la · DEM hili/lile · POSS l- · REL -lo</div><div class=hinweis>kuwaka gilt für Sonne, Licht und Feuer</div>	A1 SD1 S scheinen
Bitte schicken Sie mir eine E-Mail.	Tafadhali nitumieni barua pepe.<hr><table class=gloss><tr class=mo><td>tafadhali</td><td>ni-tumi-eni</td><td>barua</td><td>pepe</td></tr><tr class=la><td>bitte</td><td>OBJ1SG-schicken-IMP.PL</td><td>KL9.Brief</td><td>Wind</td></tr></table><div class=klassen>barua Kl. 9/10 (Ø/n-) → barua — Numerus nur an der Konkordanz [Numerus nur an der Konkordanz]</div><div class=konkordanz>Kl.9: SUBJ i- · ADJ Ø/n- · GEN ya · DEM hii/ile · POSS y- · REL -yo</div><div class=hinweis>Objektpräfix ni- vor dem Imperativ Plural</div>	A1 SD1 S schicken
Haben Sie nicht das Schild gesehen?	Hamkuona alama?<hr><table class=gloss><tr class=mo><td>ham-ku-on-a</td><td>alama</td></tr><tr class=la><td>2PL.NEG-PRÄT.NEG-sehen-IND</td><td>KL9.Zeichen</td></tr></table><div class=klassen>alama Kl. 9/10 (Ø/n-) → alama — Numerus nur an der Konkordanz</div><div class=konkordanz>Kl.9: SUBJ i- · ADJ Ø/n- · GEN ya · DEM hii/ile · POSS y- · REL -yo</div><div class=hinweis>-ku- bildet die negative Vergangenheit</div>	A1 SD1 S Schild
Ich möchte gern ein Schinkenbrot.	Ningependa mkate na nyama ya nguruwe.<hr><table class=gloss><tr class=mo><td>ni-nge-pend-a</td><td>m-kate</td><td>na</td><td>nyama</td><td>y-a</td><td>nguruwe</td></tr><tr class=la><td>1SG-IRR-mögen-IND</td><td>KL3-Brot</td><td>mit</td><td>KL9.Fleisch</td><td>KL9-GEN</td><td>KL9.Schwein</td></tr></table><div class=klassen>mkate Kl. 3/4 (m-/mw- › mi-) → mikate · nyama Kl. 9/10 (Ø/n-) → nyama — Numerus nur an der Konkordanz</div><div class=konkordanz>Kl.3: SUBJ u- · ADJ m-/mw- · GEN wa · DEM huu/ule · POSS w- · REL -o · Kl.9: SUBJ i- · ADJ Ø/n- · GEN ya · DEM hii/ile · POSS y- · REL -yo</div><div class=hinweis>Schinken als nyama ya nguruwe</div>	A1 SD1 S Schinken
Ich schlafe meistens acht Stunden.	Nalala saa nane kwa kawaida.<hr><table class=gloss><tr class=mo><td>na-lal-a</td><td>saa</td><td>nane</td><td>kwa</td><td>kawaida</td></tr><tr class=la><td>1SG.PRÄS.ALLG-schlafen-IND</td><td>KL9.Stunde</td><td>acht</td><td>für</td><td>KL9.Gewohnheit</td></tr></table><div class=klassen>saa Kl. 9/10 (Ø/n-) → saa — Numerus nur an der Konkordanz [auch &quot;Uhr&quot;]</div><div class=konkordanz>Kl.9: SUBJ i- · ADJ Ø/n- · GEN ya · DEM hii/ile · POSS y- · REL -yo</div><div class=hinweis>kwa kawaida heißt gewöhnlich, meistens</div>	A1 SD1 S schlafen
Mir ist schlecht!	Nahisi vibaya!<hr><table class=gloss><tr class=mo><td>na-hisi</td><td>vi-baya</td></tr><tr class=la><td>1SG.PRÄS.ALLG-fühlen</td><td>KL8-schlecht</td></tr></table><div class=konkordanz>Kl.8: SUBJ vi- · ADJ vi- · GEN vya · DEM hivi/vile · POSS vy- · REL -vyo</div><div class=hinweis>vibaya ist das Adverb mit Kl.8-Präfix</div>	A1 SD1 S schlecht
Sie sehen schlecht aus.	Mnaonekana vibaya.<hr><table class=gloss><tr class=mo><td>m-na-onekan-a</td><td>vi-baya</td></tr><tr class=la><td>2PL-PRÄS-aussehen-IND</td><td>KL8-schlecht</td></tr></table><div class=konkordanz>Kl.8: SUBJ vi- · ADJ vi- · GEN vya · DEM hivi/vile · POSS vy- · REL -vyo</div><div class=hinweis>kuonekana ist der Stativ zu kuona</div>	A1 SD1 S schlecht
Wir haben schlechtes Wetter.	Tuna hali ya hewa mbaya.<hr><table class=gloss><tr class=mo><td>tu-na</td><td>hali</td><td>y-a</td><td>hewa</td><td>m-baya</td></tr><tr class=la><td>1PL-haben</td><td>KL9.Lage</td><td>KL9-GEN</td><td>KL9.Luft</td><td>KL9-schlecht</td></tr></table><div class=klassen>hali ya hewa Kl. 9 (Ø/n-), kein Numeruswechsel [Genitivfuegung, kein Plural]</div><div class=konkordanz>Kl.9: SUBJ i- · ADJ Ø/n- · GEN ya · DEM hii/ile · POSS y- · REL -yo</div><div class=hinweis>Wetter als hali ya hewa, &quot;Zustand der Luft&quot;</div>	A1 SD1 S schlecht
Bitte, schließen Sie die Tür.	Tafadhali, fungeni mlango.<hr><table class=gloss><tr class=mo><td>tafadhali</td><td>fung-eni</td><td>m-lango</td></tr><tr class=la><td>bitte</td><td>schließen-IMP.PL</td><td>KL3-Tür</td></tr></table><div class=konkordanz>Kl.3: SUBJ u- · ADJ m-/mw- · GEN wa · DEM huu/ule · POSS w- · REL -o</div><div class=hinweis>kufunga schließt, kufungua öffnet</div>	A1 SD1 S schließen
Die Bank hat am Samstag geschlossen.	Benki imefungwa Jumamosi.<hr><table class=gloss><tr class=mo><td>benki</td><td>i-me-fung-w-a</td><td>Jumamosi</td></tr><tr class=la><td>KL9.Bank</td><td>KL9-PERF-schließen-PASS-IND</td><td>KL9.Samstag</td></tr></table><div class=klassen>benki Kl. 9/10 (Ø/n-) → benki — Numerus nur an der Konkordanz [Geldinstitut; Sitzbank = &quot;benchi&quot;]</div><div class=konkordanz>Kl.9: SUBJ i- · ADJ Ø/n- · GEN ya · DEM hii/ile · POSS y- · REL -yo</div><div class=hinweis>Passiv Perfekt für den Zustand</div>	A1 SD1 S geschlossen
Ich muss jetzt Schluss machen.	Sasa lazima nimalize.<hr><table class=gloss><tr class=mo><td>sasa</td><td>lazima</td><td>ni-maliz-e</td></tr><tr class=la><td>jetzt</td><td>muss</td><td>1SG-beenden-KONJ</td></tr></table><div class=hinweis>kumaliza heißt beenden und fertig werden</div>	A1 SD1 S Schluss
Zum Schluss gibt er uns allen die Hand.	Mwishoni anatupa mkono sote.<hr><table class=gloss><tr class=mo><td>mwisho-ni</td><td>a-na-tu-p-a</td><td>m-kono</td><td>s-ote</td></tr><tr class=la><td>KL3.Ende-LOK</td><td>3SG-PRÄS-OBJ1PL-geben-IND</td><td>KL3-Hand</td><td>1PL-alle</td></tr></table><div class=klassen>mkono Kl. 3/4 (m-/mw- › mi-) → mikono</div><div class=konkordanz>Kl.3: SUBJ u- · ADJ m-/mw- · GEN wa · DEM huu/ule · POSS w- · REL -o</div><div class=hinweis>sote ist die 1PL-Form von -ote</div>	A1 SD1 S Schluss
Ich gebe Ihnen noch den Zimmerschlüssel.	Nakupa ufunguo wa chumba bado.<hr><table class=gloss><tr class=mo><td>na-ku-p-a</td><td>ufunguo</td><td>w-a</td><td>ki-umba</td><td>bado</td></tr><tr class=la><td>1SG.PRÄS.ALLG-OBJ2SG-geben-IND</td><td>KL11.Schlüssel</td><td>KL11-GEN</td><td>KL7-Zimmer</td><td>noch</td></tr></table><div class=klassen>ufunguo Kl. 11/10 (u- › Ø/n-) → funguo · chumba Kl. 7/8 (ki- › vi-) → vyumba</div><div class=konkordanz>Kl.11: SUBJ u- · ADJ m-/mw- · GEN wa · DEM huu/ule · POSS w- · REL -o · Kl.7: SUBJ ki- · ADJ ki- · GEN cha · DEM hiki/kile · POSS ch- · REL -cho</div><div class=hinweis>ufunguo Kl.11 nimmt den Genitiv wa</div>	A1 SD1 S Schlüssel
Schmeckt das gut?	Hii inapendeza?<hr><table class=gloss><tr class=mo><td>hii</td><td>i-na-pendez-a</td></tr><tr class=la><td>KL9.DEM</td><td>KL9-PRÄS-gefallen-IND</td></tr></table><div class=konkordanz>Kl.9: SUBJ i- · ADJ Ø/n- · GEN ya · DEM hii/ile · POSS y- · REL -yo</div><div class=hinweis>kupendeza gilt für Geschmack und Gefallen</div>	A1 SD1 S schmecken
Er fährt schnell.	Anaendesha kwa kasi.<hr><table class=gloss><tr class=mo><td>a-na-endesh-a</td><td>kwa</td><td>kasi</td></tr><tr class=la><td>3SG-PRÄS-fahren-IND</td><td>mit</td><td>KL9.Geschwindigkeit</td></tr></table><div class=konkordanz>Kl.9: SUBJ i- · ADJ Ø/n- · GEN ya · DEM hii/ile · POSS y- · REL -yo</div><div class=hinweis>schnell = kwa kasi, &quot;mit Geschwindigkeit&quot;</div>	A1 SD1 S schnell
Ist das Essen schon fertig?	Chakula ni tayari?<hr><table class=gloss><tr class=mo><td>chakula</td><td>ni</td><td>tayari</td></tr><tr class=la><td>KL7.Essen</td><td>KOP</td><td>fertig</td></tr></table><div class=klassen>chakula Kl. 7/8 (ki- › vi-) → vyakula</div><div class=konkordanz>Kl.7: SUBJ ki- · ADJ ki- · GEN cha · DEM hiki/kile · POSS ch- · REL -cho</div><div class=hinweis>tayari heißt schon und fertig</div>	A1 SD1 S schon
Schönen Urlaub!	Likizo njema!<hr><table class=gloss><tr class=mo><td>likizo</td><td>n-jema</td></tr><tr class=la><td>KL9.Urlaub</td><td>KL9-gut</td></tr></table><div class=klassen>likizo Kl. 9/10 (Ø/n-) → likizo — Numerus nur an der Konkordanz</div><div class=konkordanz>Kl.9: SUBJ i- · ADJ Ø/n- · GEN ya · DEM hii/ile · POSS y- · REL -yo</div><div class=hinweis>njema mit Nasalpräfix der Kl.9</div>	A1 SD1 S schön
Das ist sehr schön.	Hiyo ni nzuri sana.<hr><table class=gloss><tr class=mo><td>hiyo</td><td>ni</td><td>n-zuri</td><td>sana</td></tr><tr class=la><td>KL9.DEM</td><td>KOP</td><td>KL9-schön</td><td>sehr</td></tr></table><div class=konkordanz>Kl.9: SUBJ i- · ADJ Ø/n- · GEN ya · DEM hii/ile · POSS y- · REL -yo</div><div class=hinweis>nzuri deckt schön und gut ab</div>	A1 SD1 S schön
Die Gläser stehen im Schrank.	Glasi ziko kwenye kabati.<hr><table class=gloss><tr class=mo><td>glasi</td><td>zi-ko</td><td>kwenye</td><td>kabati</td></tr><tr class=la><td>KL10.Glas</td><td>KL10-sein.da</td><td>an</td><td>KL5.Schrank</td></tr></table><div class=klassen>glasi Kl. 9/10 (Ø/n-) → glasi — Numerus nur an der Konkordanz [Lehnwort] · kabati Kl. 5/6 (ji-/Ø › ma-) → makabati</div><div class=konkordanz>Kl.9: SUBJ i- · ADJ Ø/n- · GEN ya · DEM hii/ile · POSS y- · REL -yo · Kl.5: SUBJ li- · ADJ ji-/Ø · GEN la · DEM hili/lile · POSS l- · REL -lo</div><div class=hinweis>ziko ist das Subjektpräfix der Kl.10 plus -ko</div>	A1 SD1 S Schrank
Er schreibt jeden Tag fünfzig E-Mails.	Anaandika barua pepe hamsini kila siku.<hr><table class=gloss><tr class=mo><td>a-na-andik-a</td><td>barua</td><td>pepe</td><td>hamsini</td><td>kila</td><td>siku</td></tr><tr class=la><td>3SG-PRÄS-schreiben-IND</td><td>KL9.Brief</td><td>Wind</td><td>fünfzig</td><td>jede</td><td>KL9.Tag</td></tr></table><div class=klassen>barua Kl. 9/10 (Ø/n-) → barua — Numerus nur an der Konkordanz [Numerus nur an der Konkordanz] · siku ya kuzaliwa Kl. 9/10 (Ø/n-) → siku za kuzaliwa [Genitiv kongruiert mit dem Kopfnomen]</div><div class=konkordanz>Kl.9: SUBJ i- · ADJ Ø/n- · GEN ya · DEM hii/ile · POSS y- · REL -yo</div><div class=hinweis>barua pepe bleibt im Plural gleich</div>	A1 SD1 S schreiben
Zieh die Schuhe aus!	Vua viatu!<hr><table class=gloss><tr class=mo><td>vu-a</td><td>vi-atu</td></tr><tr class=la><td>ausziehen-IMP</td><td>KL8-Schuh</td></tr></table><div class=klassen>kiatu Kl. 7/8 (ki- › vi-) → viatu</div><div class=konkordanz>Kl.7: SUBJ ki- · ADJ ki- · GEN cha · DEM hiki/kile · POSS ch- · REL -cho</div><div class=hinweis>kuvua zieht aus, kuvaa zieht an</div>	A1 SD1 S Schuh
Meine Tochter geht schon in die Schule.	Binti yangu anaenda shule tayari.<hr><table class=gloss><tr class=mo><td>binti</td><td>y-angu</td><td>a-na-end-a</td><td>shule</td><td>tayari</td></tr><tr class=la><td>KL5/KL1.Tochter</td><td>KL9-mein</td><td>3SG-PRÄS-gehen-IND</td><td>KL9.Schule</td><td>schon</td></tr></table><div class=klassen>binti Kl. 5/6 (ji-/Ø › ma-) → mabinti [Person: Form Kl. 5/6, Kongruenz Kl. 1/2] · shule Kl. 9/10 (Ø/n-) → shule — Numerus nur an der Konkordanz</div><div class=konkordanz>Kl.1: SUBJ a- · ADJ m-/mw- · GEN wa · DEM huyu/yule · POSS w- · REL -ye · Kl.9: SUBJ i- · ADJ Ø/n- · GEN ya · DEM hii/ile · POSS y- · REL -yo</div><div class=hinweis>binti nimmt yangu Kl.9, kongruiert als Person</div>	A1 SD1 S Schule
Die Schule ist gleich hier um die Ecke.	Shule iko hapa kwenye kona.<hr><table class=gloss><tr class=mo><td>shule</td><td>i-ko</td><td>hapa</td><td>kwenye</td><td>kona</td></tr><tr class=la><td>KL9.Schule</td><td>KL9-sein.da</td><td>hier</td><td>an</td><td>KL9.Ecke</td></tr></table><div class=klassen>shule Kl. 9/10 (Ø/n-) → shule — Numerus nur an der Konkordanz · kona Kl. 9/10 (Ø/n-) → kona — Numerus nur an der Konkordanz [Lehnwort]</div><div class=konkordanz>Kl.9: SUBJ i- · ADJ Ø/n- · GEN ya · DEM hii/ile · POSS y- · REL -yo</div><div class=hinweis>iko gibt die Lage an</div>	A1 SD1 S Schule
In meinem Kurs sind acht Schülerinnen und fünf Schüler.	Katika kozi yangu kuna wanafunzi wanawake nane na wanaume watano.<hr><table class=gloss><tr class=mo><td>katika</td><td>kozi</td><td>y-angu</td><td>ku-na</td><td>wanafunzi</td><td>wanawake</td><td>nane</td><td>na</td><td>wanaume</td><td>wa-tano</td></tr><tr class=la><td>in</td><td>KL9.Kurs</td><td>KL9-mein</td><td>KL17-mit</td><td>KL2.Schüler</td><td>KL2.Frau</td><td>acht</td><td>und</td><td>KL2.Mann</td><td>KL2-fünf</td></tr></table><div class=klassen>kozi Kl. 9/10 (Ø/n-) → kozi — Numerus nur an der Konkordanz [Lehnwort] · mwanafunzi Kl. 1/2 (m-/mw- › wa-) → wanafunzi · mwanamke Kl. 1/2 (m-/mw- › wa-) → wanawake · mwanamume Kl. 1/2 (m-/mw- › wa-) → wanaume</div><div class=konkordanz>Kl.9: SUBJ i- · ADJ Ø/n- · GEN ya · DEM hii/ile · POSS y- · REL -yo · Kl.1: SUBJ a- · ADJ m-/mw- · GEN wa · DEM huyu/yule · POSS w- · REL -ye</div><div class=hinweis>Geschlecht nachgestellt, Zahl mit Kl.2-Präfix</div>	A1 SD1 S Schüler
Ist Ihr Gepäck sehr schwer?	Mizigo yenu ni mizito sana?<hr><table class=gloss><tr class=mo><td>mi-zigo</td><td>y-enu</td><td>ni</td><td>mi-zito</td><td>sana</td></tr><tr class=la><td>KL4-Gepäck</td><td>KL4-euer</td><td>KOP</td><td>KL4-schwer</td><td>sehr</td></tr></table><div class=klassen>mzigo Kl. 3/4 (m-/mw- › mi-) → mizigo [meist Plural &quot;mizigo&quot;]</div><div class=konkordanz>Kl.3: SUBJ u- · ADJ m-/mw- · GEN wa · DEM huu/ule · POSS w- · REL -o</div><div class=hinweis>Dreifache Kl.4-Kongruenz: yenu, mizito, mizigo</div>	A1 SD1 S schwer
Das ist eine schwere Arbeit.	Hii ni kazi ngumu.<hr><table class=gloss><tr class=mo><td>hii</td><td>ni</td><td>kazi</td><td>n-gumu</td></tr><tr class=la><td>KL9.DEM</td><td>KOP</td><td>KL9.Arbeit</td><td>KL9-schwer</td></tr></table><div class=klassen>kazi Kl. 9/10 (Ø/n-) → kazi — Numerus nur an der Konkordanz</div><div class=konkordanz>Kl.9: SUBJ i- · ADJ Ø/n- · GEN ya · DEM hii/ile · POSS y- · REL -yo</div><div class=hinweis>ngumu für schwierig, mzito für gewichtig</div>	A1 SD1 S schwer
Meine Schwester kommt am Dienstag.	Dada yangu anakuja Jumanne.<hr><table class=gloss><tr class=mo><td>dada</td><td>y-angu</td><td>a-na-kuj-a</td><td>Jumanne</td></tr><tr class=la><td>KL9/KL1.Schwester</td><td>KL9-mein</td><td>3SG-PRÄS-kommen-IND</td><td>KL9.Dienstag</td></tr></table><div class=klassen>dada Kl. 9/10 (Ø/n-) → dada — Numerus nur an der Konkordanz [Person: Form Kl. 9/10, Kongruenz Kl. 1/2]</div><div class=konkordanz>Kl.1: SUBJ a- · ADJ m-/mw- · GEN wa · DEM huyu/yule · POSS w- · REL -ye</div><div class=hinweis>Jumanne heißt wörtlich &quot;vierter Tag&quot;</div>	A1 SD1 S Schwester
Ich schwimme jeden Tag einen Kilometer.	Naogelea kilomita moja kila siku.<hr><table class=gloss><tr class=mo><td>na-ogele-a</td><td>kilomita</td><td>moja</td><td>kila</td><td>siku</td></tr><tr class=la><td>1SG.PRÄS.ALLG-schwimmen-IND</td><td>KL9.Kilometer</td><td>eins</td><td>jede</td><td>KL9.Tag</td></tr></table><div class=klassen>siku ya kuzaliwa Kl. 9/10 (Ø/n-) → siku za kuzaliwa [Genitiv kongruiert mit dem Kopfnomen]</div><div class=konkordanz>Kl.9: SUBJ i- · ADJ Ø/n- · GEN ya · DEM hii/ile · POSS y- · REL -yo</div><div class=hinweis>kila verlangt den Singular</div>	A1 SD1 S schwimmen
Kommst du mit ins Schwimmbad?	Unakuja pamoja bwawani la kuogelea?<hr><table class=gloss><tr class=mo><td>u-na-kuj-a</td><td>pamoja</td><td>bwawa-ni</td><td>l-a</td><td>ku-ogele-a</td></tr><tr class=la><td>2SG-PRÄS-kommen-IND</td><td>zusammen</td><td>KL5.Becken-LOK</td><td>KL5-GEN</td><td>KL15-schwimmen-IND</td></tr></table><div class=konkordanz>Kl.5: SUBJ li- · ADJ ji-/Ø · GEN la · DEM hili/lile · POSS l- · REL -lo · Kl.15: SUBJ ku- · ADJ ku- · GEN kwa · DEM huku/kule · POSS kw- · REL -ko</div><div class=hinweis>Schwimmbad als bwawa la kuogelea</div>	A1 SD1 S Schwimmbad
Komm, wir fahren zum Starnberger See.	Njoo, tunasafiri hadi ziwa la Starnberg.<hr><table class=gloss><tr class=mo><td>njoo</td><td>tu-na-safiri</td><td>hadi</td><td>ziwa</td><td>l-a</td><td>Starnberg</td></tr><tr class=la><td>komm</td><td>1PL-PRÄS-reisen</td><td>bis</td><td>KL5.See</td><td>KL5-GEN</td><td>Starnberg</td></tr></table><div class=klassen>ziwa Kl. 5/6 (ji-/Ø › ma-) → maziwa</div><div class=konkordanz>Kl.5: SUBJ li- · ADJ ji-/Ø · GEN la · DEM hili/lile · POSS l- · REL -lo</div><div class=hinweis>ziwa Kl.5, Plural maziwa Kl.6</div>	A1 SD1 S See
Ich kann dich nicht sehen.	Siwezi kukuona.<hr><table class=gloss><tr class=mo><td>si-wez-i</td><td>ku-ku-on-a</td></tr><tr class=la><td>1SG.NEG-können-NEG</td><td>KL15-OBJ2SG-sehen-IND</td></tr></table><div class=konkordanz>Kl.15: SUBJ ku- · ADJ ku- · GEN kwa · DEM huku/kule · POSS kw- · REL -ko</div><div class=hinweis>Objektpräfix -ku- zwischen ku- und Wurzel</div>	A1 SD1 S sehen
Ich habe diesen Jungen schon einmal gesehen.	Nimekwisha kumwona mvulana huyu mara moja.<hr><table class=gloss><tr class=mo><td>ni-me-kwish-a</td><td>ku-mw-on-a</td><td>m-vulana</td><td>huyu</td><td>mara</td><td>moja</td></tr><tr class=la><td>1SG-PERF-beenden-IND</td><td>KL15-OBJ1-sehen-IND</td><td>KL1-Junge</td><td>KL1.DEM</td><td>KL9.Mal</td><td>eins</td></tr></table><div class=klassen>mvulana Kl. 1/2 (m-/mw- › wa-) → wavulana</div><div class=konkordanz>Kl.1: SUBJ a- · ADJ m-/mw- · GEN wa · DEM huyu/yule · POSS w- · REL -ye</div><div class=hinweis>Objektpräfix -m- wird vor Vokal zu -mw-</div>	A1 SD1 S sehen
Welche Sehenswürdigkeiten gibt es in Frankfurt?	Vivutio vipi vipo Frankfurt?<hr><table class=gloss><tr class=mo><td>vi-vutio</td><td>vipi</td><td>vi-po</td><td>Frankfurt</td></tr><tr class=la><td>KL8-Sehenswürdigkeit</td><td>KL8.welche</td><td>KL8-sein.da</td><td>Frankfurt</td></tr></table><div class=klassen>kivutio Kl. 7/8 (ki- › vi-) → vivutio</div><div class=konkordanz>Kl.7: SUBJ ki- · ADJ ki- · GEN cha · DEM hiki/kile · POSS ch- · REL -cho</div><div class=hinweis>Dreifache Kl.8-Kongruenz: vivutio, vipi, vipo</div>	A1 SD1 S Sehenswürdigkeit
Danke sehr!	Asante sana!<hr><table class=gloss><tr class=mo><td>asante</td><td>sana</td></tr><tr class=la><td>danke</td><td>sehr</td></tr></table><div class=hinweis>sana verstärkt stets das Vorangehende</div>	A1 SD1 S sehr
Das ist sehr schwer.	Hiyo ni ngumu sana.<hr><table class=gloss><tr class=mo><td>hiyo</td><td>ni</td><td>n-gumu</td><td>sana</td></tr><tr class=la><td>KL9.DEM</td><td>KOP</td><td>KL9-schwer</td><td>sehr</td></tr></table><div class=konkordanz>Kl.9: SUBJ i- · ADJ Ø/n- · GEN ya · DEM hii/ile · POSS y- · REL -yo</div><div class=hinweis>ngumu mit Nasalpräfix der Kl.9</div>	A1 SD1 S sehr
Herr Müller ist in seinem Zimmer.	Bwana Müller yuko kwenye chumba chake.<hr><table class=gloss><tr class=mo><td>bwana</td><td>Müller</td><td>yu-ko</td><td>kwenye</td><td>ki-umba</td><td>ch-ake</td></tr><tr class=la><td>KL5/KL1.Herr</td><td>Müller</td><td>3SG-sein.da</td><td>an</td><td>KL7-Zimmer</td><td>KL7-sein</td></tr></table><div class=klassen>bwana Kl. 5/6 (ji-/Ø › ma-) → mabwana [Person: Form Kl. 5/6, Kongruenz Kl. 1/2] · chumba Kl. 7/8 (ki- › vi-) → vyumba</div><div class=konkordanz>Kl.1: SUBJ a- · ADJ m-/mw- · GEN wa · DEM huyu/yule · POSS w- · REL -ye · Kl.7: SUBJ ki- · ADJ ki- · GEN cha · DEM hiki/kile · POSS ch- · REL -cho</div><div class=hinweis>yuko für Personen, chake für das Zimmer Kl.7</div>	A1 SD1 S sein
Mir ist kalt.	Ninahisi baridi.<hr><table class=gloss><tr class=mo><td>ni-na-hisi</td><td>baridi</td></tr><tr class=la><td>1SG-PRÄS-fühlen</td><td>KL9.Kälte</td></tr></table><div class=konkordanz>Kl.9: SUBJ i- · ADJ Ø/n- · GEN ya · DEM hii/ile · POSS y- · REL -yo</div><div class=hinweis>Kälte fühlen statt kalt sein</div>	A1 SD1 S sein
Ich bin dreiundzwanzig.	Nina miaka ishirini na tatu.<hr><table class=gloss><tr class=mo><td>ni-na</td><td>mi-aka</td><td>ishirini</td><td>na</td><td>tatu</td></tr><tr class=la><td>1SG-haben</td><td>KL4-Jahr</td><td>zwanzig</td><td>und</td><td>drei</td></tr></table><div class=klassen>mwaka wa kuzaliwa Kl. 3/4 (m-/mw- › mi-) → miaka ya kuzaliwa [Genitiv kongruiert mit dem Kopfnomen]</div><div class=konkordanz>Kl.3: SUBJ u- · ADJ m-/mw- · GEN wa · DEM huu/ule · POSS w- · REL -o</div><div class=hinweis>dreiundzwanzig = ishirini na tatu</div>	A1 SD1 S sein
Das Licht ist noch an.	Taa ingali imewashwa.<hr><table class=gloss><tr class=mo><td>taa</td><td>i-ngali</td><td>i-me-wash-w-a</td></tr><tr class=la><td>KL9.Lampe</td><td>KL9-noch.sein</td><td>KL9-PERF-anmachen-PASS-IND</td></tr></table><div class=konkordanz>Kl.9: SUBJ i- · ADJ Ø/n- · GEN ya · DEM hii/ile · POSS y- · REL -yo</div><div class=hinweis>ingali plus Perfekt heißt &quot;ist noch&quot;</div>	A1 SD1 S an_sein
Das Fenster ist noch auf.	Dirisha lingali limefunguliwa.<hr><table class=gloss><tr class=mo><td>dirisha</td><td>li-ngali</td><td>li-me-fungu-liw-a</td></tr><tr class=la><td>KL5.Fenster</td><td>KL5-noch.sein</td><td>KL5-PERF-öffnen-PASS-IND</td></tr></table><div class=konkordanz>Kl.5: SUBJ li- · ADJ ji-/Ø · GEN la · DEM hili/lile · POSS l- · REL -lo</div><div class=hinweis>Zweifache Kl.5-Kongruenz: lingali und limefunguliwa</div>	A1 SD1 S auf_sein
Herr Meier ist schon weg.	Bwana Meier amekwisha kwenda.<hr><table class=gloss><tr class=mo><td>bwana</td><td>Meier</td><td>a-me-kwish-a</td><td>kw-end-a</td></tr><tr class=la><td>KL5/KL1.Herr</td><td>Meier</td><td>3SG-PERF-beenden-IND</td><td>KL15-gehen-IND</td></tr></table><div class=klassen>bwana Kl. 5/6 (ji-/Ø › ma-) → mabwana [Person: Form Kl. 5/6, Kongruenz Kl. 1/2]</div><div class=konkordanz>Kl.1: SUBJ a- · ADJ m-/mw- · GEN wa · DEM huyu/yule · POSS w- · REL -ye</div><div class=hinweis>weg sein wird als &quot;schon gegangen&quot; ausgedrückt</div>	A1 SD1 S weg_sein
Die Tür ist zu.	Mlango umefungwa.<hr><table class=gloss><tr class=mo><td>m-lango</td><td>u-me-fung-w-a</td></tr><tr class=la><td>KL3-Tür</td><td>KL3-PERF-schließen-PASS-IND</td></tr></table><div class=konkordanz>Kl.3: SUBJ u- · ADJ m-/mw- · GEN wa · DEM huu/ule · POSS w- · REL -o</div><div class=hinweis>Passiv Perfekt für den erreichten Zustand</div>	A1 SD1 S zu_sein
Ich wohne seit drei Jahren in Köln.	Nakaa Köln tangu miaka mitatu.<hr><table class=gloss><tr class=mo><td>na-ka-a</td><td>Köln</td><td>tangu</td><td>mi-aka</td><td>mi-tatu</td></tr><tr class=la><td>1SG.PRÄS.ALLG-wohnen-IND</td><td>Köln</td><td>seit</td><td>KL4-Jahr</td><td>KL4-drei</td></tr></table><div class=klassen>mwaka wa kuzaliwa Kl. 3/4 (m-/mw- › mi-) → miaka ya kuzaliwa [Genitiv kongruiert mit dem Kopfnomen]</div><div class=konkordanz>Kl.3: SUBJ u- · ADJ m-/mw- · GEN wa · DEM huu/ule · POSS w- · REL -o</div><div class=hinweis>Zahlwort mitatu trägt das Kl.4-Präfix</div>	A1 SD1 S seit
Er ist selbstständig.	Anajitegemea.<hr><table class=gloss><tr class=mo><td>a-na-ji-tegeme-a</td></tr><tr class=la><td>3SG-PRÄS-REFL-verlassen-IND</td></tr></table><div class=hinweis>Reflexiv -ji-: sich auf sich selbst stützen</div>	A1 SD1 S selbstständig
Sie müssen sich erst anmelden.	Kwanza lazima mjiandikishe.<hr><table class=gloss><tr class=mo><td>kwanza</td><td>lazima</td><td>m-ji-andikish-e</td></tr><tr class=la><td>zuerst</td><td>muss</td><td>2PL-REFL-einschreiben-KONJ</td></tr></table><div class=hinweis>Reflexiv -ji- ersetzt das deutsche sich</div>	A1 SD1 S sich
Wie heißt sie?	Anaitwa nani?<hr><table class=gloss><tr class=mo><td>a-na-it-w-a</td><td>nani</td></tr><tr class=la><td>3SG-PRÄS-nennen-PASS-IND</td><td>wer</td></tr></table><div class=hinweis>Swahili unterscheidet nicht er und sie</div>	A1 SD1 S sie
Wie heißen Sie, bitte?	Mnaitwa nani, tafadhali?<hr><table class=gloss><tr class=mo><td>m-na-it-w-a</td><td>nani</td><td>tafadhali</td></tr><tr class=la><td>2PL-PRÄS-nennen-PASS-IND</td><td>wer</td><td>bitte</td></tr></table><div class=hinweis>Höfliches Sie wird 2PL</div>	A1 SD1 S Sie
Wo sitzen Sie?	Mnakaa wapi?<hr><table class=gloss><tr class=mo><td>m-na-ka-a</td><td>wapi</td></tr><tr class=la><td>2PL-PRÄS-sitzen-IND</td><td>wo</td></tr></table><div class=hinweis>kukaa heißt sitzen, wohnen und bleiben</div>	A1 SD1 S sitzen
Sie müssen das so machen!	Lazima mfanye hivi!<hr><table class=gloss><tr class=mo><td>lazima</td><td>m-fany-e</td><td>hivi</td></tr><tr class=la><td>muss</td><td>2PL-tun-KONJ</td><td>so</td></tr></table><div class=hinweis>hivi zeigt auf die Art und Weise</div>	A1 SD1 S so
Fahren Sie bitte nicht so schnell!	Tafadhali msiendeshe kwa kasi hivyo!<hr><table class=gloss><tr class=mo><td>tafadhali</td><td>m-si-endesh-e</td><td>kwa</td><td>kasi</td><td>hivyo</td></tr><tr class=la><td>bitte</td><td>2PL-NEG-fahren-KONJ</td><td>mit</td><td>KL9.Geschwindigkeit</td><td>so</td></tr></table><div class=konkordanz>Kl.9: SUBJ i- · ADJ Ø/n- · GEN ya · DEM hii/ile · POSS y- · REL -yo</div><div class=hinweis>Verbot mit -si- und Konjunktiv</div>	A1 SD1 S so
Meine Frau ist so groß wie ich.	Mke wangu ni mrefu kama mimi.<hr><table class=gloss><tr class=mo><td>mke</td><td>w-angu</td><td>ni</td><td>m-refu</td><td>kama</td><td>mimi</td></tr><tr class=la><td>KL1.Ehefrau</td><td>KL1-mein</td><td>KOP</td><td>KL1-groß</td><td>wie</td><td>ich</td></tr></table><div class=klassen>mke Kl. 1/2 (m-/mw- › wa-) → wake [Ehemann = &quot;mume&quot; Kl. 1/2]</div><div class=konkordanz>Kl.1: SUBJ a- · ADJ m-/mw- · GEN wa · DEM huyu/yule · POSS w- · REL -ye</div><div class=hinweis>kama bildet den Gleichheitsvergleich</div>	A1 SD1 S so
So, das war‘s/wär‘s!	Basi, hiyo ni yote!<hr><table class=gloss><tr class=mo><td>basi</td><td>hiyo</td><td>ni</td><td>y-ote</td></tr><tr class=la><td>also</td><td>KL9.DEM</td><td>KOP</td><td>KL9-alle</td></tr></table><div class=klassen>basi Kl. 5/6 (ji-/Ø › ma-) → mabasi</div><div class=konkordanz>Kl.5: SUBJ li- · ADJ ji-/Ø · GEN la · DEM hili/lile · POSS l- · REL -lo</div><div class=hinweis>yote kongruiert mit hiyo Kl.9</div>	A1 SD1 S so
Das Sofa ist neu.	Sofa ni mpya.<hr><table class=gloss><tr class=mo><td>sofa</td><td>ni</td><td>m-pya</td></tr><tr class=la><td>KL9.Sofa</td><td>KOP</td><td>KL9-neu</td></tr></table><div class=klassen>sofa Kl. 9/10 (Ø/n-) → sofa — Numerus nur an der Konkordanz [Lehnwort]</div><div class=konkordanz>Kl.9: SUBJ i- · ADJ Ø/n- · GEN ya · DEM hii/ile · POSS y- · REL -yo</div><div class=hinweis>sofa ist Kl.9 und Kl.10 gleich</div>	A1 SD1 S Sofa
Bitte antworten Sie sofort.	Tafadhali jibuni mara moja.<hr><table class=gloss><tr class=mo><td>tafadhali</td><td>jibu-ni</td><td>mara</td><td>moja</td></tr><tr class=la><td>bitte</td><td>antworten-IMP.PL</td><td>KL9.Mal</td><td>eins</td></tr></table><div class=konkordanz>Kl.9: SUBJ i- · ADJ Ø/n- · GEN ya · DEM hii/ile · POSS y- · REL -yo</div><div class=hinweis>sofort = mara moja, &quot;auf einmal&quot;</div>	A1 SD1 S sofort
Das ist Hans, mein Sohn.	Huyu ni Hans, mwana wangu.<hr><table class=gloss><tr class=mo><td>huyu</td><td>ni</td><td>Hans</td><td>mw-ana</td><td>w-angu</td></tr><tr class=la><td>KL1.DEM</td><td>KOP</td><td>Hans</td><td>KL1-Sohn</td><td>KL1-mein</td></tr></table><div class=klassen>mwana Kl. 1/2 (m-/mw- › wa-) → wana</div><div class=konkordanz>Kl.1: SUBJ a- · ADJ m-/mw- · GEN wa · DEM huyu/yule · POSS w- · REL -ye</div><div class=hinweis>mwana Kl.1, Plural wana Kl.2</div>	A1 SD1 S Sohn
Soll ich kommen?	Nije?<hr><table class=gloss><tr class=mo><td>ni-j-e</td></tr><tr class=la><td>1SG-kommen-KONJ</td></tr></table><div class=hinweis>Konjunktiv allein bildet die Frage nach dem Sollen</div>	A1 SD1 S sollen
Was soll ich mitbringen?	Nilete nini?<hr><table class=gloss><tr class=mo><td>ni-let-e</td><td>nini</td></tr><tr class=la><td>1SG-bringen-KONJ</td><td>was</td></tr></table><div class=hinweis>Konjunktiv ohne lazima für Angebote</div>	A1 SD1 S sollen
Die Sonne scheint.	Jua linawaka.<hr><table class=gloss><tr class=mo><td>jua</td><td>li-na-wak-a</td></tr><tr class=la><td>KL5.Sonne</td><td>KL5-PRÄS-leuchten-IND</td></tr></table><div class=klassen>jua Kl. 5/6 (ji-/Ø › ma-) → majua [meist Singular]</div><div class=konkordanz>Kl.5: SUBJ li- · ADJ ji-/Ø · GEN la · DEM hili/lile · POSS l- · REL -lo</div><div class=hinweis>jua Kl.5 nimmt das Subjektpräfix li-</div>	A1 SD1 S Sonne
Es ist schon spät, ich muss gehen.	Ni kuchelewa tayari, lazima niende.<hr><table class=gloss><tr class=mo><td>ni</td><td>ku-chelew-a</td><td>tayari</td><td>lazima</td><td>ni-end-e</td></tr><tr class=la><td>KOP</td><td>KL15-sich.verspäten-IND</td><td>schon</td><td>muss</td><td>1SG-gehen-KONJ</td></tr></table><div class=konkordanz>Kl.15: SUBJ ku- · ADJ ku- · GEN kwa · DEM huku/kule · POSS kw- · REL -ko</div><div class=hinweis>spät als Verbalnomen der Kl.15</div>	A1 SD1 S spät
Das können wir später machen.	Hii tunaweza kuifanya baadaye.<hr><table class=gloss><tr class=mo><td>hii</td><td>tu-na-wez-a</td><td>ku-i-fany-a</td><td>baadaye</td></tr><tr class=la><td>KL9.DEM</td><td>1PL-PRÄS-können-IND</td><td>KL15-OBJ9-tun-IND</td><td>später</td></tr></table><div class=konkordanz>Kl.9: SUBJ i- · ADJ Ø/n- · GEN ya · DEM hii/ile · POSS y- · REL -yo · Kl.15: SUBJ ku- · ADJ ku- · GEN kwa · DEM huku/kule · POSS kw- · REL -ko</div><div class=hinweis>Objektpräfix -i- greift hii Kl.9 auf</div>	A1 SD1 S später
Bringen Sie mir die Speisekarte, bitte.	Tafadhali niletee menyu.<hr><table class=gloss><tr class=mo><td>tafadhali</td><td>ni-let-e-e</td><td>menyu</td></tr><tr class=la><td>bitte</td><td>OBJ1SG-bringen-APPL-KONJ</td><td>KL9.Speisekarte</td></tr></table><div class=klassen>menyu Kl. 9/10 (Ø/n-) → menyu — Numerus nur an der Konkordanz [Lehnwort]</div><div class=konkordanz>Kl.9: SUBJ i- · ADJ Ø/n- · GEN ya · DEM hii/ile · POSS y- · REL -yo</div><div class=hinweis>Applikativ plus Konjunktiv als höfliche Bitte</div>	A1 SD1 S Speisekarte
Die Kinder spielen draußen.	Watoto wanachezea nje.<hr><table class=gloss><tr class=mo><td>watoto</td><td>wa-na-chez-e-a</td><td>nje</td></tr><tr class=la><td>KL2.Kind</td><td>KL2-PRÄS-spielen-APPL-IND</td><td>draußen</td></tr></table><div class=klassen>mtoto Kl. 1/2 (m-/mw- › wa-) → watoto</div><div class=konkordanz>Kl.1: SUBJ a- · ADJ m-/mw- · GEN wa · DEM huyu/yule · POSS w- · REL -ye</div><div class=hinweis>Applikativ -e- verlangt die Ortsangabe</div>	A1 SD1 S spielen
Spielen Sie Karten?	Mnacheza karata?<hr><table class=gloss><tr class=mo><td>m-na-chez-a</td><td>karata</td></tr><tr class=la><td>2PL-PRÄS-spielen-IND</td><td>KL10.Spielkarte</td></tr></table><div class=konkordanz>Kl.10: SUBJ zi- · ADJ Ø/n- · GEN za · DEM hizi/zile · POSS z- · REL -zo</div><div class=hinweis>karata ist die Spielkarte, kadi die Postkarte</div>	A1 SD1 S spielen
Ich mache viel Sport.	Nafanya michezo mingi.<hr><table class=gloss><tr class=mo><td>na-fany-a</td><td>mi-chezo</td><td>mi-ngi</td></tr><tr class=la><td>1SG.PRÄS.ALLG-tun-IND</td><td>KL4-Sport</td><td>KL4-viel</td></tr></table><div class=klassen>mchezo Kl. 3/4 (m-/mw- › mi-) → michezo</div><div class=konkordanz>Kl.3: SUBJ u- · ADJ m-/mw- · GEN wa · DEM huu/ule · POSS w- · REL -o</div><div class=hinweis>mingi kongruiert mit michezo Kl.4</div>	A1 SD1 S Sport
Welche Sprachen sprichst du?	Unasema lugha zipi?<hr><table class=gloss><tr class=mo><td>u-na-sem-a</td><td>lugha</td><td>zipi</td></tr><tr class=la><td>2SG-PRÄS-sprechen-IND</td><td>KL10.Sprache</td><td>KL10.welche</td></tr></table><div class=klassen>lugha Kl. 9/10 (Ø/n-) → lugha — Numerus nur an der Konkordanz</div><div class=konkordanz>Kl.9: SUBJ i- · ADJ Ø/n- · GEN ya · DEM hii/ile · POSS y- · REL -yo</div><div class=hinweis>zipi ist das Fragewort der Kl.10</div>	A1 SD1 S Sprache
Kann ich (mit) Herrn Klein sprechen?	Naweza kuzungumza na Bwana Klein?<hr><table class=gloss><tr class=mo><td>na-wez-a</td><td>ku-zungumz-a</td><td>na</td><td>bwana</td><td>Klein</td></tr><tr class=la><td>1SG.PRÄS.ALLG-können-IND</td><td>KL15-sprechen-IND</td><td>mit</td><td>KL5/KL1.Herr</td><td>Klein</td></tr></table><div class=klassen>bwana Kl. 5/6 (ji-/Ø › ma-) → mabwana [Person: Form Kl. 5/6, Kongruenz Kl. 1/2]</div><div class=konkordanz>Kl.1: SUBJ a- · ADJ m-/mw- · GEN wa · DEM huyu/yule · POSS w- · REL -ye</div><div class=hinweis>kuzungumza na für ein Gespräch mit jemandem</div>	A1 SD1 S sprechen
Heidelberg ist eine alte Stadt.	Heidelberg ni mji wa kale.<hr><table class=gloss><tr class=mo><td>Heidelberg</td><td>ni</td><td>m-ji</td><td>w-a</td><td>kale</td></tr><tr class=la><td>Heidelberg</td><td>KOP</td><td>KL3-Stadt</td><td>KL3-GEN</td><td>Altertum</td></tr></table><div class=klassen>mji Kl. 3/4 (m-/mw- › mi-) → miji</div><div class=konkordanz>Kl.3: SUBJ u- · ADJ m-/mw- · GEN wa · DEM huu/ule · POSS w- · REL -o</div><div class=hinweis>wa kale heißt &quot;des Altertums&quot;</div>	A1 SD1 S Stadt
Ich glaube es nicht, aber es steht in der Zeitung.	Siamini, lakini imeandikwa kwenye gazeti.<hr><table class=gloss><tr class=mo><td>si-amini</td><td>lakini</td><td>i-me-andik-w-a</td><td>kwenye</td><td>gazeti</td></tr><tr class=la><td>1SG.NEG-glauben</td><td>aber</td><td>KL9-PERF-schreiben-PASS-IND</td><td>an</td><td>KL5.Zeitung</td></tr></table><div class=klassen>gazeti Kl. 5/6 (ji-/Ø › ma-) → magazeti</div><div class=konkordanz>Kl.5: SUBJ li- · ADJ ji-/Ø · GEN la · DEM hili/lile · POSS l- · REL -lo</div><div class=hinweis>stehen in der Zeitung = geschrieben sein</div>	A1 SD1 S stehen
Der Bus steht schon an der Haltestelle.	Basi limesimama kituoni tayari.<hr><table class=gloss><tr class=mo><td>basi</td><td>li-me-simam-a</td><td>kituo-ni</td><td>tayari</td></tr><tr class=la><td>KL5.Bus</td><td>KL5-PERF-halten-IND</td><td>KL7.Haltestelle-LOK</td><td>schon</td></tr></table><div class=klassen>basi Kl. 5/6 (ji-/Ø › ma-) → mabasi</div><div class=konkordanz>Kl.5: SUBJ li- · ADJ ji-/Ø · GEN la · DEM hili/lile · POSS l- · REL -lo</div><div class=hinweis>Ortssuffix -ni an kituo Kl.7</div>	A1 SD1 S stehen
Ich habe eine neue Stelle.	Nina nafasi mpya.<hr><table class=gloss><tr class=mo><td>ni-na</td><td>nafasi</td><td>m-pya</td></tr><tr class=la><td>1SG-haben</td><td>KL9.Stelle</td><td>KL9-neu</td></tr></table><div class=klassen>nafasi Kl. 9/10 (Ø/n-) → nafasi — Numerus nur an der Konkordanz [Sitzplatz; Ort = &quot;mahali&quot; Kl. 16]</div><div class=konkordanz>Kl.9: SUBJ i- · ADJ Ø/n- · GEN ya · DEM hii/ile · POSS y- · REL -yo</div><div class=hinweis>nafasi deckt Platz, Stelle und Gelegenheit ab</div>	A1 SD1 S Stelle
Stell die Tasche rechts in die Ecke!	Weka mfuko kwenye kona ya kulia!<hr><table class=gloss><tr class=mo><td>wek-a</td><td>m-fuko</td><td>kwenye</td><td>kona</td><td>y-a</td><td>ku-lia</td></tr><tr class=la><td>stellen-IMP</td><td>KL3-Tasche</td><td>an</td><td>KL9.Ecke</td><td>KL9-GEN</td><td>KL17-rechts</td></tr></table><div class=klassen>mfuko Kl. 3/4 (m-/mw- › mi-) → mifuko · kona Kl. 9/10 (Ø/n-) → kona — Numerus nur an der Konkordanz [Lehnwort]</div><div class=konkordanz>Kl.3: SUBJ u- · ADJ m-/mw- · GEN wa · DEM huu/ule · POSS w- · REL -o · Kl.9: SUBJ i- · ADJ Ø/n- · GEN ya · DEM hii/ile · POSS y- · REL -yo</div><div class=hinweis>kuweka stellt, kusimama steht</div>	A1 SD1 S stellen
Unsere Wohnung liegt im ersten Stock.	Nyumba yetu iko ghorofa ya kwanza.<hr><table class=gloss><tr class=mo><td>nyumba</td><td>y-etu</td><td>i-ko</td><td>ghorofa</td><td>y-a</td><td>kwanza</td></tr><tr class=la><td>KL9.Haus</td><td>KL9-unser</td><td>KL9-sein.da</td><td>KL9.Stock</td><td>KL9-GEN</td><td>erste</td></tr></table><div class=klassen>nyumba Kl. 9/10 (Ø/n-) → nyumba — Numerus nur an der Konkordanz · ghorofa Kl. 9/10 (Ø/n-) → ghorofa — Numerus nur an der Konkordanz [Etage]</div><div class=konkordanz>Kl.9: SUBJ i- · ADJ Ø/n- · GEN ya · DEM hii/ile · POSS y- · REL -yo</div><div class=hinweis>ghorofa bezeichnet Etage und Hochhaus</div>	A1 SD1 S Stock
In welcher Straße wohnen Sie?	Mnakaa barabara ipi?<hr><table class=gloss><tr class=mo><td>m-na-ka-a</td><td>barabara</td><td>ipi</td></tr><tr class=la><td>2PL-PRÄS-wohnen-IND</td><td>KL9.Straße</td><td>KL9.welche</td></tr></table><div class=klassen>barabara Kl. 9/10 (Ø/n-) → barabara — Numerus nur an der Konkordanz</div><div class=konkordanz>Kl.9: SUBJ i- · ADJ Ø/n- · GEN ya · DEM hii/ile · POSS y- · REL -yo</div><div class=hinweis>ipi kongruiert mit barabara Kl.9</div>	A1 SD1 S Straße
Wo fährt die Straßenbahn ab?	Tramu inaondoka wapi?<hr><table class=gloss><tr class=mo><td>tramu</td><td>i-na-ondok-a</td><td>wapi</td></tr><tr class=la><td>KL9.Straßenbahn</td><td>KL9-PRÄS-abfahren-IND</td><td>wo</td></tr></table><div class=klassen>tramu Kl. 9/10 (Ø/n-) → tramu — Numerus nur an der Konkordanz [Lehnwort]</div><div class=konkordanz>Kl.9: SUBJ i- · ADJ Ø/n- · GEN ya · DEM hii/ile · POSS y- · REL -yo</div><div class=hinweis>tramu ist Kl.9 und Kl.10 gleich</div>	A1 SD1 S Straßenbahn
Ich studiere in Mainz.	Nasoma Mainz.<hr><table class=gloss><tr class=mo><td>na-som-a</td><td>Mainz</td></tr><tr class=la><td>1SG.PRÄS.ALLG-studieren-IND</td><td>Mainz</td></tr></table><div class=hinweis>kusoma heißt lesen, lernen und studieren</div>	A1 SD1 S studieren
Das Studium beginnt im Oktober.	Masomo yanaanza Oktoba.<hr><table class=gloss><tr class=mo><td>ma-somo</td><td>ya-na-anz-a</td><td>Oktoba</td></tr><tr class=la><td>KL6-Studium</td><td>KL6-PRÄS-anfangen-IND</td><td>Oktober</td></tr></table><div class=klassen>masomo Kl. 6 (ma-), kein Numeruswechsel [nur Plural]</div><div class=konkordanz>Kl.6: SUBJ ya- · ADJ ma- · GEN ya · DEM haya/yale · POSS y- · REL -yo</div><div class=hinweis>masomo ist Kl.6 und hat keinen Singular</div>	A1 SD1 S Studium
Ich bin Studentin.	Mimi ni mwanafunzi.<hr><table class=gloss><tr class=mo><td>mimi</td><td>ni</td><td>mw-anafunzi</td></tr><tr class=la><td>ich</td><td>KOP</td><td>KL1-Studentin</td></tr></table><div class=klassen>mwanafunzi Kl. 1/2 (m-/mw- › wa-) → wanafunzi</div><div class=konkordanz>Kl.1: SUBJ a- · ADJ m-/mw- · GEN wa · DEM huyu/yule · POSS w- · REL -ye</div><div class=hinweis>mwanafunzi gilt für Schüler und Studenten</div>	A1 SD1 S Student
Ich bin in einer Stunde zurück.	Nitarudi baada ya saa moja.<hr><table class=gloss><tr class=mo><td>ni-ta-rudi</td><td>baada</td><td>y-a</td><td>saa</td><td>moja</td></tr><tr class=la><td>1SG-FUT-zurückkehren</td><td>nach</td><td>KL9-GEN</td><td>KL9.Stunde</td><td>eins</td></tr></table><div class=klassen>saa Kl. 9/10 (Ø/n-) → saa — Numerus nur an der Konkordanz [auch &quot;Uhr&quot;]</div><div class=konkordanz>Kl.9: SUBJ i- · ADJ Ø/n- · GEN ya · DEM hii/ile · POSS y- · REL -yo</div><div class=hinweis>saa moja heißt hier &quot;eine Stunde&quot;, nicht 7 Uhr</div>	A1 SD1 S Stunde
Suchst du etwas?	Unatafuta kitu?<hr><table class=gloss><tr class=mo><td>u-na-tafut-a</td><td>ki-tu</td></tr><tr class=la><td>2SG-PRÄS-suchen-IND</td><td>KL7-Ding</td></tr></table><div class=konkordanz>Kl.7: SUBJ ki- · ADJ ki- · GEN cha · DEM hiki/kile · POSS ch- · REL -cho</div><div class=hinweis>kitu dient als unbestimmtes &quot;etwas&quot;</div>	A1 SD1 S suchen
Tanzen Sie gern?	Mnapenda kucheza?<hr><table class=gloss><tr class=mo><td>m-na-pend-a</td><td>ku-chez-a</td></tr><tr class=la><td>2PL-PRÄS-mögen-IND</td><td>KL15-tanzen-IND</td></tr></table><div class=konkordanz>Kl.15: SUBJ ku- · ADJ ku- · GEN kwa · DEM huku/kule · POSS kw- · REL -ko</div><div class=hinweis>kucheza heißt spielen und tanzen</div>	A1 SD1 T tanzen
Ich habe die Schlüssel in der Tasche.	Nina funguo kwenye mfuko.<hr><table class=gloss><tr class=mo><td>ni-na</td><td>funguo</td><td>kwenye</td><td>m-fuko</td></tr><tr class=la><td>1SG-haben</td><td>KL10.Schlüssel</td><td>an</td><td>KL3-Tasche</td></tr></table><div class=klassen>ufunguo Kl. 11/10 (u- › Ø/n-) → funguo · mfuko Kl. 3/4 (m-/mw- › mi-) → mifuko</div><div class=konkordanz>Kl.11: SUBJ u- · ADJ m-/mw- · GEN wa · DEM huu/ule · POSS w- · REL -o · Kl.3: SUBJ u- · ADJ m-/mw- · GEN wa · DEM huu/ule · POSS w- · REL -o</div><div class=hinweis>funguo Kl.10, Singular ufunguo Kl.11</div>	A1 SD1 T Tasche
Es gibt heute keinen Bus mehr. Er fährt mit dem Taxi.	Leo hakuna basi tena. Anasafiri kwa teksi.<hr><table class=gloss><tr class=mo><td>leo</td><td>haku-na</td><td>basi</td><td>tena</td><td>a-na-safiri</td><td>kwa</td><td>teksi</td></tr><tr class=la><td>heute</td><td>KL17.NEG-mit</td><td>KL5.Bus</td><td>mehr</td><td>3SG-PRÄS-reisen</td><td>mit</td><td>KL9.Taxi</td></tr></table><div class=klassen>basi Kl. 5/6 (ji-/Ø › ma-) → mabasi · teksi Kl. 9/10 (Ø/n-) → teksi — Numerus nur an der Konkordanz [Lehnwort]</div><div class=konkordanz>Kl.5: SUBJ li- · ADJ ji-/Ø · GEN la · DEM hili/lile · POSS l- · REL -lo · Kl.9: SUBJ i- · ADJ Ø/n- · GEN ya · DEM hii/ile · POSS y- · REL -yo</div><div class=hinweis>hakuna verneint das Vorhandensein</div>	A1 SD1 T Taxi
Ich trinke morgens immer Tee.	Asubuhi nanywa chai kila mara.<hr><table class=gloss><tr class=mo><td>asubuhi</td><td>na-nyw-a</td><td>chai</td><td>kila</td><td>mara</td></tr><tr class=la><td>KL9.Morgen</td><td>1SG.PRÄS.ALLG-trinken-IND</td><td>KL9.Tee</td><td>jede</td><td>KL9.Mal</td></tr></table><div class=klassen>chai Kl. 9/10 (Ø/n-) → chai — Numerus nur an der Konkordanz</div><div class=konkordanz>Kl.9: SUBJ i- · ADJ Ø/n- · GEN ya · DEM hii/ile · POSS y- · REL -yo</div><div class=hinweis>kunywa hat den unregelmäßigen Stamm nyw-</div>	A1 SD1 T Tee
Lies bitte auch den zweiten Teil.	Tafadhali soma pia sehemu ya pili.<hr><table class=gloss><tr class=mo><td>tafadhali</td><td>som-a</td><td>pia</td><td>sehemu</td><td>y-a</td><td>pili</td></tr><tr class=la><td>bitte</td><td>lesen-IMP</td><td>auch</td><td>KL9.Teil</td><td>KL9-GEN</td><td>zweite</td></tr></table><div class=klassen>sehemu Kl. 9/10 (Ø/n-) → sehemu — Numerus nur an der Konkordanz</div><div class=konkordanz>Kl.9: SUBJ i- · ADJ Ø/n- · GEN ya · DEM hii/ile · POSS y- · REL -yo</div><div class=hinweis>Ordnungszahlen stehen hinter dem Genitiv</div>	A1 SD1 T Teil
Darf ich mal telefonieren?	Naweza kupiga simu?<hr><table class=gloss><tr class=mo><td>na-wez-a</td><td>ku-pig-a</td><td>simu</td></tr><tr class=la><td>1SG.PRÄS.ALLG-können-IND</td><td>KL15-schlagen-IND</td><td>KL9.Telefon</td></tr></table><div class=klassen>simu Kl. 9/10 (Ø/n-) → simu — Numerus nur an der Konkordanz</div><div class=konkordanz>Kl.9: SUBJ i- · ADJ Ø/n- · GEN ya · DEM hii/ile · POSS y- · REL -yo</div><div class=hinweis>telefonieren = kupiga simu</div>	A1 SD1 T telefonieren
Haben Sie Telefon?	Mnayo simu?<hr><table class=gloss><tr class=mo><td>m-na-yo</td><td>simu</td></tr><tr class=la><td>2PL-haben-REL9</td><td>KL9.Telefon</td></tr></table><div class=klassen>simu Kl. 9/10 (Ø/n-) → simu — Numerus nur an der Konkordanz</div><div class=konkordanz>Kl.9: SUBJ i- · ADJ Ø/n- · GEN ya · DEM hii/ile · POSS y- · REL -yo</div><div class=hinweis>simu heißt Telefon und Anruf</div>	A1 SD1 T Telefon
Am besten machen wir sofort einen Termin.	Ni bora tufanye miadi mara moja.<hr><table class=gloss><tr class=mo><td>ni</td><td>bora</td><td>tu-fany-e</td><td>miadi</td><td>mara</td><td>moja</td></tr><tr class=la><td>KOP</td><td>besser</td><td>1PL-tun-KONJ</td><td>KL9.Termin</td><td>KL9.Mal</td><td>eins</td></tr></table><div class=klassen>miadi Kl. 9/10 (Ø/n-) → miadi — Numerus nur an der Konkordanz</div><div class=konkordanz>Kl.9: SUBJ i- · ADJ Ø/n- · GEN ya · DEM hii/ile · POSS y- · REL -yo</div><div class=hinweis>ni bora plus Konjunktiv für einen Vorschlag</div>	A1 SD1 T Termin
Der Test war einfach.	Mtihani ulikuwa rahisi.<hr><table class=gloss><tr class=mo><td>m-tihani</td><td>u-li-kuw-a</td><td>rahisi</td></tr><tr class=la><td>KL3-Test</td><td>KL3-PRÄT-sein-IND</td><td>einfach</td></tr></table><div class=klassen>mtihani Kl. 3/4 (m-/mw- › mi-) → mitihani</div><div class=konkordanz>Kl.3: SUBJ u- · ADJ m-/mw- · GEN wa · DEM huu/ule · POSS w- · REL -o</div><div class=hinweis>Vergangenheit mit -li- plus kuwa</div>	A1 SD1 T Test
Das ist mir zu teuer.	Hiyo ni ghali mno kwangu.<hr><table class=gloss><tr class=mo><td>hiyo</td><td>ni</td><td>ghali</td><td>mno</td><td>kw-angu</td></tr><tr class=la><td>KL9.DEM</td><td>KOP</td><td>teuer</td><td>zu</td><td>KL17-mein</td></tr></table><div class=konkordanz>Kl.9: SUBJ i- · ADJ Ø/n- · GEN ya · DEM hii/ile · POSS y- · REL -yo · Kl.17: SUBJ ku- · ADJ ku- · GEN kwa · DEM huku/kule · POSS kw- · REL -ko</div><div class=hinweis>mno heißt &quot;allzu&quot;, kwangu &quot;für mich&quot;</div>	A1 SD1 T teuer
Lesen Sie bitte diesen Text.	Tafadhali someni maandishi haya.<hr><table class=gloss><tr class=mo><td>tafadhali</td><td>som-eni</td><td>ma-andishi</td><td>haya</td></tr><tr class=la><td>bitte</td><td>lesen-IMP.PL</td><td>KL6-Text</td><td>KL6.DEM</td></tr></table><div class=klassen>maandishi Kl. 6 (ma-), kein Numeruswechsel [nur Plural]</div><div class=konkordanz>Kl.6: SUBJ ya- · ADJ ma- · GEN ya · DEM haya/yale · POSS y- · REL -yo</div><div class=hinweis>maandishi ist Kl.6 und hat keinen Singular</div>	A1 SD1 T Text
Wir sprechen heute über das Thema „Essen und Trinken“.	Leo tunazungumza kuhusu mada "Kula na Kunywa".<hr><table class=gloss><tr class=mo><td>leo</td><td>tu-na-zungumz-a</td><td>kuhusu</td><td>mada</td><td>ku-l-a</td><td>na</td><td>ku-nyw-a</td></tr><tr class=la><td>heute</td><td>1PL-PRÄS-sprechen-IND</td><td>über</td><td>KL9.Thema</td><td>KL15-essen-IND</td><td>und</td><td>KL15-trinken-IND</td></tr></table><div class=klassen>mada Kl. 9/10 (Ø/n-) → mada — Numerus nur an der Konkordanz</div><div class=konkordanz>Kl.9: SUBJ i- · ADJ Ø/n- · GEN ya · DEM hii/ile · POSS y- · REL -yo</div><div class=hinweis>Verbalnomen der Kl.15 dienen als Titel</div>	A1 SD1 T Thema
Wie viel kostet das Ticket?	Tiketi inagharimu kiasi gani?<hr><table class=gloss><tr class=mo><td>tiketi</td><td>i-na-gharimu</td><td>kiasi</td><td>gani</td></tr><tr class=la><td>KL9.Fahrkarte</td><td>KL9-PRÄS-kosten</td><td>KL9.Menge</td><td>welche</td></tr></table><div class=klassen>tiketi Kl. 9/10 (Ø/n-) → tiketi — Numerus nur an der Konkordanz [Lehnwort]</div><div class=konkordanz>Kl.9: SUBJ i- · ADJ Ø/n- · GEN ya · DEM hii/ile · POSS y- · REL -yo</div><div class=hinweis>kiasi gani fragt nach der Menge</div>	A1 SD1 T Ticket
Die Fotos liegen auf dem Tisch.	Picha ziko mezani.<hr><table class=gloss><tr class=mo><td>picha</td><td>zi-ko</td><td>meza-ni</td></tr><tr class=la><td>KL10.Foto</td><td>KL10-sein.da</td><td>KL9.Tisch-LOK</td></tr></table><div class=klassen>picha Kl. 9/10 (Ø/n-) → picha — Numerus nur an der Konkordanz [Lehnwort]</div><div class=konkordanz>Kl.9: SUBJ i- · ADJ Ø/n- · GEN ya · DEM hii/ile · POSS y- · REL -yo</div><div class=hinweis>ziko ist die Kl.10-Form von -ko</div>	A1 SD1 T Tisch
Das ist meine Tochter Katharina.	Huyu ni binti yangu Katharina.<hr><table class=gloss><tr class=mo><td>huyu</td><td>ni</td><td>binti</td><td>y-angu</td><td>Katharina</td></tr><tr class=la><td>KL1.DEM</td><td>KOP</td><td>KL5/KL1.Tochter</td><td>KL9-mein</td><td>Katharina</td></tr></table><div class=klassen>binti Kl. 5/6 (ji-/Ø › ma-) → mabinti [Person: Form Kl. 5/6, Kongruenz Kl. 1/2]</div><div class=konkordanz>Kl.1: SUBJ a- · ADJ m-/mw- · GEN wa · DEM huyu/yule · POSS w- · REL -ye</div><div class=hinweis>huyu Kl.1, yangu aber Kl.9</div>	A1 SD1 T Tochter
Wo ist die Toilette, bitte?	Choo kiko wapi, tafadhali?<hr><table class=gloss><tr class=mo><td>choo</td><td>ki-ko</td><td>wapi</td><td>tafadhali</td></tr><tr class=la><td>KL7.Toilette</td><td>KL7-sein.da</td><td>wo</td><td>bitte</td></tr></table><div class=klassen>choo Kl. 7/8 (ki- › vi-) → vyoo</div><div class=konkordanz>Kl.7: SUBJ ki- · ADJ ki- · GEN cha · DEM hiki/kile · POSS ch- · REL -cho</div><div class=hinweis>choo Kl.7, Plural vyoo Kl.8</div>	A1 SD1 T Toilette
Die Tomate ist noch grün.	Nyanya ingali ni ya kijani.<hr><table class=gloss><tr class=mo><td>nyanya</td><td>i-ngali</td><td>ni</td><td>y-a</td><td>ki-jani</td></tr><tr class=la><td>KL9.Tomate</td><td>KL9-noch.sein</td><td>KOP</td><td>KL9-GEN</td><td>KL7-Blatt</td></tr></table><div class=klassen>nyanya Kl. 9/10 (Ø/n-) → nyanya — Numerus nur an der Konkordanz</div><div class=konkordanz>Kl.9: SUBJ i- · ADJ Ø/n- · GEN ya · DEM hii/ile · POSS y- · REL -yo</div><div class=hinweis>Farben werden mit ya plus Nomen gebildet</div>	A1 SD1 T Tomate
Sein Vater ist schon lange tot.	Baba yake amefariki tangu muda mrefu.<hr><table class=gloss><tr class=mo><td>baba</td><td>y-ake</td><td>a-me-fariki</td><td>tangu</td><td>muda</td><td>m-refu</td></tr><tr class=la><td>KL9/KL1.Vater</td><td>KL9-sein</td><td>3SG-PERF-sterben</td><td>seit</td><td>KL3.Zeit</td><td>KL3-lang</td></tr></table><div class=klassen>baba Kl. 9/10 (Ø/n-) → baba — Numerus nur an der Konkordanz [Person: Form Kl. 9/10, Kongruenz Kl. 1/2] · muda Kl. 3/10 (m-/mw- › Ø/n-) → nyakati [Plural unregelmaessig]</div><div class=konkordanz>Kl.1: SUBJ a- · ADJ m-/mw- · GEN wa · DEM huyu/yule · POSS w- · REL -ye · Kl.3: SUBJ u- · ADJ m-/mw- · GEN wa · DEM huu/ule · POSS w- · REL -o</div><div class=hinweis>tot sein wird als Perfekt von sterben gesagt</div>	A1 SD1 T tot
Ich treffe in der Stadt einen Kollegen.	Namkuta mwenzi mjini.<hr><table class=gloss><tr class=mo><td>na-m-kut-a</td><td>mw-enzi</td><td>m-ji-ni</td></tr><tr class=la><td>1SG.PRÄS.ALLG-OBJ1-treffen-IND</td><td>KL1-Kollege</td><td>KL3-Stadt-LOK</td></tr></table><div class=klassen>mwenzi Kl. 1/2 (m-/mw- › wa-) → wenzi</div><div class=konkordanz>Kl.1: SUBJ a- · ADJ m-/mw- · GEN wa · DEM huyu/yule · POSS w- · REL -ye</div><div class=hinweis>Objektpräfix -m- für Personen der Kl.1</div>	A1 SD1 T treffen
Wir treffen uns immer freitags.	Tunakutana Ijumaa kila mara.<hr><table class=gloss><tr class=mo><td>tu-na-kut-an-a</td><td>Ijumaa</td><td>kila</td><td>mara</td></tr><tr class=la><td>1PL-PRÄS-treffen-REZ-IND</td><td>KL9.Freitag</td><td>jede</td><td>KL9.Mal</td></tr></table><div class=konkordanz>Kl.9: SUBJ i- · ADJ Ø/n- · GEN ya · DEM hii/ile · POSS y- · REL -yo</div><div class=hinweis>Reziprok -an-: einander treffen</div>	A1 SD1 T treffen
Die Toilette? Die Treppe hoch und dann links.	Choo? Ngazi juu na kisha kushoto.<hr><table class=gloss><tr class=mo><td>choo</td><td>ngazi</td><td>juu</td><td>na</td><td>kisha</td><td>ku-shoto</td></tr><tr class=la><td>KL7.Toilette</td><td>KL10.Treppe</td><td>oben</td><td>und</td><td>dann</td><td>KL17-links</td></tr></table><div class=klassen>choo Kl. 7/8 (ki- › vi-) → vyoo · ngazi Kl. 9/10 (Ø/n-) → ngazi — Numerus nur an der Konkordanz</div><div class=konkordanz>Kl.7: SUBJ ki- · ADJ ki- · GEN cha · DEM hiki/kile · POSS ch- · REL -cho · Kl.9: SUBJ i- · ADJ Ø/n- · GEN ya · DEM hii/ile · POSS y- · REL -yo</div><div class=hinweis>ngazi ist Kl.9 und Kl.10 gleich</div>	A1 SD1 T Treppe
Möchtest du etwas trinken?	Unataka kunywa kitu?<hr><table class=gloss><tr class=mo><td>u-na-tak-a</td><td>ku-nyw-a</td><td>ki-tu</td></tr><tr class=la><td>2SG-PRÄS-wollen-IND</td><td>KL15-trinken-IND</td><td>KL7-Ding</td></tr></table><div class=konkordanz>Kl.15: SUBJ ku- · ADJ ku- · GEN kwa · DEM huku/kule · POSS kw- · REL -ko · Kl.7: SUBJ ki- · ADJ ki- · GEN cha · DEM hiki/kile · POSS ch- · REL -cho</div><div class=hinweis>kitu dient als unbestimmtes &quot;etwas&quot;</div>	A1 SD1 T trinken
Junge Leute sagen meistens „tschüss!“ und nicht „auf Wiedersehen“.	Vijana wanasema "tutaonana" kwa kawaida na si "kwaheri".<hr><table class=gloss><tr class=mo><td>vi-jana</td><td>wa-na-sem-a</td><td>tu-ta-on-an-a</td><td>kwa</td><td>kawaida</td><td>na</td><td>si</td><td>kwaheri</td></tr><tr class=la><td>KL8-Jugendliche</td><td>KL2-PRÄS-sagen-IND</td><td>1PL-FUT-sehen-REZ-IND</td><td>für</td><td>KL9.Gewohnheit</td><td>und</td><td>NEG.KOP</td><td>auf.Wiedersehen</td></tr></table><div class=klassen>kijana Kl. 7/8 (ki- › vi-) → vijana [Person: Form Kl. 7/8, Kongruenz Kl. 1/2]</div><div class=konkordanz>Kl.1: SUBJ a- · ADJ m-/mw- · GEN wa · DEM huyu/yule · POSS w- · REL -ye</div><div class=hinweis>vijana Kl.8, Kongruenz aber Kl.2</div>	A1 SD1 T tschüss
Ich habe noch etwas zu tun.	Nina kitu cha kufanya bado.<hr><table class=gloss><tr class=mo><td>ni-na</td><td>ki-tu</td><td>ch-a</td><td>ku-fany-a</td><td>bado</td></tr><tr class=la><td>1SG-haben</td><td>KL7-Ding</td><td>KL7-GEN</td><td>KL15-tun-IND</td><td>noch</td></tr></table><div class=konkordanz>Kl.7: SUBJ ki- · ADJ ki- · GEN cha · DEM hiki/kile · POSS ch- · REL -cho · Kl.15: SUBJ ku- · ADJ ku- · GEN kwa · DEM huku/kule · POSS kw- · REL -ko</div><div class=hinweis>Genitiv cha plus Infinitiv für &quot;zu tun&quot;</div>	A1 SD1 T tun
Was tut Ihr Mann?	Mume wenu anafanya nini?<hr><table class=gloss><tr class=mo><td>mume</td><td>w-enu</td><td>a-na-fany-a</td><td>nini</td></tr><tr class=la><td>KL1.Ehemann</td><td>KL1-euer</td><td>3SG-PRÄS-tun-IND</td><td>was</td></tr></table><div class=konkordanz>Kl.1: SUBJ a- · ADJ m-/mw- · GEN wa · DEM huyu/yule · POSS w- · REL -ye</div><div class=hinweis>wenu ist der Possessiv für höfliches Sie</div>	A1 SD1 T tun
Gehen Sie hier über die Straße.	Vukeni barabara hapa.<hr><table class=gloss><tr class=mo><td>vuk-eni</td><td>barabara</td><td>hapa</td></tr><tr class=la><td>überqueren-IMP.PL</td><td>KL9.Straße</td><td>hier</td></tr></table><div class=klassen>barabara Kl. 9/10 (Ø/n-) → barabara — Numerus nur an der Konkordanz</div><div class=konkordanz>Kl.9: SUBJ i- · ADJ Ø/n- · GEN ya · DEM hii/ile · POSS y- · REL -yo</div><div class=hinweis>kuvuka ist das eigene Verb für überqueren</div>	A1 SD1 U über
Er wohnt im zweiten Stock über Familie Meier.	Anakaa ghorofa ya pili juu ya familia Meier.<hr><table class=gloss><tr class=mo><td>a-na-ka-a</td><td>ghorofa</td><td>y-a</td><td>pili</td><td>juu</td><td>y-a</td><td>familia</td><td>Meier</td></tr><tr class=la><td>3SG-PRÄS-wohnen-IND</td><td>KL9.Stock</td><td>KL9-GEN</td><td>zweite</td><td>oben</td><td>KL9-GEN</td><td>KL9.Familie</td><td>Meier</td></tr></table><div class=klassen>ghorofa Kl. 9/10 (Ø/n-) → ghorofa — Numerus nur an der Konkordanz [Etage] · familia Kl. 9/10 (Ø/n-) → familia — Numerus nur an der Konkordanz [Lehnwort]</div><div class=konkordanz>Kl.9: SUBJ i- · ADJ Ø/n- · GEN ya · DEM hii/ile · POSS y- · REL -yo</div><div class=hinweis>juu ya heißt &quot;oberhalb von&quot;</div>	A1 SD1 U über
Sind Sie über 18?	Mna zaidi ya miaka kumi na minane?<hr><table class=gloss><tr class=mo><td>m-na</td><td>zaidi</td><td>y-a</td><td>mi-aka</td><td>kumi</td><td>na</td><td>mi-nane</td></tr><tr class=la><td>2PL-haben</td><td>mehr</td><td>KL9-GEN</td><td>KL4-Jahr</td><td>zehn</td><td>und</td><td>KL4-acht</td></tr></table><div class=klassen>mwaka wa kuzaliwa Kl. 3/4 (m-/mw- › mi-) → miaka ya kuzaliwa [Genitiv kongruiert mit dem Kopfnomen]</div><div class=konkordanz>Kl.3: SUBJ u- · ADJ m-/mw- · GEN wa · DEM huu/ule · POSS w- · REL -o</div><div class=hinweis>achtzehn = kumi na minane, Zahl mit Kl.4-Präfix</div>	A1 SD1 U über
Du kannst bei mir übernachten.	Unaweza kulala kwangu.<hr><table class=gloss><tr class=mo><td>u-na-wez-a</td><td>ku-lal-a</td><td>kw-angu</td></tr><tr class=la><td>2SG-PRÄS-können-IND</td><td>KL15-schlafen-IND</td><td>KL17-mein</td></tr></table><div class=konkordanz>Kl.15: SUBJ ku- · ADJ ku- · GEN kwa · DEM huku/kule · POSS kw- · REL -ko · Kl.17: SUBJ ku- · ADJ ku- · GEN kwa · DEM huku/kule · POSS kw- · REL -ko</div><div class=hinweis>kwangu heißt &quot;bei mir&quot; mit Ortsklasse 17</div>	A1 SD1 U übernachten
Sie können das Geld auch überweisen.	Mnaweza kutuma pesa pia.<hr><table class=gloss><tr class=mo><td>m-na-wez-a</td><td>ku-tum-a</td><td>pesa</td><td>pia</td></tr><tr class=la><td>2PL-PRÄS-können-IND</td><td>KL15-schicken-IND</td><td>KL10.Geld</td><td>auch</td></tr></table><div class=klassen>pesa Kl. 9/10 (Ø/n-) → pesa — Numerus nur an der Konkordanz</div><div class=konkordanz>Kl.9: SUBJ i- · ADJ Ø/n- · GEN ya · DEM hii/ile · POSS y- · REL -yo</div><div class=hinweis>kutuma schickt Geld und Nachrichten</div>	A1 SD1 U überweisen
Es ist vier Uhr.	Ni saa kumi.<hr><table class=gloss><tr class=mo><td>ni</td><td>saa</td><td>kumi</td></tr><tr class=la><td>KOP</td><td>KL9.Stunde</td><td>zehn</td></tr></table><div class=klassen>saa Kl. 9/10 (Ø/n-) → saa — Numerus nur an der Konkordanz [auch &quot;Uhr&quot;]</div><div class=konkordanz>Kl.9: SUBJ i- · ADJ Ø/n- · GEN ya · DEM hii/ile · POSS y- · REL -yo</div><div class=hinweis>saa kumi = 4 Uhr, zehnte Stunde nach Sonnenaufgang</div>	A1 SD1 U Uhr
Er kommt um sieben Uhr.	Anakuja saa moja.<hr><table class=gloss><tr class=mo><td>a-na-kuj-a</td><td>saa</td><td>moja</td></tr><tr class=la><td>3SG-PRÄS-kommen-IND</td><td>KL9.Stunde</td><td>eins</td></tr></table><div class=klassen>saa Kl. 9/10 (Ø/n-) → saa — Numerus nur an der Konkordanz [auch &quot;Uhr&quot;]</div><div class=konkordanz>Kl.9: SUBJ i- · ADJ Ø/n- · GEN ya · DEM hii/ile · POSS y- · REL -yo</div><div class=hinweis>saa moja = 7 Uhr, erste Stunde nach Sonnenaufgang</div>	A1 SD1 U um
Da kommt er gerade um die Ecke.	Tazama, anakuja kwenye kona hivi sasa.<hr><table class=gloss><tr class=mo><td>tazam-a</td><td>a-na-kuj-a</td><td>kwenye</td><td>kona</td><td>hivi</td><td>sasa</td></tr><tr class=la><td>schauen-IMP</td><td>3SG-PRÄS-kommen-IND</td><td>an</td><td>KL9.Ecke</td><td>gleich</td><td>jetzt</td></tr></table><div class=klassen>kona Kl. 9/10 (Ø/n-) → kona — Numerus nur an der Konkordanz [Lehnwort]</div><div class=konkordanz>Kl.9: SUBJ i- · ADJ Ø/n- · GEN ya · DEM hii/ile · POSS y- · REL -yo</div><div class=hinweis>hivi sasa heißt &quot;eben jetzt&quot;</div>	A1 SD1 U um
Nächsten Monat ziehen wir um.	Mwezi ujao tunahama.<hr><table class=gloss><tr class=mo><td>mw-ezi</td><td>u-ja-o</td><td>tu-na-ham-a</td></tr><tr class=la><td>KL3-Monat</td><td>KL3-kommen-REL3</td><td>1PL-PRÄS-umziehen-IND</td></tr></table><div class=konkordanz>Kl.3: SUBJ u- · ADJ m-/mw- · GEN wa · DEM huu/ule · POSS w- · REL -o</div><div class=hinweis>Relativform ujao heißt &quot;der kommende&quot;</div>	A1 SD1 U umziehen
Peter und Helmut sind meine Söhne.	Peter na Helmut ni wana wangu.<hr><table class=gloss><tr class=mo><td>Peter</td><td>na</td><td>Helmut</td><td>ni</td><td>wana</td><td>w-angu</td></tr><tr class=la><td>Peter</td><td>und</td><td>Helmut</td><td>KOP</td><td>KL2.Sohn</td><td>KL2-mein</td></tr></table><div class=klassen>mwana Kl. 1/2 (m-/mw- › wa-) → wana</div><div class=konkordanz>Kl.1: SUBJ a- · ADJ m-/mw- · GEN wa · DEM huyu/yule · POSS w- · REL -ye</div><div class=hinweis>wana Kl.2, Singular mwana Kl.1</div>	A1 SD1 U und
Das ist unsere Lehrerin.	Huyu ni mwalimu wetu.<hr><table class=gloss><tr class=mo><td>huyu</td><td>ni</td><td>mw-alimu</td><td>w-etu</td></tr><tr class=la><td>KL1.DEM</td><td>KOP</td><td>KL1-Lehrerin</td><td>KL1-unser</td></tr></table><div class=klassen>mwalimu Kl. 1/2 (m-/mw- › wa-) → walimu [Musterwort fuer Kl. 1/2]</div><div class=konkordanz>Kl.1: SUBJ a- · ADJ m-/mw- · GEN wa · DEM huyu/yule · POSS w- · REL -ye</div><div class=hinweis>wetu ist der Possessiv für 1PL</div>	A1 SD1 U unser
Er wohnt ganz unten im Haus.	Anakaa chini kabisa kwenye nyumba.<hr><table class=gloss><tr class=mo><td>a-na-ka-a</td><td>chini</td><td>kabisa</td><td>kwenye</td><td>nyumba</td></tr><tr class=la><td>3SG-PRÄS-wohnen-IND</td><td>unten</td><td>ganz</td><td>an</td><td>KL9.Haus</td></tr></table><div class=klassen>nyumba Kl. 9/10 (Ø/n-) → nyumba — Numerus nur an der Konkordanz</div><div class=konkordanz>Kl.9: SUBJ i- · ADJ Ø/n- · GEN ya · DEM hii/ile · POSS y- · REL -yo</div><div class=hinweis>chini und juu bleiben unverändert</div>	A1 SD1 U unten
Unter uns wohnt eine Familie mit drei Kindern.	Chini yetu inakaa familia na watoto watatu.<hr><table class=gloss><tr class=mo><td>chini</td><td>y-etu</td><td>i-na-ka-a</td><td>familia</td><td>na</td><td>watoto</td><td>wa-tatu</td></tr><tr class=la><td>unten</td><td>KL9-unser</td><td>KL9-PRÄS-wohnen-IND</td><td>KL9.Familie</td><td>mit</td><td>KL2.Kind</td><td>KL2-drei</td></tr></table><div class=klassen>familia Kl. 9/10 (Ø/n-) → familia — Numerus nur an der Konkordanz [Lehnwort] · mtoto Kl. 1/2 (m-/mw- › wa-) → watoto</div><div class=konkordanz>Kl.9: SUBJ i- · ADJ Ø/n- · GEN ya · DEM hii/ile · POSS y- · REL -yo · Kl.1: SUBJ a- · ADJ m-/mw- · GEN wa · DEM huyu/yule · POSS w- · REL -ye</div><div class=hinweis>chini ya heißt &quot;unterhalb von&quot;</div>	A1 SD1 U unter
Wir haben Unterricht von 8.00 bis 12.00 Uhr.	Tuna masomo kuanzia saa mbili hadi saa sita.<hr><table class=gloss><tr class=mo><td>tu-na</td><td>ma-somo</td><td>ku-anz-i-a</td><td>saa</td><td>mbili</td><td>hadi</td><td>saa</td><td>sita</td></tr><tr class=la><td>1PL-haben</td><td>KL6-Unterricht</td><td>KL15-anfangen-APPL-IND</td><td>KL9.Stunde</td><td>zwei</td><td>bis</td><td>KL9.Stunde</td><td>sechs</td></tr></table><div class=klassen>masomo Kl. 6 (ma-), kein Numeruswechsel [nur Plural] · saa Kl. 9/10 (Ø/n-) → saa — Numerus nur an der Konkordanz [auch &quot;Uhr&quot;]</div><div class=konkordanz>Kl.6: SUBJ ya- · ADJ ma- · GEN ya · DEM haya/yale · POSS y- · REL -yo · Kl.9: SUBJ i- · ADJ Ø/n- · GEN ya · DEM hii/ile · POSS y- · REL -yo</div><div class=hinweis>saa mbili = 8 Uhr, saa sita = 12 Uhr</div>	A1 SD1 U Unterricht
Wo muss ich unterschreiben?	Lazima nitie sahihi wapi?<hr><table class=gloss><tr class=mo><td>lazima</td><td>ni-ti-e</td><td>sahihi</td><td>wapi</td></tr><tr class=la><td>muss</td><td>1SG-setzen-KONJ</td><td>KL9.Unterschrift</td><td>wo</td></tr></table><div class=klassen>sahihi Kl. 9/10 (Ø/n-) → sahihi — Numerus nur an der Konkordanz</div><div class=konkordanz>Kl.9: SUBJ i- · ADJ Ø/n- · GEN ya · DEM hii/ile · POSS y- · REL -yo</div><div class=hinweis>unterschreiben = kutia sahihi, &quot;Unterschrift setzen&quot;</div>	A1 SD1 U unterschreiben
Hier fehlt noch Ihre Unterschrift.	Hapa sahihi yenu inakosekana bado.<hr><table class=gloss><tr class=mo><td>hapa</td><td>sahihi</td><td>y-enu</td><td>i-na-kosekan-a</td><td>bado</td></tr><tr class=la><td>hier</td><td>KL9.Unterschrift</td><td>KL9-euer</td><td>KL9-PRÄS-fehlen-IND</td><td>noch</td></tr></table><div class=klassen>sahihi Kl. 9/10 (Ø/n-) → sahihi — Numerus nur an der Konkordanz</div><div class=konkordanz>Kl.9: SUBJ i- · ADJ Ø/n- · GEN ya · DEM hii/ile · POSS y- · REL -yo</div><div class=hinweis>Stativ -ekan- macht aus fehlen &quot;abwesend sein&quot;</div>	A1 SD1 U Unterschrift
Ich nehme im September Urlaub.	Nachukua likizo Septemba.<hr><table class=gloss><tr class=mo><td>na-chuku-a</td><td>likizo</td><td>Septemba</td></tr><tr class=la><td>1SG.PRÄS.ALLG-nehmen-IND</td><td>KL9.Urlaub</td><td>September</td></tr></table><div class=klassen>likizo Kl. 9/10 (Ø/n-) → likizo — Numerus nur an der Konkordanz</div><div class=konkordanz>Kl.9: SUBJ i- · ADJ Ø/n- · GEN ya · DEM hii/ile · POSS y- · REL -yo</div><div class=hinweis>Monatsnamen brauchen keine Präposition</div>	A1 SD1 U Urlaub
Mein Vater ist Arbeiter.	Baba yangu ni mfanyakazi.<hr><table class=gloss><tr class=mo><td>baba</td><td>y-angu</td><td>ni</td><td>m-fanyakazi</td></tr><tr class=la><td>KL9/KL1.Vater</td><td>KL9-mein</td><td>KOP</td><td>KL1-Arbeiter</td></tr></table><div class=klassen>baba Kl. 9/10 (Ø/n-) → baba — Numerus nur an der Konkordanz [Person: Form Kl. 9/10, Kongruenz Kl. 1/2]</div><div class=konkordanz>Kl.1: SUBJ a- · ADJ m-/mw- · GEN wa · DEM huyu/yule · POSS w- · REL -ye</div><div class=hinweis>mfanyakazi wörtlich &quot;Arbeit-Tuer&quot;</div>	A1 SD1 V Vater
Hier ist Rauchen verboten.	Hapa kuvuta sigara ni haramu.<hr><table class=gloss><tr class=mo><td>hapa</td><td>ku-vut-a</td><td>sigara</td><td>ni</td><td>haramu</td></tr><tr class=la><td>hier</td><td>KL15-ziehen-IND</td><td>KL9.Zigarette</td><td>KOP</td><td>verboten</td></tr></table><div class=klassen>sigara Kl. 9/10 (Ø/n-) → sigara — Numerus nur an der Konkordanz [Lehnwort]</div><div class=konkordanz>Kl.9: SUBJ i- · ADJ Ø/n- · GEN ya · DEM hii/ile · POSS y- · REL -yo</div><div class=hinweis>haramu ist arabisch und bleibt unverändert</div>	A1 SD1 V verboten
Ich verdiene 1.500 Euro im Monat.	Napata Euro elfu moja mia tano kwa mwezi.<hr><table class=gloss><tr class=mo><td>na-pat-a</td><td>Euro</td><td>elfu</td><td>moja</td><td>mia</td><td>tano</td><td>kwa</td><td>mw-ezi</td></tr><tr class=la><td>1SG.PRÄS.ALLG-verdienen-IND</td><td>Euro</td><td>KL9.Tausend</td><td>eins</td><td>KL9.Hundert</td><td>fünf</td><td>pro</td><td>KL3-Monat</td></tr></table><div class=konkordanz>Kl.9: SUBJ i- · ADJ Ø/n- · GEN ya · DEM hii/ile · POSS y- · REL -yo · Kl.3: SUBJ u- · ADJ m-/mw- · GEN wa · DEM huu/ule · POSS w- · REL -o</div><div class=hinweis>1500 = elfu moja mia tano</div>	A1 SD1 V verdienen
Es gibt einen neuen Sportverein in der Stadt.	Kuna chama kipya cha michezo mjini.<hr><table class=gloss><tr class=mo><td>ku-na</td><td>chama</td><td>ki-pya</td><td>ch-a</td><td>mi-chezo</td><td>m-ji-ni</td></tr><tr class=la><td>KL17-mit</td><td>KL7.Verein</td><td>KL7-neu</td><td>KL7-GEN</td><td>KL4-Sport</td><td>KL3-Stadt-LOK</td></tr></table><div class=klassen>chama Kl. 7/8 (ki- › vi-) → vyama · mchezo Kl. 3/4 (m-/mw- › mi-) → michezo</div><div class=konkordanz>Kl.7: SUBJ ki- · ADJ ki- · GEN cha · DEM hiki/kile · POSS ch- · REL -cho · Kl.3: SUBJ u- · ADJ m-/mw- · GEN wa · DEM huu/ule · POSS w- · REL -o</div><div class=hinweis>Dreifache Kl.7-Kongruenz: chama, kipya, cha</div>	A1 SD1 V Verein
Ich bin verheiratet und habe drei Kinder.	Nimeoa na nina watoto watatu.<hr><table class=gloss><tr class=mo><td>ni-me-o-a</td><td>na</td><td>ni-na</td><td>watoto</td><td>wa-tatu</td></tr><tr class=la><td>1SG-PERF-heiraten-IND</td><td>und</td><td>1SG-haben</td><td>KL2.Kind</td><td>KL2-drei</td></tr></table><div class=klassen>mtoto Kl. 1/2 (m-/mw- › wa-) → watoto</div><div class=konkordanz>Kl.1: SUBJ a- · ADJ m-/mw- · GEN wa · DEM huyu/yule · POSS w- · REL -ye</div><div class=hinweis>verheiratet sein ist das Perfekt von heiraten</div>	A1 SD1 V verheiratet
Er verkauft sein altes Auto.	Anauza gari lake kuukuu.<hr><table class=gloss><tr class=mo><td>a-na-uz-a</td><td>gari</td><td>l-ake</td><td>kuukuu</td></tr><tr class=la><td>3SG-PRÄS-verkaufen-IND</td><td>KL5.Auto</td><td>KL5-sein</td><td>alt</td></tr></table><div class=klassen>gari Kl. 5/6 (ji-/Ø › ma-) → magari</div><div class=konkordanz>Kl.5: SUBJ li- · ADJ ji-/Ø · GEN la · DEM hili/lile · POSS l- · REL -lo</div><div class=hinweis>kuukuu nur für Sachen, mzee für Menschen</div>	A1 SD1 V verkaufen
Meine Mutter ist Verkäuferin im Kaufhaus.	Mama yangu ni muuzaji kwenye duka kuu.<hr><table class=gloss><tr class=mo><td>mama</td><td>y-angu</td><td>ni</td><td>mu-uzaji</td><td>kwenye</td><td>duka</td><td>kuu</td></tr><tr class=la><td>KL9/KL1.Mutter</td><td>KL9-mein</td><td>KOP</td><td>KL1-Verkäuferin</td><td>an</td><td>KL5.Laden</td><td>groß</td></tr></table><div class=klassen>mama Kl. 9/10 (Ø/n-) → mama — Numerus nur an der Konkordanz [Person: Form Kl. 9/10, Kongruenz Kl. 1/2] · muuzaji Kl. 1/2 (m-/mw- › wa-) → wauzaji · duka Kl. 5/6 (ji-/Ø › ma-) → maduka</div><div class=konkordanz>Kl.1: SUBJ a- · ADJ m-/mw- · GEN wa · DEM huyu/yule · POSS w- · REL -ye · Kl.5: SUBJ li- · ADJ ji-/Ø · GEN la · DEM hili/lile · POSS l- · REL -lo</div><div class=hinweis>muuzaji Kl.1, Plural wauzaji Kl.2</div>	A1 SD1 V Verkäufer
Die Wohnung ist schon vermietet.	Nyumba imepangishwa tayari.<hr><table class=gloss><tr class=mo><td>nyumba</td><td>i-me-pangish-w-a</td><td>tayari</td></tr><tr class=la><td>KL9.Haus</td><td>KL9-PERF-vermieten-PASS-IND</td><td>schon</td></tr></table><div class=klassen>nyumba Kl. 9/10 (Ø/n-) → nyumba — Numerus nur an der Konkordanz</div><div class=konkordanz>Kl.9: SUBJ i- · ADJ Ø/n- · GEN ya · DEM hii/ile · POSS y- · REL -yo</div><div class=hinweis>Kausativ -ish- plus Passiv: vermietet werden</div>	A1 SD1 V vermieten
Unser Vermieter heißt Huber. Er wohnt auch hier.	Mwenye nyumba wetu anaitwa Huber. Anakaa hapa pia.<hr><table class=gloss><tr class=mo><td>mw-enye</td><td>nyumba</td><td>w-etu</td><td>a-na-it-w-a</td><td>Huber</td><td>a-na-ka-a</td><td>hapa</td><td>pia</td></tr><tr class=la><td>KL1-Besitzer</td><td>KL9.Haus</td><td>KL1-unser</td><td>3SG-PRÄS-nennen-PASS-IND</td><td>Huber</td><td>3SG-PRÄS-wohnen-IND</td><td>hier</td><td>auch</td></tr></table><div class=klassen>mwenye nyumba Kl. 1/2 (m-/mw- › wa-) → wenye nyumba · nyumba Kl. 9/10 (Ø/n-) → nyumba — Numerus nur an der Konkordanz</div><div class=konkordanz>Kl.1: SUBJ a- · ADJ m-/mw- · GEN wa · DEM huyu/yule · POSS w- · REL -ye · Kl.9: SUBJ i- · ADJ Ø/n- · GEN ya · DEM hii/ile · POSS y- · REL -yo</div><div class=hinweis>mwenye heißt &quot;der mit&quot;, bildet Besitzerwörter</div>	A1 SD1 V Vermieter
Können Sie mich verstehen?	Mnaweza kunielewa?<hr><table class=gloss><tr class=mo><td>m-na-wez-a</td><td>ku-ni-elew-a</td></tr><tr class=la><td>2PL-PRÄS-können-IND</td><td>KL15-OBJ1SG-verstehen-IND</td></tr></table><div class=konkordanz>Kl.15: SUBJ ku- · ADJ ku- · GEN kwa · DEM huku/kule · POSS kw- · REL -ko</div><div class=hinweis>Objektpräfix -ni- zwischen ku- und Wurzel</div>	A1 SD1 V verstehen
Peter besucht seine Verwandten in Polen.	Peter anawatembelea ndugu zake Polandi.<hr><table class=gloss><tr class=mo><td>Peter</td><td>a-na-wa-tembel-e-a</td><td>ndugu</td><td>z-ake</td><td>Polandi</td></tr><tr class=la><td>Peter</td><td>3SG-PRÄS-OBJ2-besuchen-APPL-IND</td><td>KL9/KL2.Verwandte</td><td>KL10-sein</td><td>Polen</td></tr></table><div class=klassen>ndugu Kl. 9/10 (Ø/n-) → ndugu — Numerus nur an der Konkordanz [Person: Form Kl. 9/10, Kongruenz Kl. 1/2]</div><div class=konkordanz>Kl.1: SUBJ a- · ADJ m-/mw- · GEN wa · DEM huyu/yule · POSS w- · REL -ye</div><div class=hinweis>Objekt Kl.2, Possessiv zake aber Kl.10</div>	A1 SD1 V Verwandte
Hier regnet es viel.	Hapa inanyesha sana.<hr><table class=gloss><tr class=mo><td>hapa</td><td>i-na-nyesh-a</td><td>sana</td></tr><tr class=la><td>hier</td><td>KL9-PRÄS-regnen-IND</td><td>sehr</td></tr></table><div class=konkordanz>Kl.9: SUBJ i- · ADJ Ø/n- · GEN ya · DEM hii/ile · POSS y- · REL -yo</div><div class=hinweis>sana vertritt hier das deutsche viel</div>	A1 SD1 V viel
Ich komme vielleicht mit dem Bus.	Labda nakuja kwa basi.<hr><table class=gloss><tr class=mo><td>labda</td><td>na-kuj-a</td><td>kwa</td><td>basi</td></tr><tr class=la><td>vielleicht</td><td>1SG.PRÄS.ALLG-kommen-IND</td><td>mit</td><td>KL5.Bus</td></tr></table><div class=klassen>basi Kl. 5/6 (ji-/Ø › ma-) → mabasi</div><div class=konkordanz>Kl.5: SUBJ li- · ADJ ji-/Ø · GEN la · DEM hili/lile · POSS l- · REL -lo</div><div class=hinweis>labda steht am Satzanfang</div>	A1 SD1 V vielleicht
Das Auto von Felix ist kaputt.	Gari la Felix limeharibika.<hr><table class=gloss><tr class=mo><td>gari</td><td>l-a</td><td>Felix</td><td>li-me-haribik-a</td></tr><tr class=la><td>KL5.Auto</td><td>KL5-GEN</td><td>Felix</td><td>KL5-PERF-kaputt.gehen-IND</td></tr></table><div class=klassen>gari Kl. 5/6 (ji-/Ø › ma-) → magari</div><div class=konkordanz>Kl.5: SUBJ li- · ADJ ji-/Ø · GEN la · DEM hili/lile · POSS l- · REL -lo</div><div class=hinweis>Besitz wird mit dem Genitiv la ausgedrückt</div>	A1 SD1 V von
Er kommt gerade von Köln/von zu Hause.	Anakuja kutoka Köln/kutoka nyumbani hivi sasa.<hr><table class=gloss><tr class=mo><td>a-na-kuj-a</td><td>ku-tok-a</td><td>Köln</td><td>ku-tok-a</td><td>nyumbani</td><td>hivi</td><td>sasa</td></tr><tr class=la><td>3SG-PRÄS-kommen-IND</td><td>KL15-kommen-IND</td><td>Köln</td><td>KL15-kommen-IND</td><td>KL9.Haus.LOK</td><td>gleich</td><td>jetzt</td></tr></table><div class=konkordanz>Kl.15: SUBJ ku- · ADJ ku- · GEN kwa · DEM huku/kule · POSS kw- · REL -ko · Kl.9: SUBJ i- · ADJ Ø/n- · GEN ya · DEM hii/ile · POSS y- · REL -yo</div><div class=hinweis>kutoka dient als Präposition &quot;von&quot;</div>	A1 SD1 V von
Der Termin war vor einer Stunde.	Miadi ilikuwa saa moja iliyopita.<hr><table class=gloss><tr class=mo><td>miadi</td><td>i-li-kuw-a</td><td>saa</td><td>moja</td><td>i-li-yo-pit-a</td></tr><tr class=la><td>KL9.Termin</td><td>KL9-PRÄT-sein-IND</td><td>KL9.Stunde</td><td>eins</td><td>KL9-PRÄT-REL9-vergehen-IND</td></tr></table><div class=klassen>miadi Kl. 9/10 (Ø/n-) → miadi — Numerus nur an der Konkordanz · saa Kl. 9/10 (Ø/n-) → saa — Numerus nur an der Konkordanz [auch &quot;Uhr&quot;]</div><div class=konkordanz>Kl.9: SUBJ i- · ADJ Ø/n- · GEN ya · DEM hii/ile · POSS y- · REL -yo</div><div class=hinweis>iliyopita heißt &quot;die vergangene&quot;</div>	A1 SD1 V vor
Das Auto steht vor der Tür.	Gari limesimama mbele ya mlango.<hr><table class=gloss><tr class=mo><td>gari</td><td>li-me-simam-a</td><td>mbele</td><td>y-a</td><td>m-lango</td></tr><tr class=la><td>KL5.Auto</td><td>KL5-PERF-stehen-IND</td><td>vor</td><td>KL9-GEN</td><td>KL3-Tür</td></tr></table><div class=klassen>gari Kl. 5/6 (ji-/Ø › ma-) → magari</div><div class=konkordanz>Kl.5: SUBJ li- · ADJ ji-/Ø · GEN la · DEM hili/lile · POSS l- · REL -lo</div><div class=hinweis>mbele ya verlangt den Genitiv</div>	A1 SD1 V vor
Ich heiße Müller, mein Vorname ist Eva.	Naitwa Müller, jina langu la kwanza ni Eva.<hr><table class=gloss><tr class=mo><td>na-it-w-a</td><td>Müller</td><td>jina</td><td>l-angu</td><td>l-a</td><td>kwanza</td><td>ni</td><td>Eva</td></tr><tr class=la><td>1SG.PRÄS.ALLG-nennen-PASS-IND</td><td>Müller</td><td>KL5.Name</td><td>KL5-mein</td><td>KL5-GEN</td><td>erste</td><td>KOP</td><td>Eva</td></tr></table><div class=klassen>jina Kl. 5/6 (ji-/Ø › ma-) → majina</div><div class=konkordanz>Kl.5: SUBJ li- · ADJ ji-/Ø · GEN la · DEM hili/lile · POSS l- · REL -lo</div><div class=hinweis>Zweifache Kl.5-Kongruenz: langu und la</div>	A1 SD1 V Vorname
Vorsicht! Da kommt ein Auto.	Tahadhari! Gari linakuja.<hr><table class=gloss><tr class=mo><td>tahadhari</td><td>gari</td><td>li-na-kuj-a</td></tr><tr class=la><td>KL9.Vorsicht</td><td>KL5.Auto</td><td>KL5-PRÄS-kommen-IND</td></tr></table><div class=klassen>gari Kl. 5/6 (ji-/Ø › ma-) → magari</div><div class=konkordanz>Kl.5: SUBJ li- · ADJ ji-/Ø · GEN la · DEM hili/lile · POSS l- · REL -lo</div><div class=hinweis>tahadhari warnt, uangalifu ist die Eigenschaft</div>	A1 SD1 V Vorsicht
Wir wollen uns kennenlernen. Können Sie sich bitte vorstellen?	Tunataka kufahamiana. Mnaweza kujitambulisha tafadhali?<hr><table class=gloss><tr class=mo><td>tu-na-tak-a</td><td>ku-fahami-an-a</td><td>m-na-wez-a</td><td>ku-ji-tambulish-a</td><td>tafadhali</td></tr><tr class=la><td>1PL-PRÄS-wollen-IND</td><td>KL15-kennen-REZ-IND</td><td>2PL-PRÄS-können-IND</td><td>KL15-REFL-vorstellen-IND</td><td>bitte</td></tr></table><div class=konkordanz>Kl.15: SUBJ ku- · ADJ ku- · GEN kwa · DEM huku/kule · POSS kw- · REL -ko</div><div class=hinweis>Reziprok -an- und Reflexiv -ji- in einem Satz</div>	A1 SD1 V vorstellen
Wie ist die Vorwahl von München?	Namba ya mkoa ya München ni ipi?<hr><table class=gloss><tr class=mo><td>namba</td><td>y-a</td><td>mkoa</td><td>y-a</td><td>München</td><td>ni</td><td>ipi</td></tr><tr class=la><td>KL9.Nummer</td><td>KL9-GEN</td><td>KL3.Bezirk</td><td>KL9-GEN</td><td>München</td><td>KOP</td><td>KL9.welche</td></tr></table><div class=klassen>namba Kl. 9/10 (Ø/n-) → namba — Numerus nur an der Konkordanz [Lehnwort]</div><div class=konkordanz>Kl.9: SUBJ i- · ADJ Ø/n- · GEN ya · DEM hii/ile · POSS y- · REL -yo</div><div class=hinweis>Vorwahl als namba ya mkoa</div>	A1 SD1 V Vorwahl
Wir wandern um den Chiemsee.	Tunatembea kuzunguka ziwa la Chiemsee.<hr><table class=gloss><tr class=mo><td>tu-na-tembe-a</td><td>kuzunguka</td><td>ziwa</td><td>l-a</td><td>Chiemsee</td></tr><tr class=la><td>1PL-PRÄS-wandern-IND</td><td>um</td><td>KL5.See</td><td>KL5-GEN</td><td>Chiemsee</td></tr></table><div class=klassen>ziwa Kl. 5/6 (ji-/Ø › ma-) → maziwa</div><div class=konkordanz>Kl.5: SUBJ li- · ADJ ji-/Ø · GEN la · DEM hili/lile · POSS l- · REL -lo</div><div class=hinweis>kuzunguka dient als Präposition &quot;um&quot;</div>	A1 SD1 W wandern
Wann bist du fertig?	Utamaliza lini?<hr><table class=gloss><tr class=mo><td>u-ta-maliz-a</td><td>lini</td></tr><tr class=la><td>2SG-FUT-fertig.werden-IND</td><td>wann</td></tr></table><div class=hinweis>lini steht am Satzende</div>	A1 SD1 W wann
Wann kann ich Sie anrufen?	Naweza kuwapigia simu lini?<hr><table class=gloss><tr class=mo><td>na-wez-a</td><td>ku-wa-pig-i-a</td><td>simu</td><td>lini</td></tr><tr class=la><td>1SG.PRÄS.ALLG-können-IND</td><td>KL15-OBJ2PL-schlagen-APPL-IND</td><td>KL9.Telefon</td><td>wann</td></tr></table><div class=klassen>simu Kl. 9/10 (Ø/n-) → simu — Numerus nur an der Konkordanz</div><div class=konkordanz>Kl.9: SUBJ i- · ADJ Ø/n- · GEN ya · DEM hii/ile · POSS y- · REL -yo</div><div class=hinweis>Applikativ -i- plus Objekt -wa- für &quot;euch anrufen&quot;</div>	A1 SD1 W wann
Wann sind Sie geboren?	Mlizaliwa lini?<hr><table class=gloss><tr class=mo><td>m-li-zali-w-a</td><td>lini</td></tr><tr class=la><td>2PL-PRÄT-gebären-PASS-IND</td><td>wann</td></tr></table><div class=hinweis>Passiv Vergangenheit für die Geburt</div>	A1 SD1 W wann
Können Sie ein paar Minuten warten?	Mnaweza kusubiri dakika kadhaa?<hr><table class=gloss><tr class=mo><td>m-na-wez-a</td><td>ku-subiri</td><td>dakika</td><td>kadhaa</td></tr><tr class=la><td>2PL-PRÄS-können-IND</td><td>KL15-warten</td><td>KL9.Minute</td><td>mehrere</td></tr></table><div class=konkordanz>Kl.15: SUBJ ku- · ADJ ku- · GEN kwa · DEM huku/kule · POSS kw- · REL -ko · Kl.9: SUBJ i- · ADJ Ø/n- · GEN ya · DEM hii/ile · POSS y- · REL -yo</div><div class=hinweis>kadhaa heißt mehrere, einige</div>	A1 SD1 W warten
Auf wen warten Sie?	Mnamsubiri nani?<hr><table class=gloss><tr class=mo><td>m-na-m-subiri</td><td>nani</td></tr><tr class=la><td>2PL-PRÄS-OBJ1-warten</td><td>wer</td></tr></table><div class=hinweis>Swahili braucht keine Präposition bei kusubiri</div>	A1 SD1 W warten
Warum kommt er nicht?	Kwa nini hakuji?<hr><table class=gloss><tr class=mo><td>kwa</td><td>nini</td><td>ha-kuj-i</td></tr><tr class=la><td>für</td><td>was</td><td>3SG.NEG-kommen-NEG</td></tr></table><div class=hinweis>kwa nini heißt wörtlich &quot;für was&quot;</div>	A1 SD1 W warum
Was ist das?	Hii ni nini?<hr><table class=gloss><tr class=mo><td>hii</td><td>ni</td><td>nini</td></tr><tr class=la><td>KL9.DEM</td><td>KOP</td><td>was</td></tr></table><div class=konkordanz>Kl.9: SUBJ i- · ADJ Ø/n- · GEN ya · DEM hii/ile · POSS y- · REL -yo</div><div class=hinweis>nini fragt nach Sachen, nani nach Personen</div>	A1 SD1 W was
Was möchten Sie?	Mnataka nini?<hr><table class=gloss><tr class=mo><td>m-na-tak-a</td><td>nini</td></tr><tr class=la><td>2PL-PRÄS-wollen-IND</td><td>was</td></tr></table><div class=hinweis>kutaka deckt wollen und möchten ab</div>	A1 SD1 W was
Was für eine Farbe möchten Sie?	Mnataka rangi gani?<hr><table class=gloss><tr class=mo><td>m-na-tak-a</td><td>rangi</td><td>gani</td></tr><tr class=la><td>2PL-PRÄS-wollen-IND</td><td>KL9.Farbe</td><td>welche</td></tr></table><div class=klassen>rangi Kl. 9/10 (Ø/n-) → rangi — Numerus nur an der Konkordanz</div><div class=konkordanz>Kl.9: SUBJ i- · ADJ Ø/n- · GEN ya · DEM hii/ile · POSS y- · REL -yo</div><div class=hinweis>gani fragt nach der Art, ipi nach der Auswahl</div>	A1 SD1 W was_für_ein
Wo kann ich mir die Hände waschen?	Naweza kunawa mikono wapi?<hr><table class=gloss><tr class=mo><td>na-wez-a</td><td>ku-naw-a</td><td>mi-kono</td><td>wapi</td></tr><tr class=la><td>1SG.PRÄS.ALLG-können-IND</td><td>KL15-waschen-IND</td><td>KL4-Hand</td><td>wo</td></tr></table><div class=klassen>mkono Kl. 3/4 (m-/mw- › mi-) → mikono</div><div class=konkordanz>Kl.3: SUBJ u- · ADJ m-/mw- · GEN wa · DEM huu/ule · POSS w- · REL -o</div><div class=hinweis>kunawa wäscht Hände, kuosha Geschirr</div>	A1 SD1 W waschen
Ich muss morgen waschen.	Kesho lazima nifue.<hr><table class=gloss><tr class=mo><td>kesho</td><td>lazima</td><td>ni-fu-e</td></tr><tr class=la><td>morgen</td><td>muss</td><td>1SG-waschen-KONJ</td></tr></table><div class=hinweis>kufua wäscht Wäsche</div>	A1 SD1 W waschen
Ein Glas Wasser, bitte.	Glasi moja ya maji, tafadhali.<hr><table class=gloss><tr class=mo><td>glasi</td><td>moja</td><td>y-a</td><td>maji</td><td>tafadhali</td></tr><tr class=la><td>KL9.Glas</td><td>eins</td><td>KL9-GEN</td><td>KL6.Wasser</td><td>bitte</td></tr></table><div class=klassen>glasi Kl. 9/10 (Ø/n-) → glasi — Numerus nur an der Konkordanz [Lehnwort] · maji Kl. 6 (ma-), kein Numeruswechsel [nur Plural]</div><div class=konkordanz>Kl.9: SUBJ i- · ADJ Ø/n- · GEN ya · DEM hii/ile · POSS y- · REL -yo · Kl.6: SUBJ ya- · ADJ ma- · GEN ya · DEM haya/yale · POSS y- · REL -yo</div><div class=hinweis>maji ist Kl.6 und hat keinen Singular</div>	A1 SD1 W Wasser
Ich muss zum Arzt. Mein Bein tut weh.	Lazima niende kwa daktari. Mguu wangu unaniuma.<hr><table class=gloss><tr class=mo><td>lazima</td><td>ni-end-e</td><td>kwa</td><td>daktari</td><td>m-guu</td><td>w-angu</td><td>u-na-ni-um-a</td></tr><tr class=la><td>muss</td><td>1SG-gehen-KONJ</td><td>zu</td><td>KL5/KL1.Arzt</td><td>KL3-Bein</td><td>KL3-mein</td><td>KL3-PRÄS-OBJ1SG-schmerzen-IND</td></tr></table><div class=klassen>daktari Kl. 5/6 (ji-/Ø › ma-) → madaktari [Person: Form Kl. 5/6, Kongruenz Kl. 1/2] · mguu Kl. 3/4 (m-/mw- › mi-) → miguu</div><div class=konkordanz>Kl.1: SUBJ a- · ADJ m-/mw- · GEN wa · DEM huyu/yule · POSS w- · REL -ye · Kl.3: SUBJ u- · ADJ m-/mw- · GEN wa · DEM huu/ule · POSS w- · REL -o</div><div class=hinweis>Das Bein schmerzt mich: Objektpräfix -ni-</div>	A1 SD1 W weh_tun
Kreuzen Sie bitte an: „weiblich“ oder „männlich“.	Tafadhali tieni alama: "mwanamke" au "mwanamume".<hr><table class=gloss><tr class=mo><td>tafadhali</td><td>ti-eni</td><td>alama</td><td>mw-anamke</td><td>au</td><td>mw-anamume</td></tr><tr class=la><td>bitte</td><td>setzen-IMP.PL</td><td>KL9.Zeichen</td><td>KL1-Frau</td><td>oder</td><td>KL1-Mann</td></tr></table><div class=klassen>alama Kl. 9/10 (Ø/n-) → alama — Numerus nur an der Konkordanz · mwanamke Kl. 1/2 (m-/mw- › wa-) → wanawake · mwanamume Kl. 1/2 (m-/mw- › wa-) → wanaume</div><div class=konkordanz>Kl.9: SUBJ i- · ADJ Ø/n- · GEN ya · DEM hii/ile · POSS y- · REL -yo · Kl.1: SUBJ a- · ADJ m-/mw- · GEN wa · DEM huyu/yule · POSS w- · REL -ye</div><div class=hinweis>Geschlecht wird als Nomen angegeben</div>	A1 SD1 W weiblich
Nein danke, ich möchte keinen Wein.	Hapana asante, sitaki mvinyo.<hr><table class=gloss><tr class=mo><td>hapana</td><td>asante</td><td>si-tak-i</td><td>m-vinyo</td></tr><tr class=la><td>nein</td><td>danke</td><td>1SG.NEG-wollen-NEG</td><td>KL3-Wein</td></tr></table><div class=klassen>mvinyo Kl. 3/4 (m-/mw- › mi-) → mivinyo</div><div class=konkordanz>Kl.3: SUBJ u- · ADJ m-/mw- · GEN wa · DEM huu/ule · POSS w- · REL -o</div><div class=hinweis>Swahili hat kein eigenes Wort für &quot;kein&quot;</div>	A1 SD1 W Wein
Zum Bahnhof ist es nicht weit.	Hadi stesheni si mbali.<hr><table class=gloss><tr class=mo><td>hadi</td><td>stesheni</td><td>si</td><td>mbali</td></tr><tr class=la><td>bis</td><td>KL9.Bahnhof</td><td>NEG.KOP</td><td>weit</td></tr></table><div class=klassen>stesheni Kl. 9/10 (Ø/n-) → stesheni — Numerus nur an der Konkordanz [Lehnwort]</div><div class=konkordanz>Kl.9: SUBJ i- · ADJ Ø/n- · GEN ya · DEM hii/ile · POSS y- · REL -yo</div><div class=hinweis>si verneint die Kopula ni</div>	A1 SD1 W weit
Der Bus fährt nicht weiter.	Basi haliendelei.<hr><table class=gloss><tr class=mo><td>basi</td><td>hali-endele-i</td></tr><tr class=la><td>KL5.Bus</td><td>KL5.NEG-weitergehen-NEG</td></tr></table><div class=klassen>basi Kl. 5/6 (ji-/Ø › ma-) → mabasi</div><div class=konkordanz>Kl.5: SUBJ li- · ADJ ji-/Ø · GEN la · DEM hili/lile · POSS l- · REL -lo</div><div class=hinweis>Negatives Subjektpräfix der Kl.5 lautet hali-</div>	A1 SD1 W weiter
Welches Buch möchtest du?	Unataka kitabu kipi?<hr><table class=gloss><tr class=mo><td>u-na-tak-a</td><td>ki-tabu</td><td>kipi</td></tr><tr class=la><td>2SG-PRÄS-wollen-IND</td><td>KL7-Buch</td><td>KL7.welche</td></tr></table><div class=klassen>kitabu Kl. 7/8 (ki- › vi-) → vitabu</div><div class=konkordanz>Kl.7: SUBJ ki- · ADJ ki- · GEN cha · DEM hiki/kile · POSS ch- · REL -cho</div><div class=hinweis>kipi kongruiert mit kitabu Kl.7</div>	A1 SD1 W welch
Es gibt viele Probleme auf der Welt.	Kuna matatizo mengi duniani.<hr><table class=gloss><tr class=mo><td>ku-na</td><td>ma-tatizo</td><td>m-engi</td><td>dunia-ni</td></tr><tr class=la><td>KL17-mit</td><td>KL6-Problem</td><td>KL6-viele</td><td>KL9.Welt-LOK</td></tr></table><div class=klassen>tatizo Kl. 5/6 (ji-/Ø › ma-) → matatizo</div><div class=konkordanz>Kl.5: SUBJ li- · ADJ ji-/Ø · GEN la · DEM hili/lile · POSS l- · REL -lo</div><div class=hinweis>Ortssuffix -ni an dunia Kl.9</div>	A1 SD1 W Welt
Ich habe leider nur wenig verstanden.	Kwa bahati mbaya nimeelewa kidogo tu.<hr><table class=gloss><tr class=mo><td>kwa</td><td>bahati</td><td>m-baya</td><td>ni-me-elew-a</td><td>ki-dogo</td><td>tu</td></tr><tr class=la><td>für</td><td>KL9.Glück</td><td>KL9-schlecht</td><td>1SG-PERF-verstehen-IND</td><td>KL7-klein</td><td>nur</td></tr></table><div class=klassen>bahati Kl. 9/10 (Ø/n-) → bahati — Numerus nur an der Konkordanz</div><div class=konkordanz>Kl.9: SUBJ i- · ADJ Ø/n- · GEN ya · DEM hii/ile · POSS y- · REL -yo</div><div class=hinweis>kidogo dient als Adverb &quot;wenig&quot;</div>	A1 SD1 W wenig
Er verdient wenig.	Anapata kidogo.<hr><table class=gloss><tr class=mo><td>a-na-pat-a</td><td>ki-dogo</td></tr><tr class=la><td>3SG-PRÄS-verdienen-IND</td><td>KL7-klein</td></tr></table><div class=konkordanz>Kl.7: SUBJ ki- · ADJ ki- · GEN cha · DEM hiki/kile · POSS ch- · REL -cho</div><div class=hinweis>kupata heißt bekommen und verdienen</div>	A1 SD1 W wenig
Wer ist das?	Huyu ni nani?<hr><table class=gloss><tr class=mo><td>huyu</td><td>ni</td><td>nani</td></tr><tr class=la><td>KL1.DEM</td><td>KOP</td><td>wer</td></tr></table><div class=konkordanz>Kl.1: SUBJ a- · ADJ m-/mw- · GEN wa · DEM huyu/yule · POSS w- · REL -ye</div><div class=hinweis>huyu für Personen, hii für Sachen der Kl.9</div>	A1 SD1 W wer
Mein Sohn will Arzt werden.	Mwana wangu anataka kuwa daktari.<hr><table class=gloss><tr class=mo><td>mw-ana</td><td>w-angu</td><td>a-na-tak-a</td><td>ku-w-a</td><td>daktari</td></tr><tr class=la><td>KL1-Sohn</td><td>KL1-mein</td><td>3SG-PRÄS-wollen-IND</td><td>KL15-werden-IND</td><td>KL5/KL1.Arzt</td></tr></table><div class=klassen>mwana Kl. 1/2 (m-/mw- › wa-) → wana · daktari Kl. 5/6 (ji-/Ø › ma-) → madaktari [Person: Form Kl. 5/6, Kongruenz Kl. 1/2]</div><div class=konkordanz>Kl.1: SUBJ a- · ADJ m-/mw- · GEN wa · DEM huyu/yule · POSS w- · REL -ye</div><div class=hinweis>kuwa heißt sein und werden</div>	A1 SD1 W werden
Wir hatten schlechtes Wetter.	Tulikuwa na hali ya hewa mbaya.<hr><table class=gloss><tr class=mo><td>tu-li-kuw-a</td><td>na</td><td>hali</td><td>y-a</td><td>hewa</td><td>m-baya</td></tr><tr class=la><td>1PL-PRÄT-sein-IND</td><td>mit</td><td>KL9.Lage</td><td>KL9-GEN</td><td>KL9.Luft</td><td>KL9-schlecht</td></tr></table><div class=klassen>hali ya hewa Kl. 9 (Ø/n-), kein Numeruswechsel [Genitivfuegung, kein Plural]</div><div class=konkordanz>Kl.9: SUBJ i- · ADJ Ø/n- · GEN ya · DEM hii/ile · POSS y- · REL -yo</div><div class=hinweis>Vergangenheit von haben ist kuwa na mit -li-</div>	A1 SD1 W Wetter
Dieses Formular ist sehr wichtig.	Fomu hii ni muhimu sana.<hr><table class=gloss><tr class=mo><td>fomu</td><td>hii</td><td>ni</td><td>muhimu</td><td>sana</td></tr><tr class=la><td>KL9.Formular</td><td>KL9.DEM</td><td>KOP</td><td>wichtig</td><td>sehr</td></tr></table><div class=klassen>fomu Kl. 9/10 (Ø/n-) → fomu — Numerus nur an der Konkordanz [Lehnwort]</div><div class=konkordanz>Kl.9: SUBJ i- · ADJ Ø/n- · GEN ya · DEM hii/ile · POSS y- · REL -yo</div><div class=hinweis>muhimu bleibt unverändert</div>	A1 SD1 W wichtig
Wie heißt du?	Unaitwa nani?<hr><table class=gloss><tr class=mo><td>u-na-it-w-a</td><td>nani</td></tr><tr class=la><td>2SG-PRÄS-nennen-PASS-IND</td><td>wer</td></tr></table><div class=hinweis>heißen steht stets im Passiv</div>	A1 SD1 W wie
Er schreibt wie ein Kind.	Anaandika kama mtoto.<hr><table class=gloss><tr class=mo><td>a-na-andik-a</td><td>kama</td><td>m-toto</td></tr><tr class=la><td>3SG-PRÄS-schreiben-IND</td><td>wie</td><td>KL1-Kind</td></tr></table><div class=klassen>mtoto Kl. 1/2 (m-/mw- › wa-) → watoto</div><div class=konkordanz>Kl.1: SUBJ a- · ADJ m-/mw- · GEN wa · DEM huyu/yule · POSS w- · REL -ye</div><div class=hinweis>kama bildet den Vergleich</div>	A1 SD1 W wie
Meine Frau ist so groß wie ich.	Mke wangu ni mrefu kama mimi.<hr><table class=gloss><tr class=mo><td>mke</td><td>w-angu</td><td>ni</td><td>m-refu</td><td>kama</td><td>mimi</td></tr><tr class=la><td>KL1.Ehefrau</td><td>KL1-mein</td><td>KOP</td><td>KL1-groß</td><td>wie</td><td>ich</td></tr></table><div class=klassen>mke Kl. 1/2 (m-/mw- › wa-) → wake [Ehemann = &quot;mume&quot; Kl. 1/2]</div><div class=konkordanz>Kl.1: SUBJ a- · ADJ m-/mw- · GEN wa · DEM huyu/yule · POSS w- · REL -ye</div><div class=hinweis>kama dient dem Gleichheitsvergleich</div>	A1 SD1 W wie
Wie soll ich das machen?	Nifanye hii vipi?<hr><table class=gloss><tr class=mo><td>ni-fany-e</td><td>hii</td><td>vipi</td></tr><tr class=la><td>1SG-tun-KONJ</td><td>KL9.DEM</td><td>wie</td></tr></table><div class=konkordanz>Kl.9: SUBJ i- · ADJ Ø/n- · GEN ya · DEM hii/ile · POSS y- · REL -yo</div><div class=hinweis>vipi fragt nach der Art und Weise</div>	A1 SD1 W wie
Wie groß ist die Wohnung?	Nyumba ina ukubwa gani?<hr><table class=gloss><tr class=mo><td>nyumba</td><td>i-na</td><td>ukubwa</td><td>gani</td></tr><tr class=la><td>KL9.Haus</td><td>KL9-haben</td><td>KL14.Größe</td><td>welche</td></tr></table><div class=klassen>nyumba Kl. 9/10 (Ø/n-) → nyumba — Numerus nur an der Konkordanz · ukubwa Kl. 14 (u-), kein Numeruswechsel [Abstraktum]</div><div class=konkordanz>Kl.9: SUBJ i- · ADJ Ø/n- · GEN ya · DEM hii/ile · POSS y- · REL -yo · Kl.14: SUBJ u- · ADJ m-/mw- · GEN wa · DEM huu/ule · POSS w- · REL -o</div><div class=hinweis>Größe haben statt groß sein</div>	A1 SD1 W wie
Wie bitte?	Samahani, vipi?<hr><table class=gloss><tr class=mo><td>samahani</td><td>vipi</td></tr><tr class=la><td>KL9.Entschuldigung</td><td>wie</td></tr></table><div class=konkordanz>Kl.9: SUBJ i- · ADJ Ø/n- · GEN ya · DEM hii/ile · POSS y- · REL -yo</div><div class=hinweis>vipi fragt auch nach dem Gesagten</div>	A1 SD1 W wie
Wie lange bist du schon hier?	Uko hapa kwa muda gani tayari?<hr><table class=gloss><tr class=mo><td>u-ko</td><td>hapa</td><td>kwa</td><td>muda</td><td>gani</td><td>tayari</td></tr><tr class=la><td>2SG-sein.da</td><td>hier</td><td>für</td><td>KL3.Zeit</td><td>welche</td><td>schon</td></tr></table><div class=klassen>muda Kl. 3/10 (m-/mw- › Ø/n-) → nyakati [Plural unregelmaessig]</div><div class=konkordanz>Kl.3: SUBJ u- · ADJ m-/mw- · GEN wa · DEM huu/ule · POSS w- · REL -o</div><div class=hinweis>muda gani fragt nach der Dauer</div>	A1 SD1 W wie
Können Sie das bitte wiederholen?	Mnaweza kurudia hii tafadhali?<hr><table class=gloss><tr class=mo><td>m-na-wez-a</td><td>ku-rudi-a</td><td>hii</td><td>tafadhali</td></tr><tr class=la><td>2PL-PRÄS-können-IND</td><td>KL15-wiederholen-IND</td><td>KL9.DEM</td><td>bitte</td></tr></table><div class=konkordanz>Kl.15: SUBJ ku- · ADJ ku- · GEN kwa · DEM huku/kule · POSS kw- · REL -ko · Kl.9: SUBJ i- · ADJ Ø/n- · GEN ya · DEM hii/ile · POSS y- · REL -yo</div><div class=hinweis>kurudia ist kurudi plus Applikativ</div>	A1 SD1 W wiederholen
Wir müssen jetzt Schluss machen.	Sasa lazima tumalize.<hr><table class=gloss><tr class=mo><td>sasa</td><td>lazima</td><td>tu-maliz-e</td></tr><tr class=la><td>jetzt</td><td>muss</td><td>1PL-beenden-KONJ</td></tr></table><div class=hinweis>Deutsches &quot;wir&quot; verlangt tu-, nicht ni-</div>	A1 SD1 W Wiederhören
Also auf Wiederhören!	Basi, kwaheri!<hr><table class=gloss><tr class=mo><td>basi</td><td>kwaheri</td></tr><tr class=la><td>also</td><td>auf.Wiederhören</td></tr></table><div class=klassen>basi Kl. 5/6 (ji-/Ø › ma-) → mabasi</div><div class=konkordanz>Kl.5: SUBJ li- · ADJ ji-/Ø · GEN la · DEM hili/lile · POSS l- · REL -lo</div><div class=hinweis>kwaheri gilt am Telefon und beim Abschied</div>	A1 SD1 W Wiederhören
Auf Wiedersehen!	Kwaheri!<hr><table class=gloss><tr class=mo><td>kwaheri</td></tr><tr class=la><td>auf.Wiedersehen</td></tr></table><div class=hinweis>kwaheri ist unveränderlich</div>	A1 SD1 W Wiedersehen
Wie viel Milch nehmen Sie?	Mnachukua maziwa kiasi gani?<hr><table class=gloss><tr class=mo><td>m-na-chuku-a</td><td>maziwa</td><td>kiasi</td><td>gani</td></tr><tr class=la><td>2PL-PRÄS-nehmen-IND</td><td>KL6.Milch</td><td>KL9.Menge</td><td>welche</td></tr></table><div class=klassen>maziwa Kl. 6 (ma-), kein Numeruswechsel [nur Plural]</div><div class=konkordanz>Kl.6: SUBJ ya- · ADJ ma- · GEN ya · DEM haya/yale · POSS y- · REL -yo</div><div class=hinweis>kiasi gani fragt nach der Menge</div>	A1 SD1 W wie_viel
Herzlich willkommen!	Karibu sana!<hr><table class=gloss><tr class=mo><td>karibu</td><td>sana</td></tr><tr class=la><td>willkommen</td><td>sehr</td></tr></table><div class=hinweis>karibu heißt willkommen und nahe</div>	A1 SD1 W willkommen
Der Wind kommt aus Osten.	Upepo unatoka mashariki.<hr><table class=gloss><tr class=mo><td>upepo</td><td>u-na-tok-a</td><td>mashariki</td></tr><tr class=la><td>KL11.Wind</td><td>KL11-PRÄS-kommen-IND</td><td>KL9.Osten</td></tr></table><div class=klassen>upepo Kl. 11/10 (u- › Ø/n-) → pepo</div><div class=konkordanz>Kl.11: SUBJ u- · ADJ m-/mw- · GEN wa · DEM huu/ule · POSS w- · REL -o</div><div class=hinweis>upepo Kl.11, Plural pepo Kl.10</div>	A1 SD1 W Wind
Wir lernen Deutsch.	Tunasoma Kijerumani.<hr><table class=gloss><tr class=mo><td>tu-na-som-a</td><td>Ki-jerumani</td></tr><tr class=la><td>1PL-PRÄS-lernen-IND</td><td>KL7-Deutsch</td></tr></table><div class=konkordanz>Kl.7: SUBJ ki- · ADJ ki- · GEN cha · DEM hiki/kile · POSS ch- · REL -cho</div><div class=hinweis>Sprachen tragen das ki- der Kl.7</div>	A1 SD1 W wir
Weißt du, wie er heißt?	Unajua anaitwa nani?<hr><table class=gloss><tr class=mo><td>u-na-ju-a</td><td>a-na-it-w-a</td><td>nani</td></tr><tr class=la><td>2SG-PRÄS-wissen-IND</td><td>3SG-PRÄS-nennen-PASS-IND</td><td>wer</td></tr></table><div class=hinweis>Indirekte Frage ohne Einleitewort</div>	A1 SD1 W wissen
Wo waren Sie im Urlaub?	Mlikuwa wapi likizoni?<hr><table class=gloss><tr class=mo><td>m-li-kuw-a</td><td>wapi</td><td>likizo-ni</td></tr><tr class=la><td>2PL-PRÄT-sein-IND</td><td>wo</td><td>KL9.Urlaub-LOK</td></tr></table><div class=konkordanz>Kl.9: SUBJ i- · ADJ Ø/n- · GEN ya · DEM hii/ile · POSS y- · REL -yo</div><div class=hinweis>Ortssuffix -ni an likizo Kl.9</div>	A1 SD1 W wo
Wo ist die Post?	Posta iko wapi?<hr><table class=gloss><tr class=mo><td>posta</td><td>i-ko</td><td>wapi</td></tr><tr class=la><td>KL9.Post</td><td>KL9-sein.da</td><td>wo</td></tr></table><div class=klassen>posta Kl. 9/10 (Ø/n-) → posta — Numerus nur an der Konkordanz [Lehnwort]</div><div class=konkordanz>Kl.9: SUBJ i- · ADJ Ø/n- · GEN ya · DEM hii/ile · POSS y- · REL -yo</div><div class=hinweis>iko fragt nach dem Ort einer Sache</div>	A1 SD1 W wo
Wo sind Sie geboren?	Mlizaliwa wapi?<hr><table class=gloss><tr class=mo><td>m-li-zali-w-a</td><td>wapi</td></tr><tr class=la><td>2PL-PRÄT-gebären-PASS-IND</td><td>wo</td></tr></table><div class=hinweis>Passiv Vergangenheit für die Geburt</div>	A1 SD1 W wo
Woher kommen Sie?	Mnatoka wapi?<hr><table class=gloss><tr class=mo><td>m-na-tok-a</td><td>wapi</td></tr><tr class=la><td>2PL-PRÄS-kommen-IND</td><td>wo</td></tr></table><div class=hinweis>wapi fragt nach Ort und Herkunft</div>	A1 SD1 W woher
Wohin fährt dieser Bus?	Basi hili linakwenda wapi?<hr><table class=gloss><tr class=mo><td>basi</td><td>hili</td><td>li-na-kwend-a</td><td>wapi</td></tr><tr class=la><td>KL5.Bus</td><td>KL5.DEM</td><td>KL5-PRÄS-gehen-IND</td><td>wo</td></tr></table><div class=klassen>basi Kl. 5/6 (ji-/Ø › ma-) → mabasi</div><div class=konkordanz>Kl.5: SUBJ li- · ADJ ji-/Ø · GEN la · DEM hili/lile · POSS l- · REL -lo</div><div class=hinweis>Bei kwenda bleibt das ku- im Stamm</div>	A1 SD1 W wohin
Wohin wollen Sie am Wochenende?	Mnataka kwenda wapi mwishoni wa wiki?<hr><table class=gloss><tr class=mo><td>m-na-tak-a</td><td>kw-end-a</td><td>wapi</td><td>mwisho-ni</td><td>w-a</td><td>wiki</td></tr><tr class=la><td>2PL-PRÄS-wollen-IND</td><td>KL15-gehen-IND</td><td>wo</td><td>KL3.Ende-LOK</td><td>KL3-GEN</td><td>KL9.Woche</td></tr></table><div class=konkordanz>Kl.15: SUBJ ku- · ADJ ku- · GEN kwa · DEM huku/kule · POSS kw- · REL -ko · Kl.3: SUBJ u- · ADJ m-/mw- · GEN wa · DEM huu/ule · POSS w- · REL -o</div><div class=hinweis>Wochenende als mwishoni wa wiki</div>	A1 SD1 W wohin
Ich wohne in München.	Nakaa München.<hr><table class=gloss><tr class=mo><td>na-ka-a</td><td>München</td></tr><tr class=la><td>1SG.PRÄS.ALLG-wohnen-IND</td><td>München</td></tr></table><div class=hinweis>Ortsnamen brauchen keine Präposition</div>	A1 SD1 W wohnen
Seit wann haben Sie diese Wohnung?	Mnayo nyumba hii tangu lini?<hr><table class=gloss><tr class=mo><td>m-na-yo</td><td>nyumba</td><td>hii</td><td>tangu</td><td>lini</td></tr><tr class=la><td>2PL-haben-REL9</td><td>KL9.Haus</td><td>KL9.DEM</td><td>seit</td><td>wann</td></tr></table><div class=klassen>nyumba Kl. 9/10 (Ø/n-) → nyumba — Numerus nur an der Konkordanz</div><div class=konkordanz>Kl.9: SUBJ i- · ADJ Ø/n- · GEN ya · DEM hii/ile · POSS y- · REL -yo</div><div class=hinweis>tangu lini fragt nach dem Beginn</div>	A1 SD1 W Wohnung
Wollen Sie einen Kaffee trinken?	Mnataka kunywa kahawa?<hr><table class=gloss><tr class=mo><td>m-na-tak-a</td><td>ku-nyw-a</td><td>kahawa</td></tr><tr class=la><td>2PL-PRÄS-wollen-IND</td><td>KL15-trinken-IND</td><td>KL9.Kaffee</td></tr></table><div class=klassen>kahawa Kl. 9/10 (Ø/n-) → kahawa — Numerus nur an der Konkordanz</div><div class=konkordanz>Kl.9: SUBJ i- · ADJ Ø/n- · GEN ya · DEM hii/ile · POSS y- · REL -yo</div><div class=hinweis>kunywa hat den unregelmäßigen Stamm nyw-</div>	A1 SD1 W wollen
Ich kenne das Wort nicht.	Sijui neno hilo.<hr><table class=gloss><tr class=mo><td>si-ju-i</td><td>neno</td><td>hilo</td></tr><tr class=la><td>1SG.NEG-wissen-NEG</td><td>KL5.Wort</td><td>KL5.DEM</td></tr></table><div class=klassen>neno Kl. 5/6 (ji-/Ø › ma-) → maneno</div><div class=konkordanz>Kl.5: SUBJ li- · ADJ ji-/Ø · GEN la · DEM hili/lile · POSS l- · REL -lo</div><div class=hinweis>hilo ist das Demonstrativ der Kl.5</div>	A1 SD1 W Wort
Das Essen schmeckt wunderbar.	Chakula kinapendeza vizuri ajabu.<hr><table class=gloss><tr class=mo><td>chakula</td><td>ki-na-pendez-a</td><td>vi-zuri</td><td>ajabu</td></tr><tr class=la><td>KL7.Essen</td><td>KL7-PRÄS-gefallen-IND</td><td>KL8-gut</td><td>KL9.Wunder</td></tr></table><div class=klassen>chakula Kl. 7/8 (ki- › vi-) → vyakula</div><div class=konkordanz>Kl.7: SUBJ ki- · ADJ ki- · GEN cha · DEM hiki/kile · POSS ch- · REL -cho</div><div class=hinweis>ajabu verstärkt zu &quot;wunderbar&quot;</div>	A1 SD1 W wunderbar
Zahlen, bitte!	Kulipa, tafadhali!<hr><table class=gloss><tr class=mo><td>ku-lip-a</td><td>tafadhali</td></tr><tr class=la><td>KL15-zahlen-IND</td><td>bitte</td></tr></table><div class=konkordanz>Kl.15: SUBJ ku- · ADJ ku- · GEN kwa · DEM huku/kule · POSS kw- · REL -ko</div><div class=hinweis>Infinitiv dient als höfliche Aufforderung</div>	A1 SD1 Z zahlen
Ich habe heute keine Zeit.	Leo sina wakati.<hr><table class=gloss><tr class=mo><td>leo</td><td>si-na</td><td>wakati</td></tr><tr class=la><td>heute</td><td>1SG.NEG-haben</td><td>KL11.Zeit</td></tr></table><div class=klassen>wakati Kl. 11/10 (u- › Ø/n-) → nyakati</div><div class=konkordanz>Kl.11: SUBJ u- · ADJ m-/mw- · GEN wa · DEM huu/ule · POSS w- · REL -o</div><div class=hinweis>sina ist die 1SG-Negation von nina</div>	A1 SD1 Z Zeit
Zurzeit habe ich sehr viel zu tun.	Kwa sasa nina mengi ya kufanya.<hr><table class=gloss><tr class=mo><td>kwa</td><td>sasa</td><td>ni-na</td><td>m-engi</td><td>y-a</td><td>ku-fany-a</td></tr><tr class=la><td>für</td><td>jetzt</td><td>1SG-haben</td><td>KL6-viel</td><td>KL6-GEN</td><td>KL15-tun-IND</td></tr></table><div class=konkordanz>Kl.6: SUBJ ya- · ADJ ma- · GEN ya · DEM haya/yale · POSS y- · REL -yo · Kl.15: SUBJ ku- · ADJ ku- · GEN kwa · DEM huku/kule · POSS kw- · REL -ko</div><div class=hinweis>mengi ist Kl.6 und steht für &quot;vieles&quot;</div>	A1 SD1 Z zurzeit
Ich lese gern Zeitung.	Napenda kusoma gazeti.<hr><table class=gloss><tr class=mo><td>na-pend-a</td><td>ku-som-a</td><td>gazeti</td></tr><tr class=la><td>1SG.PRÄS.ALLG-mögen-IND</td><td>KL15-lesen-IND</td><td>KL5.Zeitung</td></tr></table><div class=klassen>gazeti Kl. 5/6 (ji-/Ø › ma-) → magazeti</div><div class=konkordanz>Kl.5: SUBJ li- · ADJ ji-/Ø · GEN la · DEM hili/lile · POSS l- · REL -lo</div><div class=hinweis>gazeti Kl.5, Plural magazeti Kl.6</div>	A1 SD1 Z Zeitung
Wie teuer sind die Zigaretten?	Sigara ni ghali kiasi gani?<hr><table class=gloss><tr class=mo><td>sigara</td><td>ni</td><td>ghali</td><td>kiasi</td><td>gani</td></tr><tr class=la><td>KL10.Zigarette</td><td>KOP</td><td>teuer</td><td>KL9.Menge</td><td>welche</td></tr></table><div class=klassen>sigara Kl. 9/10 (Ø/n-) → sigara — Numerus nur an der Konkordanz [Lehnwort]</div><div class=konkordanz>Kl.9: SUBJ i- · ADJ Ø/n- · GEN ya · DEM hii/ile · POSS y- · REL -yo</div><div class=hinweis>sigara ist Kl.9 und Kl.10 gleich</div>	A1 SD1 Z Zigarette
Das Zimmer ist groß.	Chumba ni kikubwa.<hr><table class=gloss><tr class=mo><td>ki-umba</td><td>ni</td><td>ki-kubwa</td></tr><tr class=la><td>KL7-Zimmer</td><td>KOP</td><td>KL7-groß</td></tr></table><div class=klassen>chumba Kl. 7/8 (ki- › vi-) → vyumba</div><div class=konkordanz>Kl.7: SUBJ ki- · ADJ ki- · GEN cha · DEM hiki/kile · POSS ch- · REL -cho</div><div class=hinweis>kikubwa kongruiert mit chumba Kl.7</div>	A1 SD1 Z Zimmer
Öffne im Schlafzimmer das Fenster, bitte!	Tafadhali fungua dirisha kwenye chumba cha kulala!<hr><table class=gloss><tr class=mo><td>tafadhali</td><td>fungu-a</td><td>dirisha</td><td>kwenye</td><td>ki-umba</td><td>ch-a</td><td>ku-lal-a</td></tr><tr class=la><td>bitte</td><td>öffnen-IMP</td><td>KL5.Fenster</td><td>an</td><td>KL7-Zimmer</td><td>KL7-GEN</td><td>KL15-schlafen-IND</td></tr></table><div class=klassen>chumba Kl. 7/8 (ki- › vi-) → vyumba</div><div class=konkordanz>Kl.7: SUBJ ki- · ADJ ki- · GEN cha · DEM hiki/kile · POSS ch- · REL -cho</div><div class=hinweis>Schlafzimmer als chumba cha kulala</div>	A1 SD1 Z Zimmer
Die Wohnung hat drei Zimmer.	Nyumba ina vyumba vitatu.<hr><table class=gloss><tr class=mo><td>nyumba</td><td>i-na</td><td>vy-umba</td><td>vi-tatu</td></tr><tr class=la><td>KL9.Haus</td><td>KL9-haben</td><td>KL8-Zimmer</td><td>KL8-drei</td></tr></table><div class=klassen>nyumba Kl. 9/10 (Ø/n-) → nyumba — Numerus nur an der Konkordanz · chumba Kl. 7/8 (ki- › vi-) → vyumba</div><div class=konkordanz>Kl.9: SUBJ i- · ADJ Ø/n- · GEN ya · DEM hii/ile · POSS y- · REL -yo · Kl.7: SUBJ ki- · ADJ ki- · GEN cha · DEM hiki/kile · POSS ch- · REL -cho</div><div class=hinweis>vitatu trägt das Kl.8-Präfix</div>	A1 SD1 Z Zimmer
Ich habe ein Zimmer bestellt.	Nimeagiza chumba.<hr><table class=gloss><tr class=mo><td>ni-me-agiz-a</td><td>ki-umba</td></tr><tr class=la><td>1SG-PERF-bestellen-IND</td><td>KL7-Zimmer</td></tr></table><div class=klassen>chumba Kl. 7/8 (ki- › vi-) → vyumba</div><div class=konkordanz>Kl.7: SUBJ ki- · ADJ ki- · GEN cha · DEM hiki/kile · POSS ch- · REL -cho</div><div class=hinweis>kuagiza bestellt Waren und Zimmer</div>	A1 SD1 Z Zimmer
Wir müssen noch durch den Zoll.	Lazima tupite forodha bado.<hr><table class=gloss><tr class=mo><td>lazima</td><td>tu-pit-e</td><td>forodha</td><td>bado</td></tr><tr class=la><td>muss</td><td>1PL-gehen-KONJ</td><td>KL9.Zoll</td><td>noch</td></tr></table><div class=klassen>forodha Kl. 9/10 (Ø/n-) → forodha — Numerus nur an der Konkordanz</div><div class=konkordanz>Kl.9: SUBJ i- · ADJ Ø/n- · GEN ya · DEM hii/ile · POSS y- · REL -yo</div><div class=hinweis>kupita geht durch, kuvuka überquert</div>	A1 SD1 Z Zoll
Der Bus fährt zum Bahnhof.	Basi linakwenda stesheni.<hr><table class=gloss><tr class=mo><td>basi</td><td>li-na-kwend-a</td><td>stesheni</td></tr><tr class=la><td>KL5.Bus</td><td>KL5-PRÄS-gehen-IND</td><td>KL9.Bahnhof</td></tr></table><div class=klassen>basi Kl. 5/6 (ji-/Ø › ma-) → mabasi · stesheni Kl. 9/10 (Ø/n-) → stesheni — Numerus nur an der Konkordanz [Lehnwort]</div><div class=konkordanz>Kl.5: SUBJ li- · ADJ ji-/Ø · GEN la · DEM hili/lile · POSS l- · REL -lo · Kl.9: SUBJ i- · ADJ Ø/n- · GEN ya · DEM hii/ile · POSS y- · REL -yo</div><div class=hinweis>Ziel ohne Präposition nach kwenda</div>	A1 SD1 Z zu
Ich gehe zu Fuß.	Naenda kwa miguu.<hr><table class=gloss><tr class=mo><td>na-end-a</td><td>kwa</td><td>mi-guu</td></tr><tr class=la><td>1SG.PRÄS.ALLG-gehen-IND</td><td>mit</td><td>KL4-Fuß</td></tr></table><div class=klassen>mguu Kl. 3/4 (m-/mw- › mi-) → miguu</div><div class=konkordanz>Kl.3: SUBJ u- · ADJ m-/mw- · GEN wa · DEM huu/ule · POSS w- · REL -o</div><div class=hinweis>zu Fuß = kwa miguu, &quot;mit den Füßen&quot;</div>	A1 SD1 Z zu
Ich bin zu Hause.	Niko nyumbani.<hr><table class=gloss><tr class=mo><td>ni-ko</td><td>nyumbani</td></tr><tr class=la><td>1SG-sein.da</td><td>KL9.Haus.LOK</td></tr></table><div class=konkordanz>Kl.9: SUBJ i- · ADJ Ø/n- · GEN ya · DEM hii/ile · POSS y- · REL -yo</div><div class=hinweis>nyumbani deckt &quot;zu Hause&quot; und &quot;nach Hause&quot; ab</div>	A1 SD1 Z zu
Ich bin mit der Wohnung zufrieden.	Nimeridhika na nyumba.<hr><table class=gloss><tr class=mo><td>ni-me-ridhik-a</td><td>na</td><td>nyumba</td></tr><tr class=la><td>1SG-PERF-zufrieden.sein-IND</td><td>mit</td><td>KL9.Haus</td></tr></table><div class=klassen>nyumba Kl. 9/10 (Ø/n-) → nyumba — Numerus nur an der Konkordanz</div><div class=konkordanz>Kl.9: SUBJ i- · ADJ Ø/n- · GEN ya · DEM hii/ile · POSS y- · REL -yo</div><div class=hinweis>Stativ -ik- plus Perfekt für einen Zustand</div>	A1 SD1 Z zufrieden
Ich fahre gern mit dem Zug.	Napenda kusafiri kwa treni.<hr><table class=gloss><tr class=mo><td>na-pend-a</td><td>ku-safiri</td><td>kwa</td><td>treni</td></tr><tr class=la><td>1SG.PRÄS.ALLG-mögen-IND</td><td>KL15-reisen</td><td>mit</td><td>KL9.Zug</td></tr></table><div class=klassen>treni Kl. 9/10 (Ø/n-) → treni — Numerus nur an der Konkordanz [Lehnwort]</div><div class=konkordanz>Kl.9: SUBJ i- · ADJ Ø/n- · GEN ya · DEM hii/ile · POSS y- · REL -yo</div><div class=hinweis>kwa bezeichnet das Verkehrsmittel</div>	A1 SD1 Z Zug
Einmal Frankfurt und zurück.	Frankfurt kwenda na kurudi, mara moja.<hr><table class=gloss><tr class=mo><td>Frankfurt</td><td>kw-end-a</td><td>na</td><td>ku-rudi</td><td>mara</td><td>moja</td></tr><tr class=la><td>Frankfurt</td><td>KL15-gehen-IND</td><td>und</td><td>KL15-zurückkehren</td><td>KL9.Mal</td><td>eins</td></tr></table><div class=konkordanz>Kl.15: SUBJ ku- · ADJ ku- · GEN kwa · DEM huku/kule · POSS kw- · REL -ko · Kl.9: SUBJ i- · ADJ Ø/n- · GEN ya · DEM hii/ile · POSS y- · REL -yo</div><div class=hinweis>Hin und zurück als kwenda na kurudi</div>	A1 SD1 Z zurück
Wann kommst du zurück?	Unarudi lini?<hr><table class=gloss><tr class=mo><td>u-na-rudi</td><td>lini</td></tr><tr class=la><td>2SG-PRÄS-zurückkehren</td><td>wann</td></tr></table><div class=hinweis>kurudi ist arabisches Lehnverb auf -i</div>	A1 SD1 Z zurück
Sollen wir zusammen essen gehen?	Tuende kula pamoja?<hr><table class=gloss><tr class=mo><td>tu-end-e</td><td>ku-kul-a</td><td>pamoja</td></tr><tr class=la><td>1PL-gehen-KONJ</td><td>KL15-essen-IND</td><td>zusammen</td></tr></table><div class=konkordanz>Kl.15: SUBJ ku- · ADJ ku- · GEN kwa · DEM huku/kule · POSS kw- · REL -ko</div><div class=hinweis>Konjunktiv plus Infinitiv als Vorschlag</div>	A1 SD1 Z zusammen
Das macht zusammen 2 Euro 80.	Hiyo ni Euro mbili na senti themanini kwa pamoja.<hr><table class=gloss><tr class=mo><td>hiyo</td><td>ni</td><td>Euro</td><td>mbili</td><td>na</td><td>senti</td><td>themanini</td><td>kwa</td><td>pamoja</td></tr><tr class=la><td>KL9.DEM</td><td>KOP</td><td>Euro</td><td>zwei</td><td>und</td><td>KL9.Cent</td><td>achtzig</td><td>für</td><td>zusammen</td></tr></table><div class=konkordanz>Kl.9: SUBJ i- · ADJ Ø/n- · GEN ya · DEM hii/ile · POSS y- · REL -yo</div><div class=hinweis>achtzig = themanini</div>	A1 SD1 Z zusammen
Heidelberg liegt zwischen Frankfurt und Stuttgart.	Heidelberg iko kati ya Frankfurt na Stuttgart.<hr><table class=gloss><tr class=mo><td>Heidelberg</td><td>i-ko</td><td>kati</td><td>y-a</td><td>Frankfurt</td><td>na</td><td>Stuttgart</td></tr><tr class=la><td>Heidelberg</td><td>KL9-sein.da</td><td>zwischen</td><td>KL9-GEN</td><td>Frankfurt</td><td>und</td><td>Stuttgart</td></tr></table><div class=klassen>kati Kl. 9 (Ø/n-), kein Numeruswechsel [kein Plural]</div><div class=konkordanz>Kl.9: SUBJ i- · ADJ Ø/n- · GEN ya · DEM hii/ile · POSS y- · REL -yo</div><div class=hinweis>kati ya verlangt den Genitiv</div>	A1 SD1 Z zwischen
Zwischen 8 und 10 Uhr bin ich zu Hause.	Kati ya saa mbili na saa nne niko nyumbani.<hr><table class=gloss><tr class=mo><td>kati</td><td>y-a</td><td>saa</td><td>mbili</td><td>na</td><td>saa</td><td>nne</td><td>ni-ko</td><td>nyumbani</td></tr><tr class=la><td>zwischen</td><td>KL9-GEN</td><td>KL9.Stunde</td><td>zwei</td><td>und</td><td>KL9.Stunde</td><td>vier</td><td>1SG-sein.da</td><td>KL9.Haus.LOK</td></tr></table><div class=klassen>kati Kl. 9 (Ø/n-), kein Numeruswechsel [kein Plural] · saa Kl. 9/10 (Ø/n-) → saa — Numerus nur an der Konkordanz [auch &quot;Uhr&quot;]</div><div class=konkordanz>Kl.9: SUBJ i- · ADJ Ø/n- · GEN ya · DEM hii/ile · POSS y- · REL -yo</div><div class=hinweis>saa mbili = 8 Uhr, saa nne = 10 Uhr</div>	A1 SD1 Z zwischen
Ich habe ein gutes Kind. ⁄⁄ Ich habe gute Kinder.	Nina mtoto mzuri. ⁄⁄ Nina watoto wazuri.<hr><table class=gloss><tr class=mo><td>ni-na</td><td>mtoto</td><td>m-zuri</td></tr><tr class=la><td>1SG-haben</td><td>KL1.Kind</td><td>KL1-gut</td></tr></table><table class=gloss><tr class=mo><td>ni-na</td><td>watoto</td><td>wa-zuri</td></tr><tr class=la><td>1SG-haben</td><td>KL2.Kind</td><td>KL2-gut</td></tr></table><div class=klassen>mtoto Kl. 1/2 (m-/mw- › wa-) → watoto</div><div class=konkordanz>Kl.1: SUBJ a- · ADJ m-/mw- · GEN wa · DEM huyu/yule · POSS w- · REL -ye · Kl.2: SUBJ wa- · ADJ wa- · GEN wa · DEM hawa/wale · POSS w- · REL -o</div><div class=hinweis>mtoto mzuri → watoto wazuri — Adjektiv wechselt mit: mzuri → wazuri</div>	A1 SD1 kontrast numerus kl1 kl2
Ich habe einen guten Lehrer. ⁄⁄ Ich habe gute Lehrer.	Nina mwalimu mzuri. ⁄⁄ Nina walimu wazuri.<hr><table class=gloss><tr class=mo><td>ni-na</td><td>mwalimu</td><td>m-zuri</td></tr><tr class=la><td>1SG-haben</td><td>KL1.Lehrer</td><td>KL1-gut</td></tr></table><table class=gloss><tr class=mo><td>ni-na</td><td>walimu</td><td>wa-zuri</td></tr><tr class=la><td>1SG-haben</td><td>KL2.Lehrer</td><td>KL2-gut</td></tr></table><div class=klassen>mwalimu Kl. 1/2 (m-/mw- › wa-) → walimu</div><div class=konkordanz>Kl.1: SUBJ a- · ADJ m-/mw- · GEN wa · DEM huyu/yule · POSS w- · REL -ye · Kl.2: SUBJ wa- · ADJ wa- · GEN wa · DEM hawa/wale · POSS w- · REL -o</div><div class=hinweis>mwalimu mzuri → walimu wazuri — Adjektiv wechselt mit: mzuri → wazuri</div>	A1 SD1 kontrast numerus kl1 kl2
Ich habe einen guten Gast. ⁄⁄ Ich habe gute Gäste.	Nina mgeni mzuri. ⁄⁄ Nina wageni wazuri.<hr><table class=gloss><tr class=mo><td>ni-na</td><td>mgeni</td><td>m-zuri</td></tr><tr class=la><td>1SG-haben</td><td>KL1.Gast</td><td>KL1-gut</td></tr></table><table class=gloss><tr class=mo><td>ni-na</td><td>wageni</td><td>wa-zuri</td></tr><tr class=la><td>1SG-haben</td><td>KL2.Gast</td><td>KL2-gut</td></tr></table><div class=klassen>mgeni Kl. 1/2 (m-/mw- › wa-) → wageni</div><div class=konkordanz>Kl.1: SUBJ a- · ADJ m-/mw- · GEN wa · DEM huyu/yule · POSS w- · REL -ye · Kl.2: SUBJ wa- · ADJ wa- · GEN wa · DEM hawa/wale · POSS w- · REL -o</div><div class=hinweis>mgeni mzuri → wageni wazuri — Adjektiv wechselt mit: mzuri → wazuri</div>	A1 SD1 kontrast numerus kl1 kl2
Ich habe einen guten Baum. ⁄⁄ Ich habe gute Bäume.	Nina mti mzuri. ⁄⁄ Nina miti mizuri.<hr><table class=gloss><tr class=mo><td>ni-na</td><td>mti</td><td>m-zuri</td></tr><tr class=la><td>1SG-haben</td><td>KL3.Baum</td><td>KL3-gut</td></tr></table><table class=gloss><tr class=mo><td>ni-na</td><td>miti</td><td>mi-zuri</td></tr><tr class=la><td>1SG-haben</td><td>KL4.Baum</td><td>KL4-gut</td></tr></table><div class=klassen>mti Kl. 3/4 (m-/mw- › mi-) → miti</div><div class=konkordanz>Kl.3: SUBJ u- · ADJ m-/mw- · GEN wa · DEM huu/ule · POSS w- · REL -o · Kl.4: SUBJ i- · ADJ mi- · GEN ya · DEM hii/ile · POSS y- · REL -yo</div><div class=hinweis>mti mzuri → miti mizuri — Adjektiv wechselt mit: mzuri → mizuri</div>	A1 SD1 kontrast numerus kl3 kl4
Ich habe ein gutes Brot. ⁄⁄ Ich habe gute Brote.	Nina mkate mzuri. ⁄⁄ Nina mikate mizuri.<hr><table class=gloss><tr class=mo><td>ni-na</td><td>mkate</td><td>m-zuri</td></tr><tr class=la><td>1SG-haben</td><td>KL3.Brot</td><td>KL3-gut</td></tr></table><table class=gloss><tr class=mo><td>ni-na</td><td>mikate</td><td>mi-zuri</td></tr><tr class=la><td>1SG-haben</td><td>KL4.Brot</td><td>KL4-gut</td></tr></table><div class=klassen>mkate Kl. 3/4 (m-/mw- › mi-) → mikate</div><div class=konkordanz>Kl.3: SUBJ u- · ADJ m-/mw- · GEN wa · DEM huu/ule · POSS w- · REL -o · Kl.4: SUBJ i- · ADJ mi- · GEN ya · DEM hii/ile · POSS y- · REL -yo</div><div class=hinweis>mkate mzuri → mikate mizuri — Adjektiv wechselt mit: mzuri → mizuri</div>	A1 SD1 kontrast numerus kl3 kl4
Ich habe eine gute Stadt. ⁄⁄ Ich habe gute Städte.	Nina mji mzuri. ⁄⁄ Nina miji mizuri.<hr><table class=gloss><tr class=mo><td>ni-na</td><td>mji</td><td>m-zuri</td></tr><tr class=la><td>1SG-haben</td><td>KL3.Stadt</td><td>KL3-gut</td></tr></table><table class=gloss><tr class=mo><td>ni-na</td><td>miji</td><td>mi-zuri</td></tr><tr class=la><td>1SG-haben</td><td>KL4.Stadt</td><td>KL4-gut</td></tr></table><div class=klassen>mji Kl. 3/4 (m-/mw- › mi-) → miji</div><div class=konkordanz>Kl.3: SUBJ u- · ADJ m-/mw- · GEN wa · DEM huu/ule · POSS w- · REL -o · Kl.4: SUBJ i- · ADJ mi- · GEN ya · DEM hii/ile · POSS y- · REL -yo</div><div class=hinweis>mji mzuri → miji mizuri — Adjektiv wechselt mit: mzuri → mizuri</div>	A1 SD1 kontrast numerus kl3 kl4
Ich habe ein gutes Auto. ⁄⁄ Ich habe gute Autos.	Nina gari zuri. ⁄⁄ Nina magari mazuri.<hr><table class=gloss><tr class=mo><td>ni-na</td><td>gari</td><td>zuri</td></tr><tr class=la><td>1SG-haben</td><td>KL5.Auto</td><td>KL5.gut</td></tr></table><table class=gloss><tr class=mo><td>ni-na</td><td>magari</td><td>ma-zuri</td></tr><tr class=la><td>1SG-haben</td><td>KL6.Auto</td><td>KL6-gut</td></tr></table><div class=klassen>gari Kl. 5/6 (ji-/Ø › ma-) → magari</div><div class=konkordanz>Kl.5: SUBJ li- · ADJ ji-/Ø · GEN la · DEM hili/lile · POSS l- · REL -lo · Kl.6: SUBJ ya- · ADJ ma- · GEN ya · DEM haya/yale · POSS y- · REL -yo</div><div class=hinweis>gari zuri → magari mazuri — Kl. 5 hat Nullpräfix</div>	A1 SD1 kontrast numerus kl5 kl6
Ich habe einen guten Laden. ⁄⁄ Ich habe gute Läden.	Nina duka zuri. ⁄⁄ Nina maduka mazuri.<hr><table class=gloss><tr class=mo><td>ni-na</td><td>duka</td><td>zuri</td></tr><tr class=la><td>1SG-haben</td><td>KL5.Laden</td><td>KL5.gut</td></tr></table><table class=gloss><tr class=mo><td>ni-na</td><td>maduka</td><td>ma-zuri</td></tr><tr class=la><td>1SG-haben</td><td>KL6.Laden</td><td>KL6-gut</td></tr></table><div class=klassen>duka Kl. 5/6 (ji-/Ø › ma-) → maduka</div><div class=konkordanz>Kl.5: SUBJ li- · ADJ ji-/Ø · GEN la · DEM hili/lile · POSS l- · REL -lo · Kl.6: SUBJ ya- · ADJ ma- · GEN ya · DEM haya/yale · POSS y- · REL -yo</div><div class=hinweis>duka zuri → maduka mazuri — Kl. 5 hat Nullpräfix</div>	A1 SD1 kontrast numerus kl5 kl6
Ich habe einen guten Namen. ⁄⁄ Ich habe gute Namen.	Nina jina zuri. ⁄⁄ Nina majina mazuri.<hr><table class=gloss><tr class=mo><td>ni-na</td><td>jina</td><td>zuri</td></tr><tr class=la><td>1SG-haben</td><td>KL5.Name</td><td>KL5.gut</td></tr></table><table class=gloss><tr class=mo><td>ni-na</td><td>majina</td><td>ma-zuri</td></tr><tr class=la><td>1SG-haben</td><td>KL6.Name</td><td>KL6-gut</td></tr></table><div class=klassen>jina Kl. 5/6 (ji-/Ø › ma-) → majina</div><div class=konkordanz>Kl.5: SUBJ li- · ADJ ji-/Ø · GEN la · DEM hili/lile · POSS l- · REL -lo · Kl.6: SUBJ ya- · ADJ ma- · GEN ya · DEM haya/yale · POSS y- · REL -yo</div><div class=hinweis>jina zuri → majina mazuri — Kl. 5 hat Nullpräfix</div>	A1 SD1 kontrast numerus kl5 kl6
Ich habe ein gutes Buch. ⁄⁄ Ich habe gute Bücher.	Nina kitabu kizuri. ⁄⁄ Nina vitabu vizuri.<hr><table class=gloss><tr class=mo><td>ni-na</td><td>kitabu</td><td>ki-zuri</td></tr><tr class=la><td>1SG-haben</td><td>KL7.Buch</td><td>KL7-gut</td></tr></table><table class=gloss><tr class=mo><td>ni-na</td><td>vitabu</td><td>vi-zuri</td></tr><tr class=la><td>1SG-haben</td><td>KL8.Buch</td><td>KL8-gut</td></tr></table><div class=klassen>kitabu Kl. 7/8 (ki- › vi-) → vitabu</div><div class=konkordanz>Kl.7: SUBJ ki- · ADJ ki- · GEN cha · DEM hiki/kile · POSS ch- · REL -cho · Kl.8: SUBJ vi- · ADJ vi- · GEN vya · DEM hivi/vile · POSS vy- · REL -vyo</div><div class=hinweis>kitabu kizuri → vitabu vizuri — Adjektiv wechselt mit: kizuri → vizuri</div>	A1 SD1 kontrast numerus kl7 kl8
Ich habe einen guten Stuhl. ⁄⁄ Ich habe gute Stühle.	Nina kiti kizuri. ⁄⁄ Nina viti vizuri.<hr><table class=gloss><tr class=mo><td>ni-na</td><td>kiti</td><td>ki-zuri</td></tr><tr class=la><td>1SG-haben</td><td>KL7.Stuhl</td><td>KL7-gut</td></tr></table><table class=gloss><tr class=mo><td>ni-na</td><td>viti</td><td>vi-zuri</td></tr><tr class=la><td>1SG-haben</td><td>KL8.Stuhl</td><td>KL8-gut</td></tr></table><div class=klassen>kiti Kl. 7/8 (ki- › vi-) → viti</div><div class=konkordanz>Kl.7: SUBJ ki- · ADJ ki- · GEN cha · DEM hiki/kile · POSS ch- · REL -cho · Kl.8: SUBJ vi- · ADJ vi- · GEN vya · DEM hivi/vile · POSS vy- · REL -vyo</div><div class=hinweis>kiti kizuri → viti vizuri — Adjektiv wechselt mit: kizuri → vizuri</div>	A1 SD1 kontrast numerus kl7 kl8
Ich habe ein gutes Zimmer. ⁄⁄ Ich habe gute Zimmer.	Nina chumba kizuri. ⁄⁄ Nina vyumba vizuri.<hr><table class=gloss><tr class=mo><td>ni-na</td><td>chumba</td><td>ki-zuri</td></tr><tr class=la><td>1SG-haben</td><td>KL7.Zimmer</td><td>KL7-gut</td></tr></table><table class=gloss><tr class=mo><td>ni-na</td><td>vyumba</td><td>vi-zuri</td></tr><tr class=la><td>1SG-haben</td><td>KL8.Zimmer</td><td>KL8-gut</td></tr></table><div class=klassen>chumba Kl. 7/8 (ki- › vi-) → vyumba</div><div class=konkordanz>Kl.7: SUBJ ki- · ADJ ki- · GEN cha · DEM hiki/kile · POSS ch- · REL -cho · Kl.8: SUBJ vi- · ADJ vi- · GEN vya · DEM hivi/vile · POSS vy- · REL -vyo</div><div class=hinweis>chumba kizuri → vyumba vizuri — Adjektiv wechselt mit: kizuri → vizuri</div>	A1 SD1 kontrast numerus kl7 kl8
Dieser Brief ist gut. ⁄⁄ Diese Briefe sind gut.	Barua hii ni nzuri. ⁄⁄ Barua hizi ni nzuri.<hr><table class=gloss><tr class=mo><td>barua</td><td>hii</td><td>ni</td><td>n-zuri</td></tr><tr class=la><td>KL9.Brief</td><td>KL9.DEM</td><td>KOP</td><td>KL9-gut</td></tr></table><table class=gloss><tr class=mo><td>barua</td><td>hizi</td><td>ni</td><td>n-zuri</td></tr><tr class=la><td>KL10.Brief</td><td>KL10.DEM</td><td>KOP</td><td>KL10-gut</td></tr></table><div class=klassen>barua Kl. 9/10 (Ø/n-) → barua — Numerus nur an der Konkordanz</div><div class=konkordanz>Kl.9: SUBJ i- · ADJ Ø/n- · GEN ya · DEM hii/ile · POSS y- · REL -yo · Kl.10: SUBJ zi- · ADJ Ø/n- · GEN za · DEM hizi/zile · POSS z- · REL -zo</div><div class=hinweis>hii → hizi — Weder Nomen noch Adjektiv zeigen den Numerus — nur das Demonstrativ tut es. Das ist die Eigenart der Kl. 9/10.</div>	A1 SD1 kontrast numerus kl9 kl10
Dieses Haus ist gut. ⁄⁄ Diese Häuser sind gut.	Nyumba hii ni nzuri. ⁄⁄ Nyumba hizi ni nzuri.<hr><table class=gloss><tr class=mo><td>nyumba</td><td>hii</td><td>ni</td><td>n-zuri</td></tr><tr class=la><td>KL9.Haus</td><td>KL9.DEM</td><td>KOP</td><td>KL9-gut</td></tr></table><table class=gloss><tr class=mo><td>nyumba</td><td>hizi</td><td>ni</td><td>n-zuri</td></tr><tr class=la><td>KL10.Haus</td><td>KL10.DEM</td><td>KOP</td><td>KL10-gut</td></tr></table><div class=klassen>nyumba Kl. 9/10 (Ø/n-) → nyumba — Numerus nur an der Konkordanz</div><div class=konkordanz>Kl.9: SUBJ i- · ADJ Ø/n- · GEN ya · DEM hii/ile · POSS y- · REL -yo · Kl.10: SUBJ zi- · ADJ Ø/n- · GEN za · DEM hizi/zile · POSS z- · REL -zo</div><div class=hinweis>hii → hizi — Weder Nomen noch Adjektiv zeigen den Numerus — nur das Demonstrativ tut es. Das ist die Eigenart der Kl. 9/10.</div>	A1 SD1 kontrast numerus kl9 kl10
Dieses Telefon ist gut. ⁄⁄ Diese Telefone sind gut.	Simu hii ni nzuri. ⁄⁄ Simu hizi ni nzuri.<hr><table class=gloss><tr class=mo><td>simu</td><td>hii</td><td>ni</td><td>n-zuri</td></tr><tr class=la><td>KL9.Telefon</td><td>KL9.DEM</td><td>KOP</td><td>KL9-gut</td></tr></table><table class=gloss><tr class=mo><td>simu</td><td>hizi</td><td>ni</td><td>n-zuri</td></tr><tr class=la><td>KL10.Telefon</td><td>KL10.DEM</td><td>KOP</td><td>KL10-gut</td></tr></table><div class=klassen>simu Kl. 9/10 (Ø/n-) → simu — Numerus nur an der Konkordanz</div><div class=konkordanz>Kl.9: SUBJ i- · ADJ Ø/n- · GEN ya · DEM hii/ile · POSS y- · REL -yo · Kl.10: SUBJ zi- · ADJ Ø/n- · GEN za · DEM hizi/zile · POSS z- · REL -zo</div><div class=hinweis>hii → hizi — Weder Nomen noch Adjektiv zeigen den Numerus — nur das Demonstrativ tut es. Das ist die Eigenart der Kl. 9/10.</div>	A1 SD1 kontrast numerus kl9 kl10
Ich habe einen guten Schlüssel. ⁄⁄ Ich habe gute Schlüssel.	Nina ufunguo mzuri. ⁄⁄ Nina funguo nzuri.<hr><table class=gloss><tr class=mo><td>ni-na</td><td>ufunguo</td><td>m-zuri</td></tr><tr class=la><td>1SG-haben</td><td>KL11.Schlüssel</td><td>KL11-gut</td></tr></table><table class=gloss><tr class=mo><td>ni-na</td><td>funguo</td><td>n-zuri</td></tr><tr class=la><td>1SG-haben</td><td>KL10.Schlüssel</td><td>KL10-gut</td></tr></table><div class=klassen>ufunguo Kl. 11/10 (u- › Ø/n-) → funguo</div><div class=konkordanz>Kl.11: SUBJ u- · ADJ m-/mw- · GEN wa · DEM huu/ule · POSS w- · REL -o · Kl.10: SUBJ zi- · ADJ Ø/n- · GEN za · DEM hizi/zile · POSS z- · REL -zo</div><div class=hinweis>ufunguo mzuri → funguo nzuri — Adjektiv wechselt mit: mzuri → nzuri</div>	A1 SD1 kontrast numerus kl11 kl10
Ich habe ein gutes Lied. ⁄⁄ Ich habe gute Lieder.	Nina wimbo mzuri. ⁄⁄ Nina nyimbo nzuri.<hr><table class=gloss><tr class=mo><td>ni-na</td><td>wimbo</td><td>m-zuri</td></tr><tr class=la><td>1SG-haben</td><td>KL11.Lied</td><td>KL11-gut</td></tr></table><table class=gloss><tr class=mo><td>ni-na</td><td>nyimbo</td><td>n-zuri</td></tr><tr class=la><td>1SG-haben</td><td>KL10.Lied</td><td>KL10-gut</td></tr></table><div class=klassen>wimbo Kl. 11/10 (u- › Ø/n-) → nyimbo</div><div class=konkordanz>Kl.11: SUBJ u- · ADJ m-/mw- · GEN wa · DEM huu/ule · POSS w- · REL -o · Kl.10: SUBJ zi- · ADJ Ø/n- · GEN za · DEM hizi/zile · POSS z- · REL -zo</div><div class=hinweis>wimbo mzuri → nyimbo nzuri — Adjektiv wechselt mit: mzuri → nzuri</div>	A1 SD1 kontrast numerus kl11 kl10
Ich habe eine gute Wand. ⁄⁄ Ich habe gute Wände.	Nina ukuta mzuri. ⁄⁄ Nina kuta nzuri.<hr><table class=gloss><tr class=mo><td>ni-na</td><td>ukuta</td><td>m-zuri</td></tr><tr class=la><td>1SG-haben</td><td>KL11.Wand</td><td>KL11-gut</td></tr></table><table class=gloss><tr class=mo><td>ni-na</td><td>kuta</td><td>n-zuri</td></tr><tr class=la><td>1SG-haben</td><td>KL10.Wand</td><td>KL10-gut</td></tr></table><div class=klassen>ukuta Kl. 11/10 (u- › Ø/n-) → kuta</div><div class=konkordanz>Kl.11: SUBJ u- · ADJ m-/mw- · GEN wa · DEM huu/ule · POSS w- · REL -o · Kl.10: SUBJ zi- · ADJ Ø/n- · GEN za · DEM hizi/zile · POSS z- · REL -zo</div><div class=hinweis>ukuta mzuri → kuta nzuri — Adjektiv wechselt mit: mzuri → nzuri</div>	A1 SD1 kontrast numerus kl11 kl10
Ich habe ein kleines Kind. ⁄⁄ Ich habe kleine Kinder.	Nina mtoto mdogo. ⁄⁄ Nina watoto wadogo.<hr><table class=gloss><tr class=mo><td>ni-na</td><td>mtoto</td><td>m-dogo</td></tr><tr class=la><td>1SG-haben</td><td>KL1.Kind</td><td>KL1-klein</td></tr></table><table class=gloss><tr class=mo><td>ni-na</td><td>watoto</td><td>wa-dogo</td></tr><tr class=la><td>1SG-haben</td><td>KL2.Kind</td><td>KL2-klein</td></tr></table><div class=klassen>mtoto Kl. 1/2 (m-/mw- › wa-) → watoto</div><div class=konkordanz>Kl.1: SUBJ a- · ADJ m-/mw- · GEN wa · DEM huyu/yule · POSS w- · REL -ye · Kl.2: SUBJ wa- · ADJ wa- · GEN wa · DEM hawa/wale · POSS w- · REL -o</div><div class=hinweis>mtoto mdogo → watoto wadogo — Adjektiv wechselt mit: mdogo → wadogo</div>	A1 SD1 kontrast numerus kl1 kl2
Ich habe einen kleinen Lehrer. ⁄⁄ Ich habe kleine Lehrer.	Nina mwalimu mdogo. ⁄⁄ Nina walimu wadogo.<hr><table class=gloss><tr class=mo><td>ni-na</td><td>mwalimu</td><td>m-dogo</td></tr><tr class=la><td>1SG-haben</td><td>KL1.Lehrer</td><td>KL1-klein</td></tr></table><table class=gloss><tr class=mo><td>ni-na</td><td>walimu</td><td>wa-dogo</td></tr><tr class=la><td>1SG-haben</td><td>KL2.Lehrer</td><td>KL2-klein</td></tr></table><div class=klassen>mwalimu Kl. 1/2 (m-/mw- › wa-) → walimu</div><div class=konkordanz>Kl.1: SUBJ a- · ADJ m-/mw- · GEN wa · DEM huyu/yule · POSS w- · REL -ye · Kl.2: SUBJ wa- · ADJ wa- · GEN wa · DEM hawa/wale · POSS w- · REL -o</div><div class=hinweis>mwalimu mdogo → walimu wadogo — Adjektiv wechselt mit: mdogo → wadogo</div>	A1 SD1 kontrast numerus kl1 kl2
Ich habe einen kleinen Gast. ⁄⁄ Ich habe kleine Gäste.	Nina mgeni mdogo. ⁄⁄ Nina wageni wadogo.<hr><table class=gloss><tr class=mo><td>ni-na</td><td>mgeni</td><td>m-dogo</td></tr><tr class=la><td>1SG-haben</td><td>KL1.Gast</td><td>KL1-klein</td></tr></table><table class=gloss><tr class=mo><td>ni-na</td><td>wageni</td><td>wa-dogo</td></tr><tr class=la><td>1SG-haben</td><td>KL2.Gast</td><td>KL2-klein</td></tr></table><div class=klassen>mgeni Kl. 1/2 (m-/mw- › wa-) → wageni</div><div class=konkordanz>Kl.1: SUBJ a- · ADJ m-/mw- · GEN wa · DEM huyu/yule · POSS w- · REL -ye · Kl.2: SUBJ wa- · ADJ wa- · GEN wa · DEM hawa/wale · POSS w- · REL -o</div><div class=hinweis>mgeni mdogo → wageni wadogo — Adjektiv wechselt mit: mdogo → wadogo</div>	A1 SD1 kontrast numerus kl1 kl2
Ich habe einen kleinen Baum. ⁄⁄ Ich habe kleine Bäume.	Nina mti mdogo. ⁄⁄ Nina miti midogo.<hr><table class=gloss><tr class=mo><td>ni-na</td><td>mti</td><td>m-dogo</td></tr><tr class=la><td>1SG-haben</td><td>KL3.Baum</td><td>KL3-klein</td></tr></table><table class=gloss><tr class=mo><td>ni-na</td><td>miti</td><td>mi-dogo</td></tr><tr class=la><td>1SG-haben</td><td>KL4.Baum</td><td>KL4-klein</td></tr></table><div class=klassen>mti Kl. 3/4 (m-/mw- › mi-) → miti</div><div class=konkordanz>Kl.3: SUBJ u- · ADJ m-/mw- · GEN wa · DEM huu/ule · POSS w- · REL -o · Kl.4: SUBJ i- · ADJ mi- · GEN ya · DEM hii/ile · POSS y- · REL -yo</div><div class=hinweis>mti mdogo → miti midogo — Adjektiv wechselt mit: mdogo → midogo</div>	A1 SD1 kontrast numerus kl3 kl4
Ich habe ein kleines Brot. ⁄⁄ Ich habe kleine Brote.	Nina mkate mdogo. ⁄⁄ Nina mikate midogo.<hr><table class=gloss><tr class=mo><td>ni-na</td><td>mkate</td><td>m-dogo</td></tr><tr class=la><td>1SG-haben</td><td>KL3.Brot</td><td>KL3-klein</td></tr></table><table class=gloss><tr class=mo><td>ni-na</td><td>mikate</td><td>mi-dogo</td></tr><tr class=la><td>1SG-haben</td><td>KL4.Brot</td><td>KL4-klein</td></tr></table><div class=klassen>mkate Kl. 3/4 (m-/mw- › mi-) → mikate</div><div class=konkordanz>Kl.3: SUBJ u- · ADJ m-/mw- · GEN wa · DEM huu/ule · POSS w- · REL -o · Kl.4: SUBJ i- · ADJ mi- · GEN ya · DEM hii/ile · POSS y- · REL -yo</div><div class=hinweis>mkate mdogo → mikate midogo — Adjektiv wechselt mit: mdogo → midogo</div>	A1 SD1 kontrast numerus kl3 kl4
Ich habe eine kleine Stadt. ⁄⁄ Ich habe kleine Städte.	Nina mji mdogo. ⁄⁄ Nina miji midogo.<hr><table class=gloss><tr class=mo><td>ni-na</td><td>mji</td><td>m-dogo</td></tr><tr class=la><td>1SG-haben</td><td>KL3.Stadt</td><td>KL3-klein</td></tr></table><table class=gloss><tr class=mo><td>ni-na</td><td>miji</td><td>mi-dogo</td></tr><tr class=la><td>1SG-haben</td><td>KL4.Stadt</td><td>KL4-klein</td></tr></table><div class=klassen>mji Kl. 3/4 (m-/mw- › mi-) → miji</div><div class=konkordanz>Kl.3: SUBJ u- · ADJ m-/mw- · GEN wa · DEM huu/ule · POSS w- · REL -o · Kl.4: SUBJ i- · ADJ mi- · GEN ya · DEM hii/ile · POSS y- · REL -yo</div><div class=hinweis>mji mdogo → miji midogo — Adjektiv wechselt mit: mdogo → midogo</div>	A1 SD1 kontrast numerus kl3 kl4
Ich habe ein kleines Auto. ⁄⁄ Ich habe kleine Autos.	Nina gari dogo. ⁄⁄ Nina magari madogo.<hr><table class=gloss><tr class=mo><td>ni-na</td><td>gari</td><td>dogo</td></tr><tr class=la><td>1SG-haben</td><td>KL5.Auto</td><td>KL5.klein</td></tr></table><table class=gloss><tr class=mo><td>ni-na</td><td>magari</td><td>ma-dogo</td></tr><tr class=la><td>1SG-haben</td><td>KL6.Auto</td><td>KL6-klein</td></tr></table><div class=klassen>gari Kl. 5/6 (ji-/Ø › ma-) → magari</div><div class=konkordanz>Kl.5: SUBJ li- · ADJ ji-/Ø · GEN la · DEM hili/lile · POSS l- · REL -lo · Kl.6: SUBJ ya- · ADJ ma- · GEN ya · DEM haya/yale · POSS y- · REL -yo</div><div class=hinweis>gari dogo → magari madogo — Adjektiv wechselt mit: dogo → madogo</div>	A1 SD1 kontrast numerus kl5 kl6
Ich habe einen kleinen Laden. ⁄⁄ Ich habe kleine Läden.	Nina duka dogo. ⁄⁄ Nina maduka madogo.<hr><table class=gloss><tr class=mo><td>ni-na</td><td>duka</td><td>dogo</td></tr><tr class=la><td>1SG-haben</td><td>KL5.Laden</td><td>KL5.klein</td></tr></table><table class=gloss><tr class=mo><td>ni-na</td><td>maduka</td><td>ma-dogo</td></tr><tr class=la><td>1SG-haben</td><td>KL6.Laden</td><td>KL6-klein</td></tr></table><div class=klassen>duka Kl. 5/6 (ji-/Ø › ma-) → maduka</div><div class=konkordanz>Kl.5: SUBJ li- · ADJ ji-/Ø · GEN la · DEM hili/lile · POSS l- · REL -lo · Kl.6: SUBJ ya- · ADJ ma- · GEN ya · DEM haya/yale · POSS y- · REL -yo</div><div class=hinweis>duka dogo → maduka madogo — Adjektiv wechselt mit: dogo → madogo</div>	A1 SD1 kontrast numerus kl5 kl6
Ich habe einen kleinen Namen. ⁄⁄ Ich habe kleine Namen.	Nina jina dogo. ⁄⁄ Nina majina madogo.<hr><table class=gloss><tr class=mo><td>ni-na</td><td>jina</td><td>dogo</td></tr><tr class=la><td>1SG-haben</td><td>KL5.Name</td><td>KL5.klein</td></tr></table><table class=gloss><tr class=mo><td>ni-na</td><td>majina</td><td>ma-dogo</td></tr><tr class=la><td>1SG-haben</td><td>KL6.Name</td><td>KL6-klein</td></tr></table><div class=klassen>jina Kl. 5/6 (ji-/Ø › ma-) → majina</div><div class=konkordanz>Kl.5: SUBJ li- · ADJ ji-/Ø · GEN la · DEM hili/lile · POSS l- · REL -lo · Kl.6: SUBJ ya- · ADJ ma- · GEN ya · DEM haya/yale · POSS y- · REL -yo</div><div class=hinweis>jina dogo → majina madogo — Adjektiv wechselt mit: dogo → madogo</div>	A1 SD1 kontrast numerus kl5 kl6
Ich habe ein kleines Buch. ⁄⁄ Ich habe kleine Bücher.	Nina kitabu kidogo. ⁄⁄ Nina vitabu vidogo.<hr><table class=gloss><tr class=mo><td>ni-na</td><td>kitabu</td><td>ki-dogo</td></tr><tr class=la><td>1SG-haben</td><td>KL7.Buch</td><td>KL7-klein</td></tr></table><table class=gloss><tr class=mo><td>ni-na</td><td>vitabu</td><td>vi-dogo</td></tr><tr class=la><td>1SG-haben</td><td>KL8.Buch</td><td>KL8-klein</td></tr></table><div class=klassen>kitabu Kl. 7/8 (ki- › vi-) → vitabu</div><div class=konkordanz>Kl.7: SUBJ ki- · ADJ ki- · GEN cha · DEM hiki/kile · POSS ch- · REL -cho · Kl.8: SUBJ vi- · ADJ vi- · GEN vya · DEM hivi/vile · POSS vy- · REL -vyo</div><div class=hinweis>kitabu kidogo → vitabu vidogo — Adjektiv wechselt mit: kidogo → vidogo</div>	A1 SD1 kontrast numerus kl7 kl8
Ich habe einen kleinen Stuhl. ⁄⁄ Ich habe kleine Stühle.	Nina kiti kidogo. ⁄⁄ Nina viti vidogo.<hr><table class=gloss><tr class=mo><td>ni-na</td><td>kiti</td><td>ki-dogo</td></tr><tr class=la><td>1SG-haben</td><td>KL7.Stuhl</td><td>KL7-klein</td></tr></table><table class=gloss><tr class=mo><td>ni-na</td><td>viti</td><td>vi-dogo</td></tr><tr class=la><td>1SG-haben</td><td>KL8.Stuhl</td><td>KL8-klein</td></tr></table><div class=klassen>kiti Kl. 7/8 (ki- › vi-) → viti</div><div class=konkordanz>Kl.7: SUBJ ki- · ADJ ki- · GEN cha · DEM hiki/kile · POSS ch- · REL -cho · Kl.8: SUBJ vi- · ADJ vi- · GEN vya · DEM hivi/vile · POSS vy- · REL -vyo</div><div class=hinweis>kiti kidogo → viti vidogo — Adjektiv wechselt mit: kidogo → vidogo</div>	A1 SD1 kontrast numerus kl7 kl8
Ich habe ein kleines Zimmer. ⁄⁄ Ich habe kleine Zimmer.	Nina chumba kidogo. ⁄⁄ Nina vyumba vidogo.<hr><table class=gloss><tr class=mo><td>ni-na</td><td>chumba</td><td>ki-dogo</td></tr><tr class=la><td>1SG-haben</td><td>KL7.Zimmer</td><td>KL7-klein</td></tr></table><table class=gloss><tr class=mo><td>ni-na</td><td>vyumba</td><td>vi-dogo</td></tr><tr class=la><td>1SG-haben</td><td>KL8.Zimmer</td><td>KL8-klein</td></tr></table><div class=klassen>chumba Kl. 7/8 (ki- › vi-) → vyumba</div><div class=konkordanz>Kl.7: SUBJ ki- · ADJ ki- · GEN cha · DEM hiki/kile · POSS ch- · REL -cho · Kl.8: SUBJ vi- · ADJ vi- · GEN vya · DEM hivi/vile · POSS vy- · REL -vyo</div><div class=hinweis>chumba kidogo → vyumba vidogo — Adjektiv wechselt mit: kidogo → vidogo</div>	A1 SD1 kontrast numerus kl7 kl8
Dieser Brief ist klein. ⁄⁄ Diese Briefe sind klein.	Barua hii ni ndogo. ⁄⁄ Barua hizi ni ndogo.<hr><table class=gloss><tr class=mo><td>barua</td><td>hii</td><td>ni</td><td>n-dogo</td></tr><tr class=la><td>KL9.Brief</td><td>KL9.DEM</td><td>KOP</td><td>KL9-klein</td></tr></table><table class=gloss><tr class=mo><td>barua</td><td>hizi</td><td>ni</td><td>n-dogo</td></tr><tr class=la><td>KL10.Brief</td><td>KL10.DEM</td><td>KOP</td><td>KL10-klein</td></tr></table><div class=klassen>barua Kl. 9/10 (Ø/n-) → barua — Numerus nur an der Konkordanz</div><div class=konkordanz>Kl.9: SUBJ i- · ADJ Ø/n- · GEN ya · DEM hii/ile · POSS y- · REL -yo · Kl.10: SUBJ zi- · ADJ Ø/n- · GEN za · DEM hizi/zile · POSS z- · REL -zo</div><div class=hinweis>hii → hizi — Weder Nomen noch Adjektiv zeigen den Numerus — nur das Demonstrativ tut es. Das ist die Eigenart der Kl. 9/10.</div>	A1 SD1 kontrast numerus kl9 kl10
Dieses Haus ist klein. ⁄⁄ Diese Häuser sind klein.	Nyumba hii ni ndogo. ⁄⁄ Nyumba hizi ni ndogo.<hr><table class=gloss><tr class=mo><td>nyumba</td><td>hii</td><td>ni</td><td>n-dogo</td></tr><tr class=la><td>KL9.Haus</td><td>KL9.DEM</td><td>KOP</td><td>KL9-klein</td></tr></table><table class=gloss><tr class=mo><td>nyumba</td><td>hizi</td><td>ni</td><td>n-dogo</td></tr><tr class=la><td>KL10.Haus</td><td>KL10.DEM</td><td>KOP</td><td>KL10-klein</td></tr></table><div class=klassen>nyumba Kl. 9/10 (Ø/n-) → nyumba — Numerus nur an der Konkordanz</div><div class=konkordanz>Kl.9: SUBJ i- · ADJ Ø/n- · GEN ya · DEM hii/ile · POSS y- · REL -yo · Kl.10: SUBJ zi- · ADJ Ø/n- · GEN za · DEM hizi/zile · POSS z- · REL -zo</div><div class=hinweis>hii → hizi — Weder Nomen noch Adjektiv zeigen den Numerus — nur das Demonstrativ tut es. Das ist die Eigenart der Kl. 9/10.</div>	A1 SD1 kontrast numerus kl9 kl10
Dieses Telefon ist klein. ⁄⁄ Diese Telefone sind klein.	Simu hii ni ndogo. ⁄⁄ Simu hizi ni ndogo.<hr><table class=gloss><tr class=mo><td>simu</td><td>hii</td><td>ni</td><td>n-dogo</td></tr><tr class=la><td>KL9.Telefon</td><td>KL9.DEM</td><td>KOP</td><td>KL9-klein</td></tr></table><table class=gloss><tr class=mo><td>simu</td><td>hizi</td><td>ni</td><td>n-dogo</td></tr><tr class=la><td>KL10.Telefon</td><td>KL10.DEM</td><td>KOP</td><td>KL10-klein</td></tr></table><div class=klassen>simu Kl. 9/10 (Ø/n-) → simu — Numerus nur an der Konkordanz</div><div class=konkordanz>Kl.9: SUBJ i- · ADJ Ø/n- · GEN ya · DEM hii/ile · POSS y- · REL -yo · Kl.10: SUBJ zi- · ADJ Ø/n- · GEN za · DEM hizi/zile · POSS z- · REL -zo</div><div class=hinweis>hii → hizi — Weder Nomen noch Adjektiv zeigen den Numerus — nur das Demonstrativ tut es. Das ist die Eigenart der Kl. 9/10.</div>	A1 SD1 kontrast numerus kl9 kl10
Ich habe einen kleinen Schlüssel. ⁄⁄ Ich habe kleine Schlüssel.	Nina ufunguo mdogo. ⁄⁄ Nina funguo ndogo.<hr><table class=gloss><tr class=mo><td>ni-na</td><td>ufunguo</td><td>m-dogo</td></tr><tr class=la><td>1SG-haben</td><td>KL11.Schlüssel</td><td>KL11-klein</td></tr></table><table class=gloss><tr class=mo><td>ni-na</td><td>funguo</td><td>n-dogo</td></tr><tr class=la><td>1SG-haben</td><td>KL10.Schlüssel</td><td>KL10-klein</td></tr></table><div class=klassen>ufunguo Kl. 11/10 (u- › Ø/n-) → funguo</div><div class=konkordanz>Kl.11: SUBJ u- · ADJ m-/mw- · GEN wa · DEM huu/ule · POSS w- · REL -o · Kl.10: SUBJ zi- · ADJ Ø/n- · GEN za · DEM hizi/zile · POSS z- · REL -zo</div><div class=hinweis>ufunguo mdogo → funguo ndogo — Adjektiv wechselt mit: mdogo → ndogo</div>	A1 SD1 kontrast numerus kl11 kl10
Ich habe ein kleines Lied. ⁄⁄ Ich habe kleine Lieder.	Nina wimbo mdogo. ⁄⁄ Nina nyimbo ndogo.<hr><table class=gloss><tr class=mo><td>ni-na</td><td>wimbo</td><td>m-dogo</td></tr><tr class=la><td>1SG-haben</td><td>KL11.Lied</td><td>KL11-klein</td></tr></table><table class=gloss><tr class=mo><td>ni-na</td><td>nyimbo</td><td>n-dogo</td></tr><tr class=la><td>1SG-haben</td><td>KL10.Lied</td><td>KL10-klein</td></tr></table><div class=klassen>wimbo Kl. 11/10 (u- › Ø/n-) → nyimbo</div><div class=konkordanz>Kl.11: SUBJ u- · ADJ m-/mw- · GEN wa · DEM huu/ule · POSS w- · REL -o · Kl.10: SUBJ zi- · ADJ Ø/n- · GEN za · DEM hizi/zile · POSS z- · REL -zo</div><div class=hinweis>wimbo mdogo → nyimbo ndogo — Adjektiv wechselt mit: mdogo → ndogo</div>	A1 SD1 kontrast numerus kl11 kl10
Ich habe eine kleine Wand. ⁄⁄ Ich habe kleine Wände.	Nina ukuta mdogo. ⁄⁄ Nina kuta ndogo.<hr><table class=gloss><tr class=mo><td>ni-na</td><td>ukuta</td><td>m-dogo</td></tr><tr class=la><td>1SG-haben</td><td>KL11.Wand</td><td>KL11-klein</td></tr></table><table class=gloss><tr class=mo><td>ni-na</td><td>kuta</td><td>n-dogo</td></tr><tr class=la><td>1SG-haben</td><td>KL10.Wand</td><td>KL10-klein</td></tr></table><div class=klassen>ukuta Kl. 11/10 (u- › Ø/n-) → kuta</div><div class=konkordanz>Kl.11: SUBJ u- · ADJ m-/mw- · GEN wa · DEM huu/ule · POSS w- · REL -o · Kl.10: SUBJ zi- · ADJ Ø/n- · GEN za · DEM hizi/zile · POSS z- · REL -zo</div><div class=hinweis>ukuta mdogo → kuta ndogo — Adjektiv wechselt mit: mdogo → ndogo</div>	A1 SD1 kontrast numerus kl11 kl10
Dieses große Kind des Lehrers ⁄⁄ Diese großen Kinder des Lehrers	mtoto mkubwa huyu wa mwalimu ⁄⁄ watoto wakubwa hawa wa mwalimu<hr><table class=gloss><tr class=mo><td>mtoto</td><td>m-kubwa</td><td>huyu</td><td>w-a</td><td>mw-alimu</td></tr><tr class=la><td>KL1.Kind</td><td>KL1-groß</td><td>KL1.DEM</td><td>KL1-GEN</td><td>KL1-Lehrer</td></tr></table><table class=gloss><tr class=mo><td>watoto</td><td>wa-kubwa</td><td>hawa</td><td>w-a</td><td>mw-alimu</td></tr><tr class=la><td>KL2.Kind</td><td>KL2-groß</td><td>KL2.DEM</td><td>KL2-GEN</td><td>KL1-Lehrer</td></tr></table><div class=klassen>mtoto Kl. 1/2 (m-/mw- › wa-) → watoto</div><div class=konkordanz>Kl.1: SUBJ a- · ADJ m-/mw- · GEN wa · DEM huyu/yule · POSS w- · REL -ye · Kl.2: SUBJ wa- · ADJ wa- · GEN wa · DEM hawa/wale · POSS w- · REL -o</div><div class=hinweis>mkubwa huyu wa → wakubwa hawa wa — Adjektiv, Demonstrativ und Genitiv wechseln gemeinsam — die Klasse steuert das ganze Satzgefüge</div>	A1 SD1 kontrast kaskade kl1 kl2
Dieser große Lehrer des Lehrers ⁄⁄ Diese großen Lehrer des Lehrers	mwalimu mkubwa huyu wa mwalimu ⁄⁄ walimu wakubwa hawa wa mwalimu<hr><table class=gloss><tr class=mo><td>mwalimu</td><td>m-kubwa</td><td>huyu</td><td>w-a</td><td>mw-alimu</td></tr><tr class=la><td>KL1.Lehrer</td><td>KL1-groß</td><td>KL1.DEM</td><td>KL1-GEN</td><td>KL1-Lehrer</td></tr></table><table class=gloss><tr class=mo><td>walimu</td><td>wa-kubwa</td><td>hawa</td><td>w-a</td><td>mw-alimu</td></tr><tr class=la><td>KL2.Lehrer</td><td>KL2-groß</td><td>KL2.DEM</td><td>KL2-GEN</td><td>KL1-Lehrer</td></tr></table><div class=klassen>mwalimu Kl. 1/2 (m-/mw- › wa-) → walimu</div><div class=konkordanz>Kl.1: SUBJ a- · ADJ m-/mw- · GEN wa · DEM huyu/yule · POSS w- · REL -ye · Kl.2: SUBJ wa- · ADJ wa- · GEN wa · DEM hawa/wale · POSS w- · REL -o</div><div class=hinweis>mkubwa huyu wa → wakubwa hawa wa — Adjektiv, Demonstrativ und Genitiv wechseln gemeinsam — die Klasse steuert das ganze Satzgefüge</div>	A1 SD1 kontrast kaskade kl1 kl2
Dieser große Gast des Lehrers ⁄⁄ Diese großen Gäste des Lehrers	mgeni mkubwa huyu wa mwalimu ⁄⁄ wageni wakubwa hawa wa mwalimu<hr><table class=gloss><tr class=mo><td>mgeni</td><td>m-kubwa</td><td>huyu</td><td>w-a</td><td>mw-alimu</td></tr><tr class=la><td>KL1.Gast</td><td>KL1-groß</td><td>KL1.DEM</td><td>KL1-GEN</td><td>KL1-Lehrer</td></tr></table><table class=gloss><tr class=mo><td>wageni</td><td>wa-kubwa</td><td>hawa</td><td>w-a</td><td>mw-alimu</td></tr><tr class=la><td>KL2.Gast</td><td>KL2-groß</td><td>KL2.DEM</td><td>KL2-GEN</td><td>KL1-Lehrer</td></tr></table><div class=klassen>mgeni Kl. 1/2 (m-/mw- › wa-) → wageni</div><div class=konkordanz>Kl.1: SUBJ a- · ADJ m-/mw- · GEN wa · DEM huyu/yule · POSS w- · REL -ye · Kl.2: SUBJ wa- · ADJ wa- · GEN wa · DEM hawa/wale · POSS w- · REL -o</div><div class=hinweis>mkubwa huyu wa → wakubwa hawa wa — Adjektiv, Demonstrativ und Genitiv wechseln gemeinsam — die Klasse steuert das ganze Satzgefüge</div>	A1 SD1 kontrast kaskade kl1 kl2
Dieser große Baum des Lehrers ⁄⁄ Diese großen Bäume des Lehrers	mti mkubwa huu wa mwalimu ⁄⁄ miti mikubwa hii ya mwalimu<hr><table class=gloss><tr class=mo><td>mti</td><td>m-kubwa</td><td>huu</td><td>w-a</td><td>mw-alimu</td></tr><tr class=la><td>KL3.Baum</td><td>KL3-groß</td><td>KL3.DEM</td><td>KL3-GEN</td><td>KL1-Lehrer</td></tr></table><table class=gloss><tr class=mo><td>miti</td><td>mi-kubwa</td><td>hii</td><td>y-a</td><td>mw-alimu</td></tr><tr class=la><td>KL4.Baum</td><td>KL4-groß</td><td>KL4.DEM</td><td>KL4-GEN</td><td>KL1-Lehrer</td></tr></table><div class=klassen>mti Kl. 3/4 (m-/mw- › mi-) → miti</div><div class=konkordanz>Kl.3: SUBJ u- · ADJ m-/mw- · GEN wa · DEM huu/ule · POSS w- · REL -o · Kl.4: SUBJ i- · ADJ mi- · GEN ya · DEM hii/ile · POSS y- · REL -yo</div><div class=hinweis>mkubwa huu wa → mikubwa hii ya — Adjektiv, Demonstrativ und Genitiv wechseln gemeinsam — die Klasse steuert das ganze Satzgefüge</div>	A1 SD1 kontrast kaskade kl3 kl4
Dieses große Brot des Lehrers ⁄⁄ Diese großen Brote des Lehrers	mkate mkubwa huu wa mwalimu ⁄⁄ mikate mikubwa hii ya mwalimu<hr><table class=gloss><tr class=mo><td>mkate</td><td>m-kubwa</td><td>huu</td><td>w-a</td><td>mw-alimu</td></tr><tr class=la><td>KL3.Brot</td><td>KL3-groß</td><td>KL3.DEM</td><td>KL3-GEN</td><td>KL1-Lehrer</td></tr></table><table class=gloss><tr class=mo><td>mikate</td><td>mi-kubwa</td><td>hii</td><td>y-a</td><td>mw-alimu</td></tr><tr class=la><td>KL4.Brot</td><td>KL4-groß</td><td>KL4.DEM</td><td>KL4-GEN</td><td>KL1-Lehrer</td></tr></table><div class=klassen>mkate Kl. 3/4 (m-/mw- › mi-) → mikate</div><div class=konkordanz>Kl.3: SUBJ u- · ADJ m-/mw- · GEN wa · DEM huu/ule · POSS w- · REL -o · Kl.4: SUBJ i- · ADJ mi- · GEN ya · DEM hii/ile · POSS y- · REL -yo</div><div class=hinweis>mkubwa huu wa → mikubwa hii ya — Adjektiv, Demonstrativ und Genitiv wechseln gemeinsam — die Klasse steuert das ganze Satzgefüge</div>	A1 SD1 kontrast kaskade kl3 kl4
Diese große Stadt des Lehrers ⁄⁄ Diese großen Städte des Lehrers	mji mkubwa huu wa mwalimu ⁄⁄ miji mikubwa hii ya mwalimu<hr><table class=gloss><tr class=mo><td>mji</td><td>m-kubwa</td><td>huu</td><td>w-a</td><td>mw-alimu</td></tr><tr class=la><td>KL3.Stadt</td><td>KL3-groß</td><td>KL3.DEM</td><td>KL3-GEN</td><td>KL1-Lehrer</td></tr></table><table class=gloss><tr class=mo><td>miji</td><td>mi-kubwa</td><td>hii</td><td>y-a</td><td>mw-alimu</td></tr><tr class=la><td>KL4.Stadt</td><td>KL4-groß</td><td>KL4.DEM</td><td>KL4-GEN</td><td>KL1-Lehrer</td></tr></table><div class=klassen>mji Kl. 3/4 (m-/mw- › mi-) → miji</div><div class=konkordanz>Kl.3: SUBJ u- · ADJ m-/mw- · GEN wa · DEM huu/ule · POSS w- · REL -o · Kl.4: SUBJ i- · ADJ mi- · GEN ya · DEM hii/ile · POSS y- · REL -yo</div><div class=hinweis>mkubwa huu wa → mikubwa hii ya — Adjektiv, Demonstrativ und Genitiv wechseln gemeinsam — die Klasse steuert das ganze Satzgefüge</div>	A1 SD1 kontrast kaskade kl3 kl4
Dieses große Auto des Lehrers ⁄⁄ Diese großen Autos des Lehrers	gari kubwa hili la mwalimu ⁄⁄ magari makubwa haya ya mwalimu<hr><table class=gloss><tr class=mo><td>gari</td><td>kubwa</td><td>hili</td><td>l-a</td><td>mw-alimu</td></tr><tr class=la><td>KL5.Auto</td><td>KL5.groß</td><td>KL5.DEM</td><td>KL5-GEN</td><td>KL1-Lehrer</td></tr></table><table class=gloss><tr class=mo><td>magari</td><td>ma-kubwa</td><td>haya</td><td>y-a</td><td>mw-alimu</td></tr><tr class=la><td>KL6.Auto</td><td>KL6-groß</td><td>KL6.DEM</td><td>KL6-GEN</td><td>KL1-Lehrer</td></tr></table><div class=klassen>gari Kl. 5/6 (ji-/Ø › ma-) → magari</div><div class=konkordanz>Kl.5: SUBJ li- · ADJ ji-/Ø · GEN la · DEM hili/lile · POSS l- · REL -lo · Kl.6: SUBJ ya- · ADJ ma- · GEN ya · DEM haya/yale · POSS y- · REL -yo</div><div class=hinweis>kubwa hili la → makubwa haya ya — Adjektiv, Demonstrativ und Genitiv wechseln gemeinsam — die Klasse steuert das ganze Satzgefüge</div>	A1 SD1 kontrast kaskade kl5 kl6
Dieser große Laden des Lehrers ⁄⁄ Diese großen Läden des Lehrers	duka kubwa hili la mwalimu ⁄⁄ maduka makubwa haya ya mwalimu<hr><table class=gloss><tr class=mo><td>duka</td><td>kubwa</td><td>hili</td><td>l-a</td><td>mw-alimu</td></tr><tr class=la><td>KL5.Laden</td><td>KL5.groß</td><td>KL5.DEM</td><td>KL5-GEN</td><td>KL1-Lehrer</td></tr></table><table class=gloss><tr class=mo><td>maduka</td><td>ma-kubwa</td><td>haya</td><td>y-a</td><td>mw-alimu</td></tr><tr class=la><td>KL6.Laden</td><td>KL6-groß</td><td>KL6.DEM</td><td>KL6-GEN</td><td>KL1-Lehrer</td></tr></table><div class=klassen>duka Kl. 5/6 (ji-/Ø › ma-) → maduka</div><div class=konkordanz>Kl.5: SUBJ li- · ADJ ji-/Ø · GEN la · DEM hili/lile · POSS l- · REL -lo · Kl.6: SUBJ ya- · ADJ ma- · GEN ya · DEM haya/yale · POSS y- · REL -yo</div><div class=hinweis>kubwa hili la → makubwa haya ya — Adjektiv, Demonstrativ und Genitiv wechseln gemeinsam — die Klasse steuert das ganze Satzgefüge</div>	A1 SD1 kontrast kaskade kl5 kl6
Dieser große Name des Lehrers ⁄⁄ Diese großen Namen des Lehrers	jina kubwa hili la mwalimu ⁄⁄ majina makubwa haya ya mwalimu<hr><table class=gloss><tr class=mo><td>jina</td><td>kubwa</td><td>hili</td><td>l-a</td><td>mw-alimu</td></tr><tr class=la><td>KL5.Name</td><td>KL5.groß</td><td>KL5.DEM</td><td>KL5-GEN</td><td>KL1-Lehrer</td></tr></table><table class=gloss><tr class=mo><td>majina</td><td>ma-kubwa</td><td>haya</td><td>y-a</td><td>mw-alimu</td></tr><tr class=la><td>KL6.Name</td><td>KL6-groß</td><td>KL6.DEM</td><td>KL6-GEN</td><td>KL1-Lehrer</td></tr></table><div class=klassen>jina Kl. 5/6 (ji-/Ø › ma-) → majina</div><div class=konkordanz>Kl.5: SUBJ li- · ADJ ji-/Ø · GEN la · DEM hili/lile · POSS l- · REL -lo · Kl.6: SUBJ ya- · ADJ ma- · GEN ya · DEM haya/yale · POSS y- · REL -yo</div><div class=hinweis>kubwa hili la → makubwa haya ya — Adjektiv, Demonstrativ und Genitiv wechseln gemeinsam — die Klasse steuert das ganze Satzgefüge</div>	A1 SD1 kontrast kaskade kl5 kl6
Dieses große Buch des Lehrers ⁄⁄ Diese großen Bücher des Lehrers	kitabu kikubwa hiki cha mwalimu ⁄⁄ vitabu vikubwa hivi vya mwalimu<hr><table class=gloss><tr class=mo><td>kitabu</td><td>ki-kubwa</td><td>hiki</td><td>ch-a</td><td>mw-alimu</td></tr><tr class=la><td>KL7.Buch</td><td>KL7-groß</td><td>KL7.DEM</td><td>KL7-GEN</td><td>KL1-Lehrer</td></tr></table><table class=gloss><tr class=mo><td>vitabu</td><td>vi-kubwa</td><td>hivi</td><td>vy-a</td><td>mw-alimu</td></tr><tr class=la><td>KL8.Buch</td><td>KL8-groß</td><td>KL8.DEM</td><td>KL8-GEN</td><td>KL1-Lehrer</td></tr></table><div class=klassen>kitabu Kl. 7/8 (ki- › vi-) → vitabu</div><div class=konkordanz>Kl.7: SUBJ ki- · ADJ ki- · GEN cha · DEM hiki/kile · POSS ch- · REL -cho · Kl.8: SUBJ vi- · ADJ vi- · GEN vya · DEM hivi/vile · POSS vy- · REL -vyo</div><div class=hinweis>kikubwa hiki cha → vikubwa hivi vya — Adjektiv, Demonstrativ und Genitiv wechseln gemeinsam — die Klasse steuert das ganze Satzgefüge</div>	A1 SD1 kontrast kaskade kl7 kl8
Dieser große Stuhl des Lehrers ⁄⁄ Diese großen Stühle des Lehrers	kiti kikubwa hiki cha mwalimu ⁄⁄ viti vikubwa hivi vya mwalimu<hr><table class=gloss><tr class=mo><td>kiti</td><td>ki-kubwa</td><td>hiki</td><td>ch-a</td><td>mw-alimu</td></tr><tr class=la><td>KL7.Stuhl</td><td>KL7-groß</td><td>KL7.DEM</td><td>KL7-GEN</td><td>KL1-Lehrer</td></tr></table><table class=gloss><tr class=mo><td>viti</td><td>vi-kubwa</td><td>hivi</td><td>vy-a</td><td>mw-alimu</td></tr><tr class=la><td>KL8.Stuhl</td><td>KL8-groß</td><td>KL8.DEM</td><td>KL8-GEN</td><td>KL1-Lehrer</td></tr></table><div class=klassen>kiti Kl. 7/8 (ki- › vi-) → viti</div><div class=konkordanz>Kl.7: SUBJ ki- · ADJ ki- · GEN cha · DEM hiki/kile · POSS ch- · REL -cho · Kl.8: SUBJ vi- · ADJ vi- · GEN vya · DEM hivi/vile · POSS vy- · REL -vyo</div><div class=hinweis>kikubwa hiki cha → vikubwa hivi vya — Adjektiv, Demonstrativ und Genitiv wechseln gemeinsam — die Klasse steuert das ganze Satzgefüge</div>	A1 SD1 kontrast kaskade kl7 kl8
Dieses große Zimmer des Lehrers ⁄⁄ Diese großen Zimmer des Lehrers	chumba kikubwa hiki cha mwalimu ⁄⁄ vyumba vikubwa hivi vya mwalimu<hr><table class=gloss><tr class=mo><td>chumba</td><td>ki-kubwa</td><td>hiki</td><td>ch-a</td><td>mw-alimu</td></tr><tr class=la><td>KL7.Zimmer</td><td>KL7-groß</td><td>KL7.DEM</td><td>KL7-GEN</td><td>KL1-Lehrer</td></tr></table><table class=gloss><tr class=mo><td>vyumba</td><td>vi-kubwa</td><td>hivi</td><td>vy-a</td><td>mw-alimu</td></tr><tr class=la><td>KL8.Zimmer</td><td>KL8-groß</td><td>KL8.DEM</td><td>KL8-GEN</td><td>KL1-Lehrer</td></tr></table><div class=klassen>chumba Kl. 7/8 (ki- › vi-) → vyumba</div><div class=konkordanz>Kl.7: SUBJ ki- · ADJ ki- · GEN cha · DEM hiki/kile · POSS ch- · REL -cho · Kl.8: SUBJ vi- · ADJ vi- · GEN vya · DEM hivi/vile · POSS vy- · REL -vyo</div><div class=hinweis>kikubwa hiki cha → vikubwa hivi vya — Adjektiv, Demonstrativ und Genitiv wechseln gemeinsam — die Klasse steuert das ganze Satzgefüge</div>	A1 SD1 kontrast kaskade kl7 kl8
Dieser große Brief des Lehrers ⁄⁄ Diese großen Briefe des Lehrers	barua kubwa hii ya mwalimu ⁄⁄ barua kubwa hizi za mwalimu<hr><table class=gloss><tr class=mo><td>barua</td><td>kubwa</td><td>hii</td><td>y-a</td><td>mw-alimu</td></tr><tr class=la><td>KL9.Brief</td><td>KL9.groß</td><td>KL9.DEM</td><td>KL9-GEN</td><td>KL1-Lehrer</td></tr></table><table class=gloss><tr class=mo><td>barua</td><td>kubwa</td><td>hizi</td><td>z-a</td><td>mw-alimu</td></tr><tr class=la><td>KL10.Brief</td><td>KL10.groß</td><td>KL10.DEM</td><td>KL10-GEN</td><td>KL1-Lehrer</td></tr></table><div class=klassen>barua Kl. 9/10 (Ø/n-) → barua — Numerus nur an der Konkordanz</div><div class=konkordanz>Kl.9: SUBJ i- · ADJ Ø/n- · GEN ya · DEM hii/ile · POSS y- · REL -yo · Kl.10: SUBJ zi- · ADJ Ø/n- · GEN za · DEM hizi/zile · POSS z- · REL -zo</div><div class=hinweis>kubwa hii ya → kubwa hizi za — Adjektiv, Demonstrativ und Genitiv wechseln gemeinsam — die Klasse steuert das ganze Satzgefüge</div>	A1 SD1 kontrast kaskade kl9 kl10
Dieses große Haus des Lehrers ⁄⁄ Diese großen Häuser des Lehrers	nyumba kubwa hii ya mwalimu ⁄⁄ nyumba kubwa hizi za mwalimu<hr><table class=gloss><tr class=mo><td>nyumba</td><td>kubwa</td><td>hii</td><td>y-a</td><td>mw-alimu</td></tr><tr class=la><td>KL9.Haus</td><td>KL9.groß</td><td>KL9.DEM</td><td>KL9-GEN</td><td>KL1-Lehrer</td></tr></table><table class=gloss><tr class=mo><td>nyumba</td><td>kubwa</td><td>hizi</td><td>z-a</td><td>mw-alimu</td></tr><tr class=la><td>KL10.Haus</td><td>KL10.groß</td><td>KL10.DEM</td><td>KL10-GEN</td><td>KL1-Lehrer</td></tr></table><div class=klassen>nyumba Kl. 9/10 (Ø/n-) → nyumba — Numerus nur an der Konkordanz</div><div class=konkordanz>Kl.9: SUBJ i- · ADJ Ø/n- · GEN ya · DEM hii/ile · POSS y- · REL -yo · Kl.10: SUBJ zi- · ADJ Ø/n- · GEN za · DEM hizi/zile · POSS z- · REL -zo</div><div class=hinweis>kubwa hii ya → kubwa hizi za — Adjektiv, Demonstrativ und Genitiv wechseln gemeinsam — die Klasse steuert das ganze Satzgefüge</div>	A1 SD1 kontrast kaskade kl9 kl10
Dieses große Telefon des Lehrers ⁄⁄ Diese großen Telefone des Lehrers	simu kubwa hii ya mwalimu ⁄⁄ simu kubwa hizi za mwalimu<hr><table class=gloss><tr class=mo><td>simu</td><td>kubwa</td><td>hii</td><td>y-a</td><td>mw-alimu</td></tr><tr class=la><td>KL9.Telefon</td><td>KL9.groß</td><td>KL9.DEM</td><td>KL9-GEN</td><td>KL1-Lehrer</td></tr></table><table class=gloss><tr class=mo><td>simu</td><td>kubwa</td><td>hizi</td><td>z-a</td><td>mw-alimu</td></tr><tr class=la><td>KL10.Telefon</td><td>KL10.groß</td><td>KL10.DEM</td><td>KL10-GEN</td><td>KL1-Lehrer</td></tr></table><div class=klassen>simu Kl. 9/10 (Ø/n-) → simu — Numerus nur an der Konkordanz</div><div class=konkordanz>Kl.9: SUBJ i- · ADJ Ø/n- · GEN ya · DEM hii/ile · POSS y- · REL -yo · Kl.10: SUBJ zi- · ADJ Ø/n- · GEN za · DEM hizi/zile · POSS z- · REL -zo</div><div class=hinweis>kubwa hii ya → kubwa hizi za — Adjektiv, Demonstrativ und Genitiv wechseln gemeinsam — die Klasse steuert das ganze Satzgefüge</div>	A1 SD1 kontrast kaskade kl9 kl10
Dieser große Schlüssel des Lehrers ⁄⁄ Diese großen Schlüssel des Lehrers	ufunguo mkubwa huu wa mwalimu ⁄⁄ funguo kubwa hizi za mwalimu<hr><table class=gloss><tr class=mo><td>ufunguo</td><td>m-kubwa</td><td>huu</td><td>w-a</td><td>mw-alimu</td></tr><tr class=la><td>KL11.Schlüssel</td><td>KL11-groß</td><td>KL11.DEM</td><td>KL11-GEN</td><td>KL1-Lehrer</td></tr></table><table class=gloss><tr class=mo><td>funguo</td><td>kubwa</td><td>hizi</td><td>z-a</td><td>mw-alimu</td></tr><tr class=la><td>KL10.Schlüssel</td><td>KL10.groß</td><td>KL10.DEM</td><td>KL10-GEN</td><td>KL1-Lehrer</td></tr></table><div class=klassen>ufunguo Kl. 11/10 (u- › Ø/n-) → funguo</div><div class=konkordanz>Kl.11: SUBJ u- · ADJ m-/mw- · GEN wa · DEM huu/ule · POSS w- · REL -o · Kl.10: SUBJ zi- · ADJ Ø/n- · GEN za · DEM hizi/zile · POSS z- · REL -zo</div><div class=hinweis>mkubwa huu wa → kubwa hizi za — Adjektiv, Demonstrativ und Genitiv wechseln gemeinsam — die Klasse steuert das ganze Satzgefüge</div>	A1 SD1 kontrast kaskade kl11 kl10
Dieses große Lied des Lehrers ⁄⁄ Diese großen Lieder des Lehrers	wimbo mkubwa huu wa mwalimu ⁄⁄ nyimbo kubwa hizi za mwalimu<hr><table class=gloss><tr class=mo><td>wimbo</td><td>m-kubwa</td><td>huu</td><td>w-a</td><td>mw-alimu</td></tr><tr class=la><td>KL11.Lied</td><td>KL11-groß</td><td>KL11.DEM</td><td>KL11-GEN</td><td>KL1-Lehrer</td></tr></table><table class=gloss><tr class=mo><td>nyimbo</td><td>kubwa</td><td>hizi</td><td>z-a</td><td>mw-alimu</td></tr><tr class=la><td>KL10.Lied</td><td>KL10.groß</td><td>KL10.DEM</td><td>KL10-GEN</td><td>KL1-Lehrer</td></tr></table><div class=klassen>wimbo Kl. 11/10 (u- › Ø/n-) → nyimbo</div><div class=konkordanz>Kl.11: SUBJ u- · ADJ m-/mw- · GEN wa · DEM huu/ule · POSS w- · REL -o · Kl.10: SUBJ zi- · ADJ Ø/n- · GEN za · DEM hizi/zile · POSS z- · REL -zo</div><div class=hinweis>mkubwa huu wa → kubwa hizi za — Adjektiv, Demonstrativ und Genitiv wechseln gemeinsam — die Klasse steuert das ganze Satzgefüge</div>	A1 SD1 kontrast kaskade kl11 kl10
Diese große Wand des Lehrers ⁄⁄ Diese großen Wände des Lehrers	ukuta mkubwa huu wa mwalimu ⁄⁄ kuta kubwa hizi za mwalimu<hr><table class=gloss><tr class=mo><td>ukuta</td><td>m-kubwa</td><td>huu</td><td>w-a</td><td>mw-alimu</td></tr><tr class=la><td>KL11.Wand</td><td>KL11-groß</td><td>KL11.DEM</td><td>KL11-GEN</td><td>KL1-Lehrer</td></tr></table><table class=gloss><tr class=mo><td>kuta</td><td>kubwa</td><td>hizi</td><td>z-a</td><td>mw-alimu</td></tr><tr class=la><td>KL10.Wand</td><td>KL10.groß</td><td>KL10.DEM</td><td>KL10-GEN</td><td>KL1-Lehrer</td></tr></table><div class=klassen>ukuta Kl. 11/10 (u- › Ø/n-) → kuta</div><div class=konkordanz>Kl.11: SUBJ u- · ADJ m-/mw- · GEN wa · DEM huu/ule · POSS w- · REL -o · Kl.10: SUBJ zi- · ADJ Ø/n- · GEN za · DEM hizi/zile · POSS z- · REL -zo</div><div class=hinweis>mkubwa huu wa → kubwa hizi za — Adjektiv, Demonstrativ und Genitiv wechseln gemeinsam — die Klasse steuert das ganze Satzgefüge</div>	A1 SD1 kontrast kaskade kl11 kl10
dieses Kind hier ⁄⁄ jenes Kind dort	mtoto huyu ⁄⁄ mtoto yule<hr><table class=gloss><tr class=mo><td>mtoto</td><td>huyu</td></tr><tr class=la><td>KL1.Kind</td><td>KL1.DEM.nah</td></tr></table><table class=gloss><tr class=mo><td>mtoto</td><td>yule</td></tr><tr class=la><td>KL1.Kind</td><td>KL1.DEM.fern</td></tr></table><div class=klassen>mtoto Kl. 1/2 (m-/mw- › wa-) → watoto</div><div class=konkordanz>Kl.1: SUBJ a- · ADJ m-/mw- · GEN wa · DEM huyu/yule · POSS w- · REL -ye</div><div class=hinweis>huyu → yule — Nähe und Ferne haben je eine eigene Demonstrativreihe, beide nach der Klasse gebildet</div>	A1 SD1 kontrast demonstrativ kl1
dieser Lehrer hier ⁄⁄ jener Lehrer dort	mwalimu huyu ⁄⁄ mwalimu yule<hr><table class=gloss><tr class=mo><td>mwalimu</td><td>huyu</td></tr><tr class=la><td>KL1.Lehrer</td><td>KL1.DEM.nah</td></tr></table><table class=gloss><tr class=mo><td>mwalimu</td><td>yule</td></tr><tr class=la><td>KL1.Lehrer</td><td>KL1.DEM.fern</td></tr></table><div class=klassen>mwalimu Kl. 1/2 (m-/mw- › wa-) → walimu</div><div class=konkordanz>Kl.1: SUBJ a- · ADJ m-/mw- · GEN wa · DEM huyu/yule · POSS w- · REL -ye</div><div class=hinweis>huyu → yule — Nähe und Ferne haben je eine eigene Demonstrativreihe, beide nach der Klasse gebildet</div>	A1 SD1 kontrast demonstrativ kl1
dieser Gast hier ⁄⁄ jener Gast dort	mgeni huyu ⁄⁄ mgeni yule<hr><table class=gloss><tr class=mo><td>mgeni</td><td>huyu</td></tr><tr class=la><td>KL1.Gast</td><td>KL1.DEM.nah</td></tr></table><table class=gloss><tr class=mo><td>mgeni</td><td>yule</td></tr><tr class=la><td>KL1.Gast</td><td>KL1.DEM.fern</td></tr></table><div class=klassen>mgeni Kl. 1/2 (m-/mw- › wa-) → wageni</div><div class=konkordanz>Kl.1: SUBJ a- · ADJ m-/mw- · GEN wa · DEM huyu/yule · POSS w- · REL -ye</div><div class=hinweis>huyu → yule — Nähe und Ferne haben je eine eigene Demonstrativreihe, beide nach der Klasse gebildet</div>	A1 SD1 kontrast demonstrativ kl1
dieser Baum hier ⁄⁄ jener Baum dort	mti huu ⁄⁄ mti ule<hr><table class=gloss><tr class=mo><td>mti</td><td>huu</td></tr><tr class=la><td>KL3.Baum</td><td>KL3.DEM.nah</td></tr></table><table class=gloss><tr class=mo><td>mti</td><td>ule</td></tr><tr class=la><td>KL3.Baum</td><td>KL3.DEM.fern</td></tr></table><div class=klassen>mti Kl. 3/4 (m-/mw- › mi-) → miti</div><div class=konkordanz>Kl.3: SUBJ u- · ADJ m-/mw- · GEN wa · DEM huu/ule · POSS w- · REL -o</div><div class=hinweis>huu → ule — Nähe und Ferne haben je eine eigene Demonstrativreihe, beide nach der Klasse gebildet</div>	A1 SD1 kontrast demonstrativ kl3
dieses Brot hier ⁄⁄ jenes Brot dort	mkate huu ⁄⁄ mkate ule<hr><table class=gloss><tr class=mo><td>mkate</td><td>huu</td></tr><tr class=la><td>KL3.Brot</td><td>KL3.DEM.nah</td></tr></table><table class=gloss><tr class=mo><td>mkate</td><td>ule</td></tr><tr class=la><td>KL3.Brot</td><td>KL3.DEM.fern</td></tr></table><div class=klassen>mkate Kl. 3/4 (m-/mw- › mi-) → mikate</div><div class=konkordanz>Kl.3: SUBJ u- · ADJ m-/mw- · GEN wa · DEM huu/ule · POSS w- · REL -o</div><div class=hinweis>huu → ule — Nähe und Ferne haben je eine eigene Demonstrativreihe, beide nach der Klasse gebildet</div>	A1 SD1 kontrast demonstrativ kl3
diese Stadt hier ⁄⁄ jene Stadt dort	mji huu ⁄⁄ mji ule<hr><table class=gloss><tr class=mo><td>mji</td><td>huu</td></tr><tr class=la><td>KL3.Stadt</td><td>KL3.DEM.nah</td></tr></table><table class=gloss><tr class=mo><td>mji</td><td>ule</td></tr><tr class=la><td>KL3.Stadt</td><td>KL3.DEM.fern</td></tr></table><div class=klassen>mji Kl. 3/4 (m-/mw- › mi-) → miji</div><div class=konkordanz>Kl.3: SUBJ u- · ADJ m-/mw- · GEN wa · DEM huu/ule · POSS w- · REL -o</div><div class=hinweis>huu → ule — Nähe und Ferne haben je eine eigene Demonstrativreihe, beide nach der Klasse gebildet</div>	A1 SD1 kontrast demonstrativ kl3
dieses Auto hier ⁄⁄ jenes Auto dort	gari hili ⁄⁄ gari lile<hr><table class=gloss><tr class=mo><td>gari</td><td>hili</td></tr><tr class=la><td>KL5.Auto</td><td>KL5.DEM.nah</td></tr></table><table class=gloss><tr class=mo><td>gari</td><td>lile</td></tr><tr class=la><td>KL5.Auto</td><td>KL5.DEM.fern</td></tr></table><div class=klassen>gari Kl. 5/6 (ji-/Ø › ma-) → magari</div><div class=konkordanz>Kl.5: SUBJ li- · ADJ ji-/Ø · GEN la · DEM hili/lile · POSS l- · REL -lo</div><div class=hinweis>hili → lile — Nähe und Ferne haben je eine eigene Demonstrativreihe, beide nach der Klasse gebildet</div>	A1 SD1 kontrast demonstrativ kl5
dieser Laden hier ⁄⁄ jener Laden dort	duka hili ⁄⁄ duka lile<hr><table class=gloss><tr class=mo><td>duka</td><td>hili</td></tr><tr class=la><td>KL5.Laden</td><td>KL5.DEM.nah</td></tr></table><table class=gloss><tr class=mo><td>duka</td><td>lile</td></tr><tr class=la><td>KL5.Laden</td><td>KL5.DEM.fern</td></tr></table><div class=klassen>duka Kl. 5/6 (ji-/Ø › ma-) → maduka</div><div class=konkordanz>Kl.5: SUBJ li- · ADJ ji-/Ø · GEN la · DEM hili/lile · POSS l- · REL -lo</div><div class=hinweis>hili → lile — Nähe und Ferne haben je eine eigene Demonstrativreihe, beide nach der Klasse gebildet</div>	A1 SD1 kontrast demonstrativ kl5
dieser Name hier ⁄⁄ jener Name dort	jina hili ⁄⁄ jina lile<hr><table class=gloss><tr class=mo><td>jina</td><td>hili</td></tr><tr class=la><td>KL5.Name</td><td>KL5.DEM.nah</td></tr></table><table class=gloss><tr class=mo><td>jina</td><td>lile</td></tr><tr class=la><td>KL5.Name</td><td>KL5.DEM.fern</td></tr></table><div class=klassen>jina Kl. 5/6 (ji-/Ø › ma-) → majina</div><div class=konkordanz>Kl.5: SUBJ li- · ADJ ji-/Ø · GEN la · DEM hili/lile · POSS l- · REL -lo</div><div class=hinweis>hili → lile — Nähe und Ferne haben je eine eigene Demonstrativreihe, beide nach der Klasse gebildet</div>	A1 SD1 kontrast demonstrativ kl5
dieses Buch hier ⁄⁄ jenes Buch dort	kitabu hiki ⁄⁄ kitabu kile<hr><table class=gloss><tr class=mo><td>kitabu</td><td>hiki</td></tr><tr class=la><td>KL7.Buch</td><td>KL7.DEM.nah</td></tr></table><table class=gloss><tr class=mo><td>kitabu</td><td>kile</td></tr><tr class=la><td>KL7.Buch</td><td>KL7.DEM.fern</td></tr></table><div class=klassen>kitabu Kl. 7/8 (ki- › vi-) → vitabu</div><div class=konkordanz>Kl.7: SUBJ ki- · ADJ ki- · GEN cha · DEM hiki/kile · POSS ch- · REL -cho</div><div class=hinweis>hiki → kile — Nähe und Ferne haben je eine eigene Demonstrativreihe, beide nach der Klasse gebildet</div>	A1 SD1 kontrast demonstrativ kl7
dieser Stuhl hier ⁄⁄ jener Stuhl dort	kiti hiki ⁄⁄ kiti kile<hr><table class=gloss><tr class=mo><td>kiti</td><td>hiki</td></tr><tr class=la><td>KL7.Stuhl</td><td>KL7.DEM.nah</td></tr></table><table class=gloss><tr class=mo><td>kiti</td><td>kile</td></tr><tr class=la><td>KL7.Stuhl</td><td>KL7.DEM.fern</td></tr></table><div class=klassen>kiti Kl. 7/8 (ki- › vi-) → viti</div><div class=konkordanz>Kl.7: SUBJ ki- · ADJ ki- · GEN cha · DEM hiki/kile · POSS ch- · REL -cho</div><div class=hinweis>hiki → kile — Nähe und Ferne haben je eine eigene Demonstrativreihe, beide nach der Klasse gebildet</div>	A1 SD1 kontrast demonstrativ kl7
dieses Zimmer hier ⁄⁄ jenes Zimmer dort	chumba hiki ⁄⁄ chumba kile<hr><table class=gloss><tr class=mo><td>chumba</td><td>hiki</td></tr><tr class=la><td>KL7.Zimmer</td><td>KL7.DEM.nah</td></tr></table><table class=gloss><tr class=mo><td>chumba</td><td>kile</td></tr><tr class=la><td>KL7.Zimmer</td><td>KL7.DEM.fern</td></tr></table><div class=klassen>chumba Kl. 7/8 (ki- › vi-) → vyumba</div><div class=konkordanz>Kl.7: SUBJ ki- · ADJ ki- · GEN cha · DEM hiki/kile · POSS ch- · REL -cho</div><div class=hinweis>hiki → kile — Nähe und Ferne haben je eine eigene Demonstrativreihe, beide nach der Klasse gebildet</div>	A1 SD1 kontrast demonstrativ kl7
dieser Brief hier ⁄⁄ jener Brief dort	barua hii ⁄⁄ barua ile<hr><table class=gloss><tr class=mo><td>barua</td><td>hii</td></tr><tr class=la><td>KL9.Brief</td><td>KL9.DEM.nah</td></tr></table><table class=gloss><tr class=mo><td>barua</td><td>ile</td></tr><tr class=la><td>KL9.Brief</td><td>KL9.DEM.fern</td></tr></table><div class=klassen>barua Kl. 9/10 (Ø/n-) → barua — Numerus nur an der Konkordanz</div><div class=konkordanz>Kl.9: SUBJ i- · ADJ Ø/n- · GEN ya · DEM hii/ile · POSS y- · REL -yo</div><div class=hinweis>hii → ile — Nähe und Ferne haben je eine eigene Demonstrativreihe, beide nach der Klasse gebildet</div>	A1 SD1 kontrast demonstrativ kl9
dieses Haus hier ⁄⁄ jenes Haus dort	nyumba hii ⁄⁄ nyumba ile<hr><table class=gloss><tr class=mo><td>nyumba</td><td>hii</td></tr><tr class=la><td>KL9.Haus</td><td>KL9.DEM.nah</td></tr></table><table class=gloss><tr class=mo><td>nyumba</td><td>ile</td></tr><tr class=la><td>KL9.Haus</td><td>KL9.DEM.fern</td></tr></table><div class=klassen>nyumba Kl. 9/10 (Ø/n-) → nyumba — Numerus nur an der Konkordanz</div><div class=konkordanz>Kl.9: SUBJ i- · ADJ Ø/n- · GEN ya · DEM hii/ile · POSS y- · REL -yo</div><div class=hinweis>hii → ile — Nähe und Ferne haben je eine eigene Demonstrativreihe, beide nach der Klasse gebildet</div>	A1 SD1 kontrast demonstrativ kl9
dieses Telefon hier ⁄⁄ jenes Telefon dort	simu hii ⁄⁄ simu ile<hr><table class=gloss><tr class=mo><td>simu</td><td>hii</td></tr><tr class=la><td>KL9.Telefon</td><td>KL9.DEM.nah</td></tr></table><table class=gloss><tr class=mo><td>simu</td><td>ile</td></tr><tr class=la><td>KL9.Telefon</td><td>KL9.DEM.fern</td></tr></table><div class=klassen>simu Kl. 9/10 (Ø/n-) → simu — Numerus nur an der Konkordanz</div><div class=konkordanz>Kl.9: SUBJ i- · ADJ Ø/n- · GEN ya · DEM hii/ile · POSS y- · REL -yo</div><div class=hinweis>hii → ile — Nähe und Ferne haben je eine eigene Demonstrativreihe, beide nach der Klasse gebildet</div>	A1 SD1 kontrast demonstrativ kl9
dieser Schlüssel hier ⁄⁄ jener Schlüssel dort	ufunguo huu ⁄⁄ ufunguo ule<hr><table class=gloss><tr class=mo><td>ufunguo</td><td>huu</td></tr><tr class=la><td>KL11.Schlüssel</td><td>KL11.DEM.nah</td></tr></table><table class=gloss><tr class=mo><td>ufunguo</td><td>ule</td></tr><tr class=la><td>KL11.Schlüssel</td><td>KL11.DEM.fern</td></tr></table><div class=klassen>ufunguo Kl. 11/10 (u- › Ø/n-) → funguo</div><div class=konkordanz>Kl.11: SUBJ u- · ADJ m-/mw- · GEN wa · DEM huu/ule · POSS w- · REL -o</div><div class=hinweis>huu → ule — Nähe und Ferne haben je eine eigene Demonstrativreihe, beide nach der Klasse gebildet</div>	A1 SD1 kontrast demonstrativ kl11
dieses Lied hier ⁄⁄ jenes Lied dort	wimbo huu ⁄⁄ wimbo ule<hr><table class=gloss><tr class=mo><td>wimbo</td><td>huu</td></tr><tr class=la><td>KL11.Lied</td><td>KL11.DEM.nah</td></tr></table><table class=gloss><tr class=mo><td>wimbo</td><td>ule</td></tr><tr class=la><td>KL11.Lied</td><td>KL11.DEM.fern</td></tr></table><div class=klassen>wimbo Kl. 11/10 (u- › Ø/n-) → nyimbo</div><div class=konkordanz>Kl.11: SUBJ u- · ADJ m-/mw- · GEN wa · DEM huu/ule · POSS w- · REL -o</div><div class=hinweis>huu → ule — Nähe und Ferne haben je eine eigene Demonstrativreihe, beide nach der Klasse gebildet</div>	A1 SD1 kontrast demonstrativ kl11
diese Wand hier ⁄⁄ jene Wand dort	ukuta huu ⁄⁄ ukuta ule<hr><table class=gloss><tr class=mo><td>ukuta</td><td>huu</td></tr><tr class=la><td>KL11.Wand</td><td>KL11.DEM.nah</td></tr></table><table class=gloss><tr class=mo><td>ukuta</td><td>ule</td></tr><tr class=la><td>KL11.Wand</td><td>KL11.DEM.fern</td></tr></table><div class=klassen>ukuta Kl. 11/10 (u- › Ø/n-) → kuta</div><div class=konkordanz>Kl.11: SUBJ u- · ADJ m-/mw- · GEN wa · DEM huu/ule · POSS w- · REL -o</div><div class=hinweis>huu → ule — Nähe und Ferne haben je eine eigene Demonstrativreihe, beide nach der Klasse gebildet</div>	A1 SD1 kontrast demonstrativ kl11
mein Baum ⁄⁄ meine Bäume	mti wangu ⁄⁄ miti yangu<hr><table class=gloss><tr class=mo><td>mti</td><td>w-angu</td></tr><tr class=la><td>KL3.Baum</td><td>KL3-mein</td></tr></table><table class=gloss><tr class=mo><td>miti</td><td>y-angu</td></tr><tr class=la><td>KL4.Baum</td><td>KL4-mein</td></tr></table><div class=klassen>mti Kl. 3/4 (m-/mw- › mi-) → miti</div><div class=konkordanz>Kl.3: SUBJ u- · ADJ m-/mw- · GEN wa · DEM huu/ule · POSS w- · REL -o · Kl.4: SUBJ i- · ADJ mi- · GEN ya · DEM hii/ile · POSS y- · REL -yo</div><div class=hinweis>wangu → yangu — Der Possessivstamm -angu bleibt, nur das Konkordanzpräfix wechselt mit der Klasse</div>	A1 SD1 kontrast possessiv kl3 kl4
mein Brot ⁄⁄ meine Brote	mkate wangu ⁄⁄ mikate yangu<hr><table class=gloss><tr class=mo><td>mkate</td><td>w-angu</td></tr><tr class=la><td>KL3.Brot</td><td>KL3-mein</td></tr></table><table class=gloss><tr class=mo><td>mikate</td><td>y-angu</td></tr><tr class=la><td>KL4.Brot</td><td>KL4-mein</td></tr></table><div class=klassen>mkate Kl. 3/4 (m-/mw- › mi-) → mikate</div><div class=konkordanz>Kl.3: SUBJ u- · ADJ m-/mw- · GEN wa · DEM huu/ule · POSS w- · REL -o · Kl.4: SUBJ i- · ADJ mi- · GEN ya · DEM hii/ile · POSS y- · REL -yo</div><div class=hinweis>wangu → yangu — Der Possessivstamm -angu bleibt, nur das Konkordanzpräfix wechselt mit der Klasse</div>	A1 SD1 kontrast possessiv kl3 kl4
mein Stadt ⁄⁄ meine Städte	mji wangu ⁄⁄ miji yangu<hr><table class=gloss><tr class=mo><td>mji</td><td>w-angu</td></tr><tr class=la><td>KL3.Stadt</td><td>KL3-mein</td></tr></table><table class=gloss><tr class=mo><td>miji</td><td>y-angu</td></tr><tr class=la><td>KL4.Stadt</td><td>KL4-mein</td></tr></table><div class=klassen>mji Kl. 3/4 (m-/mw- › mi-) → miji</div><div class=konkordanz>Kl.3: SUBJ u- · ADJ m-/mw- · GEN wa · DEM huu/ule · POSS w- · REL -o · Kl.4: SUBJ i- · ADJ mi- · GEN ya · DEM hii/ile · POSS y- · REL -yo</div><div class=hinweis>wangu → yangu — Der Possessivstamm -angu bleibt, nur das Konkordanzpräfix wechselt mit der Klasse</div>	A1 SD1 kontrast possessiv kl3 kl4
mein Auto ⁄⁄ meine Autos	gari langu ⁄⁄ magari yangu<hr><table class=gloss><tr class=mo><td>gari</td><td>l-angu</td></tr><tr class=la><td>KL5.Auto</td><td>KL5-mein</td></tr></table><table class=gloss><tr class=mo><td>magari</td><td>y-angu</td></tr><tr class=la><td>KL6.Auto</td><td>KL6-mein</td></tr></table><div class=klassen>gari Kl. 5/6 (ji-/Ø › ma-) → magari</div><div class=konkordanz>Kl.5: SUBJ li- · ADJ ji-/Ø · GEN la · DEM hili/lile · POSS l- · REL -lo · Kl.6: SUBJ ya- · ADJ ma- · GEN ya · DEM haya/yale · POSS y- · REL -yo</div><div class=hinweis>langu → yangu — Der Possessivstamm -angu bleibt, nur das Konkordanzpräfix wechselt mit der Klasse</div>	A1 SD1 kontrast possessiv kl5 kl6
mein Laden ⁄⁄ meine Läden	duka langu ⁄⁄ maduka yangu<hr><table class=gloss><tr class=mo><td>duka</td><td>l-angu</td></tr><tr class=la><td>KL5.Laden</td><td>KL5-mein</td></tr></table><table class=gloss><tr class=mo><td>maduka</td><td>y-angu</td></tr><tr class=la><td>KL6.Laden</td><td>KL6-mein</td></tr></table><div class=klassen>duka Kl. 5/6 (ji-/Ø › ma-) → maduka</div><div class=konkordanz>Kl.5: SUBJ li- · ADJ ji-/Ø · GEN la · DEM hili/lile · POSS l- · REL -lo · Kl.6: SUBJ ya- · ADJ ma- · GEN ya · DEM haya/yale · POSS y- · REL -yo</div><div class=hinweis>langu → yangu — Der Possessivstamm -angu bleibt, nur das Konkordanzpräfix wechselt mit der Klasse</div>	A1 SD1 kontrast possessiv kl5 kl6
mein Name ⁄⁄ meine Namen	jina langu ⁄⁄ majina yangu<hr><table class=gloss><tr class=mo><td>jina</td><td>l-angu</td></tr><tr class=la><td>KL5.Name</td><td>KL5-mein</td></tr></table><table class=gloss><tr class=mo><td>majina</td><td>y-angu</td></tr><tr class=la><td>KL6.Name</td><td>KL6-mein</td></tr></table><div class=klassen>jina Kl. 5/6 (ji-/Ø › ma-) → majina</div><div class=konkordanz>Kl.5: SUBJ li- · ADJ ji-/Ø · GEN la · DEM hili/lile · POSS l- · REL -lo · Kl.6: SUBJ ya- · ADJ ma- · GEN ya · DEM haya/yale · POSS y- · REL -yo</div><div class=hinweis>langu → yangu — Der Possessivstamm -angu bleibt, nur das Konkordanzpräfix wechselt mit der Klasse</div>	A1 SD1 kontrast possessiv kl5 kl6
mein Buch ⁄⁄ meine Bücher	kitabu changu ⁄⁄ vitabu vyangu<hr><table class=gloss><tr class=mo><td>kitabu</td><td>ch-angu</td></tr><tr class=la><td>KL7.Buch</td><td>KL7-mein</td></tr></table><table class=gloss><tr class=mo><td>vitabu</td><td>vy-angu</td></tr><tr class=la><td>KL8.Buch</td><td>KL8-mein</td></tr></table><div class=klassen>kitabu Kl. 7/8 (ki- › vi-) → vitabu</div><div class=konkordanz>Kl.7: SUBJ ki- · ADJ ki- · GEN cha · DEM hiki/kile · POSS ch- · REL -cho · Kl.8: SUBJ vi- · ADJ vi- · GEN vya · DEM hivi/vile · POSS vy- · REL -vyo</div><div class=hinweis>changu → vyangu — Der Possessivstamm -angu bleibt, nur das Konkordanzpräfix wechselt mit der Klasse</div>	A1 SD1 kontrast possessiv kl7 kl8
mein Stuhl ⁄⁄ meine Stühle	kiti changu ⁄⁄ viti vyangu<hr><table class=gloss><tr class=mo><td>kiti</td><td>ch-angu</td></tr><tr class=la><td>KL7.Stuhl</td><td>KL7-mein</td></tr></table><table class=gloss><tr class=mo><td>viti</td><td>vy-angu</td></tr><tr class=la><td>KL8.Stuhl</td><td>KL8-mein</td></tr></table><div class=klassen>kiti Kl. 7/8 (ki- › vi-) → viti</div><div class=konkordanz>Kl.7: SUBJ ki- · ADJ ki- · GEN cha · DEM hiki/kile · POSS ch- · REL -cho · Kl.8: SUBJ vi- · ADJ vi- · GEN vya · DEM hivi/vile · POSS vy- · REL -vyo</div><div class=hinweis>changu → vyangu — Der Possessivstamm -angu bleibt, nur das Konkordanzpräfix wechselt mit der Klasse</div>	A1 SD1 kontrast possessiv kl7 kl8
mein Zimmer ⁄⁄ meine Zimmer	chumba changu ⁄⁄ vyumba vyangu<hr><table class=gloss><tr class=mo><td>chumba</td><td>ch-angu</td></tr><tr class=la><td>KL7.Zimmer</td><td>KL7-mein</td></tr></table><table class=gloss><tr class=mo><td>vyumba</td><td>vy-angu</td></tr><tr class=la><td>KL8.Zimmer</td><td>KL8-mein</td></tr></table><div class=klassen>chumba Kl. 7/8 (ki- › vi-) → vyumba</div><div class=konkordanz>Kl.7: SUBJ ki- · ADJ ki- · GEN cha · DEM hiki/kile · POSS ch- · REL -cho · Kl.8: SUBJ vi- · ADJ vi- · GEN vya · DEM hivi/vile · POSS vy- · REL -vyo</div><div class=hinweis>changu → vyangu — Der Possessivstamm -angu bleibt, nur das Konkordanzpräfix wechselt mit der Klasse</div>	A1 SD1 kontrast possessiv kl7 kl8
mein Brief ⁄⁄ meine Briefe	barua yangu ⁄⁄ barua zangu<hr><table class=gloss><tr class=mo><td>barua</td><td>y-angu</td></tr><tr class=la><td>KL9.Brief</td><td>KL9-mein</td></tr></table><table class=gloss><tr class=mo><td>barua</td><td>z-angu</td></tr><tr class=la><td>KL10.Brief</td><td>KL10-mein</td></tr></table><div class=klassen>barua Kl. 9/10 (Ø/n-) → barua — Numerus nur an der Konkordanz</div><div class=konkordanz>Kl.9: SUBJ i- · ADJ Ø/n- · GEN ya · DEM hii/ile · POSS y- · REL -yo · Kl.10: SUBJ zi- · ADJ Ø/n- · GEN za · DEM hizi/zile · POSS z- · REL -zo</div><div class=hinweis>yangu → zangu — Der Possessivstamm -angu bleibt, nur das Konkordanzpräfix wechselt mit der Klasse</div>	A1 SD1 kontrast possessiv kl9 kl10
mein Haus ⁄⁄ meine Häuser	nyumba yangu ⁄⁄ nyumba zangu<hr><table class=gloss><tr class=mo><td>nyumba</td><td>y-angu</td></tr><tr class=la><td>KL9.Haus</td><td>KL9-mein</td></tr></table><table class=gloss><tr class=mo><td>nyumba</td><td>z-angu</td></tr><tr class=la><td>KL10.Haus</td><td>KL10-mein</td></tr></table><div class=klassen>nyumba Kl. 9/10 (Ø/n-) → nyumba — Numerus nur an der Konkordanz</div><div class=konkordanz>Kl.9: SUBJ i- · ADJ Ø/n- · GEN ya · DEM hii/ile · POSS y- · REL -yo · Kl.10: SUBJ zi- · ADJ Ø/n- · GEN za · DEM hizi/zile · POSS z- · REL -zo</div><div class=hinweis>yangu → zangu — Der Possessivstamm -angu bleibt, nur das Konkordanzpräfix wechselt mit der Klasse</div>	A1 SD1 kontrast possessiv kl9 kl10
mein Telefon ⁄⁄ meine Telefone	simu yangu ⁄⁄ simu zangu<hr><table class=gloss><tr class=mo><td>simu</td><td>y-angu</td></tr><tr class=la><td>KL9.Telefon</td><td>KL9-mein</td></tr></table><table class=gloss><tr class=mo><td>simu</td><td>z-angu</td></tr><tr class=la><td>KL10.Telefon</td><td>KL10-mein</td></tr></table><div class=klassen>simu Kl. 9/10 (Ø/n-) → simu — Numerus nur an der Konkordanz</div><div class=konkordanz>Kl.9: SUBJ i- · ADJ Ø/n- · GEN ya · DEM hii/ile · POSS y- · REL -yo · Kl.10: SUBJ zi- · ADJ Ø/n- · GEN za · DEM hizi/zile · POSS z- · REL -zo</div><div class=hinweis>yangu → zangu — Der Possessivstamm -angu bleibt, nur das Konkordanzpräfix wechselt mit der Klasse</div>	A1 SD1 kontrast possessiv kl9 kl10
mein Schlüssel ⁄⁄ meine Schlüssel	ufunguo wangu ⁄⁄ funguo zangu<hr><table class=gloss><tr class=mo><td>ufunguo</td><td>w-angu</td></tr><tr class=la><td>KL11.Schlüssel</td><td>KL11-mein</td></tr></table><table class=gloss><tr class=mo><td>funguo</td><td>z-angu</td></tr><tr class=la><td>KL10.Schlüssel</td><td>KL10-mein</td></tr></table><div class=klassen>ufunguo Kl. 11/10 (u- › Ø/n-) → funguo</div><div class=konkordanz>Kl.11: SUBJ u- · ADJ m-/mw- · GEN wa · DEM huu/ule · POSS w- · REL -o · Kl.10: SUBJ zi- · ADJ Ø/n- · GEN za · DEM hizi/zile · POSS z- · REL -zo</div><div class=hinweis>wangu → zangu — Der Possessivstamm -angu bleibt, nur das Konkordanzpräfix wechselt mit der Klasse</div>	A1 SD1 kontrast possessiv kl11 kl10
mein Lied ⁄⁄ meine Lieder	wimbo wangu ⁄⁄ nyimbo zangu<hr><table class=gloss><tr class=mo><td>wimbo</td><td>w-angu</td></tr><tr class=la><td>KL11.Lied</td><td>KL11-mein</td></tr></table><table class=gloss><tr class=mo><td>nyimbo</td><td>z-angu</td></tr><tr class=la><td>KL10.Lied</td><td>KL10-mein</td></tr></table><div class=klassen>wimbo Kl. 11/10 (u- › Ø/n-) → nyimbo</div><div class=konkordanz>Kl.11: SUBJ u- · ADJ m-/mw- · GEN wa · DEM huu/ule · POSS w- · REL -o · Kl.10: SUBJ zi- · ADJ Ø/n- · GEN za · DEM hizi/zile · POSS z- · REL -zo</div><div class=hinweis>wangu → zangu — Der Possessivstamm -angu bleibt, nur das Konkordanzpräfix wechselt mit der Klasse</div>	A1 SD1 kontrast possessiv kl11 kl10
mein Wand ⁄⁄ meine Wände	ukuta wangu ⁄⁄ kuta zangu<hr><table class=gloss><tr class=mo><td>ukuta</td><td>w-angu</td></tr><tr class=la><td>KL11.Wand</td><td>KL11-mein</td></tr></table><table class=gloss><tr class=mo><td>kuta</td><td>z-angu</td></tr><tr class=la><td>KL10.Wand</td><td>KL10-mein</td></tr></table><div class=klassen>ukuta Kl. 11/10 (u- › Ø/n-) → kuta</div><div class=konkordanz>Kl.11: SUBJ u- · ADJ m-/mw- · GEN wa · DEM huu/ule · POSS w- · REL -o · Kl.10: SUBJ zi- · ADJ Ø/n- · GEN za · DEM hizi/zile · POSS z- · REL -zo</div><div class=hinweis>wangu → zangu — Der Possessivstamm -angu bleibt, nur das Konkordanzpräfix wechselt mit der Klasse</div>	A1 SD1 kontrast possessiv kl11 kl10
Ich lese gerade das Buch. ⁄⁄ Ich habe das Buch schon gelesen.	Ninasoma kitabu. ⁄⁄ Nimesoma kitabu.<hr><table class=gloss><tr class=mo><td>ni-na-som-a</td><td>ki-tabu</td></tr><tr class=la><td>1SG-PRÄS-lesen-IND</td><td>KL7-Buch</td></tr></table><table class=gloss><tr class=mo><td>ni-me-som-a</td><td>ki-tabu</td></tr><tr class=la><td>1SG-PERF-lesen-IND</td><td>KL7-Buch</td></tr></table><div class=hinweis>-na- → -me- — Nur der TAM-Marker wechselt: -na- PRÄS gegen -me- PERF. Stamm und Endvokal bleiben.</div>	A1 SD1 kontrast tam tam-na tam-me
Ich lese gerade das Buch. ⁄⁄ Gestern las ich das Buch.	Ninasoma kitabu. ⁄⁄ Nilisoma kitabu.<hr><table class=gloss><tr class=mo><td>ni-na-som-a</td><td>ki-tabu</td></tr><tr class=la><td>1SG-PRÄS-lesen-IND</td><td>KL7-Buch</td></tr></table><table class=gloss><tr class=mo><td>ni-li-som-a</td><td>ki-tabu</td></tr><tr class=la><td>1SG-PRÄT-lesen-IND</td><td>KL7-Buch</td></tr></table><div class=hinweis>-na- → -li- — Nur der TAM-Marker wechselt: -na- PRÄS gegen -li- PRÄT. Stamm und Endvokal bleiben.</div>	A1 SD1 kontrast tam tam-na tam-li
Ich lese gerade das Buch. ⁄⁄ Morgen werde ich das Buch lesen.	Ninasoma kitabu. ⁄⁄ Nitasoma kitabu.<hr><table class=gloss><tr class=mo><td>ni-na-som-a</td><td>ki-tabu</td></tr><tr class=la><td>1SG-PRÄS-lesen-IND</td><td>KL7-Buch</td></tr></table><table class=gloss><tr class=mo><td>ni-ta-som-a</td><td>ki-tabu</td></tr><tr class=la><td>1SG-FUT-lesen-IND</td><td>KL7-Buch</td></tr></table><div class=hinweis>-na- → -ta- — Nur der TAM-Marker wechselt: -na- PRÄS gegen -ta- FUT. Stamm und Endvokal bleiben.</div>	A1 SD1 kontrast tam tam-na tam-ta
Gestern las ich das Buch. ⁄⁄ Ich habe das Buch schon gelesen.	Nilisoma kitabu. ⁄⁄ Nimesoma kitabu.<hr><table class=gloss><tr class=mo><td>ni-li-som-a</td><td>ki-tabu</td></tr><tr class=la><td>1SG-PRÄT-lesen-IND</td><td>KL7-Buch</td></tr></table><table class=gloss><tr class=mo><td>ni-me-som-a</td><td>ki-tabu</td></tr><tr class=la><td>1SG-PERF-lesen-IND</td><td>KL7-Buch</td></tr></table><div class=hinweis>-li- → -me- — Nur der TAM-Marker wechselt: -li- PRÄT gegen -me- PERF. Stamm und Endvokal bleiben.</div>	A1 SD1 kontrast tam tam-li tam-me
Gestern las ich das Buch. ⁄⁄ Morgen werde ich das Buch lesen.	Nilisoma kitabu. ⁄⁄ Nitasoma kitabu.<hr><table class=gloss><tr class=mo><td>ni-li-som-a</td><td>ki-tabu</td></tr><tr class=la><td>1SG-PRÄT-lesen-IND</td><td>KL7-Buch</td></tr></table><table class=gloss><tr class=mo><td>ni-ta-som-a</td><td>ki-tabu</td></tr><tr class=la><td>1SG-FUT-lesen-IND</td><td>KL7-Buch</td></tr></table><div class=hinweis>-li- → -ta- — Nur der TAM-Marker wechselt: -li- PRÄT gegen -ta- FUT. Stamm und Endvokal bleiben.</div>	A1 SD1 kontrast tam tam-li tam-ta
Ich habe das Buch schon gelesen. ⁄⁄ Morgen werde ich das Buch lesen.	Nimesoma kitabu. ⁄⁄ Nitasoma kitabu.<hr><table class=gloss><tr class=mo><td>ni-me-som-a</td><td>ki-tabu</td></tr><tr class=la><td>1SG-PERF-lesen-IND</td><td>KL7-Buch</td></tr></table><table class=gloss><tr class=mo><td>ni-ta-som-a</td><td>ki-tabu</td></tr><tr class=la><td>1SG-FUT-lesen-IND</td><td>KL7-Buch</td></tr></table><div class=hinweis>-me- → -ta- — Nur der TAM-Marker wechselt: -me- PERF gegen -ta- FUT. Stamm und Endvokal bleiben.</div>	A1 SD1 kontrast tam tam-me tam-ta
Ich kaufe gerade die Brote. ⁄⁄ Ich habe die Brote schon gekauft.	Ninanunua mikate. ⁄⁄ Nimenunua mikate.<hr><table class=gloss><tr class=mo><td>ni-na-nunu-a</td><td>mi-kate</td></tr><tr class=la><td>1SG-PRÄS-kaufen-IND</td><td>KL4-Brot</td></tr></table><table class=gloss><tr class=mo><td>ni-me-nunu-a</td><td>mi-kate</td></tr><tr class=la><td>1SG-PERF-kaufen-IND</td><td>KL4-Brot</td></tr></table><div class=hinweis>-na- → -me- — Nur der TAM-Marker wechselt: -na- PRÄS gegen -me- PERF. Stamm und Endvokal bleiben.</div>	A1 SD1 kontrast tam tam-na tam-me
Ich kaufe gerade die Brote. ⁄⁄ Gestern kaufte ich die Brote.	Ninanunua mikate. ⁄⁄ Nilinunua mikate.<hr><table class=gloss><tr class=mo><td>ni-na-nunu-a</td><td>mi-kate</td></tr><tr class=la><td>1SG-PRÄS-kaufen-IND</td><td>KL4-Brot</td></tr></table><table class=gloss><tr class=mo><td>ni-li-nunu-a</td><td>mi-kate</td></tr><tr class=la><td>1SG-PRÄT-kaufen-IND</td><td>KL4-Brot</td></tr></table><div class=hinweis>-na- → -li- — Nur der TAM-Marker wechselt: -na- PRÄS gegen -li- PRÄT. Stamm und Endvokal bleiben.</div>	A1 SD1 kontrast tam tam-na tam-li
Ich kaufe gerade die Brote. ⁄⁄ Morgen werde ich die Brote kaufen.	Ninanunua mikate. ⁄⁄ Nitanunua mikate.<hr><table class=gloss><tr class=mo><td>ni-na-nunu-a</td><td>mi-kate</td></tr><tr class=la><td>1SG-PRÄS-kaufen-IND</td><td>KL4-Brot</td></tr></table><table class=gloss><tr class=mo><td>ni-ta-nunu-a</td><td>mi-kate</td></tr><tr class=la><td>1SG-FUT-kaufen-IND</td><td>KL4-Brot</td></tr></table><div class=hinweis>-na- → -ta- — Nur der TAM-Marker wechselt: -na- PRÄS gegen -ta- FUT. Stamm und Endvokal bleiben.</div>	A1 SD1 kontrast tam tam-na tam-ta
Gestern kaufte ich die Brote. ⁄⁄ Ich habe die Brote schon gekauft.	Nilinunua mikate. ⁄⁄ Nimenunua mikate.<hr><table class=gloss><tr class=mo><td>ni-li-nunu-a</td><td>mi-kate</td></tr><tr class=la><td>1SG-PRÄT-kaufen-IND</td><td>KL4-Brot</td></tr></table><table class=gloss><tr class=mo><td>ni-me-nunu-a</td><td>mi-kate</td></tr><tr class=la><td>1SG-PERF-kaufen-IND</td><td>KL4-Brot</td></tr></table><div class=hinweis>-li- → -me- — Nur der TAM-Marker wechselt: -li- PRÄT gegen -me- PERF. Stamm und Endvokal bleiben.</div>	A1 SD1 kontrast tam tam-li tam-me
Gestern kaufte ich die Brote. ⁄⁄ Morgen werde ich die Brote kaufen.	Nilinunua mikate. ⁄⁄ Nitanunua mikate.<hr><table class=gloss><tr class=mo><td>ni-li-nunu-a</td><td>mi-kate</td></tr><tr class=la><td>1SG-PRÄT-kaufen-IND</td><td>KL4-Brot</td></tr></table><table class=gloss><tr class=mo><td>ni-ta-nunu-a</td><td>mi-kate</td></tr><tr class=la><td>1SG-FUT-kaufen-IND</td><td>KL4-Brot</td></tr></table><div class=hinweis>-li- → -ta- — Nur der TAM-Marker wechselt: -li- PRÄT gegen -ta- FUT. Stamm und Endvokal bleiben.</div>	A1 SD1 kontrast tam tam-li tam-ta
Ich habe die Brote schon gekauft. ⁄⁄ Morgen werde ich die Brote kaufen.	Nimenunua mikate. ⁄⁄ Nitanunua mikate.<hr><table class=gloss><tr class=mo><td>ni-me-nunu-a</td><td>mi-kate</td></tr><tr class=la><td>1SG-PERF-kaufen-IND</td><td>KL4-Brot</td></tr></table><table class=gloss><tr class=mo><td>ni-ta-nunu-a</td><td>mi-kate</td></tr><tr class=la><td>1SG-FUT-kaufen-IND</td><td>KL4-Brot</td></tr></table><div class=hinweis>-me- → -ta- — Nur der TAM-Marker wechselt: -me- PERF gegen -ta- FUT. Stamm und Endvokal bleiben.</div>	A1 SD1 kontrast tam tam-me tam-ta
Ich schreibe gerade den Brief. ⁄⁄ Ich habe den Brief schon geschrieben.	Ninaandika barua. ⁄⁄ Nimeandika barua.<hr><table class=gloss><tr class=mo><td>ni-na-andik-a</td><td>barua</td></tr><tr class=la><td>1SG-PRÄS-schreiben-IND</td><td>KL9.Brief</td></tr></table><table class=gloss><tr class=mo><td>ni-me-andik-a</td><td>barua</td></tr><tr class=la><td>1SG-PERF-schreiben-IND</td><td>KL9.Brief</td></tr></table><div class=hinweis>-na- → -me- — Nur der TAM-Marker wechselt: -na- PRÄS gegen -me- PERF. Stamm und Endvokal bleiben.</div>	A1 SD1 kontrast tam tam-na tam-me
Ich schreibe gerade den Brief. ⁄⁄ Gestern schrieb ich den Brief.	Ninaandika barua. ⁄⁄ Niliandika barua.<hr><table class=gloss><tr class=mo><td>ni-na-andik-a</td><td>barua</td></tr><tr class=la><td>1SG-PRÄS-schreiben-IND</td><td>KL9.Brief</td></tr></table><table class=gloss><tr class=mo><td>ni-li-andik-a</td><td>barua</td></tr><tr class=la><td>1SG-PRÄT-schreiben-IND</td><td>KL9.Brief</td></tr></table><div class=hinweis>-na- → -li- — Nur der TAM-Marker wechselt: -na- PRÄS gegen -li- PRÄT. Stamm und Endvokal bleiben.</div>	A1 SD1 kontrast tam tam-na tam-li
Ich schreibe gerade den Brief. ⁄⁄ Morgen werde ich den Brief schreiben.	Ninaandika barua. ⁄⁄ Nitaandika barua.<hr><table class=gloss><tr class=mo><td>ni-na-andik-a</td><td>barua</td></tr><tr class=la><td>1SG-PRÄS-schreiben-IND</td><td>KL9.Brief</td></tr></table><table class=gloss><tr class=mo><td>ni-ta-andik-a</td><td>barua</td></tr><tr class=la><td>1SG-FUT-schreiben-IND</td><td>KL9.Brief</td></tr></table><div class=hinweis>-na- → -ta- — Nur der TAM-Marker wechselt: -na- PRÄS gegen -ta- FUT. Stamm und Endvokal bleiben.</div>	A1 SD1 kontrast tam tam-na tam-ta
Gestern schrieb ich den Brief. ⁄⁄ Ich habe den Brief schon geschrieben.	Niliandika barua. ⁄⁄ Nimeandika barua.<hr><table class=gloss><tr class=mo><td>ni-li-andik-a</td><td>barua</td></tr><tr class=la><td>1SG-PRÄT-schreiben-IND</td><td>KL9.Brief</td></tr></table><table class=gloss><tr class=mo><td>ni-me-andik-a</td><td>barua</td></tr><tr class=la><td>1SG-PERF-schreiben-IND</td><td>KL9.Brief</td></tr></table><div class=hinweis>-li- → -me- — Nur der TAM-Marker wechselt: -li- PRÄT gegen -me- PERF. Stamm und Endvokal bleiben.</div>	A1 SD1 kontrast tam tam-li tam-me
Gestern schrieb ich den Brief. ⁄⁄ Morgen werde ich den Brief schreiben.	Niliandika barua. ⁄⁄ Nitaandika barua.<hr><table class=gloss><tr class=mo><td>ni-li-andik-a</td><td>barua</td></tr><tr class=la><td>1SG-PRÄT-schreiben-IND</td><td>KL9.Brief</td></tr></table><table class=gloss><tr class=mo><td>ni-ta-andik-a</td><td>barua</td></tr><tr class=la><td>1SG-FUT-schreiben-IND</td><td>KL9.Brief</td></tr></table><div class=hinweis>-li- → -ta- — Nur der TAM-Marker wechselt: -li- PRÄT gegen -ta- FUT. Stamm und Endvokal bleiben.</div>	A1 SD1 kontrast tam tam-li tam-ta
Ich habe den Brief schon geschrieben. ⁄⁄ Morgen werde ich den Brief schreiben.	Nimeandika barua. ⁄⁄ Nitaandika barua.<hr><table class=gloss><tr class=mo><td>ni-me-andik-a</td><td>barua</td></tr><tr class=la><td>1SG-PERF-schreiben-IND</td><td>KL9.Brief</td></tr></table><table class=gloss><tr class=mo><td>ni-ta-andik-a</td><td>barua</td></tr><tr class=la><td>1SG-FUT-schreiben-IND</td><td>KL9.Brief</td></tr></table><div class=hinweis>-me- → -ta- — Nur der TAM-Marker wechselt: -me- PERF gegen -ta- FUT. Stamm und Endvokal bleiben.</div>	A1 SD1 kontrast tam tam-me tam-ta
Ich sehe gerade die Autos. ⁄⁄ Ich habe die Autos schon gesehen.	Ninaona magari. ⁄⁄ Nimeona magari.<hr><table class=gloss><tr class=mo><td>ni-na-on-a</td><td>ma-gari</td></tr><tr class=la><td>1SG-PRÄS-sehen-IND</td><td>KL6-Auto</td></tr></table><table class=gloss><tr class=mo><td>ni-me-on-a</td><td>ma-gari</td></tr><tr class=la><td>1SG-PERF-sehen-IND</td><td>KL6-Auto</td></tr></table><div class=hinweis>-na- → -me- — Nur der TAM-Marker wechselt: -na- PRÄS gegen -me- PERF. Stamm und Endvokal bleiben.</div>	A1 SD1 kontrast tam tam-na tam-me
Ich sehe gerade die Autos. ⁄⁄ Gestern sah ich die Autos.	Ninaona magari. ⁄⁄ Niliona magari.<hr><table class=gloss><tr class=mo><td>ni-na-on-a</td><td>ma-gari</td></tr><tr class=la><td>1SG-PRÄS-sehen-IND</td><td>KL6-Auto</td></tr></table><table class=gloss><tr class=mo><td>ni-li-on-a</td><td>ma-gari</td></tr><tr class=la><td>1SG-PRÄT-sehen-IND</td><td>KL6-Auto</td></tr></table><div class=hinweis>-na- → -li- — Nur der TAM-Marker wechselt: -na- PRÄS gegen -li- PRÄT. Stamm und Endvokal bleiben.</div>	A1 SD1 kontrast tam tam-na tam-li
Ich sehe gerade die Autos. ⁄⁄ Morgen werde ich die Autos sehen.	Ninaona magari. ⁄⁄ Nitaona magari.<hr><table class=gloss><tr class=mo><td>ni-na-on-a</td><td>ma-gari</td></tr><tr class=la><td>1SG-PRÄS-sehen-IND</td><td>KL6-Auto</td></tr></table><table class=gloss><tr class=mo><td>ni-ta-on-a</td><td>ma-gari</td></tr><tr class=la><td>1SG-FUT-sehen-IND</td><td>KL6-Auto</td></tr></table><div class=hinweis>-na- → -ta- — Nur der TAM-Marker wechselt: -na- PRÄS gegen -ta- FUT. Stamm und Endvokal bleiben.</div>	A1 SD1 kontrast tam tam-na tam-ta
Gestern sah ich die Autos. ⁄⁄ Ich habe die Autos schon gesehen.	Niliona magari. ⁄⁄ Nimeona magari.<hr><table class=gloss><tr class=mo><td>ni-li-on-a</td><td>ma-gari</td></tr><tr class=la><td>1SG-PRÄT-sehen-IND</td><td>KL6-Auto</td></tr></table><table class=gloss><tr class=mo><td>ni-me-on-a</td><td>ma-gari</td></tr><tr class=la><td>1SG-PERF-sehen-IND</td><td>KL6-Auto</td></tr></table><div class=hinweis>-li- → -me- — Nur der TAM-Marker wechselt: -li- PRÄT gegen -me- PERF. Stamm und Endvokal bleiben.</div>	A1 SD1 kontrast tam tam-li tam-me
Gestern sah ich die Autos. ⁄⁄ Morgen werde ich die Autos sehen.	Niliona magari. ⁄⁄ Nitaona magari.<hr><table class=gloss><tr class=mo><td>ni-li-on-a</td><td>ma-gari</td></tr><tr class=la><td>1SG-PRÄT-sehen-IND</td><td>KL6-Auto</td></tr></table><table class=gloss><tr class=mo><td>ni-ta-on-a</td><td>ma-gari</td></tr><tr class=la><td>1SG-FUT-sehen-IND</td><td>KL6-Auto</td></tr></table><div class=hinweis>-li- → -ta- — Nur der TAM-Marker wechselt: -li- PRÄT gegen -ta- FUT. Stamm und Endvokal bleiben.</div>	A1 SD1 kontrast tam tam-li tam-ta
Ich habe die Autos schon gesehen. ⁄⁄ Morgen werde ich die Autos sehen.	Nimeona magari. ⁄⁄ Nitaona magari.<hr><table class=gloss><tr class=mo><td>ni-me-on-a</td><td>ma-gari</td></tr><tr class=la><td>1SG-PERF-sehen-IND</td><td>KL6-Auto</td></tr></table><table class=gloss><tr class=mo><td>ni-ta-on-a</td><td>ma-gari</td></tr><tr class=la><td>1SG-FUT-sehen-IND</td><td>KL6-Auto</td></tr></table><div class=hinweis>-me- → -ta- — Nur der TAM-Marker wechselt: -me- PERF gegen -ta- FUT. Stamm und Endvokal bleiben.</div>	A1 SD1 kontrast tam tam-me tam-ta
Ich koche gerade das Essen. ⁄⁄ Ich habe das Essen schon gekocht.	Ninapika chakula. ⁄⁄ Nimepika chakula.<hr><table class=gloss><tr class=mo><td>ni-na-pik-a</td><td>chakula</td></tr><tr class=la><td>1SG-PRÄS-kochen-IND</td><td>KL7.Essen</td></tr></table><table class=gloss><tr class=mo><td>ni-me-pik-a</td><td>chakula</td></tr><tr class=la><td>1SG-PERF-kochen-IND</td><td>KL7.Essen</td></tr></table><div class=hinweis>-na- → -me- — Nur der TAM-Marker wechselt: -na- PRÄS gegen -me- PERF. Stamm und Endvokal bleiben.</div>	A1 SD1 kontrast tam tam-na tam-me
Ich koche gerade das Essen. ⁄⁄ Gestern kochte ich das Essen.	Ninapika chakula. ⁄⁄ Nilipika chakula.<hr><table class=gloss><tr class=mo><td>ni-na-pik-a</td><td>chakula</td></tr><tr class=la><td>1SG-PRÄS-kochen-IND</td><td>KL7.Essen</td></tr></table><table class=gloss><tr class=mo><td>ni-li-pik-a</td><td>chakula</td></tr><tr class=la><td>1SG-PRÄT-kochen-IND</td><td>KL7.Essen</td></tr></table><div class=hinweis>-na- → -li- — Nur der TAM-Marker wechselt: -na- PRÄS gegen -li- PRÄT. Stamm und Endvokal bleiben.</div>	A1 SD1 kontrast tam tam-na tam-li
Ich koche gerade das Essen. ⁄⁄ Morgen werde ich das Essen kochen.	Ninapika chakula. ⁄⁄ Nitapika chakula.<hr><table class=gloss><tr class=mo><td>ni-na-pik-a</td><td>chakula</td></tr><tr class=la><td>1SG-PRÄS-kochen-IND</td><td>KL7.Essen</td></tr></table><table class=gloss><tr class=mo><td>ni-ta-pik-a</td><td>chakula</td></tr><tr class=la><td>1SG-FUT-kochen-IND</td><td>KL7.Essen</td></tr></table><div class=hinweis>-na- → -ta- — Nur der TAM-Marker wechselt: -na- PRÄS gegen -ta- FUT. Stamm und Endvokal bleiben.</div>	A1 SD1 kontrast tam tam-na tam-ta
Gestern kochte ich das Essen. ⁄⁄ Ich habe das Essen schon gekocht.	Nilipika chakula. ⁄⁄ Nimepika chakula.<hr><table class=gloss><tr class=mo><td>ni-li-pik-a</td><td>chakula</td></tr><tr class=la><td>1SG-PRÄT-kochen-IND</td><td>KL7.Essen</td></tr></table><table class=gloss><tr class=mo><td>ni-me-pik-a</td><td>chakula</td></tr><tr class=la><td>1SG-PERF-kochen-IND</td><td>KL7.Essen</td></tr></table><div class=hinweis>-li- → -me- — Nur der TAM-Marker wechselt: -li- PRÄT gegen -me- PERF. Stamm und Endvokal bleiben.</div>	A1 SD1 kontrast tam tam-li tam-me
Gestern kochte ich das Essen. ⁄⁄ Morgen werde ich das Essen kochen.	Nilipika chakula. ⁄⁄ Nitapika chakula.<hr><table class=gloss><tr class=mo><td>ni-li-pik-a</td><td>chakula</td></tr><tr class=la><td>1SG-PRÄT-kochen-IND</td><td>KL7.Essen</td></tr></table><table class=gloss><tr class=mo><td>ni-ta-pik-a</td><td>chakula</td></tr><tr class=la><td>1SG-FUT-kochen-IND</td><td>KL7.Essen</td></tr></table><div class=hinweis>-li- → -ta- — Nur der TAM-Marker wechselt: -li- PRÄT gegen -ta- FUT. Stamm und Endvokal bleiben.</div>	A1 SD1 kontrast tam tam-li tam-ta
Ich habe das Essen schon gekocht. ⁄⁄ Morgen werde ich das Essen kochen.	Nimepika chakula. ⁄⁄ Nitapika chakula.<hr><table class=gloss><tr class=mo><td>ni-me-pik-a</td><td>chakula</td></tr><tr class=la><td>1SG-PERF-kochen-IND</td><td>KL7.Essen</td></tr></table><table class=gloss><tr class=mo><td>ni-ta-pik-a</td><td>chakula</td></tr><tr class=la><td>1SG-FUT-kochen-IND</td><td>KL7.Essen</td></tr></table><div class=hinweis>-me- → -ta- — Nur der TAM-Marker wechselt: -me- PERF gegen -ta- FUT. Stamm und Endvokal bleiben.</div>	A1 SD1 kontrast tam tam-me tam-ta
Ich lese das Buch. ⁄⁄ Ich lese das Buch nicht.	Ninasoma kitabu. ⁄⁄ Sisomi kitabu.<hr><table class=gloss><tr class=mo><td>ni-na-som-a</td><td>ki-tabu</td></tr><tr class=la><td>1SG-PRÄS-lesen-IND</td><td>KL7-Buch</td></tr></table><table class=gloss><tr class=mo><td>si-som-i</td><td>ki-tabu</td></tr><tr class=la><td>1SG.NEG-lesen-NEG</td><td>KL7-Buch</td></tr></table><div class=klassen>kitabu Kl. 7/8 (ki- › vi-) → vitabu</div><div class=konkordanz>Kl.7: SUBJ ki- · ADJ ki- · GEN cha · DEM hiki/kile · POSS ch- · REL -cho</div><div class=hinweis>ni-na-…-a → si-…-i — Die Negation tauscht das Subjektpräfix, streicht den TAM-Marker und ändert den Endvokal zu -i</div>	A1 SD1 kontrast negation p-1SG
Du liest das Buch. ⁄⁄ Du liest das Buch nicht.	Unasoma kitabu. ⁄⁄ Husomi kitabu.<hr><table class=gloss><tr class=mo><td>u-na-som-a</td><td>ki-tabu</td></tr><tr class=la><td>2SG-PRÄS-lesen-IND</td><td>KL7-Buch</td></tr></table><table class=gloss><tr class=mo><td>hu-som-i</td><td>ki-tabu</td></tr><tr class=la><td>2SG.NEG-lesen-NEG</td><td>KL7-Buch</td></tr></table><div class=klassen>kitabu Kl. 7/8 (ki- › vi-) → vitabu</div><div class=konkordanz>Kl.7: SUBJ ki- · ADJ ki- · GEN cha · DEM hiki/kile · POSS ch- · REL -cho</div><div class=hinweis>u-na-…-a → hu-…-i — Die Negation tauscht das Subjektpräfix, streicht den TAM-Marker und ändert den Endvokal zu -i</div>	A1 SD1 kontrast negation p-2SG
Er liest das Buch. ⁄⁄ Er liest das Buch nicht.	Anasoma kitabu. ⁄⁄ Hasomi kitabu.<hr><table class=gloss><tr class=mo><td>a-na-som-a</td><td>ki-tabu</td></tr><tr class=la><td>3SG-PRÄS-lesen-IND</td><td>KL7-Buch</td></tr></table><table class=gloss><tr class=mo><td>ha-som-i</td><td>ki-tabu</td></tr><tr class=la><td>3SG.NEG-lesen-NEG</td><td>KL7-Buch</td></tr></table><div class=klassen>kitabu Kl. 7/8 (ki- › vi-) → vitabu</div><div class=konkordanz>Kl.7: SUBJ ki- · ADJ ki- · GEN cha · DEM hiki/kile · POSS ch- · REL -cho</div><div class=hinweis>a-na-…-a → ha-…-i — Die Negation tauscht das Subjektpräfix, streicht den TAM-Marker und ändert den Endvokal zu -i</div>	A1 SD1 kontrast negation p-3SG
Wir lesen das Buch. ⁄⁄ Wir lesen das Buch nicht.	Tunasoma kitabu. ⁄⁄ Hatusomi kitabu.<hr><table class=gloss><tr class=mo><td>tu-na-som-a</td><td>ki-tabu</td></tr><tr class=la><td>1PL-PRÄS-lesen-IND</td><td>KL7-Buch</td></tr></table><table class=gloss><tr class=mo><td>hatu-som-i</td><td>ki-tabu</td></tr><tr class=la><td>1PL.NEG-lesen-NEG</td><td>KL7-Buch</td></tr></table><div class=klassen>kitabu Kl. 7/8 (ki- › vi-) → vitabu</div><div class=konkordanz>Kl.7: SUBJ ki- · ADJ ki- · GEN cha · DEM hiki/kile · POSS ch- · REL -cho</div><div class=hinweis>tu-na-…-a → hatu-…-i — Die Negation tauscht das Subjektpräfix, streicht den TAM-Marker und ändert den Endvokal zu -i</div>	A1 SD1 kontrast negation p-1PL
Ihr lest das Buch. ⁄⁄ Ihr lest das Buch nicht.	Mnasoma kitabu. ⁄⁄ Hamsomi kitabu.<hr><table class=gloss><tr class=mo><td>m-na-som-a</td><td>ki-tabu</td></tr><tr class=la><td>2PL-PRÄS-lesen-IND</td><td>KL7-Buch</td></tr></table><table class=gloss><tr class=mo><td>ham-som-i</td><td>ki-tabu</td></tr><tr class=la><td>2PL.NEG-lesen-NEG</td><td>KL7-Buch</td></tr></table><div class=klassen>kitabu Kl. 7/8 (ki- › vi-) → vitabu</div><div class=konkordanz>Kl.7: SUBJ ki- · ADJ ki- · GEN cha · DEM hiki/kile · POSS ch- · REL -cho</div><div class=hinweis>m-na-…-a → ham-…-i — Die Negation tauscht das Subjektpräfix, streicht den TAM-Marker und ändert den Endvokal zu -i</div>	A1 SD1 kontrast negation p-2PL
Sie lesen das Buch. ⁄⁄ Sie lesen das Buch nicht.	Wanasoma kitabu. ⁄⁄ Hawasomi kitabu.<hr><table class=gloss><tr class=mo><td>wa-na-som-a</td><td>ki-tabu</td></tr><tr class=la><td>3PL-PRÄS-lesen-IND</td><td>KL7-Buch</td></tr></table><table class=gloss><tr class=mo><td>hawa-som-i</td><td>ki-tabu</td></tr><tr class=la><td>3PL.NEG-lesen-NEG</td><td>KL7-Buch</td></tr></table><div class=klassen>kitabu Kl. 7/8 (ki- › vi-) → vitabu</div><div class=konkordanz>Kl.7: SUBJ ki- · ADJ ki- · GEN cha · DEM hiki/kile · POSS ch- · REL -cho</div><div class=hinweis>wa-na-…-a → hawa-…-i — Die Negation tauscht das Subjektpräfix, streicht den TAM-Marker und ändert den Endvokal zu -i</div>	A1 SD1 kontrast negation p-3PL
Ich lese das Buch. ⁄⁄ Ich lese das Buch nicht.	Ninasoma kitabu. ⁄⁄ Sisomi kitabu.<hr><table class=gloss><tr class=mo><td>ni-na-som-a</td><td>ki-tabu</td></tr><tr class=la><td>1SG-PRÄS-lesen-IND</td><td>KL7-Buch</td></tr></table><table class=gloss><tr class=mo><td>si-som-i</td><td>ki-tabu</td></tr><tr class=la><td>1SG.NEG-lesen-NEG</td><td>KL7-Buch</td></tr></table><div class=klassen>kitabu Kl. 7/8 (ki- › vi-) → vitabu</div><div class=konkordanz>Kl.7: SUBJ ki- · ADJ ki- · GEN cha · DEM hiki/kile · POSS ch- · REL -cho</div><div class=hinweis>ni-na- → si- — Jede Zeit hat ihre eigene Negationsform — -ku- für die Vergangenheit, -ja- für das Perfekt</div>	A1 SD1 kontrast negation tam-na
Ich las das Buch. ⁄⁄ Ich las das Buch nicht.	Nilisoma kitabu. ⁄⁄ Sikusoma kitabu.<hr><table class=gloss><tr class=mo><td>ni-li-som-a</td><td>ki-tabu</td></tr><tr class=la><td>1SG-PRÄT-lesen-IND</td><td>KL7-Buch</td></tr></table><table class=gloss><tr class=mo><td>si-ku-som-a</td><td>ki-tabu</td></tr><tr class=la><td>1SG.NEG-PRÄT.NEG-lesen-IND</td><td>KL7-Buch</td></tr></table><div class=klassen>kitabu Kl. 7/8 (ki- › vi-) → vitabu</div><div class=konkordanz>Kl.7: SUBJ ki- · ADJ ki- · GEN cha · DEM hiki/kile · POSS ch- · REL -cho</div><div class=hinweis>ni-li- → si-ku- — Jede Zeit hat ihre eigene Negationsform — -ku- für die Vergangenheit, -ja- für das Perfekt</div>	A1 SD1 kontrast negation tam-li
Ich habe das Buch gelesen. ⁄⁄ Ich habe das Buch noch nicht gelesen.	Nimesoma kitabu. ⁄⁄ Sijasoma kitabu.<hr><table class=gloss><tr class=mo><td>ni-me-som-a</td><td>ki-tabu</td></tr><tr class=la><td>1SG-PERF-lesen-IND</td><td>KL7-Buch</td></tr></table><table class=gloss><tr class=mo><td>si-ja-som-a</td><td>ki-tabu</td></tr><tr class=la><td>1SG.NEG-PERF.NEG-lesen-IND</td><td>KL7-Buch</td></tr></table><div class=klassen>kitabu Kl. 7/8 (ki- › vi-) → vitabu</div><div class=konkordanz>Kl.7: SUBJ ki- · ADJ ki- · GEN cha · DEM hiki/kile · POSS ch- · REL -cho</div><div class=hinweis>ni-me- → si-ja- — Jede Zeit hat ihre eigene Negationsform — -ku- für die Vergangenheit, -ja- für das Perfekt</div>	A1 SD1 kontrast negation tam-me
Ich werde das Buch lesen. ⁄⁄ Ich werde das Buch nicht lesen.	Nitasoma kitabu. ⁄⁄ Sitasoma kitabu.<hr><table class=gloss><tr class=mo><td>ni-ta-som-a</td><td>ki-tabu</td></tr><tr class=la><td>1SG-FUT-lesen-IND</td><td>KL7-Buch</td></tr></table><table class=gloss><tr class=mo><td>si-ta-som-a</td><td>ki-tabu</td></tr><tr class=la><td>1SG.NEG-FUT-lesen-IND</td><td>KL7-Buch</td></tr></table><div class=klassen>kitabu Kl. 7/8 (ki- › vi-) → vitabu</div><div class=konkordanz>Kl.7: SUBJ ki- · ADJ ki- · GEN cha · DEM hiki/kile · POSS ch- · REL -cho</div><div class=hinweis>ni-ta- → si-ta- — Jede Zeit hat ihre eigene Negationsform — -ku- für die Vergangenheit, -ja- für das Perfekt</div>	A1 SD1 kontrast negation tam-ta
Ich lese gerade das Buch. ⁄⁄ Ich habe schon viele Bücher gelesen.	Ninasoma kitabu. ⁄⁄ Nimesoma vitabu vingi.<hr><table class=gloss><tr class=mo><td>ni-na-som-a</td><td>ki-tabu</td></tr><tr class=la><td>1SG-PRÄS-lesen-IND</td><td>KL7-Buch</td></tr></table><table class=gloss><tr class=mo><td>ni-me-som-a</td><td>vi-tabu</td><td>vi-ngi</td></tr><tr class=la><td>1SG-PERF-lesen-IND</td><td>KL8-Buch</td><td>KL8-viele</td></tr></table><div class=klassen>kitabu Kl. 7/8 (ki- › vi-) → vitabu</div><div class=konkordanz>Kl.7: SUBJ ki- · ADJ ki- · GEN cha · DEM hiki/kile · POSS ch- · REL -cho · Kl.8: SUBJ vi- · ADJ vi- · GEN vya · DEM hivi/vile · POSS vy- · REL -vyo</div><div class=hinweis>-na- ki- → -me- vi- — Zwei Kontraste auf einmal: TAM -na- gegen -me- und Nominalklasse ki- gegen vi-</div>	A1 SD1 kontrast numerus tam kl7 kl8
