id	seite	buchstabe	stichwort	untereintrag	satz_de	satz_en	satz_sw	gloss_morpheme	gloss_labels	gloss_labels_en	klassen	klassen_en	konkordanz	konkordanz_en	hinweis	tags
1	9	A	ab	0	Ab morgen muss ich arbeiten.	From tomorrow I have to work.	Kuanzia kesho lazima nifanye kazi.	ku-anz-i-a kesho lazima ni-fany-e kazi	KL15-anfangen-APPL-IND morgen muss 1SG-tun-KONJ KL9.Arbeit	CL15-begin-APPL-IND tomorrow must 1SG-do-SBJV CL9.work	kazi Kl. 9/10 (Ø/n-) → kazi  — Numerus nur an der Konkordanz	kazi class 9/10 (Ø/n-) → kazi  — number shows only in the agreement	Kl.9: SUBJ i- · ADJ Ø/n- · GEN ya · DEM hii/ile · POSS y- · REL -yo	class 9: SUBJ i- · ADJ Ø/n- · GEN ya · DEM hii/ile · POSS y- · REL -yo	lazima verlangt den Konjunktiv: nifanye, nicht ninafanya	A1 SD1 A ab
2	9	A	aber	0	Ich bin oft im Büro, aber nur für wenige Stunden.	I am often at the office, but only for a few hours.	Mara nyingi niko ofisini, lakini kwa saa chache tu.	mara ny-ingi ni-ko ofisi-ni lakini kwa saa chache tu	KL9.Mal KL10-viele 1SG-sein.da KL9.Büro-LOK aber für KL10.Stunde wenige nur	CL9.time CL10-many 1SG-be.there CL9.office-LOC but for CL10.hour few only	"saa Kl. 9/10 (Ø/n-) → saa  — Numerus nur an der Konkordanz  [auch ""Uhr""]"	"saa class 9/10 (Ø/n-) → saa  — number shows only in the agreement  [also ""clock""]"	Kl.9: SUBJ i- · ADJ Ø/n- · GEN ya · DEM hii/ile · POSS y- · REL -yo	class 9: SUBJ i- · ADJ Ø/n- · GEN ya · DEM hii/ile · POSS y- · REL -yo	Ortsangabe durch Suffix -ni statt Präposition	A1 SD1 A aber
3	9	A	abfahren	0	Wir fahren um zwölf Uhr ab.	We leave at twelve o'clock.	Tunaondoka saa sita.	tu-na-ondok-a saa sita	1PL-PRÄS-abfahren-IND KL9.Stunde sechs	1PL-PRS-depart-IND CL9.hour six	"saa Kl. 9/10 (Ø/n-) → saa  — Numerus nur an der Konkordanz  [auch ""Uhr""]"	"saa class 9/10 (Ø/n-) → saa  — number shows only in the agreement  [also ""clock""]"	Kl.9: SUBJ i- · ADJ Ø/n- · GEN ya · DEM hii/ile · POSS y- · REL -yo	class 9: SUBJ i- · ADJ Ø/n- · GEN ya · DEM hii/ile · POSS y- · REL -yo	Swahili zählt ab Sonnenaufgang: saa sita = 12 Uhr, nicht 6 Uhr	A1 SD1 A abfahren
4	9	A	die Abfahrt	1	Vor der Abfahrt rufe ich an.	Before departure I will call.	Kabla ya kuondoka nitapiga simu.	kabla y-a ku-ondok-a ni-ta-pig-a simu	vor KL15-GEN KL15-abfahren-IND 1SG-FUT-schlagen-IND KL9.Telefon	before CL15-GEN CL15-depart-IND 1SG-FUT-hit-IND CL9.phone	kuondoka Kl. 15 (ku-), kein Numeruswechsel  [Verbalnomen] · simu Kl. 9/10 (Ø/n-) → simu  — Numerus nur an der Konkordanz	kuondoka class 15 (ku-), no number change  [verbal noun] · simu class 9/10 (Ø/n-) → simu  — number shows only in the agreement	Kl.15: SUBJ ku- · ADJ ku- · GEN kwa · DEM huku/kule · POSS kw- · REL -ko · Kl.9: SUBJ i- · ADJ Ø/n- · GEN ya · DEM hii/ile · POSS y- · REL -yo	class 15: SUBJ ku- · ADJ ku- · GEN kwa · DEM huku/kule · POSS kw- · REL -ko · class 9: SUBJ i- · ADJ Ø/n- · GEN ya · DEM hii/ile · POSS y- · REL -yo	"telefonieren = kupiga simu, wörtlich ""das Telefon schlagen"""	A1 SD1 A Abfahrt
5	9	A	abgeben	0	Ich muss meine Schlüssel abgeben.	I have to hand in my keys.	Lazima nirudishe funguo zangu.	lazima ni-rudish-e funguo z-angu	muss 1SG-zurückgeben-KONJ KL10.Schlüssel KL10-mein	must 1SG-give.back-SBJV CL10.key CL10-my	ufunguo Kl. 11/10 (u- › Ø/n-) → funguo	ufunguo class 11/10 (u- › Ø/n-) → funguo	Kl.11: SUBJ u- · ADJ m-/mw- · GEN wa · DEM huu/ule · POSS w- · REL -o	class 11: SUBJ u- · ADJ m-/mw- · GEN wa · DEM huu/ule · POSS w- · REL -o	funguo ist Kl.10, Singular ufunguo Kl.11	A1 SD1 A abgeben
6	9	A	abholen	0	Wann kann ich den Schrank bei dir abholen?	When can I pick up the cupboard from you?	Lini ninaweza kuchukua kabati kwako?	lini ni-na-wez-a ku-chuku-a kabati kw-ako	wann 1SG-PRÄS-können-IND KL15-nehmen-IND KL5.Schrank KL17-dein	when 1SG-PRS-can-IND CL15-take-IND CL5.cupboard CL17-your	kabati Kl. 5/6 (ji-/Ø › ma-) → makabati	kabati class 5/6 (ji-/Ø › ma-) → makabati	Kl.5: SUBJ li- · ADJ ji-/Ø · GEN la · DEM hili/lile · POSS l- · REL -lo	class 5: SUBJ li- · ADJ ji-/Ø · GEN la · DEM hili/lile · POSS l- · REL -lo	"kwako nutzt die Ortsklasse 17: ""bei dir"""	A1 SD1 A abholen
7	9	A	abholen	0	Wir müssen noch meinen Bruder abholen.	We still have to pick up my brother.	Bado tunatakiwa kumchukua kaka yangu.	bado tu-na-taki-w-a ku-m-chuku-a kaka y-angu	noch 1PL-PRÄS-brauchen-PASS-IND KL15-OBJ1-nehmen-IND KL9/KL1.Bruder KL9-mein	still 1PL-PRS-need-PASS-IND CL15-OBJ1-take-IND CL9/CL1.brother CL9-my	kaka Kl. 9/10 (Ø/n-) → kaka  — Numerus nur an der Konkordanz  [Person: Form Kl. 9/10, Kongruenz Kl. 1/2]	kaka class 9/10 (Ø/n-) → kaka  — number shows only in the agreement  [person: form class 9/10, agreement class 1/2]	Kl.1: SUBJ a- · ADJ m-/mw- · GEN wa · DEM huyu/yule · POSS w- · REL -ye	class 1: SUBJ a- · ADJ m-/mw- · GEN wa · DEM huyu/yule · POSS w- · REL -ye	kaka: Possessiv yangu nach Kl.9, Objektpräfix -m- aber nach Kl.1	A1 SD1 A abholen
8	9	A	der Absender	0	Da ist ein Brief für dich ohne Absender.	There is a letter for you without a sender.	Kuna barua kwa ajili yako bila mtumaji.	ku-na barua kwa ajili y-ako bila m-tumaji	KL17-mit KL9.Brief für KL9.Zweck KL9-dein ohne KL1-Absender	CL17-with CL9.letter for CL9.purpose CL9-your without CL1-sender	barua Kl. 9/10 (Ø/n-) → barua  — Numerus nur an der Konkordanz  [Numerus nur an der Konkordanz] · mtumaji Kl. 1/2 (m-/mw- › wa-) → watumaji	barua class 9/10 (Ø/n-) → barua  — number shows only in the agreement  [number shows only in the agreement] · mtumaji class 1/2 (m-/mw- › wa-) → watumaji	Kl.9: SUBJ i- · ADJ Ø/n- · GEN ya · DEM hii/ile · POSS y- · REL -yo · Kl.1: SUBJ a- · ADJ m-/mw- · GEN wa · DEM huyu/yule · POSS w- · REL -ye	class 9: SUBJ i- · ADJ Ø/n- · GEN ya · DEM hii/ile · POSS y- · REL -yo · class 1: SUBJ a- · ADJ m-/mw- · GEN wa · DEM huyu/yule · POSS w- · REL -ye	"kuna ""es gibt"" ist die Ortsklasse 17 plus -na"	A1 SD1 A Absender
9	9	A	Achtung	0	Achtung! Das dürfen Sie nicht tun.	Attention! You must not do that.	Tahadhari! Hamruhusiwi kufanya hivyo.	tahadhari ham-ruhus-iw-i ku-fany-a hivyo	KL9.Achtung 2PL.NEG-erlauben-PASS-NEG KL15-tun-IND so	CL9.attention 2PL.NEG-allow-PASS-NEG CL15-do-IND so			Kl.9: SUBJ i- · ADJ Ø/n- · GEN ya · DEM hii/ile · POSS y- · REL -yo · Kl.15: SUBJ ku- · ADJ ku- · GEN kwa · DEM huku/kule · POSS kw- · REL -ko	class 9: SUBJ i- · ADJ Ø/n- · GEN ya · DEM hii/ile · POSS y- · REL -yo · class 15: SUBJ ku- · ADJ ku- · GEN kwa · DEM huku/kule · POSS kw- · REL -ko	Höfliches Sie wird 2PL; Negation ham- plus Endvokal -i	A1 SD1 A Achtung
10	9	A	die Adresse,-en	0	Können Sie mir seine Adresse sagen?	Can you tell me his address?	Mnaweza kuniambia anwani yake?	m-na-wez-a ku-ni-ambi-a anwani y-ake	2PL-PRÄS-können-IND KL15-OBJ1SG-sagen-IND KL9.Adresse KL9-sein	2PL-PRS-can-IND CL15-OBJ1SG-say-IND CL9.address CL9-be	anwani Kl. 9/10 (Ø/n-) → anwani  — Numerus nur an der Konkordanz	anwani class 9/10 (Ø/n-) → anwani  — number shows only in the agreement	Kl.9: SUBJ i- · ADJ Ø/n- · GEN ya · DEM hii/ile · POSS y- · REL -yo	class 9: SUBJ i- · ADJ Ø/n- · GEN ya · DEM hii/ile · POSS y- · REL -yo	Objektpräfix -ni- steht zwischen ku- und Wurzel	A1 SD1 A Adresse
11	9	A	all-	0	Alles Gute!	All the best!	Kila la heri!	kila l-a heri	jede KL5-GEN KL9.Segen	every CL5-GEN CL9.blessing			Kl.5: SUBJ li- · ADJ ji-/Ø · GEN la · DEM hili/lile · POSS l- · REL -lo · Kl.9: SUBJ i- · ADJ Ø/n- · GEN ya · DEM hii/ile · POSS y- · REL -yo	class 5: SUBJ li- · ADJ ji-/Ø · GEN la · DEM hili/lile · POSS l- · REL -lo · class 9: SUBJ i- · ADJ Ø/n- · GEN ya · DEM hii/ile · POSS y- · REL -yo	Feste Formel, Genitiv la nach Kl.5	A1 SD1 A all
12	9	A	all-	0	Das ist alles.	That's all.	Ni hayo tu.	ni hayo tu	KOP KL6.DEM nur	COP CL6.DEM only			Kl.6: SUBJ ya- · ADJ ma- · GEN ya · DEM haya/yale · POSS y- · REL -yo	class 6: SUBJ ya- · ADJ ma- · GEN ya · DEM haya/yale · POSS y- · REL -yo	hayo verweist auf Ungenanntes, Kl.6	A1 SD1 A all
13	9	A	all-	0	Sind alle da?	Is everyone here?	Wote wapo?	w-ote wa-po	KL2-alle KL2-sein.da	CL2-all CL2-be.there			Kl.2: SUBJ wa- · ADJ wa- · GEN wa · DEM hawa/wale · POSS w- · REL -o	class 2: SUBJ wa- · ADJ wa- · GEN wa · DEM hawa/wale · POSS w- · REL -o	-po markiert Anwesenheit an einem Ort	A1 SD1 A all
14	9	A	all-	0	Alle Freunde kommen.	All the friends are coming.	Rafiki wote wanakuja.	rafiki w-ote wa-na-kuj-a	KL10/KL2.Freund KL2-alle KL2-PRÄS-kommen-IND	CL10/CL2.friend CL2-all CL2-PRS-come-IND	"rafiki Kl. 9/10 (Ø/n-) → rafiki  — Numerus nur an der Konkordanz  [Musterfall: ""rafiki yangu"" Kl. 9, aber ""rafiki anakuja"" Kl. 1]"	"rafiki class 9/10 (Ø/n-) → rafiki  — number shows only in the agreement  [model case: ""rafiki yangu"" class 9, but ""rafiki anakuja"" class 1]"	Kl.1: SUBJ a- · ADJ m-/mw- · GEN wa · DEM huyu/yule · POSS w- · REL -ye	class 1: SUBJ a- · ADJ m-/mw- · GEN wa · DEM huyu/yule · POSS w- · REL -ye	rafiki ist formal Kl.10, kongruiert als Person aber Kl.2	A1 SD1 A all
15	9	A	all-	0	Hast du alles?	Do you have everything?	Una kila kitu?	u-na kila ki-tu	2SG-haben jede KL7-Ding	2SG-have every CL7-thing			Kl.7: SUBJ ki- · ADJ ki- · GEN cha · DEM hiki/kile · POSS ch- · REL -cho	class 7: SUBJ ki- · ADJ ki- · GEN cha · DEM hiki/kile · POSS ch- · REL -cho	"kitu ""Ding"" ist das Musterwort der Kl.7"	A1 SD1 A all
16	9	A	allein	0	Er kommt allein.	He is coming alone.	Anakuja peke yake.	a-na-kuj-a peke y-ake	3SG-PRÄS-kommen-IND KL9.Alleinsein KL9-sein	3SG-PRS-come-IND CL9.being.alone CL9-be			Kl.9: SUBJ i- · ADJ Ø/n- · GEN ya · DEM hii/ile · POSS y- · REL -yo	class 9: SUBJ i- · ADJ Ø/n- · GEN ya · DEM hii/ile · POSS y- · REL -yo	allein = peke plus Possessiv, beugt sich nach Person	A1 SD1 A allein
17	9	A	also	0	Also, es ist so: ...	Well, it's like this: ...	Basi, hali ni hii: ...	basi hali ni hii	also KL9.Lage KOP KL9.DEM	so CL9.state COP CL9.DEM	basi Kl. 5/6 (ji-/Ø › ma-) → mabasi · hali ya hewa Kl. 9 (Ø/n-), kein Numeruswechsel  [Genitivfuegung, kein Plural]	basi class 5/6 (ji-/Ø › ma-) → mabasi · hali ya hewa class 9 (Ø/n-), no number change  [genitive construction, no plural]	Kl.5: SUBJ li- · ADJ ji-/Ø · GEN la · DEM hili/lile · POSS l- · REL -lo · Kl.9: SUBJ i- · ADJ Ø/n- · GEN ya · DEM hii/ile · POSS y- · REL -yo	class 5: SUBJ li- · ADJ ji-/Ø · GEN la · DEM hili/lile · POSS l- · REL -lo · class 9: SUBJ i- · ADJ Ø/n- · GEN ya · DEM hii/ile · POSS y- · REL -yo	ni ist die unveränderliche Kopula	A1 SD1 A also
18	9	A	also	0	Er hat Zeit, also muss er uns helfen.	He has time, so he must help us.	Ana wakati, basi lazima atusaidie.	a-na wakati basi lazima a-tu-saidi-e	3SG-haben KL11.Zeit also muss 3SG-OBJ1PL-helfen-KONJ	3SG-have CL11.time so must 3SG-OBJ1PL-help-SBJV	wakati Kl. 11/10 (u- › Ø/n-) → nyakati · basi Kl. 5/6 (ji-/Ø › ma-) → mabasi	wakati class 11/10 (u- › Ø/n-) → nyakati · basi class 5/6 (ji-/Ø › ma-) → mabasi	Kl.11: SUBJ u- · ADJ m-/mw- · GEN wa · DEM huu/ule · POSS w- · REL -o · Kl.5: SUBJ li- · ADJ ji-/Ø · GEN la · DEM hili/lile · POSS l- · REL -lo	class 11: SUBJ u- · ADJ m-/mw- · GEN wa · DEM huu/ule · POSS w- · REL -o · class 5: SUBJ li- · ADJ ji-/Ø · GEN la · DEM hili/lile · POSS l- · REL -lo	haben wird mit -na ausgedrückt, nicht mit einem Verb	A1 SD1 A also
19	9	A	alt	0	Wie alt sind Sie?	How old are you?	Mna miaka mingapi?	m-na mi-aka mi-ngapi	2PL-haben KL4-Jahr KL4-wieviel	2PL-have CL4-year CL4-how.many	mwaka wa kuzaliwa Kl. 3/4 (m-/mw- › mi-) → miaka ya kuzaliwa  [Genitiv kongruiert mit dem Kopfnomen]	mwaka wa kuzaliwa class 3/4 (m-/mw- › mi-) → miaka ya kuzaliwa  [genitive agrees with the head noun]	Kl.3: SUBJ u- · ADJ m-/mw- · GEN wa · DEM huu/ule · POSS w- · REL -o	class 3: SUBJ u- · ADJ m-/mw- · GEN wa · DEM huu/ule · POSS w- · REL -o	"Alter wörtlich ""wieviele Jahre habt ihr"""	A1 SD1 A alt
20	9	A	alt	0	Sie sehen aber nicht so alt aus.	But you don't look that old.	Lakini hamonekani wazee.	lakini ham-onekan-i wa-zee	aber 2PL.NEG-aussehen-NEG KL2-alt	but 2PL.NEG-look-NEG CL2-old			Kl.2: SUBJ wa- · ADJ wa- · GEN wa · DEM hawa/wale · POSS w- · REL -o	class 2: SUBJ wa- · ADJ wa- · GEN wa · DEM hawa/wale · POSS w- · REL -o	Negation im Präsens wechselt den Endvokal auf -i	A1 SD1 A alt
21	9	A	alt	0	Mein Auto ist schon sehr alt.	My car is already very old.	Gari langu ni kuukuu sana.	gari l-angu ni kuukuu sana	KL5.Auto KL5-mein KOP alt sehr	CL5.car CL5-my COP old very	gari Kl. 5/6 (ji-/Ø › ma-) → magari	gari class 5/6 (ji-/Ø › ma-) → magari	Kl.5: SUBJ li- · ADJ ji-/Ø · GEN la · DEM hili/lile · POSS l- · REL -lo	class 5: SUBJ li- · ADJ ji-/Ø · GEN la · DEM hili/lile · POSS l- · REL -lo	kuukuu nur für Sachen; alte Menschen sind mzee	A1 SD1 A alt
22	9	A	alt	0	Wir wohnen in einem sehr alten Haus.	We live in a very old house.	Tunakaa katika nyumba kuukuu sana.	tu-na-ka-a katika nyumba kuukuu sana	1PL-PRÄS-wohnen-IND in KL9.Haus alt sehr	1PL-PRS-live-IND in CL9.house old very	nyumba Kl. 9/10 (Ø/n-) → nyumba  — Numerus nur an der Konkordanz	nyumba class 9/10 (Ø/n-) → nyumba  — number shows only in the agreement	Kl.9: SUBJ i- · ADJ Ø/n- · GEN ya · DEM hii/ile · POSS y- · REL -yo	class 9: SUBJ i- · ADJ Ø/n- · GEN ya · DEM hii/ile · POSS y- · REL -yo	kuukuu bleibt unverändert, kongruiert nicht	A1 SD1 A alt
23	9	A	alt	0	Köln ist eine alte Stadt.	Cologne is an old city.	Köln ni mji wa kale.	Köln ni m-ji w-a kale	Köln KOP KL3-Stadt KL3-GEN Altertum	Cologne COP CL3-town CL3-GEN antiquity	mji Kl. 3/4 (m-/mw- › mi-) → miji	mji class 3/4 (m-/mw- › mi-) → miji	Kl.3: SUBJ u- · ADJ m-/mw- · GEN wa · DEM huu/ule · POSS w- · REL -o	class 3: SUBJ u- · ADJ m-/mw- · GEN wa · DEM huu/ule · POSS w- · REL -o	Genitiv wa nach Kl.3	A1 SD1 A alt
24	9	A	das Alter	0	Alter: 26 Jahre.	Age: 26 years.	Umri: miaka ishirini na sita.	umri mi-aka ishirini na sita	KL14.Alter KL4-Jahr zwanzig und sechs	CL14.age CL4-year twenty and six	umri Kl. 14 (u-), kein Numeruswechsel · mwaka wa kuzaliwa Kl. 3/4 (m-/mw- › mi-) → miaka ya kuzaliwa  [Genitiv kongruiert mit dem Kopfnomen]	umri class 14 (u-), no number change · mwaka wa kuzaliwa class 3/4 (m-/mw- › mi-) → miaka ya kuzaliwa  [genitive agrees with the head noun]	Kl.14: SUBJ u- · ADJ m-/mw- · GEN wa · DEM huu/ule · POSS w- · REL -o · Kl.3: SUBJ u- · ADJ m-/mw- · GEN wa · DEM huu/ule · POSS w- · REL -o	class 14: SUBJ u- · ADJ m-/mw- · GEN wa · DEM huu/ule · POSS w- · REL -o · class 3: SUBJ u- · ADJ m-/mw- · GEN wa · DEM huu/ule · POSS w- · REL -o	Zahlen über zwanzig werden mit na verbunden	A1 SD1 A Alter
25	9	A	an	0	Fahren Sie an der nächsten Straße nach rechts.	Turn right at the next street.	Geukeni kulia katika barabara inayofuata.	geuk-eni ku-lia katika barabara i-na-yo-fuat-a	wenden-IMP.PL KL17-rechts in KL9.Straße KL9-PRÄS-REL9-folgen-IND	turn-IMP.PL CL17-right in CL9.street CL9-PRS-REL9-follow-IND	barabara Kl. 9/10 (Ø/n-) → barabara  — Numerus nur an der Konkordanz	barabara class 9/10 (Ø/n-) → barabara  — number shows only in the agreement	Kl.9: SUBJ i- · ADJ Ø/n- · GEN ya · DEM hii/ile · POSS y- · REL -yo	class 9: SUBJ i- · ADJ Ø/n- · GEN ya · DEM hii/ile · POSS y- · REL -yo	Relativinfix -yo- kongruiert mit barabara Kl.9	A1 SD1 A an
26	9	A	an	0	Wir treffen uns am Bahnhof.	We are meeting at the station.	Tunakutana stesheni.	tu-na-kut-an-a stesheni	1PL-PRÄS-treffen-REZ-IND KL9.Bahnhof	1PL-PRS-meet-RECP-IND CL9.station	stesheni Kl. 9/10 (Ø/n-) → stesheni  — Numerus nur an der Konkordanz  [Lehnwort]	stesheni class 9/10 (Ø/n-) → stesheni  — number shows only in the agreement  [loanword]	Kl.9: SUBJ i- · ADJ Ø/n- · GEN ya · DEM hii/ile · POSS y- · REL -yo	class 9: SUBJ i- · ADJ Ø/n- · GEN ya · DEM hii/ile · POSS y- · REL -yo	sich treffen ist reziprok: -an- im Verb	A1 SD1 A an
27	9	A	an	0	Am nächsten Montag geht es leider nicht.	Next Monday unfortunately does not work.	Jumatatu ijayo haiwezekani, samahani.	Jumatatu i-ja-yo hai-wezekan-i samahani	KL9.Montag KL9-kommen-REL9 KL9.NEG-möglich.sein-NEG KL9.Entschuldigung	CL9.Monday CL9-come-REL9 CL9.NEG-be.possible-NEG CL9.apology			Kl.9: SUBJ i- · ADJ Ø/n- · GEN ya · DEM hii/ile · POSS y- · REL -yo	class 9: SUBJ i- · ADJ Ø/n- · GEN ya · DEM hii/ile · POSS y- · REL -yo	"Jumatatu heißt wörtlich ""zweiter Tag"""	A1 SD1 A an
28	9	A	anbieten	0	Was darf ich dir anbieten?	What may I offer you?	Nikupe nini?	ni-ku-p-e nini	1SG-OBJ2SG-geben-KONJ was	1SG-OBJ2SG-give-SBJV what					Konjunktiv ohne lazima drückt ein Angebot aus	A1 SD1 A anbieten
29	9	A	das Angebot, -e	1	Heute sind Sportschuhe im Angebot.	Today sports shoes are on offer.	Leo viatu vya michezo vipo kwenye ofa.	leo vi-atu vy-a mi-chezo vi-po kwenye ofa	heute KL8-Schuh KL8-GEN KL4-Sport KL8-sein.da an KL9.Angebot	today CL8-shoe CL8-GEN CL4-sport CL8-be.there at CL9.offer	kiatu Kl. 7/8 (ki- › vi-) → viatu · mchezo Kl. 3/4 (m-/mw- › mi-) → michezo · ofa Kl. 9/10 (Ø/n-) → ofa  — Numerus nur an der Konkordanz  [Lehnwort]	kiatu class 7/8 (ki- › vi-) → viatu · mchezo class 3/4 (m-/mw- › mi-) → michezo · ofa class 9/10 (Ø/n-) → ofa  — number shows only in the agreement  [loanword]	Kl.7: SUBJ ki- · ADJ ki- · GEN cha · DEM hiki/kile · POSS ch- · REL -cho · Kl.3: SUBJ u- · ADJ m-/mw- · GEN wa · DEM huu/ule · POSS w- · REL -o	class 7: SUBJ ki- · ADJ ki- · GEN cha · DEM hiki/kile · POSS ch- · REL -cho · class 3: SUBJ u- · ADJ m-/mw- · GEN wa · DEM huu/ule · POSS w- · REL -o	Genitiv vya und Subjekt vi- kongruieren beide mit Kl.8	A1 SD1 A Angebot
30	9	A	ander-	0	WiIlst du diese Jacke?	Do you want this jacket?	Unataka koti hili?	u-na-tak-a koti hili	2SG-PRÄS-wollen-IND KL5.Jacke KL5.DEM	2SG-PRS-want-IND CL5.jacket CL5.DEM	koti Kl. 5/6 (ji-/Ø › ma-) → makoti	koti class 5/6 (ji-/Ø › ma-) → makoti	Kl.5: SUBJ li- · ADJ ji-/Ø · GEN la · DEM hili/lile · POSS l- · REL -lo	class 5: SUBJ li- · ADJ ji-/Ø · GEN la · DEM hili/lile · POSS l- · REL -lo	Demonstrativ hili für Kl.5	A1 SD1 A ander
31	9	A	ander-	0	– Nein, ich möchte die andere.	No, I would like the other one.	Hapana, ninataka lile lingine.	hapana ni-na-tak-a lile li-ngine	nein 1SG-PRÄS-wollen-IND KL5.DEM.fern KL5-andere	no 1SG-PRS-want-IND CL5.DEM.dist CL5-other			Kl.5: SUBJ li- · ADJ ji-/Ø · GEN la · DEM hili/lile · POSS l- · REL -lo	class 5: SUBJ li- · ADJ ji-/Ø · GEN la · DEM hili/lile · POSS l- · REL -lo	lile ist das ferne Demonstrativ der Kl.5	A1 SD1 A ander
32	9	A	anfangen	0	Hier fängt die Bahnhofstraße an.	The station road begins here.	Barabara ya stesheni inaanza hapa.	barabara y-a stesheni i-na-anz-a hapa	KL9.Straße KL9-GEN KL9.Bahnhof KL9-PRÄS-anfangen-IND hier	CL9.street CL9-GEN CL9.station CL9-PRS-begin-IND here	barabara Kl. 9/10 (Ø/n-) → barabara  — Numerus nur an der Konkordanz · stesheni Kl. 9/10 (Ø/n-) → stesheni  — Numerus nur an der Konkordanz  [Lehnwort]	barabara class 9/10 (Ø/n-) → barabara  — number shows only in the agreement · stesheni class 9/10 (Ø/n-) → stesheni  — number shows only in the agreement  [loanword]	Kl.9: SUBJ i- · ADJ Ø/n- · GEN ya · DEM hii/ile · POSS y- · REL -yo	class 9: SUBJ i- · ADJ Ø/n- · GEN ya · DEM hii/ile · POSS y- · REL -yo	Subjektpräfix i- für Kl.9	A1 SD1 A anfangen
33	9	A	anfangen	0	Der Unterricht fängt gleich an.	The lesson starts right away.	Masomo yanaanza hivi punde.	ma-somo ya-na-anz-a hivi punde	KL6-Unterricht KL6-PRÄS-anfangen-IND gleich sofort	CL6-lessons CL6-PRS-begin-IND same at.once	masomo Kl. 6 (ma-), kein Numeruswechsel  [nur Plural]	masomo class 6 (ma-), no number change  [plural only]	Kl.6: SUBJ ya- · ADJ ma- · GEN ya · DEM haya/yale · POSS y- · REL -yo	class 6: SUBJ ya- · ADJ ma- · GEN ya · DEM haya/yale · POSS y- · REL -yo	masomo ist Kl.6, Subjektpräfix ya-	A1 SD1 A anfangen
34	9	A	der Anfang	1	Sie wohnt am Anfang der Straße.	She lives at the beginning of the street.	Anakaa mwanzoni mwa barabara.	a-na-ka-a mwanzo-ni mw-a barabara	3SG-PRÄS-wohnen-IND KL3.Anfang-LOK KL18-GEN KL9.Straße	3SG-PRS-live-IND CL3.beginning-LOC CL18-GEN CL9.street	barabara Kl. 9/10 (Ø/n-) → barabara  — Numerus nur an der Konkordanz	barabara class 9/10 (Ø/n-) → barabara  — number shows only in the agreement	Kl.9: SUBJ i- · ADJ Ø/n- · GEN ya · DEM hii/ile · POSS y- · REL -yo	class 9: SUBJ i- · ADJ Ø/n- · GEN ya · DEM hii/ile · POSS y- · REL -yo	nach -ni steht der Genitiv der Ortsklasse 18: mwa	A1 SD1 A Anfang
35	9	A	der Anfang	1	Wir machen Anfang Juli Urlaub.	We are taking holiday at the beginning of July.	Tutakuwa na likizo mwanzoni mwa Julai.	tu-ta-kuw-a na likizo mwanzo-ni mw-a Julai	1PL-FUT-sein-IND mit KL9.Urlaub KL3.Anfang-LOK KL18-GEN Juli	1PL-FUT-be-IND with CL9.holiday CL3.beginning-LOC CL18-GEN July	likizo Kl. 9/10 (Ø/n-) → likizo  — Numerus nur an der Konkordanz	likizo class 9/10 (Ø/n-) → likizo  — number shows only in the agreement	Kl.9: SUBJ i- · ADJ Ø/n- · GEN ya · DEM hii/ile · POSS y- · REL -yo	class 9: SUBJ i- · ADJ Ø/n- · GEN ya · DEM hii/ile · POSS y- · REL -yo	"Futur von ""haben"" ist kuwa na"	A1 SD1 A Anfang
36	9	A	anklicken	0	Da musst du dieses Wort anklicken.	There you have to click this word.	Hapo lazima ubofye neno hili.	hapo lazima u-bofy-e neno hili	dort muss 2SG-klicken-KONJ KL5.Wort KL5.DEM	there must 2SG-click-SBJV CL5.word CL5.DEM	neno Kl. 5/6 (ji-/Ø › ma-) → maneno	neno class 5/6 (ji-/Ø › ma-) → maneno	Kl.5: SUBJ li- · ADJ ji-/Ø · GEN la · DEM hili/lile · POSS l- · REL -lo	class 5: SUBJ li- · ADJ ji-/Ø · GEN la · DEM hili/lile · POSS l- · REL -lo	neno Kl.5, Plural maneno Kl.6	A1 SD1 A anklicken
37	9	A	ankommen	0	Wann kommt dieser Zug in Hamburg an?	When does this train arrive in Hamburg?	Treni hii inafika Hamburg saa ngapi?	treni hii i-na-fik-a Hamburg saa ngapi	KL9.Zug KL9.DEM KL9-PRÄS-ankommen-IND Hamburg KL9.Stunde wieviel	CL9.train CL9.DEM CL9-PRS-arrive-IND Hamburg CL9.hour how.many	"treni Kl. 9/10 (Ø/n-) → treni  — Numerus nur an der Konkordanz  [Lehnwort] · saa Kl. 9/10 (Ø/n-) → saa  — Numerus nur an der Konkordanz  [auch ""Uhr""]"	"treni class 9/10 (Ø/n-) → treni  — number shows only in the agreement  [loanword] · saa class 9/10 (Ø/n-) → saa  — number shows only in the agreement  [also ""clock""]"	Kl.9: SUBJ i- · ADJ Ø/n- · GEN ya · DEM hii/ile · POSS y- · REL -yo	class 9: SUBJ i- · ADJ Ø/n- · GEN ya · DEM hii/ile · POSS y- · REL -yo	"Uhrzeitfrage wörtlich ""welche Stunde"""	A1 SD1 A ankommen
38	9	A	die Ankunft	0	Auf diesem Plan steht nur die Ankunft(-szeit) der Züge.	This timetable only shows the arrival times of the trains.	Mpango huu unaonyesha saa ya kuwasili ya treni tu.	m-pango huu u-na-onyesh-a saa y-a ku-wasili y-a treni tu	KL3-Plan KL3.DEM KL3-PRÄS-zeigen-IND KL9.Stunde KL9-GEN KL15-ankommen KL9-GEN KL9.Zug nur	CL3-plan CL3.DEM CL3-PRS-show-IND CL9.hour CL9-GEN CL15-arrive CL9-GEN CL9.train only	"mpango Kl. 3/4 (m-/mw- › mi-) → mipango · saa Kl. 9/10 (Ø/n-) → saa  — Numerus nur an der Konkordanz  [auch ""Uhr""] · kuwasili Kl. 15 (ku-), kein Numeruswechsel  [Verbalnomen] · treni Kl. 9/10 (Ø/n-) → treni  — Numerus nur an der Konkordanz  [Lehnwort]"	"mpango class 3/4 (m-/mw- › mi-) → mipango · saa class 9/10 (Ø/n-) → saa  — number shows only in the agreement  [also ""clock""] · kuwasili class 15 (ku-), no number change  [verbal noun] · treni class 9/10 (Ø/n-) → treni  — number shows only in the agreement  [loanword]"	Kl.3: SUBJ u- · ADJ m-/mw- · GEN wa · DEM huu/ule · POSS w- · REL -o · Kl.9: SUBJ i- · ADJ Ø/n- · GEN ya · DEM hii/ile · POSS y- · REL -yo	class 3: SUBJ u- · ADJ m-/mw- · GEN wa · DEM huu/ule · POSS w- · REL -o · class 9: SUBJ i- · ADJ Ø/n- · GEN ya · DEM hii/ile · POSS y- · REL -yo	kuwasili ist arabisches Lehnverb und endet nicht auf -a	A1 SD1 A Ankunft
39	9	A	ankreuzen	0	Auf dem Formular müssen Sie an mehreren Stellen etwas ankreuzen.	On the form you have to tick several places.	Katika fomu lazima mtie alama mahali kadhaa.	katika fomu lazima m-ti-e alama mahali kadhaa	in KL9.Formular muss 2PL-setzen-KONJ KL9.Zeichen KL16.Ort mehrere	in CL9.form must 2PL-put-SBJV CL9.mark CL16.place several	fomu Kl. 9/10 (Ø/n-) → fomu  — Numerus nur an der Konkordanz  [Lehnwort] · alama Kl. 9/10 (Ø/n-) → alama  — Numerus nur an der Konkordanz · mahali Kl. 16 (pa-), kein Numeruswechsel  [Ortsklasse]	fomu class 9/10 (Ø/n-) → fomu  — number shows only in the agreement  [loanword] · alama class 9/10 (Ø/n-) → alama  — number shows only in the agreement · mahali class 16 (pa-), no number change  [locative class]	Kl.9: SUBJ i- · ADJ Ø/n- · GEN ya · DEM hii/ile · POSS y- · REL -yo · Kl.16: SUBJ pa- · ADJ pa- · GEN pa · DEM hapa/pale · POSS p- · REL -po	class 9: SUBJ i- · ADJ Ø/n- · GEN ya · DEM hii/ile · POSS y- · REL -yo · class 16: SUBJ pa- · ADJ pa- · GEN pa · DEM hapa/pale · POSS p- · REL -po	"ankreuzen = kutia alama, ""ein Zeichen setzen"""	A1 SD1 A ankreuzen
40	9	A	anmachen	0	Mach bitte das Licht an!	Please turn on the light!	Tafadhali washa taa!	tafadhali wash-a taa	bitte anmachen-IMP KL9.Lampe	please switch.on-IMP CL9.lamp			Kl.9: SUBJ i- · ADJ Ø/n- · GEN ya · DEM hii/ile · POSS y- · REL -yo	class 9: SUBJ i- · ADJ Ø/n- · GEN ya · DEM hii/ile · POSS y- · REL -yo	Imperativ Singular ist der nackte Verbstamm	A1 SD1 A anmachen
41	9	A	(sich) anmelden	0	Wo kann ich mich anmelden?	Where can I register?	Ninaweza kujiandikisha wapi?	ni-na-wez-a ku-ji-andikish-a wapi	1SG-PRÄS-können-IND KL15-REFL-einschreiben-IND wo	1SG-PRS-can-IND CL15-REFL-register-IND where			Kl.15: SUBJ ku- · ADJ ku- · GEN kwa · DEM huku/kule · POSS kw- · REL -ko	class 15: SUBJ ku- · ADJ ku- · GEN kwa · DEM huku/kule · POSS kw- · REL -ko	Reflexiv ist das Infix -ji- an der Objektstelle	A1 SD1 A anmelden
42	9	A	die Anmeldung	1	Eine Anmeldung für diesen Kurs ist nicht mehr möglich.	Registration for this course is no longer possible.	Usajili wa kozi hii hauwezekani tena.	u-sajili w-a kozi hii hau-wezekan-i tena	KL14-Anmeldung KL14-GEN KL9.Kurs KL9.DEM KL14.NEG-möglich.sein-NEG mehr	CL14-registration CL14-GEN CL9.course CL9.DEM CL14.NEG-be.possible-NEG more	usajili Kl. 14 (u-), kein Numeruswechsel  [Abstraktum] · kozi Kl. 9/10 (Ø/n-) → kozi  — Numerus nur an der Konkordanz  [Lehnwort]	usajili class 14 (u-), no number change  [abstract noun] · kozi class 9/10 (Ø/n-) → kozi  — number shows only in the agreement  [loanword]	Kl.14: SUBJ u- · ADJ m-/mw- · GEN wa · DEM huu/ule · POSS w- · REL -o · Kl.9: SUBJ i- · ADJ Ø/n- · GEN ya · DEM hii/ile · POSS y- · REL -yo	class 14: SUBJ u- · ADJ m-/mw- · GEN wa · DEM huu/ule · POSS w- · REL -o · class 9: SUBJ i- · ADJ Ø/n- · GEN ya · DEM hii/ile · POSS y- · REL -yo	Negatives Subjektpräfix der Kl.14 lautet hau-	A1 SD1 A Anmeldung
43	9	A	die Anrede	0	Schreiben Sie auch eine Anrede und einen Gruß.	Also write a salutation and a greeting.	Andikeni pia salamu ya mwanzo na salamu ya mwisho.	andik-eni pia salamu y-a mwanzo na salamu y-a mwisho	schreiben-IMP.PL auch KL9.Anrede KL9-GEN KL3.Anfang und KL9.Gruß KL9-GEN KL3.Ende	write-IMP.PL also CL9.salutation CL9-GEN CL3.beginning and CL9.greeting CL9-GEN CL3.end	salamu Kl. 9/10 (Ø/n-) → salamu  — Numerus nur an der Konkordanz · mwanzo Kl. 3/4 (m-/mw- › mi-) → mianzo · mwisho Kl. 3/4 (m-/mw- › mi-) → miisho	salamu class 9/10 (Ø/n-) → salamu  — number shows only in the agreement · mwanzo class 3/4 (m-/mw- › mi-) → mianzo · mwisho class 3/4 (m-/mw- › mi-) → miisho	Kl.9: SUBJ i- · ADJ Ø/n- · GEN ya · DEM hii/ile · POSS y- · REL -yo · Kl.3: SUBJ u- · ADJ m-/mw- · GEN wa · DEM huu/ule · POSS w- · REL -o	class 9: SUBJ i- · ADJ Ø/n- · GEN ya · DEM hii/ile · POSS y- · REL -yo · class 3: SUBJ u- · ADJ m-/mw- · GEN wa · DEM huu/ule · POSS w- · REL -o	Imperativ Plural endet auf -eni	A1 SD1 A Anrede
44	9	A	anrufen	0	Kann man Sie anrufen?	Can one call you?	Inawezekana kuwapigia simu?	i-na-wezekan-a ku-wa-pig-i-a simu	KL9-PRÄS-möglich.sein-IND KL15-OBJ2PL-schlagen-APPL-IND KL9.Telefon	CL9-PRS-be.possible-IND CL15-OBJ2PL-hit-APPL-IND CL9.phone	simu Kl. 9/10 (Ø/n-) → simu  — Numerus nur an der Konkordanz	simu class 9/10 (Ø/n-) → simu  — number shows only in the agreement	Kl.9: SUBJ i- · ADJ Ø/n- · GEN ya · DEM hii/ile · POSS y- · REL -yo	class 9: SUBJ i- · ADJ Ø/n- · GEN ya · DEM hii/ile · POSS y- · REL -yo	"Applikativ -i- macht aus ""schlagen"" ""für jemanden anrufen"""	A1 SD1 A anrufen
45	9	A	anrufen	0	Peter ruft kurz seine Freundin an.	Peter is calling his girlfriend briefly.	Peter anampigia simu rafiki yake kwa muda mfupi.	Peter a-na-m-pig-i-a simu rafiki y-ake kwa muda m-fupi	Peter 3SG-PRÄS-OBJ1-schlagen-APPL-IND KL9.Telefon KL9/KL1.Freundin KL9-sein für KL3.Zeit KL3-kurz	Peter 3SG-PRS-OBJ1-hit-APPL-IND CL9.phone CL9/CL1.girlfriend CL9-be for CL3.time CL3-short	"simu Kl. 9/10 (Ø/n-) → simu  — Numerus nur an der Konkordanz · rafiki Kl. 9/10 (Ø/n-) → rafiki  — Numerus nur an der Konkordanz  [Musterfall: ""rafiki yangu"" Kl. 9, aber ""rafiki anakuja"" Kl. 1] · muda Kl. 3/10 (m-/mw- › Ø/n-) → nyakati  [Plural unregelmaessig]"	"simu class 9/10 (Ø/n-) → simu  — number shows only in the agreement · rafiki class 9/10 (Ø/n-) → rafiki  — number shows only in the agreement  [model case: ""rafiki yangu"" class 9, but ""rafiki anakuja"" class 1] · muda class 3/10 (m-/mw- › Ø/n-) → nyakati  [irregular plural]"	Kl.9: SUBJ i- · ADJ Ø/n- · GEN ya · DEM hii/ile · POSS y- · REL -yo · Kl.1: SUBJ a- · ADJ m-/mw- · GEN wa · DEM huyu/yule · POSS w- · REL -ye	class 9: SUBJ i- · ADJ Ø/n- · GEN ya · DEM hii/ile · POSS y- · REL -yo · class 1: SUBJ a- · ADJ m-/mw- · GEN wa · DEM huyu/yule · POSS w- · REL -ye	Objektpräfix -m- Kl.1, Possessiv yake aber Kl.9	A1 SD1 A anrufen
46	9	A	der Anruf, -e	0	Sie bekommt viele Anrufe auf ihrem Handy.	She gets a lot of calls on her mobile.	Anapokea simu nyingi kwenye simu yake ya mkononi.	a-na-poke-a simu ny-ingi kwenye simu y-ake y-a m-kono-ni	3SG-PRÄS-empfangen-IND KL10.Anruf KL10-viele an KL9.Telefon KL9-ihr KL9-GEN KL3-Hand-LOK	3SG-PRS-receive-IND CL10.call CL10-many at CL9.phone CL9-her CL9-GEN CL3-hand-LOC	simu Kl. 9/10 (Ø/n-) → simu  — Numerus nur an der Konkordanz	simu class 9/10 (Ø/n-) → simu  — number shows only in the agreement	Kl.9: SUBJ i- · ADJ Ø/n- · GEN ya · DEM hii/ile · POSS y- · REL -yo	class 9: SUBJ i- · ADJ Ø/n- · GEN ya · DEM hii/ile · POSS y- · REL -yo	simu heißt Telefon und Anruf zugleich	A1 SD1 A Anruf
47	9	A	der Anrufbeantworter	1	Wir sind im Moment nicht da. Sprechen Sie bitte auf den Anrufbeantworter.	We are not in at the moment. Please leave a message on the answering machine.	Kwa sasa hatupo. Tafadhali acheni ujumbe kwenye mashine ya kujibu simu.	kwa sasa hatu-po tafadhali ach-eni u-jumbe kwenye mashine y-a ku-jibu simu	für jetzt 1PL.NEG-sein.da bitte lassen-IMP.PL KL11-Nachricht an KL9.Maschine KL9-GEN KL15-antworten KL9.Telefon	for now 1PL.NEG-be.there please leave-IMP.PL CL11-news at CL9.machine CL9-GEN CL15-answer CL9.phone	mashine Kl. 9/10 (Ø/n-) → mashine  — Numerus nur an der Konkordanz · simu Kl. 9/10 (Ø/n-) → simu  — Numerus nur an der Konkordanz	mashine class 9/10 (Ø/n-) → mashine  — number shows only in the agreement · simu class 9/10 (Ø/n-) → simu  — number shows only in the agreement	Kl.9: SUBJ i- · ADJ Ø/n- · GEN ya · DEM hii/ile · POSS y- · REL -yo	class 9: SUBJ i- · ADJ Ø/n- · GEN ya · DEM hii/ile · POSS y- · REL -yo	hatupo verneint die Anwesenheit; Gegenstück zu tupo	A1 SD1 A Anrufbeantworter
48	10	A	die Ansage, -n	0	Hören Sie die Ansagen.	Listen to the announcements.	Sikilizeni matangazo.	sikiliz-eni ma-tangazo	zuhören-IMP.PL KL6-Ansage	listen-IMP.PL CL6-announcement	tangazo Kl. 5/6 (ji-/Ø › ma-) → matangazo	tangazo class 5/6 (ji-/Ø › ma-) → matangazo	Kl.5: SUBJ li- · ADJ ji-/Ø · GEN la · DEM hili/lile · POSS l- · REL -lo	class 5: SUBJ li- · ADJ ji-/Ø · GEN la · DEM hili/lile · POSS l- · REL -lo	Imperativ Plural -eni für höfliche Anrede	A1 SD1 A Ansage
49	10	A	der Anschluss	0	In Mannheim haben Sie Anschluss nach Saarbrücken.	In Mannheim you have a connection to Saarbrücken.	Mannheim mnapata muunganisho kwenda Saarbrücken.	Mannheim m-na-pat-a mu-unganisho kw-end-a Saarbrücken	Mannheim 2PL-PRÄS-bekommen-IND KL3-Anschluss KL15-gehen-IND Saarbrücken	Mannheim 2PL-PRS-get-IND CL3-connection CL15-go-IND Saarbrücken	muunganisho Kl. 3/4 (m-/mw- › mi-) → miunganisho	muunganisho class 3/4 (m-/mw- › mi-) → miunganisho	Kl.3: SUBJ u- · ADJ m-/mw- · GEN wa · DEM huu/ule · POSS w- · REL -o	class 3: SUBJ u- · ADJ m-/mw- · GEN wa · DEM huu/ule · POSS w- · REL -o	kwenda ist unregelmäßig: ku- verschmilzt mit -enda	A1 SD1 A Anschluss
50	10	A	der Anschluss	0	Ist das die Anmeldung für einen Telefonanschluss?	Is this the application for a telephone line?	Hii ni maombi ya laini ya simu?	hii ni ma-ombi y-a laini y-a simu	KL9.DEM KOP KL6-Anmeldung KL6-GEN KL9.Leitung KL9-GEN KL9.Telefon	CL9.DEM COP CL6-registration CL6-GEN CL9.line CL9-GEN CL9.phone	ombi Kl. 5/6 (ji-/Ø › ma-) → maombi · simu Kl. 9/10 (Ø/n-) → simu  — Numerus nur an der Konkordanz	ombi class 5/6 (ji-/Ø › ma-) → maombi · simu class 9/10 (Ø/n-) → simu  — number shows only in the agreement	Kl.5: SUBJ li- · ADJ ji-/Ø · GEN la · DEM hili/lile · POSS l- · REL -lo · Kl.9: SUBJ i- · ADJ Ø/n- · GEN ya · DEM hii/ile · POSS y- · REL -yo	class 5: SUBJ li- · ADJ ji-/Ø · GEN la · DEM hili/lile · POSS l- · REL -lo · class 9: SUBJ i- · ADJ Ø/n- · GEN ya · DEM hii/ile · POSS y- · REL -yo	maombi Kl.6 nimmt Genitiv ya	A1 SD1 A Anschluss
51	10	A	an sein	0	Heute Nacht war das Licht an.	Last night the light was on.	Usiku wa leo taa ilikuwa imewashwa.	usiku w-a leo taa i-li-kuw-a i-me-wash-w-a	KL11.Nacht KL11-GEN heute KL9.Lampe KL9-PRÄT-sein-IND KL9-PERF-anmachen-PASS-IND	CL11.night CL11-GEN today CL9.lamp CL9-PST-be-IND CL9-PRF-switch.on-PASS-IND			Kl.11: SUBJ u- · ADJ m-/mw- · GEN wa · DEM huu/ule · POSS w- · REL -o · Kl.9: SUBJ i- · ADJ Ø/n- · GEN ya · DEM hii/ile · POSS y- · REL -yo	class 11: SUBJ u- · ADJ m-/mw- · GEN wa · DEM huu/ule · POSS w- · REL -o · class 9: SUBJ i- · ADJ Ø/n- · GEN ya · DEM hii/ile · POSS y- · REL -yo	Zusammengesetzte Zeit: ilikuwa plus Perfektpartizip	A1 SD1 A an_sein
52	10	A	antworten	0	Er antwortet nicht.	He does not answer.	Hajibu.	ha-jibu	3SG.NEG-antworten	3SG.NEG-answer					Arabisches Lehnverb jibu wird nicht segmentiert	A1 SD1 A antworten
53	10	A	die Antwort, -en	1	Er gibt leider keine Antwort.	Unfortunately he gives no answer.	Kwa bahati mbaya hatoi jibu.	kwa bahati m-baya ha-to-i jibu	für KL9.Glück KL9-schlecht 3SG.NEG-geben-NEG KL5.Antwort	for CL9.luck CL9-bad 3SG.NEG-give-NEG CL5.answer	bahati Kl. 9/10 (Ø/n-) → bahati  — Numerus nur an der Konkordanz · jibu Kl. 5/6 (ji-/Ø › ma-) → majibu	bahati class 9/10 (Ø/n-) → bahati  — number shows only in the agreement · jibu class 5/6 (ji-/Ø › ma-) → majibu	Kl.9: SUBJ i- · ADJ Ø/n- · GEN ya · DEM hii/ile · POSS y- · REL -yo · Kl.5: SUBJ li- · ADJ ji-/Ø · GEN la · DEM hili/lile · POSS l- · REL -lo	class 9: SUBJ i- · ADJ Ø/n- · GEN ya · DEM hii/ile · POSS y- · REL -yo · class 5: SUBJ li- · ADJ ji-/Ø · GEN la · DEM hili/lile · POSS l- · REL -lo	"kwa bahati mbaya heißt wörtlich ""mit schlechtem Glück"""	A1 SD1 A Antwort
54	10	A	die Anzeige, -n	0	Ich habe Ihre Anzeige in der Zeitung gelesen.	I read your advertisement in the newspaper.	Nilisoma tangazo lako katika gazeti.	ni-li-som-a tangazo l-ako katika gazeti	1SG-PRÄT-lesen-IND KL5.Anzeige KL5-dein in KL5.Zeitung	1SG-PST-read-IND CL5.advertisement CL5-your in CL5.newspaper	tangazo Kl. 5/6 (ji-/Ø › ma-) → matangazo · gazeti Kl. 5/6 (ji-/Ø › ma-) → magazeti	tangazo class 5/6 (ji-/Ø › ma-) → matangazo · gazeti class 5/6 (ji-/Ø › ma-) → magazeti	Kl.5: SUBJ li- · ADJ ji-/Ø · GEN la · DEM hili/lile · POSS l- · REL -lo	class 5: SUBJ li- · ADJ ji-/Ø · GEN la · DEM hili/lile · POSS l- · REL -lo	Possessiv lako kongruiert mit tangazo Kl.5	A1 SD1 A Anzeige
55	10	A	(sich) anziehen	0	Ich muss mich noch anziehen.	I still have to get dressed.	Bado lazima nivae nguo.	bado lazima ni-va-e nguo	noch muss 1SG-anziehen-KONJ KL10.Kleidung	still must 1SG-put.on-SBJV CL10.clothing	nguo Kl. 9/10 (Ø/n-) → nguo  — Numerus nur an der Konkordanz  [meist Plural]	nguo class 9/10 (Ø/n-) → nguo  — number shows only in the agreement  [usually plural]	Kl.9: SUBJ i- · ADJ Ø/n- · GEN ya · DEM hii/ile · POSS y- · REL -yo	class 9: SUBJ i- · ADJ Ø/n- · GEN ya · DEM hii/ile · POSS y- · REL -yo	kuvaa deckt anziehen und tragen ab	A1 SD1 A anziehen
56	10	A	das Apartment, -s	0	Wir haben ein Apartment gemietet.	We have rented an apartment.	Tumepanga fleti.	tu-me-pang-a fleti	1PL-PERF-mieten-IND KL9.Apartment	1PL-PRF-rent-IND CL9.flat	fleti Kl. 9/10 (Ø/n-) → fleti  — Numerus nur an der Konkordanz  [Lehnwort]	fleti class 9/10 (Ø/n-) → fleti  — number shows only in the agreement  [loanword]	Kl.9: SUBJ i- · ADJ Ø/n- · GEN ya · DEM hii/ile · POSS y- · REL -yo	class 9: SUBJ i- · ADJ Ø/n- · GEN ya · DEM hii/ile · POSS y- · REL -yo	Perfekt -me-: das Ergebnis besteht noch	A1 SD1 A Apartment
57	10	A	der Apfel, -Ä	0	Ein Pfund Äpfel bitte.	Half a kilo of apples please.	Nusu kilo ya matofaa tafadhali.	nusu kilo y-a ma-tofaa tafadhali	KL9.Hälfte KL9.Kilo KL9-GEN KL6-Apfel bitte	CL9.half CL9.kilo CL9-GEN CL6-apple please	tofaa Kl. 5/6 (ji-/Ø › ma-) → matofaa	tofaa class 5/6 (ji-/Ø › ma-) → matofaa	Kl.5: SUBJ li- · ADJ ji-/Ø · GEN la · DEM hili/lile · POSS l- · REL -lo	class 5: SUBJ li- · ADJ ji-/Ø · GEN la · DEM hili/lile · POSS l- · REL -lo	Ein Pfund wird als nusu kilo wiedergegeben	A1 SD1 A Apfel
58	10	A	der Appetit	0	Guten Appetit!	Enjoy your meal!	Karibu chakula!	karibu chakula	willkommen KL7.Essen	welcome CL7.food	chakula Kl. 7/8 (ki- › vi-) → vyakula	chakula class 7/8 (ki- › vi-) → vyakula	Kl.7: SUBJ ki- · ADJ ki- · GEN cha · DEM hiki/kile · POSS ch- · REL -cho	class 7: SUBJ ki- · ADJ ki- · GEN cha · DEM hiki/kile · POSS ch- · REL -cho	karibu ist die übliche Tischformel, kein Wunsch	A1 SD1 A Appetit
59	10	A	arbeiten	0	Wo arbeiten Sie?	Where do you work?	Mnafanya kazi wapi?	m-na-fany-a kazi wapi	2PL-PRÄS-tun-IND KL9.Arbeit wo	2PL-PRS-do-IND CL9.work where	kazi Kl. 9/10 (Ø/n-) → kazi  — Numerus nur an der Konkordanz	kazi class 9/10 (Ø/n-) → kazi  — number shows only in the agreement	Kl.9: SUBJ i- · ADJ Ø/n- · GEN ya · DEM hii/ile · POSS y- · REL -yo	class 9: SUBJ i- · ADJ Ø/n- · GEN ya · DEM hii/ile · POSS y- · REL -yo	"arbeiten = kufanya kazi, wörtlich ""Arbeit tun"""	A1 SD1 A arbeiten
60	10	A	die Arbeit, -en	1	Mein Bruder sucht Arbeit.	My brother is looking for work.	Kaka yangu anatafuta kazi.	kaka y-angu a-na-tafut-a kazi	KL9/KL1.Bruder KL9-mein 3SG-PRÄS-suchen-IND KL9.Arbeit	CL9/CL1.brother CL9-my 3SG-PRS-search-IND CL9.work	kaka Kl. 9/10 (Ø/n-) → kaka  — Numerus nur an der Konkordanz  [Person: Form Kl. 9/10, Kongruenz Kl. 1/2] · kazi Kl. 9/10 (Ø/n-) → kazi  — Numerus nur an der Konkordanz	kaka class 9/10 (Ø/n-) → kaka  — number shows only in the agreement  [person: form class 9/10, agreement class 1/2] · kazi class 9/10 (Ø/n-) → kazi  — number shows only in the agreement	Kl.1: SUBJ a- · ADJ m-/mw- · GEN wa · DEM huyu/yule · POSS w- · REL -ye · Kl.9: SUBJ i- · ADJ Ø/n- · GEN ya · DEM hii/ile · POSS y- · REL -yo	class 1: SUBJ a- · ADJ m-/mw- · GEN wa · DEM huyu/yule · POSS w- · REL -ye · class 9: SUBJ i- · ADJ Ø/n- · GEN ya · DEM hii/ile · POSS y- · REL -yo	Possessiv Kl.9, Subjektpräfix a- aber Kl.1	A1 SD1 A Arbeit
61	10	A	arbeitslos	0	Es gibt bei uns viele Leute, die schon lange arbeitslos sind.	Where we live there are many people who have been unemployed for a long time.	Kwetu kuna watu wengi ambao hawana kazi kwa muda mrefu.	kwetu ku-na watu w-engi ambao hawa-na kazi kwa muda m-refu	bei.uns KL17-mit KL2.Leute KL2-viele KL2.REL 3PL.NEG-haben KL9.Arbeit für KL3.Zeit KL3-lang	at.our.place CL17-with CL2.people CL2-many CL2.REL 3PL.NEG-have CL9.work for CL3.time CL3-long	mtu Kl. 1/2 (m-/mw- › wa-) → watu  [Musterwort fuer Kl. 1/2] · kazi Kl. 9/10 (Ø/n-) → kazi  — Numerus nur an der Konkordanz · muda Kl. 3/10 (m-/mw- › Ø/n-) → nyakati  [Plural unregelmaessig]	mtu class 1/2 (m-/mw- › wa-) → watu  [model word for class 1/2] · kazi class 9/10 (Ø/n-) → kazi  — number shows only in the agreement · muda class 3/10 (m-/mw- › Ø/n-) → nyakati  [irregular plural]	Kl.1: SUBJ a- · ADJ m-/mw- · GEN wa · DEM huyu/yule · POSS w- · REL -ye · Kl.9: SUBJ i- · ADJ Ø/n- · GEN ya · DEM hii/ile · POSS y- · REL -yo	class 1: SUBJ a- · ADJ m-/mw- · GEN wa · DEM huyu/yule · POSS w- · REL -ye · class 9: SUBJ i- · ADJ Ø/n- · GEN ya · DEM hii/ile · POSS y- · REL -yo	arbeitslos wird als hawana kazi umschrieben	A1 SD1 A arbeitslos
62	10	A	der Arbeitsplatz, -ä, e	0	An meinem Arbeitsplatz fehlt ein Drucker.	At my workplace there is no printer.	Mahali pangu pa kazi hakuna printa.	mahali p-angu p-a kazi haku-na printa	KL16.Ort KL16-mein KL16-GEN KL9.Arbeit KL17.NEG-mit KL9.Drucker	CL16.place CL16-my CL16-GEN CL9.work CL17.NEG-with CL9.printer	mahali Kl. 16 (pa-), kein Numeruswechsel  [Ortsklasse] · kazi Kl. 9/10 (Ø/n-) → kazi  — Numerus nur an der Konkordanz · printa Kl. 9/10 (Ø/n-) → printa  — Numerus nur an der Konkordanz  [Lehnwort]	mahali class 16 (pa-), no number change  [locative class] · kazi class 9/10 (Ø/n-) → kazi  — number shows only in the agreement · printa class 9/10 (Ø/n-) → printa  — number shows only in the agreement  [loanword]	Kl.16: SUBJ pa- · ADJ pa- · GEN pa · DEM hapa/pale · POSS p- · REL -po · Kl.9: SUBJ i- · ADJ Ø/n- · GEN ya · DEM hii/ile · POSS y- · REL -yo	class 16: SUBJ pa- · ADJ pa- · GEN pa · DEM hapa/pale · POSS p- · REL -po · class 9: SUBJ i- · ADJ Ø/n- · GEN ya · DEM hii/ile · POSS y- · REL -yo	Ortsklasse 16 hat eigene Konkordanz pangu, pa	A1 SD1 A Arbeitsplatz
63	10	A	der Arm, -e	0	Mein Arm tut weh.	My arm hurts.	Mkono wangu unauma.	m-kono w-angu u-na-um-a	KL3-Arm KL3-mein KL3-PRÄS-schmerzen-IND	CL3-arm CL3-my CL3-PRS-hurt-IND	mkono Kl. 3/4 (m-/mw- › mi-) → mikono	mkono class 3/4 (m-/mw- › mi-) → mikono	Kl.3: SUBJ u- · ADJ m-/mw- · GEN wa · DEM huu/ule · POSS w- · REL -o	class 3: SUBJ u- · ADJ m-/mw- · GEN wa · DEM huu/ule · POSS w- · REL -o	mkono heißt Arm und Hand	A1 SD1 A Arm
64	10	A	der Arzt, -Ä, e	0	Morgen habe ich einen Termin bei meiner Ärztin.	Tomorrow I have an appointment with my doctor.	Kesho nina miadi na daktari wangu.	kesho ni-na miadi na daktari w-angu	morgen 1SG-haben KL9.Termin mit KL5/KL1.Arzt KL1-mein	tomorrow 1SG-have CL9.appointment with CL5/CL1.doctor CL1-my	miadi Kl. 9/10 (Ø/n-) → miadi  — Numerus nur an der Konkordanz · daktari Kl. 5/6 (ji-/Ø › ma-) → madaktari  [Person: Form Kl. 5/6, Kongruenz Kl. 1/2]	miadi class 9/10 (Ø/n-) → miadi  — number shows only in the agreement · daktari class 5/6 (ji-/Ø › ma-) → madaktari  [person: form class 5/6, agreement class 1/2]	Kl.9: SUBJ i- · ADJ Ø/n- · GEN ya · DEM hii/ile · POSS y- · REL -yo · Kl.1: SUBJ a- · ADJ m-/mw- · GEN wa · DEM huyu/yule · POSS w- · REL -ye	class 9: SUBJ i- · ADJ Ø/n- · GEN ya · DEM hii/ile · POSS y- · REL -yo · class 1: SUBJ a- · ADJ m-/mw- · GEN wa · DEM huyu/yule · POSS w- · REL -ye	daktari ist Kl.5, nimmt als Person aber wangu Kl.1	A1 SD1 A Arzt
65	10	A	auch	0	Ich bin auch Spanier.	I am Spanish too.	Mimi pia ni Mhispania.	mimi pia ni M-hispania	ich auch KOP KL1-Spanier	I also COP CL1-Spaniard			Kl.1: SUBJ a- · ADJ m-/mw- · GEN wa · DEM huyu/yule · POSS w- · REL -ye	class 1: SUBJ a- · ADJ m-/mw- · GEN wa · DEM huyu/yule · POSS w- · REL -ye	Nationalitäten sind Kl.1/2: Mhispania, Wahispania	A1 SD1 A auch
66	10	A	auf	0	Die Kinder spielen auf der Straße.	The children are playing in the street.	Watoto wanachezea barabarani.	watoto wa-na-chez-e-a barabara-ni	KL2.Kind KL2-PRÄS-spielen-APPL-IND KL9.Straße-LOK	CL2.child CL2-PRS-play-APPL-IND CL9.street-LOC	mtoto Kl. 1/2 (m-/mw- › wa-) → watoto	mtoto class 1/2 (m-/mw- › wa-) → watoto	Kl.1: SUBJ a- · ADJ m-/mw- · GEN wa · DEM huyu/yule · POSS w- · REL -ye	class 1: SUBJ a- · ADJ m-/mw- · GEN wa · DEM huyu/yule · POSS w- · REL -ye	Ortssuffix -ni ersetzt die Präposition	A1 SD1 A auf
67	10	A	auf	0	Auf Wiedersehen.	Goodbye.	Kwaheri.	kwaheri	auf.Wiedersehen	goodbye					Unveränderliche Formel, nicht analysierbar	A1 SD1 A auf
68	10	A	auf	0	Wie heißt das auf Deutsch?	What is this called in German?	Hii inaitwaje kwa Kijerumani?	hii i-na-it-w-a-je kwa Ki-jerumani	KL9.DEM KL9-PRÄS-nennen-PASS-IND-wie für KL7-Deutsch	CL9.DEM CL9-PRS-call-PASS-IND-how for CL7-German			Kl.9: SUBJ i- · ADJ Ø/n- · GEN ya · DEM hii/ile · POSS y- · REL -yo · Kl.7: SUBJ ki- · ADJ ki- · GEN cha · DEM hiki/kile · POSS ch- · REL -cho	class 9: SUBJ i- · ADJ Ø/n- · GEN ya · DEM hii/ile · POSS y- · REL -yo · class 7: SUBJ ki- · ADJ ki- · GEN cha · DEM hiki/kile · POSS ch- · REL -cho	Sprachen sind Kl.7: Kijerumani, Kiswahili	A1 SD1 A auf
69	10	A	die Aufgabe, -n	0	Das ist eine schwere Aufgabe.	That is a difficult task.	Hili ni zoezi gumu.	hili ni zoezi gumu	KL5.DEM KOP KL5.Aufgabe schwer	CL5.DEM COP CL5.task heavy			Kl.5: SUBJ li- · ADJ ji-/Ø · GEN la · DEM hili/lile · POSS l- · REL -lo	class 5: SUBJ li- · ADJ ji-/Ø · GEN la · DEM hili/lile · POSS l- · REL -lo	zoezi ist die Übungsaufgabe, kazi die Arbeit	A1 SD1 A Aufgabe
70	10	A	aufhören	0	Der Kurs hört in einer Woche auf.	The course ends in a week.	Kozi inaisha baada ya wiki moja.	kozi i-na-ish-a baada y-a wiki moja	KL9.Kurs KL9-PRÄS-enden-IND nach KL9-GEN KL9.Woche eins	CL9.course CL9-PRS-end-IND after CL9-GEN CL9.week one	kozi Kl. 9/10 (Ø/n-) → kozi  — Numerus nur an der Konkordanz  [Lehnwort]	kozi class 9/10 (Ø/n-) → kozi  — number shows only in the agreement  [loanword]	Kl.9: SUBJ i- · ADJ Ø/n- · GEN ya · DEM hii/ile · POSS y- · REL -yo	class 9: SUBJ i- · ADJ Ø/n- · GEN ya · DEM hii/ile · POSS y- · REL -yo	baada ya verlangt den Genitiv	A1 SD1 A aufhören
71	10	A	aufhören	0	Hier hört die Bahnhofstraße auf.	The station road ends here.	Barabara ya stesheni inaishia hapa.	barabara y-a stesheni i-na-ish-i-a hapa	KL9.Straße KL9-GEN KL9.Bahnhof KL9-PRÄS-enden-APPL-IND hier	CL9.street CL9-GEN CL9.station CL9-PRS-end-APPL-IND here	barabara Kl. 9/10 (Ø/n-) → barabara  — Numerus nur an der Konkordanz · stesheni Kl. 9/10 (Ø/n-) → stesheni  — Numerus nur an der Konkordanz  [Lehnwort]	barabara class 9/10 (Ø/n-) → barabara  — number shows only in the agreement · stesheni class 9/10 (Ø/n-) → stesheni  — number shows only in the agreement  [loanword]	Kl.9: SUBJ i- · ADJ Ø/n- · GEN ya · DEM hii/ile · POSS y- · REL -yo	class 9: SUBJ i- · ADJ Ø/n- · GEN ya · DEM hii/ile · POSS y- · REL -yo	Applikativ -i- gibt dem Enden einen Ort	A1 SD1 A aufhören
72	10	A	auf sein	0	Du brauchst den Schlüssel nicht. Die Wohnung ist auf.	You do not need the key. The flat is open.	Hauhitaji ufunguo. Nyumba imefunguliwa.	hau-hitaji ufunguo nyumba i-me-fungu-liw-a	2SG.NEG-brauchen KL11.Schlüssel KL9.Haus KL9-PERF-öffnen-PASS-IND	2SG.NEG-need CL11.key CL9.house CL9-PRF-open-PASS-IND	ufunguo Kl. 11/10 (u- › Ø/n-) → funguo · nyumba Kl. 9/10 (Ø/n-) → nyumba  — Numerus nur an der Konkordanz	ufunguo class 11/10 (u- › Ø/n-) → funguo · nyumba class 9/10 (Ø/n-) → nyumba  — number shows only in the agreement	Kl.11: SUBJ u- · ADJ m-/mw- · GEN wa · DEM huu/ule · POSS w- · REL -o · Kl.9: SUBJ i- · ADJ Ø/n- · GEN ya · DEM hii/ile · POSS y- · REL -yo	class 11: SUBJ u- · ADJ m-/mw- · GEN wa · DEM huu/ule · POSS w- · REL -o · class 9: SUBJ i- · ADJ Ø/n- · GEN ya · DEM hii/ile · POSS y- · REL -yo	Passiv Perfekt beschreibt einen Zustand	A1 SD1 A auf_sein
73	10	A	aufstehen	0	Ich muss immer um vier Uhr aufstehen.	I always have to get up at four o'clock.	Lazima niamke saa kumi kila siku.	lazima ni-amk-e saa kumi kila siku	muss 1SG-aufstehen-KONJ KL9.Stunde zehn jede KL9.Tag	must 1SG-stand.up-SBJV CL9.hour ten every CL9.day	"saa Kl. 9/10 (Ø/n-) → saa  — Numerus nur an der Konkordanz  [auch ""Uhr""] · siku ya kuzaliwa Kl. 9/10 (Ø/n-) → siku za kuzaliwa  [Genitiv kongruiert mit dem Kopfnomen]"	"saa class 9/10 (Ø/n-) → saa  — number shows only in the agreement  [also ""clock""] · siku ya kuzaliwa class 9/10 (Ø/n-) → siku za kuzaliwa  [genitive agrees with the head noun]"	Kl.9: SUBJ i- · ADJ Ø/n- · GEN ya · DEM hii/ile · POSS y- · REL -yo	class 9: SUBJ i- · ADJ Ø/n- · GEN ya · DEM hii/ile · POSS y- · REL -yo	saa kumi ist 4 Uhr: zehnte Stunde nach Sonnenaufgang	A1 SD1 A aufstehen
74	10	A	aufstehen	0	Soll ich aufstehen?	Shall I stand up?	Niamke?	ni-amk-e	1SG-aufstehen-KONJ	1SG-stand.up-SBJV					Konjunktiv allein stellt eine Frage nach dem Sollen	A1 SD1 A aufstehen
75	10	A	der Aufzug, -ü, e	0	In diesem Haus gibt es keinen Aufzug.	In this building there is no lift.	Katika nyumba hii hakuna lifti.	katika nyumba hii haku-na lifti	in KL9.Haus KL9.DEM KL17.NEG-mit KL9.Aufzug	in CL9.house CL9.DEM CL17.NEG-with CL9.lift	nyumba Kl. 9/10 (Ø/n-) → nyumba  — Numerus nur an der Konkordanz · lifti Kl. 9/10 (Ø/n-) → lifti  — Numerus nur an der Konkordanz  [Lehnwort]	nyumba class 9/10 (Ø/n-) → nyumba  — number shows only in the agreement · lifti class 9/10 (Ø/n-) → lifti  — number shows only in the agreement  [loanword]	Kl.9: SUBJ i- · ADJ Ø/n- · GEN ya · DEM hii/ile · POSS y- · REL -yo	class 9: SUBJ i- · ADJ Ø/n- · GEN ya · DEM hii/ile · POSS y- · REL -yo	hakuna ist die Negation von kuna	A1 SD1 A Aufzug
76	10	A	das Auge, -n	0	Er hat blaue Augen.	He has blue eyes.	Ana macho ya bluu.	a-na macho y-a bluu	3SG-haben KL6.Auge KL6-GEN blau	3SG-have CL6.eye CL6-GEN blue	jicho Kl. 5/6 (ji-/Ø › ma-) → macho  [Nullpraefix im Singular]	jicho class 5/6 (ji-/Ø › ma-) → macho  [zero prefix in the singular]	Kl.5: SUBJ li- · ADJ ji-/Ø · GEN la · DEM hili/lile · POSS l- · REL -lo	class 5: SUBJ li- · ADJ ji-/Ø · GEN la · DEM hili/lile · POSS l- · REL -lo	macho Kl.6, Singular jicho Kl.5	A1 SD1 A Auge
77	10	A	aus	0	Er kommt aus Brasilien.	He comes from Brazil.	Anatoka Brazili.	a-na-tok-a Brazili	3SG-PRÄS-kommen-IND Brasilien	3SG-PRS-come-IND Brazil					kutoka deckt herkommen und verlassen ab	A1 SD1 A aus
78	10	A	der Ausflug	0	Morgen machen wir einen Ausflug nach Heidelberg.	Tomorrow we are going on an outing to Heidelberg.	Kesho tutafanya safari ya kwenda Heidelberg.	kesho tu-ta-fany-a safari y-a kw-end-a Heidelberg	morgen 1PL-FUT-tun-IND KL9.Ausflug KL9-GEN KL15-gehen-IND Heidelberg	tomorrow 1PL-FUT-do-IND CL9.outing CL9-GEN CL15-go-IND Heidelberg	safari Kl. 9/10 (Ø/n-) → safari  — Numerus nur an der Konkordanz	safari class 9/10 (Ø/n-) → safari  — number shows only in the agreement	Kl.9: SUBJ i- · ADJ Ø/n- · GEN ya · DEM hii/ile · POSS y- · REL -yo	class 9: SUBJ i- · ADJ Ø/n- · GEN ya · DEM hii/ile · POSS y- · REL -yo	safari deckt Reise und Ausflug ab	A1 SD1 A Ausflug
79	10	A	ausfüllen	0	Füllen Sie bitte dieses Formular aus.	Please fill in this form.	Tafadhali jazeni fomu hii.	tafadhali jaz-eni fomu hii	bitte füllen-IMP.PL KL9.Formular KL9.DEM	please fill-IMP.PL CL9.form CL9.DEM	fomu Kl. 9/10 (Ø/n-) → fomu  — Numerus nur an der Konkordanz  [Lehnwort]	fomu class 9/10 (Ø/n-) → fomu  — number shows only in the agreement  [loanword]	Kl.9: SUBJ i- · ADJ Ø/n- · GEN ya · DEM hii/ile · POSS y- · REL -yo	class 9: SUBJ i- · ADJ Ø/n- · GEN ya · DEM hii/ile · POSS y- · REL -yo	Imperativ Plural für höfliches Sie	A1 SD1 A ausfüllen
80	10	A	der Ausgang	0	Wo ist der Ausgang?	Where is the exit?	Njia ya kutoka iko wapi?	njia y-a ku-tok-a i-ko wapi	KL9.Weg KL9-GEN KL15-hinausgehen-IND KL9-sein.da wo	CL9.way CL9-GEN CL15-go.out-IND CL9-be.there where	njia ya kutoka Kl. 9/10 (Ø/n-) → njia za kutoka  [Genitiv kongruiert mit dem Kopfnomen]	njia ya kutoka class 9/10 (Ø/n-) → njia za kutoka  [genitive agrees with the head noun]	Kl.9: SUBJ i- · ADJ Ø/n- · GEN ya · DEM hii/ile · POSS y- · REL -yo	class 9: SUBJ i- · ADJ Ø/n- · GEN ya · DEM hii/ile · POSS y- · REL -yo	Ausgang wird als njia ya kutoka umschrieben	A1 SD1 A Ausgang
81	10	A	die Auskunft, -ü, e	0	Können Sie mir eine Auskunft geben?	Can you give me some information?	Mnaweza kunipa taarifa?	m-na-wez-a ku-ni-p-a taarifa	2PL-PRÄS-können-IND KL15-OBJ1SG-geben-IND KL9.Auskunft	2PL-PRS-can-IND CL15-OBJ1SG-give-IND CL9.information	taarifa Kl. 9/10 (Ø/n-) → taarifa  — Numerus nur an der Konkordanz	taarifa class 9/10 (Ø/n-) → taarifa  — number shows only in the agreement	Kl.9: SUBJ i- · ADJ Ø/n- · GEN ya · DEM hii/ile · POSS y- · REL -yo	class 9: SUBJ i- · ADJ Ø/n- · GEN ya · DEM hii/ile · POSS y- · REL -yo	Objektpräfix -ni- vor der Wurzel	A1 SD1 A Auskunft
82	10	A	das Ausland	0	Fahren Sie ins Ausland?	Are you travelling abroad?	Mnasafiri ugenini?	m-na-safiri ugeni-ni	2PL-PRÄS-reisen KL11.Fremde-LOK	2PL-PRS-travel CL11.foreign.parts-LOC	ugenini Kl. 17 (ku-), kein Numeruswechsel  [Ortsform, kein Plural]	ugenini class 17 (ku-), no number change  [locative form, no plural]	Kl.17: SUBJ ku- · ADJ ku- · GEN kwa · DEM huku/kule · POSS kw- · REL -ko	class 17: SUBJ ku- · ADJ ku- · GEN kwa · DEM huku/kule · POSS kw- · REL -ko	Ausland als Ortsform ugenini	A1 SD1 A Ausland
83	10	A	der Ausländer, -	1	SInd Sie Ausländerin?	Are you a foreigner?	Wewe ni mgeni?	wewe ni m-geni	du KOP KL1-Ausländerin	you COP CL1-foreigner	"mgeni Kl. 1/2 (m-/mw- › wa-) → wageni  [auch ""Gast""]"	"mgeni class 1/2 (m-/mw- › wa-) → wageni  [also ""guest""]"	Kl.1: SUBJ a- · ADJ m-/mw- · GEN wa · DEM huyu/yule · POSS w- · REL -ye	class 1: SUBJ a- · ADJ m-/mw- · GEN wa · DEM huyu/yule · POSS w- · REL -ye	mgeni heißt Gast und Ausländer	A1 SD1 A Ausländer
84	10	A	ausländisch	1	Leider habe ich nur ausländisches Geld.	Unfortunately I only have foreign money.	Kwa bahati mbaya nina pesa za kigeni tu.	kwa bahati m-baya ni-na pesa z-a ki-geni tu	für KL9.Glück KL9-schlecht 1SG-haben KL10.Geld KL10-GEN KL7-fremd nur	for CL9.luck CL9-bad 1SG-have CL10.money CL10-GEN CL7-foreign only	bahati Kl. 9/10 (Ø/n-) → bahati  — Numerus nur an der Konkordanz · pesa Kl. 9/10 (Ø/n-) → pesa  — Numerus nur an der Konkordanz	bahati class 9/10 (Ø/n-) → bahati  — number shows only in the agreement · pesa class 9/10 (Ø/n-) → pesa  — number shows only in the agreement	Kl.9: SUBJ i- · ADJ Ø/n- · GEN ya · DEM hii/ile · POSS y- · REL -yo	class 9: SUBJ i- · ADJ Ø/n- · GEN ya · DEM hii/ile · POSS y- · REL -yo	kigeni ist Kl.7 und bleibt unverändert	A1 SD1 A ausländisch
85	10	A	ausmachen	0	Mach bitte das Licht aus!	Please turn off the light!	Tafadhali zima taa!	tafadhali zim-a taa	bitte ausmachen-IMP KL9.Lampe	please switch.off-IMP CL9.lamp			Kl.9: SUBJ i- · ADJ Ø/n- · GEN ya · DEM hii/ile · POSS y- · REL -yo	class 9: SUBJ i- · ADJ Ø/n- · GEN ya · DEM hii/ile · POSS y- · REL -yo	zima ist das Gegenwort zu washa	A1 SD1 A ausmachen
86	10	A	die Aussage, -n	0	Ist die Aussage richtig oder falsch?	Is the statement right or wrong?	Kauli hii ni sahihi au si sahihi?	kauli hii ni sahihi au si sahihi	KL9.Aussage KL9.DEM KOP richtig oder NEG.KOP richtig	CL9.statement CL9.DEM COP correct or NEG.COP correct	kauli Kl. 9/10 (Ø/n-) → kauli  — Numerus nur an der Konkordanz · sahihi Kl. 9/10 (Ø/n-) → sahihi  — Numerus nur an der Konkordanz	kauli class 9/10 (Ø/n-) → kauli  — number shows only in the agreement · sahihi class 9/10 (Ø/n-) → sahihi  — number shows only in the agreement	Kl.9: SUBJ i- · ADJ Ø/n- · GEN ya · DEM hii/ile · POSS y- · REL -yo	class 9: SUBJ i- · ADJ Ø/n- · GEN ya · DEM hii/ile · POSS y- · REL -yo	si ist die negative Kopula zu ni	A1 SD1 A Aussage
87	10	A	aussehen	0	Das sieht schön aus.	That looks nice.	Hii inaonekana vizuri.	hii i-na-onekan-a vi-zuri	KL9.DEM KL9-PRÄS-aussehen-IND KL8-gut	CL9.DEM CL9-PRS-look-IND CL8-good			Kl.9: SUBJ i- · ADJ Ø/n- · GEN ya · DEM hii/ile · POSS y- · REL -yo · Kl.8: SUBJ vi- · ADJ vi- · GEN vya · DEM hivi/vile · POSS vy- · REL -vyo	class 9: SUBJ i- · ADJ Ø/n- · GEN ya · DEM hii/ile · POSS y- · REL -yo · class 8: SUBJ vi- · ADJ vi- · GEN vya · DEM hivi/vile · POSS vy- · REL -vyo	vizuri ist ein Adverb mit Kl.8-Präfix	A1 SD1 A aussehen
88	10	A	aus sein	0	Das Licht ist aus.	The light is off.	Taa imezimwa.	taa i-me-zim-w-a	KL9.Lampe KL9-PERF-ausmachen-PASS-IND	CL9.lamp CL9-PRF-switch.off-PASS-IND			Kl.9: SUBJ i- · ADJ Ø/n- · GEN ya · DEM hii/ile · POSS y- · REL -yo	class 9: SUBJ i- · ADJ Ø/n- · GEN ya · DEM hii/ile · POSS y- · REL -yo	Passiv Perfekt für einen erreichten Zustand	A1 SD1 A aus_sein
89	10	A	aus sein	0	Die Schule ist aus.	School is over.	Masomo yamekwisha.	ma-somo ya-me-kwish-a	KL6-Unterricht KL6-PERF-enden-IND	CL6-lessons CL6-PRF-end-IND	masomo Kl. 6 (ma-), kein Numeruswechsel  [nur Plural]	masomo class 6 (ma-), no number change  [plural only]	Kl.6: SUBJ ya- · ADJ ma- · GEN ya · DEM haya/yale · POSS y- · REL -yo	class 6: SUBJ ya- · ADJ ma- · GEN ya · DEM haya/yale · POSS y- · REL -yo	kwisha im Perfekt heißt fertig sein	A1 SD1 A aus_sein
90	10	A	aussteigen	0	Wo muss ich aussteigen?	Where do I have to get off?	Lazima nishuke wapi?	lazima ni-shuk-e wapi	muss 1SG-aussteigen-KONJ wo	must 1SG-get.off-SBJV where					kushuka heißt hinabsteigen und aussteigen	A1 SD1 A aussteigen
91	10	A	der Ausweis	0	Hier ist mein Ausweis.	Here is my identity card.	Hiki ni kitambulisho changu.	hiki ni ki-tambulisho ch-angu	KL7.DEM KOP KL7-Ausweis KL7-mein	CL7.DEM COP CL7-identity.card CL7-my	kitambulisho Kl. 7/8 (ki- › vi-) → vitambulisho	kitambulisho class 7/8 (ki- › vi-) → vitambulisho	Kl.7: SUBJ ki- · ADJ ki- · GEN cha · DEM hiki/kile · POSS ch- · REL -cho	class 7: SUBJ ki- · ADJ ki- · GEN cha · DEM hiki/kile · POSS ch- · REL -cho	Demonstrativ hiki und Possessiv changu beide Kl.7	A1 SD1 A Ausweis
92	10	A	(sich) ausziehen	0	Zieh die Schuhe aus, bitte!	Take off your shoes, please!	Tafadhali vua viatu!	tafadhali vu-a vi-atu	bitte ausziehen-IMP KL8-Schuh	please take.off-IMP CL8-shoe	kiatu Kl. 7/8 (ki- › vi-) → viatu	kiatu class 7/8 (ki- › vi-) → viatu	Kl.7: SUBJ ki- · ADJ ki- · GEN cha · DEM hiki/kile · POSS ch- · REL -cho	class 7: SUBJ ki- · ADJ ki- · GEN cha · DEM hiki/kile · POSS ch- · REL -cho	kuvua ist das Gegenwort zu kuvaa	A1 SD1 A ausziehen
93	10	A	das Auto, -s	0	Er kommt mit dem Auto.	He is coming by car.	Anakuja na gari.	a-na-kuj-a na gari	3SG-PRÄS-kommen-IND mit KL5.Auto	3SG-PRS-come-IND with CL5.car	gari Kl. 5/6 (ji-/Ø › ma-) → magari	gari class 5/6 (ji-/Ø › ma-) → magari	Kl.5: SUBJ li- · ADJ ji-/Ø · GEN la · DEM hili/lile · POSS l- · REL -lo	class 5: SUBJ li- · ADJ ji-/Ø · GEN la · DEM hili/lile · POSS l- · REL -lo	na dient als Begleitung und als Mittel	A1 SD1 A Auto
94	10	A	die Autobahn, -en	0	Wo geht‘s hier bitte zur Autobahn?	Which way is it to the motorway, please?	Njia ya kwenda barabara kuu ni ipi?	njia y-a kw-end-a barabara kuu ni ipi	KL9.Weg KL9-GEN KL15-gehen-IND KL9.Straße groß KOP welche	CL9.way CL9-GEN CL15-go-IND CL9.street big COP which	njia ya kutoka Kl. 9/10 (Ø/n-) → njia za kutoka  [Genitiv kongruiert mit dem Kopfnomen] · barabara Kl. 9/10 (Ø/n-) → barabara  — Numerus nur an der Konkordanz	njia ya kutoka class 9/10 (Ø/n-) → njia za kutoka  [genitive agrees with the head noun] · barabara class 9/10 (Ø/n-) → barabara  — number shows only in the agreement	Kl.9: SUBJ i- · ADJ Ø/n- · GEN ya · DEM hii/ile · POSS y- · REL -yo	class 9: SUBJ i- · ADJ Ø/n- · GEN ya · DEM hii/ile · POSS y- · REL -yo	Autobahn = barabara kuu, kuu bleibt unverändert	A1 SD1 A Autobahn
95	10	A	der Automat	0	Die Fahrkarten gibt es nur am Automaten.	Tickets are only available from the machine.	Tiketi zinapatikana kwenye mashine tu.	tiketi zi-na-patikan-a kwenye mashine tu	KL10.Fahrkarte KL10-PRÄS-erhältlich.sein-IND an KL9.Maschine nur	CL10.ticket CL10-PRS-be.available-IND at CL9.machine only	tiketi Kl. 9/10 (Ø/n-) → tiketi  — Numerus nur an der Konkordanz  [Lehnwort] · mashine Kl. 9/10 (Ø/n-) → mashine  — Numerus nur an der Konkordanz	tiketi class 9/10 (Ø/n-) → tiketi  — number shows only in the agreement  [loanword] · mashine class 9/10 (Ø/n-) → mashine  — number shows only in the agreement	Kl.9: SUBJ i- · ADJ Ø/n- · GEN ya · DEM hii/ile · POSS y- · REL -yo	class 9: SUBJ i- · ADJ Ø/n- · GEN ya · DEM hii/ile · POSS y- · REL -yo	Stativ -ik- macht aus bekommen erhältlich sein	A1 SD1 A Automat
96	10	A	automatisch	0	Du musst nichts machen. Das geht automatisch.	You do not have to do anything. It works automatically.	Huhitaji kufanya kitu. Inajiendesha.	hu-hitaji ku-fany-a ki-tu i-na-ji-endesh-a	2SG.NEG-brauchen KL15-tun-IND KL7-Ding KL9-PRÄS-REFL-fahren-IND	2SG.NEG-need CL15-do-IND CL7-thing CL9-PRS-REFL-drive-IND			Kl.15: SUBJ ku- · ADJ ku- · GEN kwa · DEM huku/kule · POSS kw- · REL -ko · Kl.7: SUBJ ki- · ADJ ki- · GEN cha · DEM hiki/kile · POSS ch- · REL -cho	class 15: SUBJ ku- · ADJ ku- · GEN kwa · DEM huku/kule · POSS kw- · REL -ko · class 7: SUBJ ki- · ADJ ki- · GEN cha · DEM hiki/kile · POSS ch- · REL -cho	Reflexiv -ji- drückt hier das Automatische aus	A1 SD1 A automatisch
97	11	B	das Baby, -s	0	Mein Kind ist noch ein Baby.	My child is still a baby.	Mtoto wangu ni mchanga bado.	m-toto w-angu ni m-changa bado	KL1-Kind KL1-mein KOP KL1-jung noch	CL1-child CL1-my COP CL1-young still	mtoto Kl. 1/2 (m-/mw- › wa-) → watoto	mtoto class 1/2 (m-/mw- › wa-) → watoto	Kl.1: SUBJ a- · ADJ m-/mw- · GEN wa · DEM huyu/yule · POSS w- · REL -ye	class 1: SUBJ a- · ADJ m-/mw- · GEN wa · DEM huyu/yule · POSS w- · REL -ye	Baby wird als mtoto mchanga umschrieben	A1 SD1 B Baby
98	11	B	die Bäckerei	0	Ich geh mal schnell zur Bäckerei.	I am just popping to the bakery.	Naenda dukani la mikate haraka.	na-end-a duka-ni l-a mi-kate haraka	1SG.PRÄS.ALLG-gehen-IND KL5.Laden-LOK KL5-GEN KL4-Brot schnell	1SG.PRS.GNRL-go-IND CL5.shop-LOC CL5-GEN CL4-bread fast	mkate Kl. 3/4 (m-/mw- › mi-) → mikate	mkate class 3/4 (m-/mw- › mi-) → mikate	Kl.3: SUBJ u- · ADJ m-/mw- · GEN wa · DEM huu/ule · POSS w- · REL -o	class 3: SUBJ u- · ADJ m-/mw- · GEN wa · DEM huu/ule · POSS w- · REL -o	naenda ist die Kurzform von ninaenda	A1 SD1 B Bäckerei
99	11	B	das Bad	0	Wir haben kein großes Bad.	We do not have a big bathroom.	Hatuna bafu kubwa.	hatu-na bafu kubwa	1PL.NEG-haben KL9.Bad groß	1PL.NEG-have CL9.bathroom big	bafu Kl. 9/10 (Ø/n-) → bafu  — Numerus nur an der Konkordanz  [Lehnwort]	bafu class 9/10 (Ø/n-) → bafu  — number shows only in the agreement  [loanword]	Kl.9: SUBJ i- · ADJ Ø/n- · GEN ya · DEM hii/ile · POSS y- · REL -yo	class 9: SUBJ i- · ADJ Ø/n- · GEN ya · DEM hii/ile · POSS y- · REL -yo	kubwa bleibt in Kl.9 ohne Präfix	A1 SD1 B Bad
100	11	B	baden	0	Ich bade nicht so gern, ich dusche lieber.	I do not much like bathing, I prefer showering.	Sipendi kuoga kwenye bafu, napenda kunyeshewa zaidi.	si-pend-i ku-og-a kwenye bafu na-pend-a ku-nyeshe-w-a zaidi	1SG.NEG-mögen-NEG KL15-baden-IND an KL9.Bad 1SG.PRÄS.ALLG-mögen-IND KL15-duschen-PASS-IND mehr	1SG.NEG-like-NEG CL15-bathe-IND at CL9.bathroom 1SG.PRS.GNRL-like-IND CL15-shower-PASS-IND more	bafu Kl. 9/10 (Ø/n-) → bafu  — Numerus nur an der Konkordanz  [Lehnwort]	bafu class 9/10 (Ø/n-) → bafu  — number shows only in the agreement  [loanword]	Kl.9: SUBJ i- · ADJ Ø/n- · GEN ya · DEM hii/ile · POSS y- · REL -yo	class 9: SUBJ i- · ADJ Ø/n- · GEN ya · DEM hii/ile · POSS y- · REL -yo	Vergleich mit zaidi statt mit einem eigenen Komparativ	A1 SD1 B baden
101	11	B	die Bahn	0	Wir fahren lieber mit der Bahn.	We prefer to travel by train.	Tunapenda kusafiri kwa treni zaidi.	tu-na-pend-a ku-safiri kwa treni zaidi	1PL-PRÄS-mögen-IND KL15-reisen mit KL9.Bahn mehr	1PL-PRS-like-IND CL15-travel with CL9.railway more	treni Kl. 9/10 (Ø/n-) → treni  — Numerus nur an der Konkordanz  [Lehnwort]	treni class 9/10 (Ø/n-) → treni  — number shows only in the agreement  [loanword]	Kl.9: SUBJ i- · ADJ Ø/n- · GEN ya · DEM hii/ile · POSS y- · REL -yo	class 9: SUBJ i- · ADJ Ø/n- · GEN ya · DEM hii/ile · POSS y- · REL -yo	kwa bezeichnet das Verkehrsmittel	A1 SD1 B Bahn
102	11	B	die Bahn	0	Ich nehme die nächste Bahn.	I will take the next train.	Nitachukua treni inayofuata.	ni-ta-chuku-a treni i-na-yo-fuat-a	1SG-FUT-nehmen-IND KL9.Bahn KL9-PRÄS-REL9-folgen-IND	1SG-FUT-take-IND CL9.railway CL9-PRS-REL9-follow-IND	treni Kl. 9/10 (Ø/n-) → treni  — Numerus nur an der Konkordanz  [Lehnwort]	treni class 9/10 (Ø/n-) → treni  — number shows only in the agreement  [loanword]	Kl.9: SUBJ i- · ADJ Ø/n- · GEN ya · DEM hii/ile · POSS y- · REL -yo	class 9: SUBJ i- · ADJ Ø/n- · GEN ya · DEM hii/ile · POSS y- · REL -yo	Relativinfix -yo- verweist auf treni Kl.9	A1 SD1 B Bahn
103	11	B	der Bahnhof	0	Komme ich hier zum Bahnhof?	Will I get to the station this way?	Nitafika stesheni kwa njia hii?	ni-ta-fik-a stesheni kwa njia hii	1SG-FUT-ankommen-IND KL9.Bahnhof über KL9.Weg KL9.DEM	1SG-FUT-arrive-IND CL9.station over CL9.way CL9.DEM	stesheni Kl. 9/10 (Ø/n-) → stesheni  — Numerus nur an der Konkordanz  [Lehnwort] · njia ya kutoka Kl. 9/10 (Ø/n-) → njia za kutoka  [Genitiv kongruiert mit dem Kopfnomen]	stesheni class 9/10 (Ø/n-) → stesheni  — number shows only in the agreement  [loanword] · njia ya kutoka class 9/10 (Ø/n-) → njia za kutoka  [genitive agrees with the head noun]	Kl.9: SUBJ i- · ADJ Ø/n- · GEN ya · DEM hii/ile · POSS y- · REL -yo	class 9: SUBJ i- · ADJ Ø/n- · GEN ya · DEM hii/ile · POSS y- · REL -yo	Zukunft auch für höfliche Erkundigung	A1 SD1 B Bahnhof
104	11	B	der Bahnsteig	0	Auf welchem Bahnsteig fährt der Zug?	Which platform does the train leave from?	Treni inaondoka jukwaa lipi?	treni i-na-ondok-a jukwaa lipi	KL9.Bahn KL9-PRÄS-abfahren-IND KL5.Bahnsteig KL5.welche	CL9.railway CL9-PRS-depart-IND CL5.platform CL5.which	treni Kl. 9/10 (Ø/n-) → treni  — Numerus nur an der Konkordanz  [Lehnwort] · jukwaa Kl. 5/6 (ji-/Ø › ma-) → majukwaa  [Bahnsteig]	treni class 9/10 (Ø/n-) → treni  — number shows only in the agreement  [loanword] · jukwaa class 5/6 (ji-/Ø › ma-) → majukwaa  [platform]	Kl.9: SUBJ i- · ADJ Ø/n- · GEN ya · DEM hii/ile · POSS y- · REL -yo · Kl.5: SUBJ li- · ADJ ji-/Ø · GEN la · DEM hili/lile · POSS l- · REL -lo	class 9: SUBJ i- · ADJ Ø/n- · GEN ya · DEM hii/ile · POSS y- · REL -yo · class 5: SUBJ li- · ADJ ji-/Ø · GEN la · DEM hili/lile · POSS l- · REL -lo	Fragewort lipi kongruiert mit jukwaa Kl.5	A1 SD1 B Bahnsteig
105	11	B	bald	0	Ich komme bald.	I will come soon.	Nitakuja karibuni.	ni-ta-kuj-a karibuni	1SG-FUT-kommen-IND bald	1SG-FUT-come-IND soon					karibuni ist die Ortsform von karibu	A1 SD1 B bald
106	11	B	der Balkon	0	Die Wohnung hat auch einen kleinen Balkon.	The flat also has a small balcony.	Nyumba ina pia roshani ndogo.	nyumba i-na pia roshani n-dogo	KL9.Haus KL9-haben auch KL9.Balkon KL9-klein	CL9.house CL9-have also CL9.balcony CL9-small	nyumba Kl. 9/10 (Ø/n-) → nyumba  — Numerus nur an der Konkordanz · roshani Kl. 9/10 (Ø/n-) → roshani  — Numerus nur an der Konkordanz	nyumba class 9/10 (Ø/n-) → nyumba  — number shows only in the agreement · roshani class 9/10 (Ø/n-) → roshani  — number shows only in the agreement	Kl.9: SUBJ i- · ADJ Ø/n- · GEN ya · DEM hii/ile · POSS y- · REL -yo	class 9: SUBJ i- · ADJ Ø/n- · GEN ya · DEM hii/ile · POSS y- · REL -yo	Adjektiv ndogo mit Nasalpräfix der Kl.9	A1 SD1 B Balkon
107	11	B	die Banane, -n	0	Drei Bananen, bitte!	Three bananas, please!	Ndizi tatu, tafadhali!	ndizi tatu tafadhali	KL10.Banane drei bitte	CL10.banana three please	ndizi Kl. 9/10 (Ø/n-) → ndizi  — Numerus nur an der Konkordanz	ndizi class 9/10 (Ø/n-) → ndizi  — number shows only in the agreement	Kl.9: SUBJ i- · ADJ Ø/n- · GEN ya · DEM hii/ile · POSS y- · REL -yo	class 9: SUBJ i- · ADJ Ø/n- · GEN ya · DEM hii/ile · POSS y- · REL -yo	ndizi ist Kl.9 und Kl.10 gleich	A1 SD1 B Banane
108	11	B	die Bank	0	Die Bank schließt schon um vier Uhr.	The bank closes at four o'clock.	Benki inafunga saa kumi.	benki i-na-fung-a saa kumi	KL9.Bank KL9-PRÄS-schließen-IND KL9.Stunde zehn	CL9.bank CL9-PRS-close-IND CL9.hour ten	"benki Kl. 9/10 (Ø/n-) → benki  — Numerus nur an der Konkordanz  [Geldinstitut; Sitzbank = ""benchi""] · saa Kl. 9/10 (Ø/n-) → saa  — Numerus nur an der Konkordanz  [auch ""Uhr""]"	"benki class 9/10 (Ø/n-) → benki  — number shows only in the agreement  [financial institution; bench = ""benchi""] · saa class 9/10 (Ø/n-) → saa  — number shows only in the agreement  [also ""clock""]"	Kl.9: SUBJ i- · ADJ Ø/n- · GEN ya · DEM hii/ile · POSS y- · REL -yo	class 9: SUBJ i- · ADJ Ø/n- · GEN ya · DEM hii/ile · POSS y- · REL -yo	saa kumi = 4 Uhr nachmittags	A1 SD1 B Bank
109	11	B	die Bank	0	Er sitzt im Park auf einer Bank und liest.	He is sitting on a bench in the park reading.	Anakaa bustanini kwenye benchi na anasoma.	a-na-ka-a bustani-ni kwenye benchi na a-na-som-a	3SG-PRÄS-sitzen-IND KL9.Park-LOK auf KL9.Bank und 3SG-PRÄS-lesen-IND	3SG-PRS-sit-IND CL9.park-LOC on CL9.bank and 3SG-PRS-read-IND			Kl.9: SUBJ i- · ADJ Ø/n- · GEN ya · DEM hii/ile · POSS y- · REL -yo	class 9: SUBJ i- · ADJ Ø/n- · GEN ya · DEM hii/ile · POSS y- · REL -yo	Sitzbank ist benchi, Geldinstitut benki	A1 SD1 B Bank
110	11	B	bar	0	Muss ich bar zahlen oder geht‘s auch mit Karte?	Do I have to pay cash or can I use a card?	Lazima nilipe kwa pesa taslimu au kadi inakubaliwa?	lazima ni-lip-e kwa pesa taslimu au kadi i-na-kubali-w-a	muss 1SG-zahlen-KONJ mit KL10.Geld bar oder KL9.Karte KL9-PRÄS-annehmen-PASS-IND	must 1SG-pay-SBJV with CL10.money cash or CL9.card CL9-PRS-accept-PASS-IND	"pesa Kl. 9/10 (Ø/n-) → pesa  — Numerus nur an der Konkordanz · kadi Kl. 9/10 (Ø/n-) → kadi  — Numerus nur an der Konkordanz  [Speisekarte = ""menyu"" Kl. 9]"	"pesa class 9/10 (Ø/n-) → pesa  — number shows only in the agreement · kadi class 9/10 (Ø/n-) → kadi  — number shows only in the agreement  [menu = ""menyu"" class 9]"	Kl.9: SUBJ i- · ADJ Ø/n- · GEN ya · DEM hii/ile · POSS y- · REL -yo	class 9: SUBJ i- · ADJ Ø/n- · GEN ya · DEM hii/ile · POSS y- · REL -yo	bar zahlen = kwa pesa taslimu	A1 SD1 B bar
111	11	B	der Bauch	0	Seit gestern tut mir der Bauch weh.	My stomach has been hurting since yesterday.	Tangu jana tumbo linaniuma.	tangu jana tumbo li-na-ni-um-a	seit gestern KL5.Bauch KL5-PRÄS-OBJ1SG-schmerzen-IND	since yesterday CL5.stomach CL5-PRS-OBJ1SG-hurt-IND	tumbo Kl. 5/6 (ji-/Ø › ma-) → matumbo	tumbo class 5/6 (ji-/Ø › ma-) → matumbo	Kl.5: SUBJ li- · ADJ ji-/Ø · GEN la · DEM hili/lile · POSS l- · REL -lo	class 5: SUBJ li- · ADJ ji-/Ø · GEN la · DEM hili/lile · POSS l- · REL -lo	Schmerz wird mit Objektpräfix ausgedrückt: es schmerzt mich	A1 SD1 B Bauch
112	11	B	der Baum, -ä, e	0	Vorsicht, fahr nicht an den Baum!	Careful, do not drive into the tree!	Tahadhari, usiendeshe hadi mtini!	tahadhari u-si-endesh-e hadi m-ti-ni	KL9.Vorsicht 2SG-NEG-fahren-KONJ bis KL3-Baum-LOK	CL9.caution 2SG-NEG-drive-SBJV until CL3-tree-LOC			Kl.9: SUBJ i- · ADJ Ø/n- · GEN ya · DEM hii/ile · POSS y- · REL -yo · Kl.3: SUBJ u- · ADJ m-/mw- · GEN wa · DEM huu/ule · POSS w- · REL -o	class 9: SUBJ i- · ADJ Ø/n- · GEN ya · DEM hii/ile · POSS y- · REL -yo · class 3: SUBJ u- · ADJ m-/mw- · GEN wa · DEM huu/ule · POSS w- · REL -o	Negativer Imperativ ist 2SG plus -si- plus Konjunktiv	A1 SD1 B Baum
113	11	B	der Beamte, -n	0	Fragen Sie die Beamtin an Schalter acht!	Ask the official at counter eight!	Muulizeni mtumishi kwenye kaunta namba nane!	mu-uliz-eni m-tumishi kwenye kaunta namba nane	OBJ1-fragen-IMP.PL KL1-Beamtin an KL9.Schalter KL9.Nummer acht	OBJ1-ask-IMP.PL CL1-official at CL9.counter CL9.number eight	mtumishi wa umma Kl. 1/2 (m-/mw- › wa-) → watumishi wa umma · kaunta Kl. 9/10 (Ø/n-) → kaunta  — Numerus nur an der Konkordanz  [Lehnwort] · namba Kl. 9/10 (Ø/n-) → namba  — Numerus nur an der Konkordanz  [Lehnwort]	mtumishi wa umma class 1/2 (m-/mw- › wa-) → watumishi wa umma · kaunta class 9/10 (Ø/n-) → kaunta  — number shows only in the agreement  [loanword] · namba class 9/10 (Ø/n-) → namba  — number shows only in the agreement  [loanword]	Kl.1: SUBJ a- · ADJ m-/mw- · GEN wa · DEM huyu/yule · POSS w- · REL -ye · Kl.9: SUBJ i- · ADJ Ø/n- · GEN ya · DEM hii/ile · POSS y- · REL -yo	class 1: SUBJ a- · ADJ m-/mw- · GEN wa · DEM huyu/yule · POSS w- · REL -ye · class 9: SUBJ i- · ADJ Ø/n- · GEN ya · DEM hii/ile · POSS y- · REL -yo	Objektpräfix mu- steht vor der Wurzel im Imperativ	A1 SD1 B Beamte
114	11	B	bedeuten	0	Was bedeutet das Wort?	What does the word mean?	Neno hili lina maana gani?	neno hili li-na maana gani	KL5.Wort KL5.DEM KL5-haben KL9.Bedeutung welche	CL5.word CL5.DEM CL5-have CL9.meaning which	neno Kl. 5/6 (ji-/Ø › ma-) → maneno	neno class 5/6 (ji-/Ø › ma-) → maneno	Kl.5: SUBJ li- · ADJ ji-/Ø · GEN la · DEM hili/lile · POSS l- · REL -lo	class 5: SUBJ li- · ADJ ji-/Ø · GEN la · DEM hili/lile · POSS l- · REL -lo	"bedeuten = kuwa na maana, ""Bedeutung haben"""	A1 SD1 B bedeuten
115	11	B	beginnen	0	Das Spiel beginnt um 15.30 Uhr.	The game begins at 15.30.	Mchezo unaanza saa tisa na nusu.	m-chezo u-na-anz-a saa tisa na nusu	KL3-Spiel KL3-PRÄS-anfangen-IND KL9.Stunde neun und KL9.Hälfte	CL3-game CL3-PRS-begin-IND CL9.hour nine and CL9.half	"mchezo Kl. 3/4 (m-/mw- › mi-) → michezo · saa Kl. 9/10 (Ø/n-) → saa  — Numerus nur an der Konkordanz  [auch ""Uhr""]"	"mchezo class 3/4 (m-/mw- › mi-) → michezo · saa class 9/10 (Ø/n-) → saa  — number shows only in the agreement  [also ""clock""]"	Kl.3: SUBJ u- · ADJ m-/mw- · GEN wa · DEM huu/ule · POSS w- · REL -o · Kl.9: SUBJ i- · ADJ Ø/n- · GEN ya · DEM hii/ile · POSS y- · REL -yo	class 3: SUBJ u- · ADJ m-/mw- · GEN wa · DEM huu/ule · POSS w- · REL -o · class 9: SUBJ i- · ADJ Ø/n- · GEN ya · DEM hii/ile · POSS y- · REL -yo	saa tisa na nusu = 15.30 Uhr	A1 SD1 B beginnen
116	11	B	bei	0	Offenbach liegt bei Frankfurt.	Offenbach is near Frankfurt.	Offenbach iko karibu na Frankfurt.	Offenbach i-ko karibu na Frankfurt	Offenbach KL9-sein.da nahe bei Frankfurt	Offenbach CL9-be.there near at Frankfurt			Kl.9: SUBJ i- · ADJ Ø/n- · GEN ya · DEM hii/ile · POSS y- · REL -yo	class 9: SUBJ i- · ADJ Ø/n- · GEN ya · DEM hii/ile · POSS y- · REL -yo	karibu na für räumliche Nähe	A1 SD1 B bei
117	11	B	bei	0	Ich wohne bei meinen Eltern.	I live with my parents.	Nakaa kwa wazazi wangu.	na-ka-a kwa wazazi w-angu	1SG.PRÄS.ALLG-wohnen-IND bei KL2.Eltern KL2-mein	1SG.PRS.GNRL-live-IND at CL2.parents CL2-my	mzazi Kl. 1/2 (m-/mw- › wa-) → wazazi  [deutsch nur Plural]	mzazi class 1/2 (m-/mw- › wa-) → wazazi  [German has plural only]	Kl.1: SUBJ a- · ADJ m-/mw- · GEN wa · DEM huyu/yule · POSS w- · REL -ye	class 1: SUBJ a- · ADJ m-/mw- · GEN wa · DEM huyu/yule · POSS w- · REL -ye	kwa bezeichnet auch den Aufenthalt bei Personen	A1 SD1 B bei
118	11	B	bei	0	Bei uns regnet es heute.	Where we are it is raining today.	Kwetu leo inanyesha.	kwetu leo i-na-nyesh-a	bei.uns heute KL9-PRÄS-regnen-IND	at.our.place today CL9-PRS-rain-IND			Kl.9: SUBJ i- · ADJ Ø/n- · GEN ya · DEM hii/ile · POSS y- · REL -yo	class 9: SUBJ i- · ADJ Ø/n- · GEN ya · DEM hii/ile · POSS y- · REL -yo	kwetu ist ein Ortswort der Kl.17	A1 SD1 B bei
119	11	B	bei	0	Er arbeitet bei der Polizei.	He works for the police.	Anafanya kazi kwenye polisi.	a-na-fany-a kazi kwenye polisi	3SG-PRÄS-tun-IND KL9.Arbeit bei KL9.Polizei	3SG-PRS-do-IND CL9.work at CL9.police	kazi Kl. 9/10 (Ø/n-) → kazi  — Numerus nur an der Konkordanz · polisi Kl. 9/10 (Ø/n-) → polisi  — Numerus nur an der Konkordanz  [Kongruenz Kl. 1/2 bei Personen]	kazi class 9/10 (Ø/n-) → kazi  — number shows only in the agreement · polisi class 9/10 (Ø/n-) → polisi  — number shows only in the agreement  [agreement class 1/2 for people]	Kl.9: SUBJ i- · ADJ Ø/n- · GEN ya · DEM hii/ile · POSS y- · REL -yo	class 9: SUBJ i- · ADJ Ø/n- · GEN ya · DEM hii/ile · POSS y- · REL -yo	kwenye für Institutionen	A1 SD1 B bei
120	11	B	beide	0	Beide Eltern arbeiten.	Both parents work.	Wazazi wote wawili wanafanya kazi.	wazazi w-ote w-awili wa-na-fany-a kazi	KL2.Eltern KL2-alle KL2-zwei KL2-PRÄS-tun-IND KL9.Arbeit	CL2.parents CL2-all CL2-two CL2-PRS-do-IND CL9.work	mzazi Kl. 1/2 (m-/mw- › wa-) → wazazi  [deutsch nur Plural] · kazi Kl. 9/10 (Ø/n-) → kazi  — Numerus nur an der Konkordanz	mzazi class 1/2 (m-/mw- › wa-) → wazazi  [German has plural only] · kazi class 9/10 (Ø/n-) → kazi  — number shows only in the agreement	Kl.1: SUBJ a- · ADJ m-/mw- · GEN wa · DEM huyu/yule · POSS w- · REL -ye · Kl.9: SUBJ i- · ADJ Ø/n- · GEN ya · DEM hii/ile · POSS y- · REL -yo	class 1: SUBJ a- · ADJ m-/mw- · GEN wa · DEM huyu/yule · POSS w- · REL -ye · class 9: SUBJ i- · ADJ Ø/n- · GEN ya · DEM hii/ile · POSS y- · REL -yo	beide = wote wawili, zweifache Kl.2-Kongruenz	A1 SD1 B beide
121	11	B	beide	0	Wir kommen beide.	We are both coming.	Tunakuja sote wawili.	tu-na-kuj-a s-ote w-awili	1PL-PRÄS-kommen-IND 1PL-alle KL2-zwei	1PL-PRS-come-IND 1PL-all CL2-two			Kl.2: SUBJ wa- · ADJ wa- · GEN wa · DEM hawa/wale · POSS w- · REL -o	class 2: SUBJ wa- · ADJ wa- · GEN wa · DEM hawa/wale · POSS w- · REL -o	sote ist die 1PL-Form von -ote	A1 SD1 B beide
122	11	B	das Bein, -e	0	Mein rechtes Bein tut weh.	My right leg hurts.	Mguu wangu wa kulia unauma.	m-guu w-angu w-a ku-lia u-na-um-a	KL3-Bein KL3-mein KL3-GEN KL17-rechts KL3-PRÄS-schmerzen-IND	CL3-leg CL3-my CL3-GEN CL17-right CL3-PRS-hurt-IND	mguu Kl. 3/4 (m-/mw- › mi-) → miguu	mguu class 3/4 (m-/mw- › mi-) → miguu	Kl.3: SUBJ u- · ADJ m-/mw- · GEN wa · DEM huu/ule · POSS w- · REL -o	class 3: SUBJ u- · ADJ m-/mw- · GEN wa · DEM huu/ule · POSS w- · REL -o	Dreifache Kl.3-Kongruenz: wangu, wa, una-	A1 SD1 B Bein
123	11	B	das Beispiel, -e	0	Kannst du mir ein Beispiel sagen?	Can you give me an example?	Unaweza kunipa mfano?	u-na-wez-a ku-ni-p-a m-fano	2SG-PRÄS-können-IND KL15-OBJ1SG-geben-IND KL3-Beispiel	2SG-PRS-can-IND CL15-OBJ1SG-give-IND CL3-example	mfano Kl. 3/4 (m-/mw- › mi-) → mifano	mfano class 3/4 (m-/mw- › mi-) → mifano	Kl.3: SUBJ u- · ADJ m-/mw- · GEN wa · DEM huu/ule · POSS w- · REL -o	class 3: SUBJ u- · ADJ m-/mw- · GEN wa · DEM huu/ule · POSS w- · REL -o	mfano Kl.3, Plural mifano Kl.4	A1 SD1 B Beispiel
124	11	B	zum Beispiel/z. B.	1	Viele meiner Verwandten, z. B. meine beiden Brüder, arbeiten auch hier.	Many of my relatives, for example my two brothers, also work here.	Ndugu wangu wengi, kwa mfano kaka zangu wawili, wanafanya kazi hapa pia.	ndugu w-angu w-engi kwa m-fano kaka z-angu w-awili wa-na-fany-a kazi hapa pia	KL9/KL2.Verwandte KL2-mein KL2-viele für KL3-Beispiel KL9/KL2.Bruder KL10-mein KL2-zwei KL2-PRÄS-tun-IND KL9.Arbeit hier auch	CL9/CL2.relative CL2-my CL2-many for CL3-example CL9/CL2.brother CL10-my CL2-two CL2-PRS-do-IND CL9.work here also	ndugu Kl. 9/10 (Ø/n-) → ndugu  — Numerus nur an der Konkordanz  [Person: Form Kl. 9/10, Kongruenz Kl. 1/2] · mfano Kl. 3/4 (m-/mw- › mi-) → mifano · kaka Kl. 9/10 (Ø/n-) → kaka  — Numerus nur an der Konkordanz  [Person: Form Kl. 9/10, Kongruenz Kl. 1/2] · kazi Kl. 9/10 (Ø/n-) → kazi  — Numerus nur an der Konkordanz	ndugu class 9/10 (Ø/n-) → ndugu  — number shows only in the agreement  [person: form class 9/10, agreement class 1/2] · mfano class 3/4 (m-/mw- › mi-) → mifano · kaka class 9/10 (Ø/n-) → kaka  — number shows only in the agreement  [person: form class 9/10, agreement class 1/2] · kazi class 9/10 (Ø/n-) → kazi  — number shows only in the agreement	Kl.1: SUBJ a- · ADJ m-/mw- · GEN wa · DEM huyu/yule · POSS w- · REL -ye · Kl.3: SUBJ u- · ADJ m-/mw- · GEN wa · DEM huu/ule · POSS w- · REL -o	class 1: SUBJ a- · ADJ m-/mw- · GEN wa · DEM huyu/yule · POSS w- · REL -ye · class 3: SUBJ u- · ADJ m-/mw- · GEN wa · DEM huu/ule · POSS w- · REL -o	kaka zangu nutzt Kl.10-Possessiv, die Verbkongruenz aber Kl.2	A1 SD1 B zum_Beispiel/z__B_
125	11	B	bekannt	0	Picasso ist sehr bekannt.	Picasso is very well known.	Picasso anajulikana sana.	Picasso a-na-julikan-a sana	Picasso 3SG-PRÄS-bekannt.sein-IND sehr	Picasso 3SG-PRS-be.known-IND very					Stativ -ik- macht aus wissen bekannt sein	A1 SD1 B bekannt
126	11	B	der/die Bekannte, -n	0	Ein Bekannter von mir heißt Klaus.	An acquaintance of mine is called Klaus.	Mtu nimemfahamu anaitwa Klaus.	mtu ni-me-m-fahamu a-na-it-w-a Klaus	KL1.Bekannter 1SG-PERF-OBJ1-kennen 3SG-PRÄS-nennen-PASS-IND Klaus	CL1.acquaintance 1SG-PRF-OBJ1-know 3SG-PRS-call-PASS-IND Klaus	mtu Kl. 1/2 (m-/mw- › wa-) → watu  [Musterwort fuer Kl. 1/2]	mtu class 1/2 (m-/mw- › wa-) → watu  [model word for class 1/2]	Kl.1: SUBJ a- · ADJ m-/mw- · GEN wa · DEM huyu/yule · POSS w- · REL -ye	class 1: SUBJ a- · ADJ m-/mw- · GEN wa · DEM huyu/yule · POSS w- · REL -ye	Swahili hat kein Einzelwort für Bekannter	A1 SD1 B Bekannte
127	11	B	bekommen	0	Haben Sie meinen Brief bekommen?	Did you receive my letter?	Mmepokea barua yangu?	m-me-poke-a barua y-angu	2PL-PERF-empfangen-IND KL9.Brief KL9-mein	2PL-PRF-receive-IND CL9.letter CL9-my	barua Kl. 9/10 (Ø/n-) → barua  — Numerus nur an der Konkordanz  [Numerus nur an der Konkordanz]	barua class 9/10 (Ø/n-) → barua  — number shows only in the agreement  [number shows only in the agreement]	Kl.9: SUBJ i- · ADJ Ø/n- · GEN ya · DEM hii/ile · POSS y- · REL -yo	class 9: SUBJ i- · ADJ Ø/n- · GEN ya · DEM hii/ile · POSS y- · REL -yo	Perfekt -me- ersetzt das deutsche Perfekt	A1 SD1 B bekommen
128	11	B	bekommen	0	Was bekommen Sie?	What would you like?	Mnapata nini?	m-na-pat-a nini	2PL-PRÄS-bekommen-IND was	2PL-PRS-get-IND what					"Im Laden fragt man wörtlich ""was bekommt ihr"""	A1 SD1 B bekommen
129	11	B	bekommen	0	Dieses Medikament bekommen Sie in der Apotheke.	You can get this medicine at the chemist's.	Dawa hii mnaipata kwenye duka la dawa.	dawa hii m-na-i-pat-a kwenye duka l-a dawa	KL9.Medikament KL9.DEM 2PL-PRÄS-OBJ9-bekommen-IND an KL5.Laden KL5-GEN KL9.Medikament	CL9.medicine CL9.DEM 2PL-PRS-OBJ9-get-IND at CL5.shop CL5-GEN CL9.medicine	duka Kl. 5/6 (ji-/Ø › ma-) → maduka	duka class 5/6 (ji-/Ø › ma-) → maduka	Kl.5: SUBJ li- · ADJ ji-/Ø · GEN la · DEM hili/lile · POSS l- · REL -lo	class 5: SUBJ li- · ADJ ji-/Ø · GEN la · DEM hili/lile · POSS l- · REL -lo	Objektpräfix -i- greift das vorangestellte dawa auf	A1 SD1 B bekommen
130	11	B	benutzen	0	Die Aufzüge bitte nicht benutzen!	Please do not use the lifts!	Tafadhali msitumie lifti!	tafadhali m-si-tumi-e lifti	bitte 2PL-NEG-benutzen-KONJ KL9.Aufzug	please 2PL-NEG-use-SBJV CL9.lift	lifti Kl. 9/10 (Ø/n-) → lifti  — Numerus nur an der Konkordanz  [Lehnwort]	lifti class 9/10 (Ø/n-) → lifti  — number shows only in the agreement  [loanword]	Kl.9: SUBJ i- · ADJ Ø/n- · GEN ya · DEM hii/ile · POSS y- · REL -yo	class 9: SUBJ i- · ADJ Ø/n- · GEN ya · DEM hii/ile · POSS y- · REL -yo	Verbot: 2PL plus -si- plus Konjunktiv	A1 SD1 B benutzen
131	11	B	der Beruf, -e	0	Was sind Sie von Beruf?	What is your occupation?	Kazi yenu ni ipi?	kazi y-enu ni ipi	KL9.Beruf KL9-euer KOP welche	CL9.profession CL9-your COP which	kazi Kl. 9/10 (Ø/n-) → kazi  — Numerus nur an der Konkordanz	kazi class 9/10 (Ø/n-) → kazi  — number shows only in the agreement	Kl.9: SUBJ i- · ADJ Ø/n- · GEN ya · DEM hii/ile · POSS y- · REL -yo	class 9: SUBJ i- · ADJ Ø/n- · GEN ya · DEM hii/ile · POSS y- · REL -yo	Possessiv yenu für 2PL	A1 SD1 B Beruf
132	11	B	der Beruf, -e	0	Was ist Ihr Beruf?	What is your profession?	Kazi yako ni nini?	kazi y-ako ni nini	KL9.Beruf KL9-dein KOP was	CL9.profession CL9-your COP what	kazi Kl. 9/10 (Ø/n-) → kazi  — Numerus nur an der Konkordanz	kazi class 9/10 (Ø/n-) → kazi  — number shows only in the agreement	Kl.9: SUBJ i- · ADJ Ø/n- · GEN ya · DEM hii/ile · POSS y- · REL -yo	class 9: SUBJ i- · ADJ Ø/n- · GEN ya · DEM hii/ile · POSS y- · REL -yo	nini fragt nach Sachen, ipi nach der Auswahl	A1 SD1 B Beruf
133	11	B	besetzt	0	Die Nummer ist immer besetzt.	The number is always engaged.	Namba inakuwa na shughuli kila wakati.	namba i-na-kuw-a na shughuli kila wakati	KL9.Nummer KL9-PRÄS-sein-IND mit KL9.Beschäftigung jede KL11.Zeit	CL9.number CL9-PRS-be-IND with CL9.occupation every CL11.time	namba Kl. 9/10 (Ø/n-) → namba  — Numerus nur an der Konkordanz  [Lehnwort] · wakati Kl. 11/10 (u- › Ø/n-) → nyakati	namba class 9/10 (Ø/n-) → namba  — number shows only in the agreement  [loanword] · wakati class 11/10 (u- › Ø/n-) → nyakati	Kl.9: SUBJ i- · ADJ Ø/n- · GEN ya · DEM hii/ile · POSS y- · REL -yo · Kl.11: SUBJ u- · ADJ m-/mw- · GEN wa · DEM huu/ule · POSS w- · REL -o	class 9: SUBJ i- · ADJ Ø/n- · GEN ya · DEM hii/ile · POSS y- · REL -yo · class 11: SUBJ u- · ADJ m-/mw- · GEN wa · DEM huu/ule · POSS w- · REL -o	besetzt = kuwa na shughuli	A1 SD1 B besetzt
134	11	B	besetzt	0	Der Platz ist besetzt.	This seat is taken.	Nafasi hii imechukuliwa.	nafasi hii i-me-chuku-liw-a	KL9.Platz KL9.DEM KL9-PERF-nehmen-PASS-IND	CL9.place CL9.DEM CL9-PRF-take-PASS-IND	"nafasi Kl. 9/10 (Ø/n-) → nafasi  — Numerus nur an der Konkordanz  [Sitzplatz; Ort = ""mahali"" Kl. 16]"	"nafasi class 9/10 (Ø/n-) → nafasi  — number shows only in the agreement  [seat; place = ""mahali"" class 16]"	Kl.9: SUBJ i- · ADJ Ø/n- · GEN ya · DEM hii/ile · POSS y- · REL -yo	class 9: SUBJ i- · ADJ Ø/n- · GEN ya · DEM hii/ile · POSS y- · REL -yo	Passiv Perfekt für besetzt	A1 SD1 B besetzt
135	11	B	besichtigen	0	Ich möchte gern den Dom besichtigen.	I would like to visit the cathedral.	Ningependa kutembelea kanisa kuu.	ni-nge-pend-a ku-tembel-e-a kanisa kuu	1SG-IRR-mögen-IND KL15-besuchen-APPL-IND KL5.Kirche groß	1SG-IRR-like-IND CL15-visit-APPL-IND CL5.church big			Kl.15: SUBJ ku- · ADJ ku- · GEN kwa · DEM huku/kule · POSS kw- · REL -ko · Kl.5: SUBJ li- · ADJ ji-/Ø · GEN la · DEM hili/lile · POSS l- · REL -lo	class 15: SUBJ ku- · ADJ ku- · GEN kwa · DEM huku/kule · POSS kw- · REL -ko · class 5: SUBJ li- · ADJ ji-/Ø · GEN la · DEM hili/lile · POSS l- · REL -lo	"-nge- bildet die Höflichkeitsform ""ich würde"""	A1 SD1 B besichtigen
136	11	B	besser	0	Es geht mir schon besser.	I am feeling better already.	Nahisi vizuri zaidi sasa.	na-hisi vi-zuri zaidi sasa	1SG.PRÄS.ALLG-fühlen KL8-gut mehr jetzt	1SG.PRS.GNRL-feel CL8-good more now			Kl.8: SUBJ vi- · ADJ vi- · GEN vya · DEM hivi/vile · POSS vy- · REL -vyo	class 8: SUBJ vi- · ADJ vi- · GEN vya · DEM hivi/vile · POSS vy- · REL -vyo	kuhisi ist arabisches Lehnverb auf -i	A1 SD1 B besser
137	11	B	best-	0	Am besten treffen wir uns morgen.	It would be best if we met tomorrow.	Ni bora tukutane kesho.	ni bora tu-kutan-e kesho	KOP besser 1PL-treffen-KONJ morgen	COP better 1PL-meet-SBJV tomorrow					ni bora plus Konjunktiv für einen Vorschlag	A1 SD1 B best
138	11	B	bestellen	0	Wir möchten bestellen, bitte.	We would like to order, please.	Tungependa kuagiza, tafadhali.	tu-nge-pend-a ku-agiz-a tafadhali	1PL-IRR-mögen-IND KL15-bestellen-IND bitte	1PL-IRR-like-IND CL15-order-IND please			Kl.15: SUBJ ku- · ADJ ku- · GEN kwa · DEM huku/kule · POSS kw- · REL -ko	class 15: SUBJ ku- · ADJ ku- · GEN kwa · DEM huku/kule · POSS kw- · REL -ko	-nge- macht die Bitte höflich	A1 SD1 B bestellen
139	11	B	bestellen	0	Dieses Buch haben wir nicht – sollen wir es für Sie bestellen?	We do not have this book. Shall we order it for you?	Kitabu hiki hatuna, tukiagize kwa ajili yako?	ki-tabu hiki hatu-na tu-ki-agiz-e kwa ajili y-ako	KL7-Buch KL7.DEM 1PL.NEG-haben 1PL-OBJ7-bestellen-KONJ für KL9.Zweck KL9-dein	CL7-book CL7.DEM 1PL.NEG-have 1PL-OBJ7-order-SBJV for CL9.purpose CL9-your	kitabu Kl. 7/8 (ki- › vi-) → vitabu	kitabu class 7/8 (ki- › vi-) → vitabu	Kl.7: SUBJ ki- · ADJ ki- · GEN cha · DEM hiki/kile · POSS ch- · REL -cho	class 7: SUBJ ki- · ADJ ki- · GEN cha · DEM hiki/kile · POSS ch- · REL -cho	Objektpräfix -ki- greift kitabu Kl.7 auf	A1 SD1 B bestellen
140	11	B	besuchen	0	Darf ich dich besuchen?	May I visit you?	Naweza kukutembelea?	na-wez-a ku-ku-tembel-e-a	1SG.PRÄS.ALLG-können-IND KL15-OBJ2SG-besuchen-APPL-IND	1SG.PRS.GNRL-can-IND CL15-OBJ2SG-visit-APPL-IND			Kl.15: SUBJ ku- · ADJ ku- · GEN kwa · DEM huku/kule · POSS kw- · REL -ko	class 15: SUBJ ku- · ADJ ku- · GEN kwa · DEM huku/kule · POSS kw- · REL -ko	Applikativ -e- weil das Ziel eine Person ist	A1 SD1 B besuchen
141	11	B	das Bett, -en	0	Wir brauchen noch ein Kinderbett.	We still need a child's bed.	Tunahitaji bado kitanda cha mtoto.	tu-na-hitaji bado ki-tanda ch-a m-toto	1PL-PRÄS-brauchen noch KL7-Bett KL7-GEN KL1-Kind	1PL-PRS-need still CL7-bed CL7-GEN CL1-child	kitanda Kl. 7/8 (ki- › vi-) → vitanda · mtoto Kl. 1/2 (m-/mw- › wa-) → watoto	kitanda class 7/8 (ki- › vi-) → vitanda · mtoto class 1/2 (m-/mw- › wa-) → watoto	Kl.7: SUBJ ki- · ADJ ki- · GEN cha · DEM hiki/kile · POSS ch- · REL -cho · Kl.1: SUBJ a- · ADJ m-/mw- · GEN wa · DEM huyu/yule · POSS w- · REL -ye	class 7: SUBJ ki- · ADJ ki- · GEN cha · DEM hiki/kile · POSS ch- · REL -cho · class 1: SUBJ a- · ADJ m-/mw- · GEN wa · DEM huyu/yule · POSS w- · REL -ye	Genitiv cha nach kitanda Kl.7	A1 SD1 B Bett
142	11	B	bezahlen	0	Wo muss ich bezahlen?	Where do I have to pay?	Lazima nilipe wapi?	lazima ni-lip-e wapi	muss 1SG-zahlen-KONJ wo	must 1SG-pay-SBJV where					lazima zieht stets den Konjunktiv nach sich	A1 SD1 B bezahlen
143	11	B	das Bier	0	Noch ein Bier bitte.	Another beer, please.	Bia nyingine tafadhali.	bia ny-ingine tafadhali	KL9.Bier KL9-andere bitte	CL9.beer CL9-other please	bia Kl. 9/10 (Ø/n-) → bia  — Numerus nur an der Konkordanz  [Lehnwort]	bia class 9/10 (Ø/n-) → bia  — number shows only in the agreement  [loanword]	Kl.9: SUBJ i- · ADJ Ø/n- · GEN ya · DEM hii/ile · POSS y- · REL -yo	class 9: SUBJ i- · ADJ Ø/n- · GEN ya · DEM hii/ile · POSS y- · REL -yo	"nyingine heißt ""ein weiteres"""	A1 SD1 B Bier
144	11	B	das Bild, -er	0	Hast du ein Bild von deinem Sohn?	Do you have a picture of your son?	Una picha ya mwana wako?	u-na picha y-a mwana w-ako	2SG-haben KL9.Bild KL9-GEN KL1.Sohn KL1-dein	2SG-have CL9.picture CL9-GEN CL1.son CL1-your	picha Kl. 9/10 (Ø/n-) → picha  — Numerus nur an der Konkordanz  [Lehnwort] · mwana Kl. 1/2 (m-/mw- › wa-) → wana	picha class 9/10 (Ø/n-) → picha  — number shows only in the agreement  [loanword] · mwana class 1/2 (m-/mw- › wa-) → wana	Kl.9: SUBJ i- · ADJ Ø/n- · GEN ya · DEM hii/ile · POSS y- · REL -yo · Kl.1: SUBJ a- · ADJ m-/mw- · GEN wa · DEM huyu/yule · POSS w- · REL -ye	class 9: SUBJ i- · ADJ Ø/n- · GEN ya · DEM hii/ile · POSS y- · REL -yo · class 1: SUBJ a- · ADJ m-/mw- · GEN wa · DEM huyu/yule · POSS w- · REL -ye	picha nimmt ya, mwana nimmt wako	A1 SD1 B Bild
145	11	B	billig	0	Die Jacke kostet nur 10 Euro! Die ist aber billig!	The jacket only costs 10 euros! That really is cheap!	Koti linagharimu Euro kumi tu! Ni rahisi kweli!	koti li-na-gharimu Euro kumi tu ni rahisi kweli	KL5.Jacke KL5-PRÄS-kosten Euro zehn nur KOP billig wirklich	CL5.jacket CL5-PRS-cost euro ten only COP cheap really	koti Kl. 5/6 (ji-/Ø › ma-) → makoti	koti class 5/6 (ji-/Ø › ma-) → makoti	Kl.5: SUBJ li- · ADJ ji-/Ø · GEN la · DEM hili/lile · POSS l- · REL -lo	class 5: SUBJ li- · ADJ ji-/Ø · GEN la · DEM hili/lile · POSS l- · REL -lo	kugharimu ist arabisches Lehnverb auf -u	A1 SD1 B billig
146	12	B	die Birne, -n	0	Ein Kilo Birnen, bitte!	A kilo of pears, please!	Kilo moja ya mapea, tafadhali!	kilo moja y-a ma-pea tafadhali	KL9.Kilo eins KL9-GEN KL6-Birne bitte	CL9.kilo one CL9-GEN CL6-pear please	pea Kl. 5/6 (ji-/Ø › ma-) → mapea	pea class 5/6 (ji-/Ø › ma-) → mapea	Kl.5: SUBJ li- · ADJ ji-/Ø · GEN la · DEM hili/lile · POSS l- · REL -lo	class 5: SUBJ li- · ADJ ji-/Ø · GEN la · DEM hili/lile · POSS l- · REL -lo	pea Kl.5, Plural mapea Kl.6	A1 SD1 B Birne
147	12	B	bis	0	Ich fahre nur bis Stuttgart.	I am only travelling as far as Stuttgart.	Nasafiri hadi Stuttgart tu.	na-safiri hadi Stuttgart tu	1SG.PRÄS.ALLG-reisen bis Stuttgart nur	1SG.PRS.GNRL-travel until Stuttgart only					hadi für räumliche und zeitliche Grenze	A1 SD1 B bis
148	12	B	bis	0	Ich warte bis morgen.	I will wait until tomorrow.	Nitasubiri hadi kesho.	ni-ta-subiri hadi kesho	1SG-FUT-warten bis morgen	1SG-FUT-wait until tomorrow					kusubiri ist arabisches Lehnverb auf -i	A1 SD1 B bis
149	12	B	bisschen	0	Ich spreche Englisch, Französisch und ein bisschen Deutsch.	I speak English, French and a little German.	Nasema Kiingereza, Kifaransa na Kijerumani kidogo.	na-sem-a Ki-ingereza Ki-faransa na Ki-jerumani ki-dogo	1SG.PRÄS.ALLG-sprechen-IND KL7-Englisch KL7-Französisch und KL7-Deutsch KL7-klein	1SG.PRS.GNRL-speak-IND CL7-English CL7-French and CL7-German CL7-small			Kl.7: SUBJ ki- · ADJ ki- · GEN cha · DEM hiki/kile · POSS ch- · REL -cho	class 7: SUBJ ki- · ADJ ki- · GEN cha · DEM hiki/kile · POSS ch- · REL -cho	kidogo kongruiert mit der Sprache in Kl.7	A1 SD1 B bisschen
150	12	B	bitte	0	Eine Tasse Kaffee, bitte!	A cup of coffee, please!	Kikombe kimoja cha kahawa, tafadhali!	ki-kombe ki-moja ch-a kahawa tafadhali	KL7-Tasse KL7-eins KL7-GEN KL9.Kaffee bitte	CL7-cup CL7-one CL7-GEN CL9.coffee please	kahawa Kl. 9/10 (Ø/n-) → kahawa  — Numerus nur an der Konkordanz	kahawa class 9/10 (Ø/n-) → kahawa  — number shows only in the agreement	Kl.9: SUBJ i- · ADJ Ø/n- · GEN ya · DEM hii/ile · POSS y- · REL -yo	class 9: SUBJ i- · ADJ Ø/n- · GEN ya · DEM hii/ile · POSS y- · REL -yo	Zahlwort und Genitiv kongruieren beide mit Kl.7	A1 SD1 B bitte
151	12	B	bitte	0	Sprechen Sie bitte leise!	Please speak quietly!	Tafadhali semeni kwa sauti ya chini!	tafadhali sem-eni kwa sauti y-a chini	bitte sprechen-IMP.PL mit KL9.Stimme KL9-GEN unten	please speak-IMP.PL with CL9.voice CL9-GEN below			Kl.9: SUBJ i- · ADJ Ø/n- · GEN ya · DEM hii/ile · POSS y- · REL -yo	class 9: SUBJ i- · ADJ Ø/n- · GEN ya · DEM hii/ile · POSS y- · REL -yo	"leise = kwa sauti ya chini, ""mit tiefer Stimme"""	A1 SD1 B bitte
152	12	B	die Bitte, -n	1	Ich habe noch eine Bitte.	I have one more request.	Nina ombi lingine.	ni-na ombi li-ngine	1SG-haben KL5.Bitte KL5-andere	1SG-have CL5.request CL5-other	ombi Kl. 5/6 (ji-/Ø › ma-) → maombi	ombi class 5/6 (ji-/Ø › ma-) → maombi	Kl.5: SUBJ li- · ADJ ji-/Ø · GEN la · DEM hili/lile · POSS l- · REL -lo	class 5: SUBJ li- · ADJ ji-/Ø · GEN la · DEM hili/lile · POSS l- · REL -lo	ombi Kl.5, Plural maombi Kl.6	A1 SD1 B Bitte
153	12	B	bitten	1	Darf ich Sie um etwas bitten?	May I ask you for something?	Naweza kuwaomba kitu?	na-wez-a ku-wa-omb-a ki-tu	1SG.PRÄS.ALLG-können-IND KL15-OBJ2PL-bitten-IND KL7-Ding	1SG.PRS.GNRL-can-IND CL15-OBJ2PL-ask-IND CL7-thing			Kl.15: SUBJ ku- · ADJ ku- · GEN kwa · DEM huku/kule · POSS kw- · REL -ko · Kl.7: SUBJ ki- · ADJ ki- · GEN cha · DEM hiki/kile · POSS ch- · REL -cho	class 15: SUBJ ku- · ADJ ku- · GEN kwa · DEM huku/kule · POSS kw- · REL -ko · class 7: SUBJ ki- · ADJ ki- · GEN cha · DEM hiki/kile · POSS ch- · REL -cho	Objektpräfix -wa- für höfliches Sie	A1 SD1 B bitten
154	12	B	bitter	0	Der Kaffee schmeckt bitter.	The coffee tastes bitter.	Kahawa ina ladha chungu.	kahawa i-na ladha chungu	KL9.Kaffee KL9-haben KL9.Geschmack bitter	CL9.coffee CL9-have CL9.taste bitter	kahawa Kl. 9/10 (Ø/n-) → kahawa  — Numerus nur an der Konkordanz	kahawa class 9/10 (Ø/n-) → kahawa  — number shows only in the agreement	Kl.9: SUBJ i- · ADJ Ø/n- · GEN ya · DEM hii/ile · POSS y- · REL -yo	class 9: SUBJ i- · ADJ Ø/n- · GEN ya · DEM hii/ile · POSS y- · REL -yo	schmecken = kuwa na ladha	A1 SD1 B bitter
155	12	B	bleiben	0	Ich bleibe heute zu Hause.	Today I am staying at home.	Leo nabaki nyumbani.	na-baki nyumbani	1SG.PRÄS.ALLG-bleiben KL9.Haus.LOK	1SG.PRS.GNRL-stay CL9.house.LOC			Kl.9: SUBJ i- · ADJ Ø/n- · GEN ya · DEM hii/ile · POSS y- · REL -yo	class 9: SUBJ i- · ADJ Ø/n- · GEN ya · DEM hii/ile · POSS y- · REL -yo	nyumbani ist die feste Ortsform für zu Hause	A1 SD1 B bleiben
156	12	B	bleiben	0	Wir bleiben nur bis morgen.	We are only staying until tomorrow.	Tunabaki hadi kesho tu.	tu-na-baki hadi kesho tu	1PL-PRÄS-bleiben bis morgen nur	1PL-PRS-stay until tomorrow only					kubaki endet auf -i, das ist kein Negationszeichen	A1 SD1 B bleiben
157	12	B	der Bleistift, -e	0	Hast du einen Bleistift?	Do you have a pencil?	Una kalamu ya risasi?	u-na kalamu y-a risasi	2SG-haben KL9.Stift KL9-GEN KL9.Blei	2SG-have CL9.pen CL9-GEN CL9.lead	kalamu Kl. 9/10 (Ø/n-) → kalamu  — Numerus nur an der Konkordanz	kalamu class 9/10 (Ø/n-) → kalamu  — number shows only in the agreement	Kl.9: SUBJ i- · ADJ Ø/n- · GEN ya · DEM hii/ile · POSS y- · REL -yo	class 9: SUBJ i- · ADJ Ø/n- · GEN ya · DEM hii/ile · POSS y- · REL -yo	"Bleistift wörtlich ""Stift aus Blei"""	A1 SD1 B Bleistift
158	12	B	der Blick	0	Von diesem Hotel hat man einen guten Blick auf den Rhein.	From this hotel you have a good view of the Rhine.	Kutoka hoteli hii kuna mandhari mazuri ya mto Rhein.	ku-tok-a hoteli hii ku-na mandhari ma-zuri y-a mto Rhein	KL15-kommen-IND KL9.Hotel KL9.DEM KL17-mit KL9.Aussicht KL6-gut KL9-GEN KL3.Fluss Rhein	CL15-come-IND CL9.hotel CL9.DEM CL17-with CL9.view CL6-good CL9-GEN CL3.river Rhine	hoteli Kl. 9/10 (Ø/n-) → hoteli  — Numerus nur an der Konkordanz  [Lehnwort] · mandhari Kl. 9/10 (Ø/n-) → mandhari  — Numerus nur an der Konkordanz  [Aussicht]	hoteli class 9/10 (Ø/n-) → hoteli  — number shows only in the agreement  [loanword] · mandhari class 9/10 (Ø/n-) → mandhari  — number shows only in the agreement  [view]	Kl.9: SUBJ i- · ADJ Ø/n- · GEN ya · DEM hii/ile · POSS y- · REL -yo	class 9: SUBJ i- · ADJ Ø/n- · GEN ya · DEM hii/ile · POSS y- · REL -yo	mandhari schwankt zwischen Kl.9 und Kl.6	A1 SD1 B Blick
159	12	B	die Blume, -n	0	Gefallen dir die Blumen?	Do you like the flowers?	Maua yanakupendeza?	ma-ua ya-na-ku-pendez-a	KL6-Blume KL6-PRÄS-OBJ2SG-gefallen-IND	CL6-flower CL6-PRS-OBJ2SG-please-IND	ua Kl. 5/6 (ji-/Ø › ma-) → maua  [Nullpraefix im Singular]	ua class 5/6 (ji-/Ø › ma-) → maua  [zero prefix in the singular]	Kl.5: SUBJ li- · ADJ ji-/Ø · GEN la · DEM hili/lile · POSS l- · REL -lo	class 5: SUBJ li- · ADJ ji-/Ø · GEN la · DEM hili/lile · POSS l- · REL -lo	gefallen stellt den Menschen ins Objekt	A1 SD1 B Blume
160	12	B	der Bogen	0	Schreiben Sie Ihre Lösungen bitte auf den Antwortbogen.	Please write your answers on the answer sheet.	Tafadhali andikeni majibu yenu kwenye fomu ya majibu.	tafadhali andik-eni ma-jibu y-enu kwenye fomu y-a ma-jibu	bitte schreiben-IMP.PL KL6-Antwort KL6-euer an KL9.Formular KL9-GEN KL6-Antwort	please write-IMP.PL CL6-answer CL6-your at CL9.form CL9-GEN CL6-answer	jibu Kl. 5/6 (ji-/Ø › ma-) → majibu · fomu Kl. 9/10 (Ø/n-) → fomu  — Numerus nur an der Konkordanz  [Lehnwort]	jibu class 5/6 (ji-/Ø › ma-) → majibu · fomu class 9/10 (Ø/n-) → fomu  — number shows only in the agreement  [loanword]	Kl.5: SUBJ li- · ADJ ji-/Ø · GEN la · DEM hili/lile · POSS l- · REL -lo · Kl.9: SUBJ i- · ADJ Ø/n- · GEN ya · DEM hii/ile · POSS y- · REL -yo	class 5: SUBJ li- · ADJ ji-/Ø · GEN la · DEM hili/lile · POSS l- · REL -lo · class 9: SUBJ i- · ADJ Ø/n- · GEN ya · DEM hii/ile · POSS y- · REL -yo	yenu kongruiert mit majibu Kl.6	A1 SD1 B Bogen
161	12	B	böse	0	Sie ist böse auf mich.	She is angry with me.	Amenikasirikia.	a-me-ni-kasirik-i-a	3SG-PERF-OBJ1SG-zornig.sein-APPL-IND	3SG-PRF-OBJ1SG-be.angry-APPL-IND					Applikativ nennt die Person, auf die der Zorn zielt	A1 SD1 B böse
162	12	B	brauchen	0	Brauchst du die Zeitung noch?	Do you still need the newspaper?	Unaihitaji gazeti bado?	u-na-i-hitaji gazeti bado	2SG-PRÄS-OBJ9-brauchen KL5.Zeitung noch	2SG-PRS-OBJ9-need CL5.newspaper still	gazeti Kl. 5/6 (ji-/Ø › ma-) → magazeti	gazeti class 5/6 (ji-/Ø › ma-) → magazeti	Kl.5: SUBJ li- · ADJ ji-/Ø · GEN la · DEM hili/lile · POSS l- · REL -lo	class 5: SUBJ li- · ADJ ji-/Ø · GEN la · DEM hili/lile · POSS l- · REL -lo	Objektpräfix greift das Genannte nochmals auf	A1 SD1 B brauchen
163	12	B	breit	0	Wie breit ist der Schrank?	How wide is the cupboard?	Kabati lina upana gani?	kabati li-na upana gani	KL5.Schrank KL5-haben KL11.Breite welche	CL5.cupboard CL5-have CL11.width which	kabati Kl. 5/6 (ji-/Ø › ma-) → makabati	kabati class 5/6 (ji-/Ø › ma-) → makabati	Kl.5: SUBJ li- · ADJ ji-/Ø · GEN la · DEM hili/lile · POSS l- · REL -lo	class 5: SUBJ li- · ADJ ji-/Ø · GEN la · DEM hili/lile · POSS l- · REL -lo	Maße mit kuwa na plus Abstraktum	A1 SD1 B breit
164	12	B	der Brief, -e	0	Haben Sie einen Brief für mich?	Do you have a letter for me?	Mnayo barua kwa ajili yangu?	m-na-yo barua kwa ajili y-angu	2PL-haben-REL9 KL9.Brief für KL9.Zweck KL9-mein	2PL-have-REL9 CL9.letter for CL9.purpose CL9-my	barua Kl. 9/10 (Ø/n-) → barua  — Numerus nur an der Konkordanz  [Numerus nur an der Konkordanz]	barua class 9/10 (Ø/n-) → barua  — number shows only in the agreement  [number shows only in the agreement]	Kl.9: SUBJ i- · ADJ Ø/n- · GEN ya · DEM hii/ile · POSS y- · REL -yo	class 9: SUBJ i- · ADJ Ø/n- · GEN ya · DEM hii/ile · POSS y- · REL -yo	-yo am Verb verweist voraus auf barua	A1 SD1 B Brief
165	12	B	die Briefmarke, -n	0	Kaufst du bitte Briefmarken bei der Post.	Please buy some stamps at the post office.	Tafadhali nunua stempu kwenye posta.	tafadhali nunu-a stempu kwenye posta	bitte kaufen-IMP KL10.Briefmarke an KL9.Post	please buy-IMP CL10.stamp at CL9.post	stempu Kl. 9/10 (Ø/n-) → stempu  — Numerus nur an der Konkordanz  [Lehnwort] · posta Kl. 9/10 (Ø/n-) → posta  — Numerus nur an der Konkordanz  [Lehnwort]	stempu class 9/10 (Ø/n-) → stempu  — number shows only in the agreement  [loanword] · posta class 9/10 (Ø/n-) → posta  — number shows only in the agreement  [loanword]	Kl.9: SUBJ i- · ADJ Ø/n- · GEN ya · DEM hii/ile · POSS y- · REL -yo	class 9: SUBJ i- · ADJ Ø/n- · GEN ya · DEM hii/ile · POSS y- · REL -yo	stempu ist Kl.9 und Kl.10 gleich	A1 SD1 B Briefmarke
166	12	B	bringen	0	Bringen Sie mir bitte noch einen Kaffee!	Please bring me another coffee!	Tafadhali niletee kahawa nyingine!	tafadhali ni-let-e-e kahawa ny-ingine	bitte OBJ1SG-bringen-APPL-KONJ KL9.Kaffee KL9-andere	please OBJ1SG-bring-APPL-SBJV CL9.coffee CL9-other	kahawa Kl. 9/10 (Ø/n-) → kahawa  — Numerus nur an der Konkordanz	kahawa class 9/10 (Ø/n-) → kahawa  — number shows only in the agreement	Kl.9: SUBJ i- · ADJ Ø/n- · GEN ya · DEM hii/ile · POSS y- · REL -yo	class 9: SUBJ i- · ADJ Ø/n- · GEN ya · DEM hii/ile · POSS y- · REL -yo	Applikativ plus Konjunktiv ergibt eine höfliche Bitte	A1 SD1 B bringen
167	12	B	bringen	0	Wir müssen ihn zum Arzt bringen.	We have to take him to the doctor.	Lazima tumpeleke kwa daktari.	lazima tu-m-pelek-e kwa daktari	muss 1PL-OBJ1-bringen-KONJ zu KL5/KL1.Arzt	must 1PL-OBJ1-bring-SBJV to CL5/CL1.doctor	daktari Kl. 5/6 (ji-/Ø › ma-) → madaktari  [Person: Form Kl. 5/6, Kongruenz Kl. 1/2]	daktari class 5/6 (ji-/Ø › ma-) → madaktari  [person: form class 5/6, agreement class 1/2]	Kl.1: SUBJ a- · ADJ m-/mw- · GEN wa · DEM huyu/yule · POSS w- · REL -ye	class 1: SUBJ a- · ADJ m-/mw- · GEN wa · DEM huyu/yule · POSS w- · REL -ye	kupeleka für Personen, kuleta für Sachen	A1 SD1 B bringen
168	12	B	das Brot, -e	0	Haben Sie auch Weißbrot?	Do you have white bread too?	Mnayo pia mkate mweupe?	m-na-yo pia m-kate mw-eupe	2PL-haben-REL9 auch KL3-Brot KL3-weiß	2PL-have-REL9 also CL3-bread CL3-white	mkate Kl. 3/4 (m-/mw- › mi-) → mikate	mkate class 3/4 (m-/mw- › mi-) → mikate	Kl.3: SUBJ u- · ADJ m-/mw- · GEN wa · DEM huu/ule · POSS w- · REL -o	class 3: SUBJ u- · ADJ m-/mw- · GEN wa · DEM huu/ule · POSS w- · REL -o	mweupe kongruiert mit mkate Kl.3	A1 SD1 B Brot
169	12	B	das Brot, -e	0	Nimm noch ein paar Brote für die Fahrt mit.	Take a few loaves along for the journey.	Chukua mikate michache kwa safari.	chuku-a mi-kate mi-chache kwa safari	nehmen-IMP KL4-Brot KL4-wenige für KL9.Reise	take-IMP CL4-bread CL4-few for CL9.journey	mkate Kl. 3/4 (m-/mw- › mi-) → mikate · safari Kl. 9/10 (Ø/n-) → safari  — Numerus nur an der Konkordanz	mkate class 3/4 (m-/mw- › mi-) → mikate · safari class 9/10 (Ø/n-) → safari  — number shows only in the agreement	Kl.3: SUBJ u- · ADJ m-/mw- · GEN wa · DEM huu/ule · POSS w- · REL -o · Kl.9: SUBJ i- · ADJ Ø/n- · GEN ya · DEM hii/ile · POSS y- · REL -yo	class 3: SUBJ u- · ADJ m-/mw- · GEN wa · DEM huu/ule · POSS w- · REL -o · class 9: SUBJ i- · ADJ Ø/n- · GEN ya · DEM hii/ile · POSS y- · REL -yo	michache kongruiert mit mikate Kl.4	A1 SD1 B Brot
170	12	B	das Brötchen, –	0	Möchtest du Brötchen zum Frühstück?	Would you like rolls for breakfast?	Unataka mikate midogo kwa kifungua kinywa?	u-na-tak-a mi-kate mi-dogo kwa ki-fungua kinywa	2SG-PRÄS-wollen-IND KL4-Brot KL4-klein für KL7-öffnen KL7.Mund	2SG-PRS-want-IND CL4-bread CL4-small for CL7-open CL7.mouth	"mkate Kl. 3/4 (m-/mw- › mi-) → mikate · kifungua kinywa Kl. 7/8 (ki- › vi-) → vifungua kinywa  [woertlich ""Mundoeffner""]"	"mkate class 3/4 (m-/mw- › mi-) → mikate · kifungua kinywa class 7/8 (ki- › vi-) → vifungua kinywa  [literally ""mouth-opener""]"	Kl.3: SUBJ u- · ADJ m-/mw- · GEN wa · DEM huu/ule · POSS w- · REL -o · Kl.7: SUBJ ki- · ADJ ki- · GEN cha · DEM hiki/kile · POSS ch- · REL -cho	class 3: SUBJ u- · ADJ m-/mw- · GEN wa · DEM huu/ule · POSS w- · REL -o · class 7: SUBJ ki- · ADJ ki- · GEN cha · DEM hiki/kile · POSS ch- · REL -cho	Brötchen als mkate mdogo umschrieben	A1 SD1 B Brötchen
171	12	B	der Bruder, -ü	0	Sein Bruder arbeitet auch hier.	His brother works here too.	Kaka yake anafanya kazi hapa pia.	kaka y-ake a-na-fany-a kazi hapa pia	KL9/KL1.Bruder KL9-sein 3SG-PRÄS-tun-IND KL9.Arbeit hier auch	CL9/CL1.brother CL9-be 3SG-PRS-do-IND CL9.work here also	kaka Kl. 9/10 (Ø/n-) → kaka  — Numerus nur an der Konkordanz  [Person: Form Kl. 9/10, Kongruenz Kl. 1/2] · kazi Kl. 9/10 (Ø/n-) → kazi  — Numerus nur an der Konkordanz	kaka class 9/10 (Ø/n-) → kaka  — number shows only in the agreement  [person: form class 9/10, agreement class 1/2] · kazi class 9/10 (Ø/n-) → kazi  — number shows only in the agreement	Kl.1: SUBJ a- · ADJ m-/mw- · GEN wa · DEM huyu/yule · POSS w- · REL -ye · Kl.9: SUBJ i- · ADJ Ø/n- · GEN ya · DEM hii/ile · POSS y- · REL -yo	class 1: SUBJ a- · ADJ m-/mw- · GEN wa · DEM huyu/yule · POSS w- · REL -ye · class 9: SUBJ i- · ADJ Ø/n- · GEN ya · DEM hii/ile · POSS y- · REL -yo	yake Kl.9, Verbkongruenz a- aber Kl.1	A1 SD1 B Bruder
172	12	B	das Buch, -ü, er	0	Gute Bücher sind oft sehr teuer.	Good books are often very expensive.	Vitabu vizuri mara nyingi ni ghali sana.	vi-tabu vi-zuri mara ny-ingi ni ghali sana	KL8-Buch KL8-gut KL9.Mal KL10-viele KOP teuer sehr	CL8-book CL8-good CL9.time CL10-many COP expensive very	kitabu Kl. 7/8 (ki- › vi-) → vitabu	kitabu class 7/8 (ki- › vi-) → vitabu	Kl.7: SUBJ ki- · ADJ ki- · GEN cha · DEM hiki/kile · POSS ch- · REL -cho	class 7: SUBJ ki- · ADJ ki- · GEN cha · DEM hiki/kile · POSS ch- · REL -cho	vizuri kongruiert mit vitabu Kl.8	A1 SD1 B Buch
173	12	B	das Buch, -ü, er	0	In diesem Wörterbuch finden Sie mehr als 20.000 Wörter.	In this dictionary you will find more than 20,000 words.	Katika kamusi hii mnapata maneno zaidi ya elfu ishirini.	katika kamusi hii m-na-pat-a ma-neno zaidi y-a elfu ishirini	in KL9.Wörterbuch KL9.DEM 2PL-PRÄS-finden-IND KL6-Wort mehr KL9-GEN KL9.Tausend zwanzig	in CL9.dictionary CL9.DEM 2PL-PRS-find-IND CL6-word more CL9-GEN CL9.thousand twenty	neno Kl. 5/6 (ji-/Ø › ma-) → maneno	neno class 5/6 (ji-/Ø › ma-) → maneno	Kl.5: SUBJ li- · ADJ ji-/Ø · GEN la · DEM hili/lile · POSS l- · REL -lo	class 5: SUBJ li- · ADJ ji-/Ø · GEN la · DEM hili/lile · POSS l- · REL -lo	"zaidi ya für den Vergleich ""mehr als"""	A1 SD1 B Buch
174	12	B	der Buchstabe, -n	0	Diesen Buchstaben gibt es in meiner Sprache nicht.	This letter does not exist in my language.	Herufi hii haipo katika lugha yangu.	herufi hii hai-po katika lugha y-angu	KL9.Buchstabe KL9.DEM KL9.NEG-sein.da in KL9.Sprache KL9-mein	CL9.letter CL9.DEM CL9.NEG-be.there in CL9.language CL9-my	herufi Kl. 9/10 (Ø/n-) → herufi  — Numerus nur an der Konkordanz · lugha Kl. 9/10 (Ø/n-) → lugha  — Numerus nur an der Konkordanz	herufi class 9/10 (Ø/n-) → herufi  — number shows only in the agreement · lugha class 9/10 (Ø/n-) → lugha  — number shows only in the agreement	Kl.9: SUBJ i- · ADJ Ø/n- · GEN ya · DEM hii/ile · POSS y- · REL -yo	class 9: SUBJ i- · ADJ Ø/n- · GEN ya · DEM hii/ile · POSS y- · REL -yo	haipo verneint das Vorhandensein	A1 SD1 B Buchstabe
175	12	B	buchstabieren	0	Bitte buchstabieren Sie Ihren Namen.	Please spell your name.	Tafadhali tajeni herufi za jina lenu.	tafadhali taj-eni herufi z-a jina l-enu	bitte nennen-IMP.PL KL10.Buchstabe KL10-GEN KL5.Name KL5-euer	please call-IMP.PL CL10.letter CL10-GEN CL5.name CL5-your	herufi Kl. 9/10 (Ø/n-) → herufi  — Numerus nur an der Konkordanz · jina Kl. 5/6 (ji-/Ø › ma-) → majina	herufi class 9/10 (Ø/n-) → herufi  — number shows only in the agreement · jina class 5/6 (ji-/Ø › ma-) → majina	Kl.9: SUBJ i- · ADJ Ø/n- · GEN ya · DEM hii/ile · POSS y- · REL -yo · Kl.5: SUBJ li- · ADJ ji-/Ø · GEN la · DEM hili/lile · POSS l- · REL -lo	class 9: SUBJ i- · ADJ Ø/n- · GEN ya · DEM hii/ile · POSS y- · REL -yo · class 5: SUBJ li- · ADJ ji-/Ø · GEN la · DEM hili/lile · POSS l- · REL -lo	buchstabieren = die Buchstaben nennen	A1 SD1 B buchstabieren
176	12	B	der Bus, -se	0	Wann kommt der nächste Bus?	When does the next bus come?	Basi linalofuata linakuja saa ngapi?	basi li-na-lo-fuat-a li-na-kuj-a saa ngapi	KL5.Bus KL5-PRÄS-REL5-folgen-IND KL5-PRÄS-kommen-IND KL9.Stunde wieviel	CL5.bus CL5-PRS-REL5-follow-IND CL5-PRS-come-IND CL9.hour how.many	"basi Kl. 5/6 (ji-/Ø › ma-) → mabasi · saa Kl. 9/10 (Ø/n-) → saa  — Numerus nur an der Konkordanz  [auch ""Uhr""]"	"basi class 5/6 (ji-/Ø › ma-) → mabasi · saa class 9/10 (Ø/n-) → saa  — number shows only in the agreement  [also ""clock""]"	Kl.5: SUBJ li- · ADJ ji-/Ø · GEN la · DEM hili/lile · POSS l- · REL -lo · Kl.9: SUBJ i- · ADJ Ø/n- · GEN ya · DEM hii/ile · POSS y- · REL -yo	class 5: SUBJ li- · ADJ ji-/Ø · GEN la · DEM hili/lile · POSS l- · REL -lo · class 9: SUBJ i- · ADJ Ø/n- · GEN ya · DEM hii/ile · POSS y- · REL -yo	Relativinfix -lo- für Kl.5	A1 SD1 B Bus
177	12	B	die Butter	0	Für mich bitte ein Brötchen mit Butter und Käse.	For me a roll with butter and cheese, please.	Kwangu tafadhali mkate mdogo na siagi na jibini.	kw-angu tafadhali m-kate m-dogo na siagi na jibini	KL17-mein bitte KL3-Brot KL3-klein mit KL9.Butter und KL9.Käse	CL17-my please CL3-bread CL3-small with CL9.butter and CL9.cheese	mkate Kl. 3/4 (m-/mw- › mi-) → mikate · siagi Kl. 9 (Ø/n-), kein Numeruswechsel  [kein Plural]	mkate class 3/4 (m-/mw- › mi-) → mikate · siagi class 9 (Ø/n-), no number change  [no plural]	Kl.3: SUBJ u- · ADJ m-/mw- · GEN wa · DEM huu/ule · POSS w- · REL -o · Kl.9: SUBJ i- · ADJ Ø/n- · GEN ya · DEM hii/ile · POSS y- · REL -yo	class 3: SUBJ u- · ADJ m-/mw- · GEN wa · DEM huu/ule · POSS w- · REL -o · class 9: SUBJ i- · ADJ Ø/n- · GEN ya · DEM hii/ile · POSS y- · REL -yo	"kwangu heißt ""für mich"" mit Ortsklasse 17"	A1 SD1 B Butter
178	12	C	das Café, -s	0	Sollen wir uns im Café treffen?	Shall we meet at the café?	Tukutane kwenye mkahawa?	tu-kutan-e kwenye m-kahawa	1PL-treffen-KONJ an KL3-Café	1PL-meet-SBJV at CL3-cafe	mkahawa Kl. 3/4 (m-/mw- › mi-) → mikahawa	mkahawa class 3/4 (m-/mw- › mi-) → mikahawa	Kl.3: SUBJ u- · ADJ m-/mw- · GEN wa · DEM huu/ule · POSS w- · REL -o	class 3: SUBJ u- · ADJ m-/mw- · GEN wa · DEM huu/ule · POSS w- · REL -o	Konjunktiv ohne lazima als Vorschlag	A1 SD1 C Caf_
179	12	C	die CD, -s	0	Bring bitte deine Lieblings-CD mit.	Please bring your favourite CD.	Tafadhali lete CD unayoipenda zaidi.	tafadhali let-e CD u-na-yo-i-pend-a zaidi	bitte bringen-KONJ KL9.CD 2SG-PRÄS-REL9-OBJ9-mögen-IND mehr	please bring-SBJV CL9.CD 2SG-PRS-REL9-OBJ9-like-IND more	CD Kl. 9/10 (Ø/n-) → CD  — Numerus nur an der Konkordanz  [Lehnwort]	CD class 9/10 (Ø/n-) → CD  — number shows only in the agreement  [loanword]	Kl.9: SUBJ i- · ADJ Ø/n- · GEN ya · DEM hii/ile · POSS y- · REL -yo	class 9: SUBJ i- · ADJ Ø/n- · GEN ya · DEM hii/ile · POSS y- · REL -yo	Relativ -yo- und Objekt -i- stehen beide im Verb	A1 SD1 C CD
180	12	C	der Chef	0	Wir haben eine neue Chefin.	We have a new manageress.	Tuna bosi mpya mwanamke.	tu-na bosi m-pya mwanamke	1PL-haben KL5/KL1.Chefin KL1-neu KL1.Frau	1PL-have CL5/CL1.manager CL1-new CL1.woman	bosi Kl. 5/6 (ji-/Ø › ma-) → mabosi  [Person: Form Kl. 5/6, Kongruenz Kl. 1/2] · mwanamke Kl. 1/2 (m-/mw- › wa-) → wanawake	bosi class 5/6 (ji-/Ø › ma-) → mabosi  [person: form class 5/6, agreement class 1/2] · mwanamke class 1/2 (m-/mw- › wa-) → wanawake	Kl.1: SUBJ a- · ADJ m-/mw- · GEN wa · DEM huyu/yule · POSS w- · REL -ye	class 1: SUBJ a- · ADJ m-/mw- · GEN wa · DEM huyu/yule · POSS w- · REL -ye	bosi ist Kl.5, kongruiert als Person aber Kl.1	A1 SD1 C Chef
181	12	C	circa/ca.	0	Von Mainz nach Frankfurt sind es circa fünfzig Kilometer.	It is about fifty kilometres from Mainz to Frankfurt.	Kutoka Mainz hadi Frankfurt ni kama kilomita hamsini.	ku-tok-a Mainz hadi Frankfurt ni kama kilomita hamsini	KL15-kommen-IND Mainz bis Frankfurt KOP etwa KL9.Kilometer fünfzig	CL15-come-IND Mainz until Frankfurt COP about CL9.kilometre fifty			Kl.15: SUBJ ku- · ADJ ku- · GEN kwa · DEM huku/kule · POSS kw- · REL -ko · Kl.9: SUBJ i- · ADJ Ø/n- · GEN ya · DEM hii/ile · POSS y- · REL -yo	class 15: SUBJ ku- · ADJ ku- · GEN kwa · DEM huku/kule · POSS kw- · REL -ko · class 9: SUBJ i- · ADJ Ø/n- · GEN ya · DEM hii/ile · POSS y- · REL -yo	"kama dient als ""etwa"" und als ""wie"""	A1 SD1 C circa/ca_
182	12	C	der Computer, –	0	Wann bekommst du deinen neuen Computer?	When are you getting your new computer?	Utapata kompyuta yako mpya lini?	u-ta-pat-a kompyuta y-ako m-pya lini	2SG-FUT-bekommen-IND KL9.Computer KL9-dein KL9-neu wann	2SG-FUT-get-IND CL9.computer CL9-your CL9-new when	kompyuta Kl. 9/10 (Ø/n-) → kompyuta  — Numerus nur an der Konkordanz  [Lehnwort]	kompyuta class 9/10 (Ø/n-) → kompyuta  — number shows only in the agreement  [loanword]	Kl.9: SUBJ i- · ADJ Ø/n- · GEN ya · DEM hii/ile · POSS y- · REL -yo	class 9: SUBJ i- · ADJ Ø/n- · GEN ya · DEM hii/ile · POSS y- · REL -yo	mpya steht hier für Kl.9 ohne Nasalpräfix	A1 SD1 C Computer
183	12	D	da	0	Da hinten ist er ja.	There he is, at the back.	Yuko huko nyuma.	yu-ko huko nyuma	3SG-sein.da dort hinten	3SG-be.there there behind					yuko ist die Sonderform von a- plus -ko	A1 SD1 D da
184	12	D	da	0	Wir sprechen gerade über Paul. Da kommt er ja gerade.	We are just talking about Paul. Here he comes.	Tunazungumza kuhusu Paul. Tazama, anakuja hivi sasa.	tu-na-zungumz-a kuhusu Paul tazam-a a-na-kuj-a hivi sasa	1PL-PRÄS-sprechen-IND über Paul schauen-IMP 3SG-PRÄS-kommen-IND gleich jetzt	1PL-PRS-speak-IND over Paul look-IMP 3SG-PRS-come-IND same now					"kuhusu ""über"" verlangt keinen Genitiv"	A1 SD1 D da
185	12	D	da	0	Ich nehme das da.	I will take that one there.	Nachukua hiki hapa.	na-chuku-a hiki hapa	1SG.PRÄS.ALLG-nehmen-IND KL7.DEM hier	1SG.PRS.GNRL-take-IND CL7.DEM here			Kl.7: SUBJ ki- · ADJ ki- · GEN cha · DEM hiki/kile · POSS ch- · REL -cho	class 7: SUBJ ki- · ADJ ki- · GEN cha · DEM hiki/kile · POSS ch- · REL -cho	hiki zeigt auf ein Ding der Kl.7	A1 SD1 D da
186	12	D	da	0	Ist Herr Klein schon da?	Is Mr Klein here yet?	Bwana Klein yuko tayari?	bwana Klein yu-ko tayari	KL5/KL1.Herr Klein 3SG-sein.da schon	CL5/CL1.mister Klein 3SG-be.there already	bwana Kl. 5/6 (ji-/Ø › ma-) → mabwana  [Person: Form Kl. 5/6, Kongruenz Kl. 1/2]	bwana class 5/6 (ji-/Ø › ma-) → mabwana  [person: form class 5/6, agreement class 1/2]	Kl.1: SUBJ a- · ADJ m-/mw- · GEN wa · DEM huyu/yule · POSS w- · REL -ye	class 1: SUBJ a- · ADJ m-/mw- · GEN wa · DEM huyu/yule · POSS w- · REL -ye	yuko für Personen, iko für Sachen der Kl.9	A1 SD1 D da
187	12	D	die Dame, -n	0	Damen (an der Toilette)	Ladies (on the toilet door)	Wanawake (kwenye choo)	wanawake kwenye choo	KL2.Dame an KL7.Toilette	CL2.lady at CL7.toilet	mwanamke Kl. 1/2 (m-/mw- › wa-) → wanawake · choo Kl. 7/8 (ki- › vi-) → vyoo	mwanamke class 1/2 (m-/mw- › wa-) → wanawake · choo class 7/8 (ki- › vi-) → vyoo	Kl.1: SUBJ a- · ADJ m-/mw- · GEN wa · DEM huyu/yule · POSS w- · REL -ye · Kl.7: SUBJ ki- · ADJ ki- · GEN cha · DEM hiki/kile · POSS ch- · REL -cho	class 1: SUBJ a- · ADJ m-/mw- · GEN wa · DEM huyu/yule · POSS w- · REL -ye · class 7: SUBJ ki- · ADJ ki- · GEN cha · DEM hiki/kile · POSS ch- · REL -cho	Beschilderung ohne Verb	A1 SD1 D Dame
188	12	D	die Dame, -n	0	Sehr geehrte Damen und Herren!	Dear ladies and gentlemen!	Wanawake na wanaume waheshimiwa!	wanawake na wanaume wa-heshimi-w-a	KL2.Dame und KL2.Herr KL2-ehren-PASS-IND	CL2.lady and CL2.mister CL2-honour-PASS-IND	mwanamke Kl. 1/2 (m-/mw- › wa-) → wanawake · mwanamume Kl. 1/2 (m-/mw- › wa-) → wanaume	mwanamke class 1/2 (m-/mw- › wa-) → wanawake · mwanamume class 1/2 (m-/mw- › wa-) → wanaume	Kl.1: SUBJ a- · ADJ m-/mw- · GEN wa · DEM huyu/yule · POSS w- · REL -ye	class 1: SUBJ a- · ADJ m-/mw- · GEN wa · DEM huyu/yule · POSS w- · REL -ye	"Anredeformel mit Passiv: ""die Geehrten"""	A1 SD1 D Dame
189	13	D	daneben	0	Du kennst doch die Post. Daneben ist die Bank.	You know the post office. The bank is next to it.	Unaijua posta. Benki iko kando yake.	u-na-i-ju-a posta benki i-ko kando y-ake	2SG-PRÄS-OBJ9-kennen-IND KL9.Post KL9.Bank KL9-sein.da neben KL9-sein	2SG-PRS-OBJ9-know-IND CL9.post CL9.bank CL9-be.there next.to CL9-be	"posta Kl. 9/10 (Ø/n-) → posta  — Numerus nur an der Konkordanz  [Lehnwort] · benki Kl. 9/10 (Ø/n-) → benki  — Numerus nur an der Konkordanz  [Geldinstitut; Sitzbank = ""benchi""]"	"posta class 9/10 (Ø/n-) → posta  — number shows only in the agreement  [loanword] · benki class 9/10 (Ø/n-) → benki  — number shows only in the agreement  [financial institution; bench = ""benchi""]"	Kl.9: SUBJ i- · ADJ Ø/n- · GEN ya · DEM hii/ile · POSS y- · REL -yo	class 9: SUBJ i- · ADJ Ø/n- · GEN ya · DEM hii/ile · POSS y- · REL -yo	"kando yake heißt wörtlich ""an ihrer Seite"""	A1 SD1 D daneben
190	13	D	danken	0	Ich danke Ihnen für die Einladung.	I thank you for the invitation.	Nawashukuru kwa mwaliko.	na-wa-shukuru kwa mw-aliko	1SG.PRÄS.ALLG-OBJ2PL-danken für KL3-Einladung	1SG.PRS.GNRL-OBJ2PL-thank for CL3-invitation	mwaliko Kl. 3/4 (m-/mw- › mi-) → mialiko	mwaliko class 3/4 (m-/mw- › mi-) → mialiko	Kl.3: SUBJ u- · ADJ m-/mw- · GEN wa · DEM huu/ule · POSS w- · REL -o	class 3: SUBJ u- · ADJ m-/mw- · GEN wa · DEM huu/ule · POSS w- · REL -o	kushukuru ist arabisches Lehnverb auf -u	A1 SD1 D danken
191	13	D	der Dank	1	Vielen Dank!	Many thanks!	Shukrani nyingi!	shukrani ny-ingi	KL10.Dank KL10-viele	CL10.thanks CL10-many	shukrani Kl. 9/10 (Ø/n-) → shukrani  — Numerus nur an der Konkordanz	shukrani class 9/10 (Ø/n-) → shukrani  — number shows only in the agreement	Kl.9: SUBJ i- · ADJ Ø/n- · GEN ya · DEM hii/ile · POSS y- · REL -yo	class 9: SUBJ i- · ADJ Ø/n- · GEN ya · DEM hii/ile · POSS y- · REL -yo	nyingi kongruiert mit shukrani Kl.10	A1 SD1 D Dank
192	13	D	der Dank	1	Herzlichen Dank!	Heartfelt thanks!	Shukrani za moyo!	shukrani z-a moyo	KL10.Dank KL10-GEN KL3.Herz	CL10.thanks CL10-GEN CL3.heart	shukrani Kl. 9/10 (Ø/n-) → shukrani  — Numerus nur an der Konkordanz	shukrani class 9/10 (Ø/n-) → shukrani  — number shows only in the agreement	Kl.9: SUBJ i- · ADJ Ø/n- · GEN ya · DEM hii/ile · POSS y- · REL -yo	class 9: SUBJ i- · ADJ Ø/n- · GEN ya · DEM hii/ile · POSS y- · REL -yo	"wörtlich ""Dank des Herzens"""	A1 SD1 D Dank
193	13	D	danke	1	Soll ich Ihnen helfen? - Nein, danke!	Shall I help you? - No, thank you!	Nikusaidie? - Hapana, asante!	ni-ku-saidi-e hapana asante	1SG-OBJ2SG-helfen-KONJ nein danke	1SG-OBJ2SG-help-SBJV no thanks					Konjunktiv allein bietet Hilfe an	A1 SD1 D danke
194	13	D	dann	0	Ich muss noch schnell zur Post, dann komme ich.	I have to pop to the post office, then I will come.	Lazima niende posta haraka, kisha nitakuja.	lazima ni-end-e posta haraka kisha ni-ta-kuj-a	muss 1SG-gehen-KONJ KL9.Post schnell dann 1SG-FUT-kommen-IND	must 1SG-go-SBJV CL9.post fast then 1SG-FUT-come-IND	posta Kl. 9/10 (Ø/n-) → posta  — Numerus nur an der Konkordanz  [Lehnwort]	posta class 9/10 (Ø/n-) → posta  — number shows only in the agreement  [loanword]	Kl.9: SUBJ i- · ADJ Ø/n- · GEN ya · DEM hii/ile · POSS y- · REL -yo	class 9: SUBJ i- · ADJ Ø/n- · GEN ya · DEM hii/ile · POSS y- · REL -yo	kisha verknüpft zwei Handlungen zeitlich	A1 SD1 D dann
195	13	D	das Datum	0	Bitte schreiben Sie noch das Datum auf das Formular.	Please also write the date on the form.	Tafadhali andikeni pia tarehe kwenye fomu.	tafadhali andik-eni pia tarehe kwenye fomu	bitte schreiben-IMP.PL auch KL9.Datum an KL9.Formular	please write-IMP.PL also CL9.date at CL9.form	tarehe Kl. 9/10 (Ø/n-) → tarehe  — Numerus nur an der Konkordanz · fomu Kl. 9/10 (Ø/n-) → fomu  — Numerus nur an der Konkordanz  [Lehnwort]	tarehe class 9/10 (Ø/n-) → tarehe  — number shows only in the agreement · fomu class 9/10 (Ø/n-) → fomu  — number shows only in the agreement  [loanword]	Kl.9: SUBJ i- · ADJ Ø/n- · GEN ya · DEM hii/ile · POSS y- · REL -yo	class 9: SUBJ i- · ADJ Ø/n- · GEN ya · DEM hii/ile · POSS y- · REL -yo	tarehe ist Kl.9 und Kl.10 gleich	A1 SD1 D Datum
196	13	D	dauern	0	Wie lange dauert der Film?	How long does the film last?	Filamu inachukua muda gani?	filamu i-na-chuku-a muda gani	KL9.Film KL9-PRÄS-nehmen-IND KL3.Zeit welche	CL9.film CL9-PRS-take-IND CL3.time which	filamu Kl. 9/10 (Ø/n-) → filamu  — Numerus nur an der Konkordanz  [Lehnwort] · muda Kl. 3/10 (m-/mw- › Ø/n-) → nyakati  [Plural unregelmaessig]	filamu class 9/10 (Ø/n-) → filamu  — number shows only in the agreement  [loanword] · muda class 3/10 (m-/mw- › Ø/n-) → nyakati  [irregular plural]	Kl.9: SUBJ i- · ADJ Ø/n- · GEN ya · DEM hii/ile · POSS y- · REL -yo · Kl.3: SUBJ u- · ADJ m-/mw- · GEN wa · DEM huu/ule · POSS w- · REL -o	class 9: SUBJ i- · ADJ Ø/n- · GEN ya · DEM hii/ile · POSS y- · REL -yo · class 3: SUBJ u- · ADJ m-/mw- · GEN wa · DEM huu/ule · POSS w- · REL -o	dauern = Zeit nehmen	A1 SD1 D dauern
197	13	D	dein-	0	Ist das dein Auto?	Is that your car?	Hili ni gari lako?	hili ni gari l-ako	KL5.DEM KOP KL5.Auto KL5-dein	CL5.DEM COP CL5.car CL5-your	gari Kl. 5/6 (ji-/Ø › ma-) → magari	gari class 5/6 (ji-/Ø › ma-) → magari	Kl.5: SUBJ li- · ADJ ji-/Ø · GEN la · DEM hili/lile · POSS l- · REL -lo	class 5: SUBJ li- · ADJ ji-/Ø · GEN la · DEM hili/lile · POSS l- · REL -lo	hili und lako kongruieren beide mit Kl.5	A1 SD1 D dein
198	13	D	dein-	0	Ist das deins?	Is that yours?	Hili ni lako?	hili ni l-ako	KL5.DEM KOP KL5-dein	CL5.DEM COP CL5-your			Kl.5: SUBJ li- · ADJ ji-/Ø · GEN la · DEM hili/lile · POSS l- · REL -lo	class 5: SUBJ li- · ADJ ji-/Ø · GEN la · DEM hili/lile · POSS l- · REL -lo	Possessiv steht allein, Klasse bleibt erkennbar	A1 SD1 D dein
199	13	D	denn	0	Ich kann nicht kommen, denn ich bin krank.	I cannot come, because I am ill.	Siwezi kuja, kwa sababu mimi ni mgonjwa.	si-wez-i ku-j-a kwa sababu mimi ni m-gonjwa	1SG.NEG-können-NEG KL15-kommen-IND für KL9.Ursache ich KOP KL1-krank	1SG.NEG-can-NEG CL15-come-IND for CL9.cause I COP CL1-ill			Kl.15: SUBJ ku- · ADJ ku- · GEN kwa · DEM huku/kule · POSS kw- · REL -ko · Kl.9: SUBJ i- · ADJ Ø/n- · GEN ya · DEM hii/ile · POSS y- · REL -yo	class 15: SUBJ ku- · ADJ ku- · GEN kwa · DEM huku/kule · POSS kw- · REL -ko · class 9: SUBJ i- · ADJ Ø/n- · GEN ya · DEM hii/ile · POSS y- · REL -yo	siwezi: negatives si- plus Endvokal -i	A1 SD1 D denn
200	13	D	der, die, das	0	Ich nehme das da.	I will take that one there.	Nachukua hiki hapa.	na-chuku-a hiki hapa	1SG.PRÄS.ALLG-nehmen-IND KL7.DEM hier	1SG.PRS.GNRL-take-IND CL7.DEM here			Kl.7: SUBJ ki- · ADJ ki- · GEN cha · DEM hiki/kile · POSS ch- · REL -cho	class 7: SUBJ ki- · ADJ ki- · GEN cha · DEM hiki/kile · POSS ch- · REL -cho	Swahili hat keinen Artikel, nur Demonstrativa	A1 SD1 D der
201	13	D	der, die, das	0	Hier ist der Brief, den du suchst.	Here is the letter you are looking for.	Hii ni barua unayoitafuta.	hii ni barua u-na-yo-i-tafut-a	KL9.DEM KOP KL9.Brief 2SG-PRÄS-REL9-OBJ9-suchen-IND	CL9.DEM COP CL9.letter 2SG-PRS-REL9-OBJ9-search-IND	barua Kl. 9/10 (Ø/n-) → barua  — Numerus nur an der Konkordanz  [Numerus nur an der Konkordanz]	barua class 9/10 (Ø/n-) → barua  — number shows only in the agreement  [number shows only in the agreement]	Kl.9: SUBJ i- · ADJ Ø/n- · GEN ya · DEM hii/ile · POSS y- · REL -yo	class 9: SUBJ i- · ADJ Ø/n- · GEN ya · DEM hii/ile · POSS y- · REL -yo	Relativsatz ohne Relativpronomen, nur Infixe	A1 SD1 D der
202	13	D	der, die, das	0	Die Fahrkarte bekommst du am Bahnhof.	You can get the ticket at the station.	Tiketi utaipata stesheni.	tiketi u-ta-i-pat-a stesheni	KL9.Fahrkarte 2SG-FUT-OBJ9-bekommen-IND KL9.Bahnhof	CL9.ticket 2SG-FUT-OBJ9-get-IND CL9.station	tiketi Kl. 9/10 (Ø/n-) → tiketi  — Numerus nur an der Konkordanz  [Lehnwort] · stesheni Kl. 9/10 (Ø/n-) → stesheni  — Numerus nur an der Konkordanz  [Lehnwort]	tiketi class 9/10 (Ø/n-) → tiketi  — number shows only in the agreement  [loanword] · stesheni class 9/10 (Ø/n-) → stesheni  — number shows only in the agreement  [loanword]	Kl.9: SUBJ i- · ADJ Ø/n- · GEN ya · DEM hii/ile · POSS y- · REL -yo	class 9: SUBJ i- · ADJ Ø/n- · GEN ya · DEM hii/ile · POSS y- · REL -yo	Vorangestelltes Objekt wird im Verb wiederholt	A1 SD1 D der
203	13	D	dich	0	Die Blumen sind für dich.	The flowers are for you.	Maua ni kwa ajili yako.	ma-ua ni kwa ajili y-ako	KL6-Blume KOP für KL9.Zweck KL9-dein	CL6-flower COP for CL9.purpose CL9-your	ua Kl. 5/6 (ji-/Ø › ma-) → maua  [Nullpraefix im Singular]	ua class 5/6 (ji-/Ø › ma-) → maua  [zero prefix in the singular]	Kl.5: SUBJ li- · ADJ ji-/Ø · GEN la · DEM hili/lile · POSS l- · REL -lo	class 5: SUBJ li- · ADJ ji-/Ø · GEN la · DEM hili/lile · POSS l- · REL -lo	kwa ajili ya für den Zweck	A1 SD1 D dich
204	13	D	dies-	0	Ich nehme lieber diesen Kuchen.	I would rather have this cake.	Napenda kuchukua keki hii zaidi.	na-pend-a ku-chuku-a keki hii zaidi	1SG.PRÄS.ALLG-mögen-IND KL15-nehmen-IND KL9.Kuchen KL9.DEM mehr	1SG.PRS.GNRL-like-IND CL15-take-IND CL9.cake CL9.DEM more	keki Kl. 9/10 (Ø/n-) → keki  — Numerus nur an der Konkordanz  [Lehnwort]	keki class 9/10 (Ø/n-) → keki  — number shows only in the agreement  [loanword]	Kl.9: SUBJ i- · ADJ Ø/n- · GEN ya · DEM hii/ile · POSS y- · REL -yo	class 9: SUBJ i- · ADJ Ø/n- · GEN ya · DEM hii/ile · POSS y- · REL -yo	lieber = kupenda zaidi	A1 SD1 D dies
205	13	D	dir	0	Gefallen dir die Blumen?	Do you like the flowers?	Maua yanakupendeza?	ma-ua ya-na-ku-pendez-a	KL6-Blume KL6-PRÄS-OBJ2SG-gefallen-IND	CL6-flower CL6-PRS-OBJ2SG-please-IND	ua Kl. 5/6 (ji-/Ø › ma-) → maua  [Nullpraefix im Singular]	ua class 5/6 (ji-/Ø › ma-) → maua  [zero prefix in the singular]	Kl.5: SUBJ li- · ADJ ji-/Ø · GEN la · DEM hili/lile · POSS l- · REL -lo	class 5: SUBJ li- · ADJ ji-/Ø · GEN la · DEM hili/lile · POSS l- · REL -lo	Das Gefallende ist Subjekt, der Mensch Objekt	A1 SD1 D dir
206	13	D	die Disco	0	Heute abend gehen wir in die Disco tanzen.	This evening we are going dancing at the disco.	Leo jioni tunaenda disko kucheza.	leo jioni tu-na-end-a disko ku-chez-a	heute KL9.Abend 1PL-PRÄS-gehen-IND KL9.Disco KL15-tanzen-IND	today CL9.evening 1PL-PRS-go-IND CL9.disco CL15-dance-IND	disko Kl. 9/10 (Ø/n-) → disko  — Numerus nur an der Konkordanz  [Lehnwort]	disko class 9/10 (Ø/n-) → disko  — number shows only in the agreement  [loanword]	Kl.9: SUBJ i- · ADJ Ø/n- · GEN ya · DEM hii/ile · POSS y- · REL -yo	class 9: SUBJ i- · ADJ Ø/n- · GEN ya · DEM hii/ile · POSS y- · REL -yo	Zweck durch Infinitiv der Kl.15	A1 SD1 D Disco
207	13	D	der Doktor	0	Meine Tochter ist krank. Wir gehen zum Doktor.	My daughter is ill. We are going to the doctor.	Binti yangu ni mgonjwa. Tunaenda kwa daktari.	binti y-angu ni m-gonjwa tu-na-end-a kwa daktari	KL5/KL1.Tochter KL9-mein KOP KL1-krank 1PL-PRÄS-gehen-IND zu KL5/KL1.Arzt	CL5/CL1.daughter CL9-my COP CL1-ill 1PL-PRS-go-IND to CL5/CL1.doctor	binti Kl. 5/6 (ji-/Ø › ma-) → mabinti  [Person: Form Kl. 5/6, Kongruenz Kl. 1/2] · daktari Kl. 5/6 (ji-/Ø › ma-) → madaktari  [Person: Form Kl. 5/6, Kongruenz Kl. 1/2]	binti class 5/6 (ji-/Ø › ma-) → mabinti  [person: form class 5/6, agreement class 1/2] · daktari class 5/6 (ji-/Ø › ma-) → madaktari  [person: form class 5/6, agreement class 1/2]	Kl.1: SUBJ a- · ADJ m-/mw- · GEN wa · DEM huyu/yule · POSS w- · REL -ye	class 1: SUBJ a- · ADJ m-/mw- · GEN wa · DEM huyu/yule · POSS w- · REL -ye	binti nimmt yangu Kl.9, kongruiert aber als Person	A1 SD1 D Doktor
208	13	D	das Doppelzimmer	0	Wollen Sie ein Doppelzimmer oder ein Einzelzimmer?	Would you like a double room or a single room?	Mnataka chumba cha watu wawili au cha mtu mmoja?	m-na-tak-a ki-umba ch-a watu w-awili au ch-a mtu m-moja	2PL-PRÄS-wollen-IND KL7-Zimmer KL7-GEN KL2.Leute KL2-zwei oder KL7-GEN KL1.Mensch KL1-eins	2PL-PRS-want-IND CL7-room CL7-GEN CL2.people CL2-two or CL7-GEN CL1.person CL1-one	chumba Kl. 7/8 (ki- › vi-) → vyumba · mtu Kl. 1/2 (m-/mw- › wa-) → watu  [Musterwort fuer Kl. 1/2]	chumba class 7/8 (ki- › vi-) → vyumba · mtu class 1/2 (m-/mw- › wa-) → watu  [model word for class 1/2]	Kl.7: SUBJ ki- · ADJ ki- · GEN cha · DEM hiki/kile · POSS ch- · REL -cho · Kl.1: SUBJ a- · ADJ m-/mw- · GEN wa · DEM huyu/yule · POSS w- · REL -ye	class 7: SUBJ ki- · ADJ ki- · GEN cha · DEM hiki/kile · POSS ch- · REL -cho · class 1: SUBJ a- · ADJ m-/mw- · GEN wa · DEM huyu/yule · POSS w- · REL -ye	Der Genitiv cha wiederholt sich beim zweiten Glied	A1 SD1 D Doppelzimmer
209	13	D	das Dorf, -ö, er	0	Meine Familie lebt in einem Dorf.	My family lives in a village.	Familia yangu inakaa kijijini.	familia y-angu i-na-ka-a ki-jiji-ni	KL9.Familie KL9-mein KL9-PRÄS-wohnen-IND KL7-Dorf-LOK	CL9.family CL9-my CL9-PRS-live-IND CL7-village-LOC	familia Kl. 9/10 (Ø/n-) → familia  — Numerus nur an der Konkordanz  [Lehnwort]	familia class 9/10 (Ø/n-) → familia  — number shows only in the agreement  [loanword]	Kl.9: SUBJ i- · ADJ Ø/n- · GEN ya · DEM hii/ile · POSS y- · REL -yo	class 9: SUBJ i- · ADJ Ø/n- · GEN ya · DEM hii/ile · POSS y- · REL -yo	Ortssuffix -ni tritt an das Nomen der Kl.7	A1 SD1 D Dorf
210	13	D	dort, -her, -hin	0	Deine Tasche kannst du dorthin stellen.	You can put your bag over there.	Mfuko wako unaweza kuuweka huko.	m-fuko w-ako u-na-wez-a ku-u-wek-a huko	KL3-Tasche KL3-dein KL3-PRÄS-können-IND KL15-OBJ3-stellen-IND dorthin	CL3-bag CL3-your CL3-PRS-can-IND CL15-OBJ3-place-IND over.there	mfuko Kl. 3/4 (m-/mw- › mi-) → mifuko	mfuko class 3/4 (m-/mw- › mi-) → mifuko	Kl.3: SUBJ u- · ADJ m-/mw- · GEN wa · DEM huu/ule · POSS w- · REL -o	class 3: SUBJ u- · ADJ m-/mw- · GEN wa · DEM huu/ule · POSS w- · REL -o	Objektpräfix -u- greift mfuko Kl.3 auf	A1 SD1 D dort
211	13	D	dort, -her, -hin	0	Dort ist unser Haus.	There is our house.	Nyumba yetu iko huko.	nyumba y-etu i-ko huko	KL9.Haus KL9-unser KL9-sein.da dort	CL9.house CL9-our CL9-be.there there	nyumba Kl. 9/10 (Ø/n-) → nyumba  — Numerus nur an der Konkordanz	nyumba class 9/10 (Ø/n-) → nyumba  — number shows only in the agreement	Kl.9: SUBJ i- · ADJ Ø/n- · GEN ya · DEM hii/ile · POSS y- · REL -yo	class 9: SUBJ i- · ADJ Ø/n- · GEN ya · DEM hii/ile · POSS y- · REL -yo	iko für Sachen, yuko für Personen	A1 SD1 D dort
212	13	D	draußen	0	Wollen wir draußen sitzen?	Shall we sit outside?	Tukae nje?	tu-ka-e nje	1PL-sitzen-KONJ draußen	1PL-sit-SBJV outside					nje ist unveränderlich	A1 SD1 D draußen
213	13	D	drucken	0	Bitte drucke das Formular für mich.	Please print the form for me.	Tafadhali nichapishie fomu.	tafadhali ni-chapish-i-e fomu	bitte OBJ1SG-drucken-APPL-KONJ KL9.Formular	please OBJ1SG-print-APPL-SBJV CL9.form	fomu Kl. 9/10 (Ø/n-) → fomu  — Numerus nur an der Konkordanz  [Lehnwort]	fomu class 9/10 (Ø/n-) → fomu  — number shows only in the agreement  [loanword]	Kl.9: SUBJ i- · ADJ Ø/n- · GEN ya · DEM hii/ile · POSS y- · REL -yo	class 9: SUBJ i- · ADJ Ø/n- · GEN ya · DEM hii/ile · POSS y- · REL -yo	Applikativ nennt den Begünstigten	A1 SD1 D drucken
214	13	D	der Drucker, –	1	Mein Drucker ist kaputt.	My printer is broken.	Printa yangu imeharibika.	printa y-angu i-me-haribik-a	KL9.Drucker KL9-mein KL9-PERF-kaputt.gehen-IND	CL9.printer CL9-my CL9-PRF-break-IND	printa Kl. 9/10 (Ø/n-) → printa  — Numerus nur an der Konkordanz  [Lehnwort]	printa class 9/10 (Ø/n-) → printa  — number shows only in the agreement  [loanword]	Kl.9: SUBJ i- · ADJ Ø/n- · GEN ya · DEM hii/ile · POSS y- · REL -yo	class 9: SUBJ i- · ADJ Ø/n- · GEN ya · DEM hii/ile · POSS y- · REL -yo	"Stativ -ik- plus Perfekt ergibt ""ist kaputt"""	A1 SD1 D Drucker
215	13	D	drücken	0	Drück hier, dann geht der Computer an.	Press here, then the computer comes on.	Bonyeza hapa, kisha kompyuta itawaka.	bonyez-a hapa kisha kompyuta i-ta-wak-a	drücken-IMP hier dann KL9.Computer KL9-FUT-angehen-IND	press-IMP here then CL9.computer CL9-FUT-come.on-IND	kompyuta Kl. 9/10 (Ø/n-) → kompyuta  — Numerus nur an der Konkordanz  [Lehnwort]	kompyuta class 9/10 (Ø/n-) → kompyuta  — number shows only in the agreement  [loanword]	Kl.9: SUBJ i- · ADJ Ø/n- · GEN ya · DEM hii/ile · POSS y- · REL -yo	class 9: SUBJ i- · ADJ Ø/n- · GEN ya · DEM hii/ile · POSS y- · REL -yo	kuwaka für Licht und Geräte	A1 SD1 D drücken
216	13	D	durch	0	Am besten gehen Sie durch die Breite Straße.	It is best to go along the Breite Straße.	Ni bora mpite katika barabara pana.	ni bora m-pit-e katika barabara pana	KOP besser 2PL-gehen-KONJ durch KL9.Straße breit	COP better 2PL-go-SBJV through CL9.street wide	barabara Kl. 9/10 (Ø/n-) → barabara  — Numerus nur an der Konkordanz	barabara class 9/10 (Ø/n-) → barabara  — number shows only in the agreement	Kl.9: SUBJ i- · ADJ Ø/n- · GEN ya · DEM hii/ile · POSS y- · REL -yo	class 9: SUBJ i- · ADJ Ø/n- · GEN ya · DEM hii/ile · POSS y- · REL -yo	pana bleibt in Kl.9 ohne Präfix	A1 SD1 D durch
217	13	D	die Durchsage, -n	0	Ich habe die Durchsage nicht verstanden.	I did not understand the announcement.	Sijaelewa tangazo.	si-ja-elew-a tangazo	1SG.NEG-PERF.NEG-verstehen-IND KL5.Durchsage	1SG.NEG-PRF.NEG-understand-IND CL5.announcement	tangazo Kl. 5/6 (ji-/Ø › ma-) → matangazo	tangazo class 5/6 (ji-/Ø › ma-) → matangazo	Kl.5: SUBJ li- · ADJ ji-/Ø · GEN la · DEM hili/lile · POSS l- · REL -lo	class 5: SUBJ li- · ADJ ji-/Ø · GEN la · DEM hili/lile · POSS l- · REL -lo	-ja- ist das negative Perfekt: noch nicht	A1 SD1 D Durchsage
218	13	D	dürfen	0	Sie dürfen hier nicht rauchen.	You are not allowed to smoke here.	Hamruhusiwi kuvuta sigara hapa.	ham-ruhus-iw-i ku-vut-a sigara hapa	2PL.NEG-erlauben-PASS-NEG KL15-ziehen-IND KL9.Zigarette hier	2PL.NEG-allow-PASS-NEG CL15-pull-IND CL9.cigarette here	sigara Kl. 9/10 (Ø/n-) → sigara  — Numerus nur an der Konkordanz  [Lehnwort]	sigara class 9/10 (Ø/n-) → sigara  — number shows only in the agreement  [loanword]	Kl.9: SUBJ i- · ADJ Ø/n- · GEN ya · DEM hii/ile · POSS y- · REL -yo	class 9: SUBJ i- · ADJ Ø/n- · GEN ya · DEM hii/ile · POSS y- · REL -yo	"rauchen = kuvuta sigara, ""Zigarette ziehen"""	A1 SD1 D dürfen
219	13	D	dürfen	0	Darf ich Sie zu einem Kaffee einladen?	May I invite you for a coffee?	Naweza kuwakaribisha kahawa?	na-wez-a ku-wa-karibish-a kahawa	1SG.PRÄS.ALLG-können-IND KL15-OBJ2PL-einladen-IND KL9.Kaffee	1SG.PRS.GNRL-can-IND CL15-OBJ2PL-invite-IND CL9.coffee	kahawa Kl. 9/10 (Ø/n-) → kahawa  — Numerus nur an der Konkordanz	kahawa class 9/10 (Ø/n-) → kahawa  — number shows only in the agreement	Kl.9: SUBJ i- · ADJ Ø/n- · GEN ya · DEM hii/ile · POSS y- · REL -yo	class 9: SUBJ i- · ADJ Ø/n- · GEN ya · DEM hii/ile · POSS y- · REL -yo	karibisha ist der Kausativ zu karibu	A1 SD1 D dürfen
220	13	D	dürfen	0	Es darf nicht mehr als 15 Euro kosten.	It must not cost more than 15 euros.	Haipaswi kugharimu zaidi ya Euro kumi na tano.	hai-pasw-i ku-gharimu zaidi y-a Euro kumi na tano	KL9.NEG-sollen-NEG KL15-kosten mehr KL9-GEN Euro zehn und fünf	CL9.NEG-shall-NEG CL15-cost more CL9-GEN euro ten and five			Kl.9: SUBJ i- · ADJ Ø/n- · GEN ya · DEM hii/ile · POSS y- · REL -yo · Kl.15: SUBJ ku- · ADJ ku- · GEN kwa · DEM huku/kule · POSS kw- · REL -ko	class 9: SUBJ i- · ADJ Ø/n- · GEN ya · DEM hii/ile · POSS y- · REL -yo · class 15: SUBJ ku- · ADJ ku- · GEN kwa · DEM huku/kule · POSS kw- · REL -ko	fünfzehn = kumi na tano	A1 SD1 D dürfen
221	13	D	der Durst	0	Hast du etwas zu trinken? Ich habe großen Durst.	Do you have something to drink? I am very thirsty.	Una kitu cha kunywa? Nina kiu kali.	u-na ki-tu ch-a ku-nyw-a ni-na kiu kali	2SG-haben KL7-Ding KL7-GEN KL15-trinken-IND 1SG-haben KL9.Durst scharf	2SG-have CL7-thing CL7-GEN CL15-drink-IND 1SG-have CL9.thirst sharp	kiu Kl. 9 (Ø/n-), kein Numeruswechsel  [kein Plural]	kiu class 9 (Ø/n-), no number change  [no plural]	Kl.9: SUBJ i- · ADJ Ø/n- · GEN ya · DEM hii/ile · POSS y- · REL -yo	class 9: SUBJ i- · ADJ Ø/n- · GEN ya · DEM hii/ile · POSS y- · REL -yo	Durst haben, nicht durstig sein	A1 SD1 D Durst
222	13	D	(sich) duschen	0	Ich bade nicht so gern, ich dusche lieber.	I do not much like bathing, I prefer showering.	Sipendi kuoga kwenye bafu, napenda kunyeshewa zaidi.	si-pend-i ku-og-a kwenye bafu na-pend-a ku-nyeshe-w-a zaidi	1SG.NEG-mögen-NEG KL15-baden-IND an KL9.Bad 1SG.PRÄS.ALLG-mögen-IND KL15-duschen-PASS-IND mehr	1SG.NEG-like-NEG CL15-bathe-IND at CL9.bathroom 1SG.PRS.GNRL-like-IND CL15-shower-PASS-IND more	bafu Kl. 9/10 (Ø/n-) → bafu  — Numerus nur an der Konkordanz  [Lehnwort]	bafu class 9/10 (Ø/n-) → bafu  — number shows only in the agreement  [loanword]	Kl.9: SUBJ i- · ADJ Ø/n- · GEN ya · DEM hii/ile · POSS y- · REL -yo	class 9: SUBJ i- · ADJ Ø/n- · GEN ya · DEM hii/ile · POSS y- · REL -yo	duschen steht im Passiv: man wird berieselt	A1 SD1 D duschen
223	13	D	die Dusche	1	Unsere Wohnung hat nur eine Dusche.	Our flat only has a shower.	Nyumba yetu ina bomba la kunyeshea tu.	nyumba y-etu i-na bomba l-a ku-nyeshe-a tu	KL9.Haus KL9-unser KL9-haben KL5.Rohr KL5-GEN KL15-berieseln-IND nur	CL9.house CL9-our CL9-have CL5.pipe CL5-GEN CL15-sprinkle-IND only	nyumba Kl. 9/10 (Ø/n-) → nyumba  — Numerus nur an der Konkordanz · bomba la kunyeshea Kl. 5/6 (ji-/Ø › ma-) → mabomba ya kunyeshea  [Genitiv kongruiert mit dem Kopfnomen]	nyumba class 9/10 (Ø/n-) → nyumba  — number shows only in the agreement · bomba la kunyeshea class 5/6 (ji-/Ø › ma-) → mabomba ya kunyeshea  [genitive agrees with the head noun]	Kl.9: SUBJ i- · ADJ Ø/n- · GEN ya · DEM hii/ile · POSS y- · REL -yo · Kl.5: SUBJ li- · ADJ ji-/Ø · GEN la · DEM hili/lile · POSS l- · REL -lo	class 9: SUBJ i- · ADJ Ø/n- · GEN ya · DEM hii/ile · POSS y- · REL -yo · class 5: SUBJ li- · ADJ ji-/Ø · GEN la · DEM hili/lile · POSS l- · REL -lo	Dusche als bomba la kunyeshea umschrieben	A1 SD1 D Dusche
224	13	E	die Ecke, -n	0	An der nächsten Ecke links.	Left at the next corner.	Kwenye kona inayofuata kushoto.	kwenye kona i-na-yo-fuat-a ku-shoto	an KL9.Ecke KL9-PRÄS-REL9-folgen-IND KL17-links	at CL9.corner CL9-PRS-REL9-follow-IND CL17-left	kona Kl. 9/10 (Ø/n-) → kona  — Numerus nur an der Konkordanz  [Lehnwort]	kona class 9/10 (Ø/n-) → kona  — number shows only in the agreement  [loanword]	Kl.9: SUBJ i- · ADJ Ø/n- · GEN ya · DEM hii/ile · POSS y- · REL -yo	class 9: SUBJ i- · ADJ Ø/n- · GEN ya · DEM hii/ile · POSS y- · REL -yo	links und rechts sind Ortswörter der Kl.17	A1 SD1 E Ecke
225	13	E	die Ehefrau, -en/der Ehemann, ä, er	0	Das ist mein (Ehe-) Mann/meine (Ehe-) Frau.	This is my husband/my wife.	Huyu ni mume wangu/mke wangu.	huyu ni mume w-angu mke w-angu	KL1.DEM KOP KL1.Ehemann KL1-mein KL1.Ehefrau KL1-mein	CL1.DEM COP CL1.husband CL1-my CL1.wife CL1-my	"mke Kl. 1/2 (m-/mw- › wa-) → wake  [Ehemann = ""mume"" Kl. 1/2]"	"mke class 1/2 (m-/mw- › wa-) → wake  [husband = ""mume"" class 1/2]"	Kl.1: SUBJ a- · ADJ m-/mw- · GEN wa · DEM huyu/yule · POSS w- · REL -ye	class 1: SUBJ a- · ADJ m-/mw- · GEN wa · DEM huyu/yule · POSS w- · REL -ye	mume und mke sind beide Kl.1	A1 SD1 E Ehefrau
226	13	E	das Ei, -er	0	Möchtest du ein Ei zum Frühstück?	Would you like an egg for breakfast?	Unataka yai kwa kifungua kinywa?	u-na-tak-a yai kwa ki-fungua kinywa	2SG-PRÄS-wollen-IND KL5.Ei für KL7-öffnen KL7.Mund	2SG-PRS-want-IND CL5.egg for CL7-open CL7.mouth	"yai Kl. 5/6 (ji-/Ø › ma-) → mayai · kifungua kinywa Kl. 7/8 (ki- › vi-) → vifungua kinywa  [woertlich ""Mundoeffner""]"	"yai class 5/6 (ji-/Ø › ma-) → mayai · kifungua kinywa class 7/8 (ki- › vi-) → vifungua kinywa  [literally ""mouth-opener""]"	Kl.5: SUBJ li- · ADJ ji-/Ø · GEN la · DEM hili/lile · POSS l- · REL -lo · Kl.7: SUBJ ki- · ADJ ki- · GEN cha · DEM hiki/kile · POSS ch- · REL -cho	class 5: SUBJ li- · ADJ ji-/Ø · GEN la · DEM hili/lile · POSS l- · REL -lo · class 7: SUBJ ki- · ADJ ki- · GEN cha · DEM hiki/kile · POSS ch- · REL -cho	yai Kl.5, Plural mayai Kl.6	A1 SD1 E Ei
227	13	E	eilig	0	Hast du es eilig?	Are you in a hurry?	Una haraka?	u-na haraka	2SG-haben KL9.Eile	2SG-have CL9.hurry			Kl.9: SUBJ i- · ADJ Ø/n- · GEN ya · DEM hii/ile · POSS y- · REL -yo	class 9: SUBJ i- · ADJ Ø/n- · GEN ya · DEM hii/ile · POSS y- · REL -yo	Eile haben statt eilig sein	A1 SD1 E eilig
228	13	E	ein-	0	Ich nehme ein Bier. Willst du auch eins?	I will have a beer. Do you want one too?	Nachukua bia. Unataka moja pia?	na-chuku-a bia u-na-tak-a moja pia	1SG.PRÄS.ALLG-nehmen-IND KL9.Bier 2SG-PRÄS-wollen-IND eins auch	1SG.PRS.GNRL-take-IND CL9.beer 2SG-PRS-want-IND one also	bia Kl. 9/10 (Ø/n-) → bia  — Numerus nur an der Konkordanz  [Lehnwort]	bia class 9/10 (Ø/n-) → bia  — number shows only in the agreement  [loanword]	Kl.9: SUBJ i- · ADJ Ø/n- · GEN ya · DEM hii/ile · POSS y- · REL -yo	class 9: SUBJ i- · ADJ Ø/n- · GEN ya · DEM hii/ile · POSS y- · REL -yo	"moja steht allein für ""eines"""	A1 SD1 E ein
229	13	E	ein-	0	Ist hier einer, der das kann?	Is there someone here who can do that?	Kuna mtu hapa anayeweza kufanya hivi?	ku-na mtu hapa a-na-ye-wez-a ku-fany-a hivi	KL17-mit KL1.Mensch hier KL1-PRÄS-REL1-können-IND KL15-tun-IND so	CL17-with CL1.person here CL1-PRS-REL1-can-IND CL15-do-IND so	mtu Kl. 1/2 (m-/mw- › wa-) → watu  [Musterwort fuer Kl. 1/2]	mtu class 1/2 (m-/mw- › wa-) → watu  [model word for class 1/2]	Kl.1: SUBJ a- · ADJ m-/mw- · GEN wa · DEM huyu/yule · POSS w- · REL -ye	class 1: SUBJ a- · ADJ m-/mw- · GEN wa · DEM huyu/yule · POSS w- · REL -ye	Relativinfix -ye- für Personen der Kl.1	A1 SD1 E ein
230	13	E	einfach	0	Die Prüfung ist ganz einfach.	The exam is quite easy.	Mtihani ni rahisi kabisa.	m-tihani ni rahisi kabisa	KL3-Prüfung KOP einfach ganz	CL3-exam COP easy quite	mtihani Kl. 3/4 (m-/mw- › mi-) → mitihani	mtihani class 3/4 (m-/mw- › mi-) → mitihani	Kl.3: SUBJ u- · ADJ m-/mw- · GEN wa · DEM huu/ule · POSS w- · REL -o	class 3: SUBJ u- · ADJ m-/mw- · GEN wa · DEM huu/ule · POSS w- · REL -o	rahisi heißt einfach und billig	A1 SD1 E einfach
231	13	E	einfach	0	Hin und zurück? – Nein, bitte nur einfach.	Return? - No, single only, please.	Kwenda na kurudi? - Hapana, kwenda tu tafadhali.	kw-end-a na ku-rudi hapana kw-end-a tu tafadhali	KL15-gehen-IND und KL15-zurückkehren nein KL15-gehen-IND nur bitte	CL15-go-IND and CL15-return no CL15-go-IND only please			Kl.15: SUBJ ku- · ADJ ku- · GEN kwa · DEM huku/kule · POSS kw- · REL -ko	class 15: SUBJ ku- · ADJ ku- · GEN kwa · DEM huku/kule · POSS kw- · REL -ko	"einfache Fahrt wörtlich ""nur hin"""	A1 SD1 E einfach
232	13	E	einfach	0	Ich brauche nur ein einfaches Zimmer.	I only need a simple room.	Nahitaji chumba cha kawaida tu.	na-hitaji ki-umba ch-a kawaida tu	1SG.PRÄS.ALLG-brauchen KL7-Zimmer KL7-GEN KL9.Gewohnheit nur	1SG.PRS.GNRL-need CL7-room CL7-GEN CL9.habit only	chumba Kl. 7/8 (ki- › vi-) → vyumba	chumba class 7/8 (ki- › vi-) → vyumba	Kl.7: SUBJ ki- · ADJ ki- · GEN cha · DEM hiki/kile · POSS ch- · REL -cho	class 7: SUBJ ki- · ADJ ki- · GEN cha · DEM hiki/kile · POSS ch- · REL -cho	"cha kawaida heißt ""gewöhnlich, schlicht"""	A1 SD1 E einfach
233	13	E	der Eingang	0	Der Eingang ist um die Ecke.	The entrance is round the corner.	Njia ya kuingia iko kwenye kona.	njia y-a ku-ingi-a i-ko kwenye kona	KL9.Weg KL9-GEN KL15-hineingehen-IND KL9-sein.da an KL9.Ecke	CL9.way CL9-GEN CL15-go.in-IND CL9-be.there at CL9.corner	njia ya kutoka Kl. 9/10 (Ø/n-) → njia za kutoka  [Genitiv kongruiert mit dem Kopfnomen] · kona Kl. 9/10 (Ø/n-) → kona  — Numerus nur an der Konkordanz  [Lehnwort]	njia ya kutoka class 9/10 (Ø/n-) → njia za kutoka  [genitive agrees with the head noun] · kona class 9/10 (Ø/n-) → kona  — number shows only in the agreement  [loanword]	Kl.9: SUBJ i- · ADJ Ø/n- · GEN ya · DEM hii/ile · POSS y- · REL -yo	class 9: SUBJ i- · ADJ Ø/n- · GEN ya · DEM hii/ile · POSS y- · REL -yo	Eingang als njia ya kuingia umschrieben	A1 SD1 E Eingang
234	13	E	einkaufen	0	Ich muss noch für morgen einkaufen.	I still have to shop for tomorrow.	Lazima ninunue vitu kwa kesho.	lazima ni-nunu-e vi-tu kwa kesho	muss 1SG-kaufen-KONJ KL8-Ding für morgen	must 1SG-buy-SBJV CL8-thing for tomorrow			Kl.8: SUBJ vi- · ADJ vi- · GEN vya · DEM hivi/vile · POSS vy- · REL -vyo	class 8: SUBJ vi- · ADJ vi- · GEN vya · DEM hivi/vile · POSS vy- · REL -vyo	"einkaufen = vitu kununua, ""Dinge kaufen"""	A1 SD1 E einkaufen
235	13	E	einladen	0	Darf ich Sie zu einem Kaffee einladen?	May I invite you for a coffee?	Naweza kuwakaribisha kahawa?	na-wez-a ku-wa-karibish-a kahawa	1SG.PRÄS.ALLG-können-IND KL15-OBJ2PL-einladen-IND KL9.Kaffee	1SG.PRS.GNRL-can-IND CL15-OBJ2PL-invite-IND CL9.coffee	kahawa Kl. 9/10 (Ø/n-) → kahawa  — Numerus nur an der Konkordanz	kahawa class 9/10 (Ø/n-) → kahawa  — number shows only in the agreement	Kl.9: SUBJ i- · ADJ Ø/n- · GEN ya · DEM hii/ile · POSS y- · REL -yo	class 9: SUBJ i- · ADJ Ø/n- · GEN ya · DEM hii/ile · POSS y- · REL -yo	Objektpräfix -wa- steht für höfliches Sie	A1 SD1 E einladen
236	13	E	die Einladung	1	Danke für die Einladung!	Thank you for the invitation!	Asante kwa mwaliko!	asante kwa mw-aliko	danke für KL3-Einladung	thanks for CL3-invitation	mwaliko Kl. 3/4 (m-/mw- › mi-) → mialiko	mwaliko class 3/4 (m-/mw- › mi-) → mialiko	Kl.3: SUBJ u- · ADJ m-/mw- · GEN wa · DEM huu/ule · POSS w- · REL -o	class 3: SUBJ u- · ADJ m-/mw- · GEN wa · DEM huu/ule · POSS w- · REL -o	mwaliko Kl.3, Plural mialiko Kl.4	A1 SD1 E Einladung
237	14	E	einmal	0	Diese Prüfung mache ich nicht noch einmal.	I am not going to take this exam again.	Mtihani huu sitaufanya tena.	m-tihani huu si-ta-u-fany-a tena	KL3-Prüfung KL3.DEM 1SG.NEG-FUT-OBJ3-tun-IND wieder	CL3-exam CL3.DEM 1SG.NEG-FUT-OBJ3-do-IND again	mtihani Kl. 3/4 (m-/mw- › mi-) → mitihani	mtihani class 3/4 (m-/mw- › mi-) → mitihani	Kl.3: SUBJ u- · ADJ m-/mw- · GEN wa · DEM huu/ule · POSS w- · REL -o	class 3: SUBJ u- · ADJ m-/mw- · GEN wa · DEM huu/ule · POSS w- · REL -o	Negatives Futur behält -ta-, nur si- tritt hinzu	A1 SD1 E einmal
238	14	E	einsteigen	0	Schnell, steig ein, der Zug fährt gleich.	Quick, get in, the train is leaving in a moment.	Haraka, panda, treni inaondoka hivi punde.	haraka pand-a treni i-na-ondok-a hivi punde	schnell einsteigen-IMP KL9.Zug KL9-PRÄS-abfahren-IND gleich sofort	fast get.in-IMP CL9.train CL9-PRS-depart-IND same at.once	treni Kl. 9/10 (Ø/n-) → treni  — Numerus nur an der Konkordanz  [Lehnwort]	treni class 9/10 (Ø/n-) → treni  — number shows only in the agreement  [loanword]	Kl.9: SUBJ i- · ADJ Ø/n- · GEN ya · DEM hii/ile · POSS y- · REL -yo	class 9: SUBJ i- · ADJ Ø/n- · GEN ya · DEM hii/ile · POSS y- · REL -yo	kupanda heißt einsteigen und aufsteigen	A1 SD1 E einsteigen
239	14	E	der Eintritt	0	Der Preis für den Eintritt ist 5 Euro.	The price of admission is 5 euros.	Bei ya kiingilio ni Euro tano.	bei y-a ki-ingilio ni Euro tano	KL9.Preis KL9-GEN KL7-Eintritt KOP Euro fünf	CL9.price CL9-GEN CL7-admission COP euro five	bei Kl. 9/10 (Ø/n-) → bei  — Numerus nur an der Konkordanz · kiingilio Kl. 7/8 (ki- › vi-) → viingilio	bei class 9/10 (Ø/n-) → bei  — number shows only in the agreement · kiingilio class 7/8 (ki- › vi-) → viingilio	Kl.9: SUBJ i- · ADJ Ø/n- · GEN ya · DEM hii/ile · POSS y- · REL -yo · Kl.7: SUBJ ki- · ADJ ki- · GEN cha · DEM hiki/kile · POSS ch- · REL -cho	class 9: SUBJ i- · ADJ Ø/n- · GEN ya · DEM hii/ile · POSS y- · REL -yo · class 7: SUBJ ki- · ADJ ki- · GEN cha · DEM hiki/kile · POSS ch- · REL -cho	kiingilio Kl.7, Plural viingilio Kl.8	A1 SD1 E Eintritt
240	14	E	das Einzelzimmer	0	Haben Sie noch ein Einzelzimmer?	Do you still have a single room?	Mnayo bado chumba cha mtu mmoja?	m-na-yo bado ki-umba ch-a mtu m-moja	2PL-haben-REL9 noch KL7-Zimmer KL7-GEN KL1.Mensch KL1-eins	2PL-have-REL9 still CL7-room CL7-GEN CL1.person CL1-one	chumba Kl. 7/8 (ki- › vi-) → vyumba · mtu Kl. 1/2 (m-/mw- › wa-) → watu  [Musterwort fuer Kl. 1/2]	chumba class 7/8 (ki- › vi-) → vyumba · mtu class 1/2 (m-/mw- › wa-) → watu  [model word for class 1/2]	Kl.7: SUBJ ki- · ADJ ki- · GEN cha · DEM hiki/kile · POSS ch- · REL -cho · Kl.1: SUBJ a- · ADJ m-/mw- · GEN wa · DEM huyu/yule · POSS w- · REL -ye	class 7: SUBJ ki- · ADJ ki- · GEN cha · DEM hiki/kile · POSS ch- · REL -cho · class 1: SUBJ a- · ADJ m-/mw- · GEN wa · DEM huyu/yule · POSS w- · REL -ye	mmoja kongruiert mit mtu Kl.1	A1 SD1 E Einzelzimmer
241	14	E	die Eltern (pl.)	0	Meine Eltern leben in Spanien.	My parents live in Spain.	Wazazi wangu wanakaa Hispania.	wazazi w-angu wa-na-ka-a Hispania	KL2.Eltern KL2-mein KL2-PRÄS-wohnen-IND Spanien	CL2.parents CL2-my CL2-PRS-live-IND Spain	mzazi Kl. 1/2 (m-/mw- › wa-) → wazazi  [deutsch nur Plural]	mzazi class 1/2 (m-/mw- › wa-) → wazazi  [German has plural only]	Kl.1: SUBJ a- · ADJ m-/mw- · GEN wa · DEM huyu/yule · POSS w- · REL -ye	class 1: SUBJ a- · ADJ m-/mw- · GEN wa · DEM huyu/yule · POSS w- · REL -ye	mzazi Kl.1, Plural wazazi Kl.2	A1 SD1 E Eltern__pl__
242	14	E	die E-Mail, -s	0	Ich habe Ihre E-Mail nicht bekommen.	I did not receive your email.	Sijapokea barua pepe yako.	si-ja-poke-a barua pepe y-ako	1SG.NEG-PERF.NEG-empfangen-IND KL9.Brief Wind KL9-dein	1SG.NEG-PRF.NEG-receive-IND CL9.letter wind CL9-your	barua Kl. 9/10 (Ø/n-) → barua  — Numerus nur an der Konkordanz  [Numerus nur an der Konkordanz]	barua class 9/10 (Ø/n-) → barua  — number shows only in the agreement  [number shows only in the agreement]	Kl.9: SUBJ i- · ADJ Ø/n- · GEN ya · DEM hii/ile · POSS y- · REL -yo	class 9: SUBJ i- · ADJ Ø/n- · GEN ya · DEM hii/ile · POSS y- · REL -yo	"barua pepe heißt wörtlich ""Windbrief"""	A1 SD1 E E
243	14	E	der Empfänger, –	0	Auf dem Brief steht dein Name, also bist du der Empfänger.	Your name is on the letter, so you are the recipient.	Kwenye barua kumeandikwa jina lako, kwa hiyo wewe ni mpokeaji.	kwenye barua ku-me-andik-w-a jina l-ako kwa hiyo wewe ni m-pokeaji	an KL9.Brief KL17-PERF-schreiben-PASS-IND KL5.Name KL5-dein für KL9.DEM du KOP KL1-Empfänger	at CL9.letter CL17-PRF-write-PASS-IND CL5.name CL5-your for CL9.DEM you COP CL1-recipient	barua Kl. 9/10 (Ø/n-) → barua  — Numerus nur an der Konkordanz  [Numerus nur an der Konkordanz] · jina Kl. 5/6 (ji-/Ø › ma-) → majina · mpokeaji Kl. 1/2 (m-/mw- › wa-) → wapokeaji	barua class 9/10 (Ø/n-) → barua  — number shows only in the agreement  [number shows only in the agreement] · jina class 5/6 (ji-/Ø › ma-) → majina · mpokeaji class 1/2 (m-/mw- › wa-) → wapokeaji	Kl.9: SUBJ i- · ADJ Ø/n- · GEN ya · DEM hii/ile · POSS y- · REL -yo · Kl.5: SUBJ li- · ADJ ji-/Ø · GEN la · DEM hili/lile · POSS l- · REL -lo	class 9: SUBJ i- · ADJ Ø/n- · GEN ya · DEM hii/ile · POSS y- · REL -yo · class 5: SUBJ li- · ADJ ji-/Ø · GEN la · DEM hili/lile · POSS l- · REL -lo	Unpersönliches Passiv nimmt die Ortsklasse 17	A1 SD1 E Empfänger
244	14	E	empfehlen	0	Welchen Wein können Sie mir empfehlen?	Which wine can you recommend to me?	Mvinyo upi mnaweza kunipendekeza?	m-vinyo upi m-na-wez-a ku-ni-pendekez-a	KL3-Wein KL3.welche 2PL-PRÄS-können-IND KL15-OBJ1SG-empfehlen-IND	CL3-wine CL3.which 2PL-PRS-can-IND CL15-OBJ1SG-recommend-IND	mvinyo Kl. 3/4 (m-/mw- › mi-) → mivinyo	mvinyo class 3/4 (m-/mw- › mi-) → mivinyo	Kl.3: SUBJ u- · ADJ m-/mw- · GEN wa · DEM huu/ule · POSS w- · REL -o	class 3: SUBJ u- · ADJ m-/mw- · GEN wa · DEM huu/ule · POSS w- · REL -o	Fragewort upi kongruiert mit mvinyo Kl.3	A1 SD1 E empfehlen
245	14	E	enden	0	Die Straße endet hier.	The road ends here.	Barabara inaishia hapa.	barabara i-na-ish-i-a hapa	KL9.Straße KL9-PRÄS-enden-APPL-IND hier	CL9.street CL9-PRS-end-APPL-IND here	barabara Kl. 9/10 (Ø/n-) → barabara  — Numerus nur an der Konkordanz	barabara class 9/10 (Ø/n-) → barabara  — number shows only in the agreement	Kl.9: SUBJ i- · ADJ Ø/n- · GEN ya · DEM hii/ile · POSS y- · REL -yo	class 9: SUBJ i- · ADJ Ø/n- · GEN ya · DEM hii/ile · POSS y- · REL -yo	Applikativ -i- verlangt die Ortsangabe	A1 SD1 E enden
246	14	E	das Ende	1	Sie wohnt am Ende der Straße.	She lives at the end of the street.	Anakaa mwishoni mwa barabara.	a-na-ka-a mwisho-ni mw-a barabara	3SG-PRÄS-wohnen-IND KL3.Ende-LOK KL18-GEN KL9.Straße	3SG-PRS-live-IND CL3.end-LOC CL18-GEN CL9.street	barabara Kl. 9/10 (Ø/n-) → barabara  — Numerus nur an der Konkordanz	barabara class 9/10 (Ø/n-) → barabara  — number shows only in the agreement	Kl.9: SUBJ i- · ADJ Ø/n- · GEN ya · DEM hii/ile · POSS y- · REL -yo	class 9: SUBJ i- · ADJ Ø/n- · GEN ya · DEM hii/ile · POSS y- · REL -yo	Nach -ni folgt der Genitiv mwa der Kl.18	A1 SD1 E Ende
247	14	E	das Ende	1	Er bekommt sein Geld am Ende des Monats.	He gets his money at the end of the month.	Anapata pesa zake mwishoni mwa mwezi.	a-na-pat-a pesa z-ake mwisho-ni mw-a mw-ezi	3SG-PRÄS-bekommen-IND KL10.Geld KL10-sein KL3.Ende-LOK KL18-GEN KL3-Monat	3SG-PRS-get-IND CL10.money CL10-be CL3.end-LOC CL18-GEN CL3-month	pesa Kl. 9/10 (Ø/n-) → pesa  — Numerus nur an der Konkordanz	pesa class 9/10 (Ø/n-) → pesa  — number shows only in the agreement	Kl.9: SUBJ i- · ADJ Ø/n- · GEN ya · DEM hii/ile · POSS y- · REL -yo	class 9: SUBJ i- · ADJ Ø/n- · GEN ya · DEM hii/ile · POSS y- · REL -yo	pesa nimmt zake Kl.10	A1 SD1 E Ende
248	14	E	entschuldigen	0	Entschuldigen Sie bitte!	Excuse me, please!	Samahani tafadhali!	samahani tafadhali	KL9.Entschuldigung bitte	CL9.apology please			Kl.9: SUBJ i- · ADJ Ø/n- · GEN ya · DEM hii/ile · POSS y- · REL -yo	class 9: SUBJ i- · ADJ Ø/n- · GEN ya · DEM hii/ile · POSS y- · REL -yo	samahani entschuldigt, radhi erbittet Verzeihung	A1 SD1 E entschuldigen
249	14	E	die Entschuldigung	1	Entschuldigung! – Bitte.	Sorry! - That is all right.	Samahani! - Haidhuru.	samahani hai-dhuru	KL9.Entschuldigung KL9.NEG-schaden	CL9.apology CL9.NEG-harm			Kl.9: SUBJ i- · ADJ Ø/n- · GEN ya · DEM hii/ile · POSS y- · REL -yo	class 9: SUBJ i- · ADJ Ø/n- · GEN ya · DEM hii/ile · POSS y- · REL -yo	"haidhuru heißt wörtlich ""es schadet nicht"""	A1 SD1 E Entschuldigung
250	14	E	er	0	Er heißt Ali.	His name is Ali.	Anaitwa Ali.	a-na-it-w-a Ali	3SG-PRÄS-nennen-PASS-IND Ali	3SG-PRS-call-PASS-IND Ali					heißen steht im Passiv: er wird genannt	A1 SD1 E er
251	14	E	das Ergebnis, -se	0	Das Ergebnis des Tests bekommen Sie in zwei Wochen.	You will get the test result in two weeks.	Matokeo ya mtihani mtayapata baada ya wiki mbili.	ma-tokeo y-a m-tihani m-ta-ya-pat-a baada y-a wiki mbili	KL6-Ergebnis KL6-GEN KL3-Prüfung 2PL-FUT-OBJ6-bekommen-IND nach KL9-GEN KL9.Woche zwei	CL6-result CL6-GEN CL3-exam 2PL-FUT-OBJ6-get-IND after CL9-GEN CL9.week two	tokeo Kl. 5/6 (ji-/Ø › ma-) → matokeo  [meist im Plural] · mtihani Kl. 3/4 (m-/mw- › mi-) → mitihani	tokeo class 5/6 (ji-/Ø › ma-) → matokeo  [usually in the plural] · mtihani class 3/4 (m-/mw- › mi-) → mitihani	Kl.5: SUBJ li- · ADJ ji-/Ø · GEN la · DEM hili/lile · POSS l- · REL -lo · Kl.3: SUBJ u- · ADJ m-/mw- · GEN wa · DEM huu/ule · POSS w- · REL -o	class 5: SUBJ li- · ADJ ji-/Ø · GEN la · DEM hili/lile · POSS l- · REL -lo · class 3: SUBJ u- · ADJ m-/mw- · GEN wa · DEM huu/ule · POSS w- · REL -o	Objektpräfix -ya- greift matokeo Kl.6 auf	A1 SD1 E Ergebnis
252	14	E	erklären	0	Kannst du mir das erklären?	Can you explain that to me?	Unaweza kunielezea hili?	u-na-wez-a ku-ni-elez-e-a hili	2SG-PRÄS-können-IND KL15-OBJ1SG-erklären-APPL-IND KL5.DEM	2SG-PRS-can-IND CL15-OBJ1SG-explain-APPL-IND CL5.DEM			Kl.15: SUBJ ku- · ADJ ku- · GEN kwa · DEM huku/kule · POSS kw- · REL -ko · Kl.5: SUBJ li- · ADJ ji-/Ø · GEN la · DEM hili/lile · POSS l- · REL -lo	class 15: SUBJ ku- · ADJ ku- · GEN kwa · DEM huku/kule · POSS kw- · REL -ko · class 5: SUBJ li- · ADJ ji-/Ø · GEN la · DEM hili/lile · POSS l- · REL -lo	Applikativ nennt den, für den erklärt wird	A1 SD1 E erklären
253	14	E	erlauben	0	Rauchen ist hier nicht erlaubt.	Smoking is not permitted here.	Kuvuta sigara hakuruhusiwi hapa.	ku-vut-a sigara haku-ruhus-iw-i hapa	KL15-ziehen-IND KL9.Zigarette KL15.NEG-erlauben-PASS-NEG hier	CL15-pull-IND CL9.cigarette CL15.NEG-allow-PASS-NEG here	sigara Kl. 9/10 (Ø/n-) → sigara  — Numerus nur an der Konkordanz  [Lehnwort]	sigara class 9/10 (Ø/n-) → sigara  — number shows only in the agreement  [loanword]	Kl.9: SUBJ i- · ADJ Ø/n- · GEN ya · DEM hii/ile · POSS y- · REL -yo	class 9: SUBJ i- · ADJ Ø/n- · GEN ya · DEM hii/ile · POSS y- · REL -yo	Verbalnomen Kl.15 ist Subjekt, darum haku-	A1 SD1 E erlauben
254	14	E	der Erwachsene, -n	0	Dieser Film ist nur für Erwachsene.	This film is only for adults.	Filamu hii ni kwa watu wazima tu.	filamu hii ni kwa watu wa-zima tu	KL9.Film KL9.DEM KOP für KL2.Mensch KL2-erwachsen nur	CL9.film CL9.DEM COP for CL2.person CL2-grown.up only	filamu Kl. 9/10 (Ø/n-) → filamu  — Numerus nur an der Konkordanz  [Lehnwort] · mtu Kl. 1/2 (m-/mw- › wa-) → watu  [Musterwort fuer Kl. 1/2]	filamu class 9/10 (Ø/n-) → filamu  — number shows only in the agreement  [loanword] · mtu class 1/2 (m-/mw- › wa-) → watu  [model word for class 1/2]	Kl.9: SUBJ i- · ADJ Ø/n- · GEN ya · DEM hii/ile · POSS y- · REL -yo · Kl.1: SUBJ a- · ADJ m-/mw- · GEN wa · DEM huyu/yule · POSS w- · REL -ye	class 9: SUBJ i- · ADJ Ø/n- · GEN ya · DEM hii/ile · POSS y- · REL -yo · class 1: SUBJ a- · ADJ m-/mw- · GEN wa · DEM huyu/yule · POSS w- · REL -ye	Erwachsene = watu wazima	A1 SD1 E Erwachsene
255	14	E	erzählen	0	Wir müssen euch etwas erzählen!	We have to tell you something!	Lazima tuwaeleze kitu!	lazima tu-wa-elez-e ki-tu	muss 1PL-OBJ2PL-erzählen-KONJ KL7-Ding	must 1PL-OBJ2PL-tell-SBJV CL7-thing			Kl.7: SUBJ ki- · ADJ ki- · GEN cha · DEM hiki/kile · POSS ch- · REL -cho	class 7: SUBJ ki- · ADJ ki- · GEN cha · DEM hiki/kile · POSS ch- · REL -cho	Objektpräfix -wa- auch für euch	A1 SD1 E erzählen
256	14	E	es	0	Es regnet.	It is raining.	Inanyesha.	i-na-nyesh-a	KL9-PRÄS-regnen-IND	CL9-PRS-rain-IND			Kl.9: SUBJ i- · ADJ Ø/n- · GEN ya · DEM hii/ile · POSS y- · REL -yo	class 9: SUBJ i- · ADJ Ø/n- · GEN ya · DEM hii/ile · POSS y- · REL -yo	Wetterverben nehmen das Subjektpräfix der Kl.9	A1 SD1 E es
257	14	E	essen	0	Was gibt es zu essen?	What is there to eat?	Kuna nini cha kula?	ku-na nini ch-a ku-l-a	KL17-mit was KL7-GEN KL15-essen-IND	CL17-with what CL7-GEN CL15-eat-IND			Kl.17: SUBJ ku- · ADJ ku- · GEN kwa · DEM huku/kule · POSS kw- · REL -ko · Kl.7: SUBJ ki- · ADJ ki- · GEN cha · DEM hiki/kile · POSS ch- · REL -cho	class 17: SUBJ ku- · ADJ ku- · GEN kwa · DEM huku/kule · POSS kw- · REL -ko · class 7: SUBJ ki- · ADJ ki- · GEN cha · DEM hiki/kile · POSS ch- · REL -cho	"Genitiv cha verweist auf kitu ""Ding"""	A1 SD1 E essen
258	14	E	das Essen	1	Das Essen ist heute sehr gut.	The food is very good today.	Chakula ni kizuri sana leo.	chakula ni ki-zuri sana leo	KL7.Essen KOP KL7-gut sehr heute	CL7.food COP CL7-good very today	chakula Kl. 7/8 (ki- › vi-) → vyakula	chakula class 7/8 (ki- › vi-) → vyakula	Kl.7: SUBJ ki- · ADJ ki- · GEN cha · DEM hiki/kile · POSS ch- · REL -cho	class 7: SUBJ ki- · ADJ ki- · GEN cha · DEM hiki/kile · POSS ch- · REL -cho	kizuri kongruiert mit chakula Kl.7	A1 SD1 E Essen
259	14	E	euer	0	Euer Kurs beginnt heute.	Your course starts today.	Kozi yenu inaanza leo.	kozi y-enu i-na-anz-a leo	KL9.Kurs KL9-euer KL9-PRÄS-anfangen-IND heute	CL9.course CL9-your CL9-PRS-begin-IND today	kozi Kl. 9/10 (Ø/n-) → kozi  — Numerus nur an der Konkordanz  [Lehnwort]	kozi class 9/10 (Ø/n-) → kozi  — number shows only in the agreement  [loanword]	Kl.9: SUBJ i- · ADJ Ø/n- · GEN ya · DEM hii/ile · POSS y- · REL -yo	class 9: SUBJ i- · ADJ Ø/n- · GEN ya · DEM hii/ile · POSS y- · REL -yo	yenu ist der Possessiv für 2PL	A1 SD1 E euer
260	14	F	fahren	0	Ich fahre mit dem Auto zur Arbeit.	I drive to work by car.	Naenda kazini kwa gari.	na-end-a kazi-ni kwa gari	1SG.PRÄS.ALLG-gehen-IND KL9.Arbeit-LOK mit KL5.Auto	1SG.PRS.GNRL-go-IND CL9.work-LOC with CL5.car	gari Kl. 5/6 (ji-/Ø › ma-) → magari	gari class 5/6 (ji-/Ø › ma-) → magari	Kl.5: SUBJ li- · ADJ ji-/Ø · GEN la · DEM hili/lile · POSS l- · REL -lo	class 5: SUBJ li- · ADJ ji-/Ø · GEN la · DEM hili/lile · POSS l- · REL -lo	kwa bezeichnet das Verkehrsmittel	A1 SD1 F fahren
261	14	F	der Fahrer	1	Bitte nicht mit dem Fahrer sprechen!	Please do not talk to the driver!	Tafadhali msizungumze na dereva!	tafadhali m-si-zungumz-e na dereva	bitte 2PL-NEG-sprechen-KONJ mit KL5/KL1.Fahrer	please 2PL-NEG-speak-SBJV with CL5/CL1.driver	dereva Kl. 5/6 (ji-/Ø › ma-) → madereva  [Person: Form Kl. 5/6, Kongruenz Kl. 1/2]	dereva class 5/6 (ji-/Ø › ma-) → madereva  [person: form class 5/6, agreement class 1/2]	Kl.1: SUBJ a- · ADJ m-/mw- · GEN wa · DEM huyu/yule · POSS w- · REL -ye	class 1: SUBJ a- · ADJ m-/mw- · GEN wa · DEM huyu/yule · POSS w- · REL -ye	Verbot: 2PL plus -si- plus Konjunktiv	A1 SD1 F Fahrer
262	14	F	die Fahrkarte, -n	0	Hast du schon eine Fahrkarte?	Do you already have a ticket?	Unayo tiketi tayari?	u-na-yo tiketi tayari	2SG-haben-REL9 KL9.Fahrkarte schon	2SG-have-REL9 CL9.ticket already	tiketi Kl. 9/10 (Ø/n-) → tiketi  — Numerus nur an der Konkordanz  [Lehnwort]	tiketi class 9/10 (Ø/n-) → tiketi  — number shows only in the agreement  [loanword]	Kl.9: SUBJ i- · ADJ Ø/n- · GEN ya · DEM hii/ile · POSS y- · REL -yo	class 9: SUBJ i- · ADJ Ø/n- · GEN ya · DEM hii/ile · POSS y- · REL -yo	-yo im Verb nimmt tiketi Kl.9 auf	A1 SD1 F Fahrkarte
263	14	F	das Fahrrad, -ä, er	0	Fährst du mit dem Fahrrad oder mit dem Auto?	Are you going by bike or by car?	Unasafiri kwa baiskeli au kwa gari?	u-na-safiri kwa baiskeli au kwa gari	2SG-PRÄS-reisen mit KL9.Fahrrad oder mit KL5.Auto	2SG-PRS-travel with CL9.bicycle or with CL5.car	baiskeli Kl. 9/10 (Ø/n-) → baiskeli  — Numerus nur an der Konkordanz  [Lehnwort] · gari Kl. 5/6 (ji-/Ø › ma-) → magari	baiskeli class 9/10 (Ø/n-) → baiskeli  — number shows only in the agreement  [loanword] · gari class 5/6 (ji-/Ø › ma-) → magari	Kl.9: SUBJ i- · ADJ Ø/n- · GEN ya · DEM hii/ile · POSS y- · REL -yo · Kl.5: SUBJ li- · ADJ ji-/Ø · GEN la · DEM hili/lile · POSS l- · REL -lo	class 9: SUBJ i- · ADJ Ø/n- · GEN ya · DEM hii/ile · POSS y- · REL -yo · class 5: SUBJ li- · ADJ ji-/Ø · GEN la · DEM hili/lile · POSS l- · REL -lo	kwa bleibt bei allen Verkehrsmitteln gleich	A1 SD1 F Fahrrad
264	14	F	falsch	0	Das ist falsch.	That is wrong.	Hii si sahihi.	hii si sahihi	KL9.DEM NEG.KOP richtig	CL9.DEM NEG.COP correct	sahihi Kl. 9/10 (Ø/n-) → sahihi  — Numerus nur an der Konkordanz	sahihi class 9/10 (Ø/n-) → sahihi  — number shows only in the agreement	Kl.9: SUBJ i- · ADJ Ø/n- · GEN ya · DEM hii/ile · POSS y- · REL -yo	class 9: SUBJ i- · ADJ Ø/n- · GEN ya · DEM hii/ile · POSS y- · REL -yo	si ist die Negation der Kopula ni	A1 SD1 F falsch
265	14	F	die Familie, -n	0	Meine Familie lebt in Spanien.	My family lives in Spain.	Familia yangu inakaa Hispania.	familia y-angu i-na-ka-a Hispania	KL9.Familie KL9-mein KL9-PRÄS-wohnen-IND Spanien	CL9.family CL9-my CL9-PRS-live-IND Spain	familia Kl. 9/10 (Ø/n-) → familia  — Numerus nur an der Konkordanz  [Lehnwort]	familia class 9/10 (Ø/n-) → familia  — number shows only in the agreement  [loanword]	Kl.9: SUBJ i- · ADJ Ø/n- · GEN ya · DEM hii/ile · POSS y- · REL -yo	class 9: SUBJ i- · ADJ Ø/n- · GEN ya · DEM hii/ile · POSS y- · REL -yo	familia ist Kl.9, darum i- und yangu	A1 SD1 F Familie
266	14	F	der Familienname	1	Meine Familiennamen sind García González.	My surnames are García González.	Majina yangu ya familia ni García González.	ma-jina y-angu y-a familia ni García González	KL6-Name KL6-mein KL6-GEN KL9.Familie KOP García González	CL6-name CL6-my CL6-GEN CL9.family COP García González	jina Kl. 5/6 (ji-/Ø › ma-) → majina · familia Kl. 9/10 (Ø/n-) → familia  — Numerus nur an der Konkordanz  [Lehnwort]	jina class 5/6 (ji-/Ø › ma-) → majina · familia class 9/10 (Ø/n-) → familia  — number shows only in the agreement  [loanword]	Kl.5: SUBJ li- · ADJ ji-/Ø · GEN la · DEM hili/lile · POSS l- · REL -lo · Kl.9: SUBJ i- · ADJ Ø/n- · GEN ya · DEM hii/ile · POSS y- · REL -yo	class 5: SUBJ li- · ADJ ji-/Ø · GEN la · DEM hili/lile · POSS l- · REL -lo · class 9: SUBJ i- · ADJ Ø/n- · GEN ya · DEM hii/ile · POSS y- · REL -yo	Doppelte Kl.6-Kongruenz: yangu und ya	A1 SD1 F Familienname
267	14	F	der Familienstand	1	Bei „Familienstand“ musst du „ledig“ ankreuzen.	"Under ""marital status"" you have to tick ""single""."	"Kwenye ""hali ya ndoa"" lazima utie alama ""sijaoa""."	kwenye hali y-a ndoa lazima u-ti-e alama si-ja-o-a	an KL9.Lage KL9-GEN KL9.Ehe muss 2SG-setzen-KONJ KL9.Zeichen 1SG.NEG-PERF.NEG-heiraten-IND	at CL9.state CL9-GEN CL9.marriage must 2SG-put-SBJV CL9.mark 1SG.NEG-PRF.NEG-marry-IND	hali ya hewa Kl. 9 (Ø/n-), kein Numeruswechsel  [Genitivfuegung, kein Plural] · alama Kl. 9/10 (Ø/n-) → alama  — Numerus nur an der Konkordanz	hali ya hewa class 9 (Ø/n-), no number change  [genitive construction, no plural] · alama class 9/10 (Ø/n-) → alama  — number shows only in the agreement	Kl.9: SUBJ i- · ADJ Ø/n- · GEN ya · DEM hii/ile · POSS y- · REL -yo	class 9: SUBJ i- · ADJ Ø/n- · GEN ya · DEM hii/ile · POSS y- · REL -yo	"ledig wörtlich ""ich habe noch nicht geheiratet"""	A1 SD1 F Familienstand
268	14	F	die Farbe, -n	0	Die Farbe gefällt mir gut.	I like the colour very much.	Rangi inanipendeza sana.	rangi i-na-ni-pendez-a sana	KL9.Farbe KL9-PRÄS-OBJ1SG-gefallen-IND sehr	CL9.colour CL9-PRS-OBJ1SG-please-IND very	rangi Kl. 9/10 (Ø/n-) → rangi  — Numerus nur an der Konkordanz	rangi class 9/10 (Ø/n-) → rangi  — number shows only in the agreement	Kl.9: SUBJ i- · ADJ Ø/n- · GEN ya · DEM hii/ile · POSS y- · REL -yo	class 9: SUBJ i- · ADJ Ø/n- · GEN ya · DEM hii/ile · POSS y- · REL -yo	Die Farbe gefällt mich, nicht mir	A1 SD1 F Farbe
269	14	F	das Fax, -e	0	Schicken Sie uns einfach ein Fax!	Just send us a fax!	Tutumieni faksi tu!	tu-tumi-eni faksi tu	OBJ1PL-schicken-IMP.PL KL9.Fax nur	OBJ1PL-send-IMP.PL CL9.fax only	faksi Kl. 9/10 (Ø/n-) → faksi  — Numerus nur an der Konkordanz  [Lehnwort]	faksi class 9/10 (Ø/n-) → faksi  — number shows only in the agreement  [loanword]	Kl.9: SUBJ i- · ADJ Ø/n- · GEN ya · DEM hii/ile · POSS y- · REL -yo	class 9: SUBJ i- · ADJ Ø/n- · GEN ya · DEM hii/ile · POSS y- · REL -yo	Objektpräfix tu- im Imperativ Plural	A1 SD1 F Fax
270	14	F	Feier-	0	z. B. Feierabend, Feiertag	for example day off, public holiday	kwa mfano siku ya mapumziko, sikukuu	kwa m-fano siku y-a ma-pumziko sikukuu	für KL3-Beispiel KL9.Tag KL9-GEN KL6-Pause KL9.Feiertag	for CL3-example CL9.day CL9-GEN CL6-break CL9.holiday	mfano Kl. 3/4 (m-/mw- › mi-) → mifano · siku ya kuzaliwa Kl. 9/10 (Ø/n-) → siku za kuzaliwa  [Genitiv kongruiert mit dem Kopfnomen] · mapumziko Kl. 6 (ma-), kein Numeruswechsel  [nur Plural]	mfano class 3/4 (m-/mw- › mi-) → mifano · siku ya kuzaliwa class 9/10 (Ø/n-) → siku za kuzaliwa  [genitive agrees with the head noun] · mapumziko class 6 (ma-), no number change  [plural only]	Kl.3: SUBJ u- · ADJ m-/mw- · GEN wa · DEM huu/ule · POSS w- · REL -o · Kl.9: SUBJ i- · ADJ Ø/n- · GEN ya · DEM hii/ile · POSS y- · REL -yo	class 3: SUBJ u- · ADJ m-/mw- · GEN wa · DEM huu/ule · POSS w- · REL -o · class 9: SUBJ i- · ADJ Ø/n- · GEN ya · DEM hii/ile · POSS y- · REL -yo	Feierabend als siku ya mapumziko umschrieben	A1 SD1 F Feier
271	14	F	Feier-	0	Am Montag ist Feiertag.	Monday is a public holiday.	Jumatatu ni sikukuu.	Jumatatu ni sikukuu	KL9.Montag KOP KL9.Feiertag	CL9.Monday COP CL9.holiday			Kl.9: SUBJ i- · ADJ Ø/n- · GEN ya · DEM hii/ile · POSS y- · REL -yo	class 9: SUBJ i- · ADJ Ø/n- · GEN ya · DEM hii/ile · POSS y- · REL -yo	sikukuu ist ein festes Kompositum	A1 SD1 F Feier
272	14	F	feiern	0	Wir feiern heute meinen Geburtstag.	Today we are celebrating my birthday.	Leo tunasherehekea siku yangu ya kuzaliwa.	leo tu-na-sherehek-e-a siku y-angu y-a ku-zali-w-a	heute 1PL-PRÄS-feiern-APPL-IND KL9.Tag KL9-mein KL9-GEN KL15-gebären-PASS-IND	today 1PL-PRS-celebrate-APPL-IND CL9.day CL9-my CL9-GEN CL15-bear-PASS-IND	siku ya kuzaliwa Kl. 9/10 (Ø/n-) → siku za kuzaliwa  [Genitiv kongruiert mit dem Kopfnomen]	siku ya kuzaliwa class 9/10 (Ø/n-) → siku za kuzaliwa  [genitive agrees with the head noun]	Kl.9: SUBJ i- · ADJ Ø/n- · GEN ya · DEM hii/ile · POSS y- · REL -yo	class 9: SUBJ i- · ADJ Ø/n- · GEN ya · DEM hii/ile · POSS y- · REL -yo	"Geburtstag wörtlich ""Tag meines Geborenwerdens"""	A1 SD1 F feiern
273	14	F	fehlen	0	Herr Müller ist nicht da, er fehlt schon seit drei Tagen.	Mr Müller is not here, he has been absent for three days.	Bwana Müller hayupo, hayupo tangu siku tatu.	bwana Müller ha-yu-po ha-yu-po tangu siku tatu	KL5/KL1.Herr Müller 3SG.NEG-KL1-sein.da 3SG.NEG-KL1-sein.da seit KL9.Tag drei	CL5/CL1.mister Müller 3SG.NEG-CL1-be.there 3SG.NEG-CL1-be.there since CL9.day three	bwana Kl. 5/6 (ji-/Ø › ma-) → mabwana  [Person: Form Kl. 5/6, Kongruenz Kl. 1/2] · siku ya kuzaliwa Kl. 9/10 (Ø/n-) → siku za kuzaliwa  [Genitiv kongruiert mit dem Kopfnomen]	bwana class 5/6 (ji-/Ø › ma-) → mabwana  [person: form class 5/6, agreement class 1/2] · siku ya kuzaliwa class 9/10 (Ø/n-) → siku za kuzaliwa  [genitive agrees with the head noun]	Kl.1: SUBJ a- · ADJ m-/mw- · GEN wa · DEM huyu/yule · POSS w- · REL -ye · Kl.9: SUBJ i- · ADJ Ø/n- · GEN ya · DEM hii/ile · POSS y- · REL -yo	class 1: SUBJ a- · ADJ m-/mw- · GEN wa · DEM huyu/yule · POSS w- · REL -ye · class 9: SUBJ i- · ADJ Ø/n- · GEN ya · DEM hii/ile · POSS y- · REL -yo	hayupo ist die Personenform der Negation	A1 SD1 F fehlen
274	14	F	fehlen	0	Was fehlt Ihnen?	What is the matter with you?	Mnaumwa nini?	m-na-um-w-a nini	2PL-PRÄS-schmerzen-PASS-IND was	2PL-PRS-hurt-PASS-IND what					Krankheit im Passiv: man wird geschmerzt	A1 SD1 F fehlen
275	14	F	der Fehler, –	0	Diesen Fehler mache ich immer.	I always make this mistake.	Kosa hili nalifanya kila mara.	kosa hili na-li-fany-a kila mara	KL5.Fehler KL5.DEM 1SG.PRÄS.ALLG-OBJ5-tun-IND jede KL9.Mal	CL5.mistake CL5.DEM 1SG.PRS.GNRL-OBJ5-do-IND every CL9.time	kosa Kl. 5/6 (ji-/Ø › ma-) → makosa	kosa class 5/6 (ji-/Ø › ma-) → makosa	Kl.5: SUBJ li- · ADJ ji-/Ø · GEN la · DEM hili/lile · POSS l- · REL -lo	class 5: SUBJ li- · ADJ ji-/Ø · GEN la · DEM hili/lile · POSS l- · REL -lo	Objektpräfix -li- greift kosa Kl.5 auf	A1 SD1 F Fehler
276	14	F	fernsehen	0	Wollen wir heute Abend mal fernsehen?	Shall we watch television this evening?	Tutazame televisheni leo jioni?	tu-tazam-e televisheni leo jioni	1PL-schauen-KONJ KL9.Fernsehen heute KL9.Abend	1PL-look-SBJV CL9.television today CL9.evening			Kl.9: SUBJ i- · ADJ Ø/n- · GEN ya · DEM hii/ile · POSS y- · REL -yo	class 9: SUBJ i- · ADJ Ø/n- · GEN ya · DEM hii/ile · POSS y- · REL -yo	Konjunktiv als Vorschlag	A1 SD1 F fernsehen
277	14	F	fertig	0	Bist du fertig?	Are you ready?	Umemaliza?	u-me-maliz-a	2SG-PERF-fertig.werden-IND	2SG-PRF-be.ready-IND					Perfekt beschreibt den erreichten Zustand	A1 SD1 F fertig
278	14	F	fertig	0	Ist mein Auto schon fertig?	Is my car ready yet?	Gari langu limekwisha kutengenezwa?	gari l-angu li-me-kwish-a ku-tengenez-w-a	KL5.Auto KL5-mein KL5-PERF-beenden-IND KL15-reparieren-PASS-IND	CL5.car CL5-my CL5-PRF-finish-IND CL15-repair-PASS-IND	gari Kl. 5/6 (ji-/Ø › ma-) → magari	gari class 5/6 (ji-/Ø › ma-) → magari	Kl.5: SUBJ li- · ADJ ji-/Ø · GEN la · DEM hili/lile · POSS l- · REL -lo	class 5: SUBJ li- · ADJ ji-/Ø · GEN la · DEM hili/lile · POSS l- · REL -lo	"kwisha plus Infinitiv heißt ""schon fertig"""	A1 SD1 F fertig
279	14	F	das Feuer	0	Haben Sie Feuer?	Do you have a light?	Mnayo moto?	m-na-yo moto	2PL-haben-REL9 KL3.Feuer	2PL-have-REL9 CL3.fire	moto Kl. 3/4 (m-/mw- › mi-) → mioto	moto class 3/4 (m-/mw- › mi-) → mioto	Kl.3: SUBJ u- · ADJ m-/mw- · GEN wa · DEM huu/ule · POSS w- · REL -o	class 3: SUBJ u- · ADJ m-/mw- · GEN wa · DEM huu/ule · POSS w- · REL -o	moto heißt Feuer und Hitze	A1 SD1 F Feuer
280	14	F	das Fieber	0	Mein Mann hat noch immer Fieber.	My husband still has a temperature.	Mume wangu bado ana homa.	mume w-angu bado a-na homa	KL1.Ehemann KL1-mein noch 3SG-haben KL9.Fieber	CL1.husband CL1-my still 3SG-have CL9.fever	homa Kl. 9/10 (Ø/n-) → homa  — Numerus nur an der Konkordanz	homa class 9/10 (Ø/n-) → homa  — number shows only in the agreement	Kl.9: SUBJ i- · ADJ Ø/n- · GEN ya · DEM hii/ile · POSS y- · REL -yo	class 9: SUBJ i- · ADJ Ø/n- · GEN ya · DEM hii/ile · POSS y- · REL -yo	Fieber haben, nicht fiebrig sein	A1 SD1 F Fieber
281	14	F	der Film, -e	0	Ich möchte gern diesen Film sehen.	I would like to see this film.	Ningependa kuona filamu hii.	ni-nge-pend-a ku-on-a filamu hii	1SG-IRR-mögen-IND KL15-sehen-IND KL9.Film KL9.DEM	1SG-IRR-like-IND CL15-see-IND CL9.film CL9.DEM	filamu Kl. 9/10 (Ø/n-) → filamu  — Numerus nur an der Konkordanz  [Lehnwort]	filamu class 9/10 (Ø/n-) → filamu  — number shows only in the agreement  [loanword]	Kl.9: SUBJ i- · ADJ Ø/n- · GEN ya · DEM hii/ile · POSS y- · REL -yo	class 9: SUBJ i- · ADJ Ø/n- · GEN ya · DEM hii/ile · POSS y- · REL -yo	-nge- bildet die höfliche Wunschform	A1 SD1 F Film
282	14	F	finden	0	Wir müssen den Schlüssel finden.	We have to find the key.	Lazima tupate ufunguo.	lazima tu-pat-e ufunguo	muss 1PL-finden-KONJ KL11.Schlüssel	must 1PL-find-SBJV CL11.key	ufunguo Kl. 11/10 (u- › Ø/n-) → funguo	ufunguo class 11/10 (u- › Ø/n-) → funguo	Kl.11: SUBJ u- · ADJ m-/mw- · GEN wa · DEM huu/ule · POSS w- · REL -o	class 11: SUBJ u- · ADJ m-/mw- · GEN wa · DEM huu/ule · POSS w- · REL -o	ufunguo Kl.11, Plural funguo Kl.10	A1 SD1 F finden
283	14	F	die Firma	0	Er arbeitet jetzt bei einer anderen Firma.	He now works for another company.	Sasa anafanya kazi kwenye kampuni nyingine.	sasa a-na-fany-a kazi kwenye kampuni ny-ingine	jetzt 3SG-PRÄS-tun-IND KL9.Arbeit bei KL9.Firma KL9-andere	now 3SG-PRS-do-IND CL9.work at CL9.company CL9-other	kazi Kl. 9/10 (Ø/n-) → kazi  — Numerus nur an der Konkordanz · kampuni Kl. 9/10 (Ø/n-) → kampuni  — Numerus nur an der Konkordanz  [Lehnwort]	kazi class 9/10 (Ø/n-) → kazi  — number shows only in the agreement · kampuni class 9/10 (Ø/n-) → kampuni  — number shows only in the agreement  [loanword]	Kl.9: SUBJ i- · ADJ Ø/n- · GEN ya · DEM hii/ile · POSS y- · REL -yo	class 9: SUBJ i- · ADJ Ø/n- · GEN ya · DEM hii/ile · POSS y- · REL -yo	nyingine mit Nasalpräfix der Kl.9	A1 SD1 F Firma
284	14	F	der Fisch, -e	0	Ich esse gern Fisch. Fleisch mag ich nicht.	I like eating fish. I do not like meat.	Napenda kula samaki. Nyama sipendi.	na-pend-a ku-l-a samaki nyama si-pend-i	1SG.PRÄS.ALLG-mögen-IND KL15-essen-IND KL9.Fisch KL9.Fleisch 1SG.NEG-mögen-NEG	1SG.PRS.GNRL-like-IND CL15-eat-IND CL9.fish CL9.meat 1SG.NEG-like-NEG	samaki Kl. 9/10 (Ø/n-) → samaki  — Numerus nur an der Konkordanz · nyama Kl. 9/10 (Ø/n-) → nyama  — Numerus nur an der Konkordanz	samaki class 9/10 (Ø/n-) → samaki  — number shows only in the agreement · nyama class 9/10 (Ø/n-) → nyama  — number shows only in the agreement	Kl.9: SUBJ i- · ADJ Ø/n- · GEN ya · DEM hii/ile · POSS y- · REL -yo	class 9: SUBJ i- · ADJ Ø/n- · GEN ya · DEM hii/ile · POSS y- · REL -yo	Vorangestelltes Objekt betont den Gegensatz	A1 SD1 F Fisch
285	15	F	die Flasche, -n	0	Eine Flasche Bier, bitte.	A bottle of beer, please.	Chupa moja ya bia, tafadhali.	chupa moja y-a bia tafadhali	KL9.Flasche eins KL9-GEN KL9.Bier bitte	CL9.bottle one CL9-GEN CL9.beer please	chupa Kl. 9/10 (Ø/n-) → chupa  — Numerus nur an der Konkordanz · bia Kl. 9/10 (Ø/n-) → bia  — Numerus nur an der Konkordanz  [Lehnwort]	chupa class 9/10 (Ø/n-) → chupa  — number shows only in the agreement · bia class 9/10 (Ø/n-) → bia  — number shows only in the agreement  [loanword]	Kl.9: SUBJ i- · ADJ Ø/n- · GEN ya · DEM hii/ile · POSS y- · REL -yo	class 9: SUBJ i- · ADJ Ø/n- · GEN ya · DEM hii/ile · POSS y- · REL -yo	chupa ist Kl.9 und Kl.10 gleich	A1 SD1 F Flasche
286	15	F	das Fleisch	0	Fleisch mag ich nicht.	I do not like meat.	Nyama sipendi.	nyama si-pend-i	KL9.Fleisch 1SG.NEG-mögen-NEG	CL9.meat 1SG.NEG-like-NEG	nyama Kl. 9/10 (Ø/n-) → nyama  — Numerus nur an der Konkordanz	nyama class 9/10 (Ø/n-) → nyama  — number shows only in the agreement	Kl.9: SUBJ i- · ADJ Ø/n- · GEN ya · DEM hii/ile · POSS y- · REL -yo	class 9: SUBJ i- · ADJ Ø/n- · GEN ya · DEM hii/ile · POSS y- · REL -yo	Objekt vorangestellt zur Betonung	A1 SD1 F Fleisch
287	15	F	fliegen	0	Ich fliege nicht gern. Deshalb fahre ich mit dem Zug.	I do not like flying. That is why I travel by train.	Sipendi kusafiri kwa ndege. Kwa hiyo nasafiri kwa treni.	si-pend-i ku-safiri kwa ndege kwa hiyo na-safiri kwa treni	1SG.NEG-mögen-NEG KL15-reisen mit KL9.Flugzeug für KL9.DEM 1SG.PRÄS.ALLG-reisen mit KL9.Zug	1SG.NEG-like-NEG CL15-travel with CL9.plane for CL9.DEM 1SG.PRS.GNRL-travel with CL9.train	"ndege Kl. 9/10 (Ø/n-) → ndege  — Numerus nur an der Konkordanz  [auch ""Vogel""] · treni Kl. 9/10 (Ø/n-) → treni  — Numerus nur an der Konkordanz  [Lehnwort]"	"ndege class 9/10 (Ø/n-) → ndege  — number shows only in the agreement  [also ""bird""] · treni class 9/10 (Ø/n-) → treni  — number shows only in the agreement  [loanword]"	Kl.9: SUBJ i- · ADJ Ø/n- · GEN ya · DEM hii/ile · POSS y- · REL -yo	class 9: SUBJ i- · ADJ Ø/n- · GEN ya · DEM hii/ile · POSS y- · REL -yo	kwa hiyo heißt deshalb	A1 SD1 F fliegen
288	15	F	abfliegen	1	Wann fliegst du ab?	When does your flight leave?	Unaondoka lini kwa ndege?	u-na-ondok-a lini kwa ndege	2SG-PRÄS-abfliegen-IND wann mit KL9.Flugzeug	2SG-PRS-fly.off-IND when with CL9.plane	"ndege Kl. 9/10 (Ø/n-) → ndege  — Numerus nur an der Konkordanz  [auch ""Vogel""]"	"ndege class 9/10 (Ø/n-) → ndege  — number shows only in the agreement  [also ""bird""]"	Kl.9: SUBJ i- · ADJ Ø/n- · GEN ya · DEM hii/ile · POSS y- · REL -yo	class 9: SUBJ i- · ADJ Ø/n- · GEN ya · DEM hii/ile · POSS y- · REL -yo	kuondoka deckt abfahren und abfliegen ab	A1 SD1 F abfliegen
289	15	F	der Abflug	1	Der Abflug ist um 11.20 Uhr.	Departure is at 11.20.	Kuondoka ni saa tano na dakika ishirini.	ku-ondok-a ni saa tano na dakika ishirini	KL15-abfliegen-IND KOP KL9.Stunde fünf und KL9.Minute zwanzig	CL15-fly.off-IND COP CL9.hour five and CL9.minute twenty	"kuondoka Kl. 15 (ku-), kein Numeruswechsel  [Verbalnomen] · saa Kl. 9/10 (Ø/n-) → saa  — Numerus nur an der Konkordanz  [auch ""Uhr""]"	"kuondoka class 15 (ku-), no number change  [verbal noun] · saa class 9/10 (Ø/n-) → saa  — number shows only in the agreement  [also ""clock""]"	Kl.15: SUBJ ku- · ADJ ku- · GEN kwa · DEM huku/kule · POSS kw- · REL -ko · Kl.9: SUBJ i- · ADJ Ø/n- · GEN ya · DEM hii/ile · POSS y- · REL -yo	class 15: SUBJ ku- · ADJ ku- · GEN kwa · DEM huku/kule · POSS kw- · REL -ko · class 9: SUBJ i- · ADJ Ø/n- · GEN ya · DEM hii/ile · POSS y- · REL -yo	saa tano = 11 Uhr, fünfte Stunde nach Sonnenaufgang	A1 SD1 F Abflug
290	15	F	der Flughafen	0	Kannst du mich zum Flughafen bringen?	Can you take me to the airport?	Unaweza kunipeleka uwanja wa ndege?	u-na-wez-a ku-ni-pelek-a uwanja w-a ndege	2SG-PRÄS-können-IND KL15-OBJ1SG-bringen-IND KL11.Platz KL11-GEN KL9.Flugzeug	2SG-PRS-can-IND CL15-OBJ1SG-bring-IND CL11.place CL11-GEN CL9.plane	"uwanja wa ndege Kl. 11/8 (u- › vi-) → viwanja vya ndege  [Plural wechselt nach Kl. 8] · ndege Kl. 9/10 (Ø/n-) → ndege  — Numerus nur an der Konkordanz  [auch ""Vogel""]"	"uwanja wa ndege class 11/8 (u- › vi-) → viwanja vya ndege  [plural shifts to class 8] · ndege class 9/10 (Ø/n-) → ndege  — number shows only in the agreement  [also ""bird""]"	Kl.11: SUBJ u- · ADJ m-/mw- · GEN wa · DEM huu/ule · POSS w- · REL -o · Kl.9: SUBJ i- · ADJ Ø/n- · GEN ya · DEM hii/ile · POSS y- · REL -yo	class 11: SUBJ u- · ADJ m-/mw- · GEN wa · DEM huu/ule · POSS w- · REL -o · class 9: SUBJ i- · ADJ Ø/n- · GEN ya · DEM hii/ile · POSS y- · REL -yo	"Flughafen wörtlich ""Platz der Flugzeuge"""	A1 SD1 F Flughafen
291	15	F	das Flugzeug	0	Das Flugzeug aus Berlin kommt heute später an.	The plane from Berlin is arriving later today.	Ndege kutoka Berlin inafika kwa kuchelewa leo.	ndege ku-tok-a Berlin i-na-fik-a kwa ku-chelew-a leo	KL9.Flugzeug KL15-kommen-IND Berlin KL9-PRÄS-ankommen-IND mit KL15-sich.verspäten-IND heute	CL9.plane CL15-come-IND Berlin CL9-PRS-arrive-IND with CL15-be.late-IND today	"ndege Kl. 9/10 (Ø/n-) → ndege  — Numerus nur an der Konkordanz  [auch ""Vogel""]"	"ndege class 9/10 (Ø/n-) → ndege  — number shows only in the agreement  [also ""bird""]"	Kl.9: SUBJ i- · ADJ Ø/n- · GEN ya · DEM hii/ile · POSS y- · REL -yo	class 9: SUBJ i- · ADJ Ø/n- · GEN ya · DEM hii/ile · POSS y- · REL -yo	kwa plus Verbalnomen bildet eine Umstandsangabe	A1 SD1 F Flugzeug
292	15	F	das Formular, -e	0	Sie müssen dieses Formular ausfüllen.	You have to fill in this form.	Lazima mjaze fomu hii.	lazima m-jaz-e fomu hii	muss 2PL-füllen-KONJ KL9.Formular KL9.DEM	must 2PL-fill-SBJV CL9.form CL9.DEM	fomu Kl. 9/10 (Ø/n-) → fomu  — Numerus nur an der Konkordanz  [Lehnwort]	fomu class 9/10 (Ø/n-) → fomu  — number shows only in the agreement  [loanword]	Kl.9: SUBJ i- · ADJ Ø/n- · GEN ya · DEM hii/ile · POSS y- · REL -yo	class 9: SUBJ i- · ADJ Ø/n- · GEN ya · DEM hii/ile · POSS y- · REL -yo	kujaza heißt füllen und ausfüllen	A1 SD1 F Formular
293	15	F	das Foto, -s	0	Darf ich ein Foto machen?	May I take a photo?	Naweza kupiga picha?	na-wez-a ku-pig-a picha	1SG.PRÄS.ALLG-können-IND KL15-schlagen-IND KL9.Foto	1SG.PRS.GNRL-can-IND CL15-hit-IND CL9.photo	picha Kl. 9/10 (Ø/n-) → picha  — Numerus nur an der Konkordanz  [Lehnwort]	picha class 9/10 (Ø/n-) → picha  — number shows only in the agreement  [loanword]	Kl.9: SUBJ i- · ADJ Ø/n- · GEN ya · DEM hii/ile · POSS y- · REL -yo	class 9: SUBJ i- · ADJ Ø/n- · GEN ya · DEM hii/ile · POSS y- · REL -yo	"fotografieren = kupiga picha, ""Bild schlagen"""	A1 SD1 F Foto
294	15	F	fragen	0	Er möchte Sie etwas fragen. Wann kommen Sie?	He would like to ask you something. When are you coming?	Anataka kuwauliza kitu. Mnakuja lini?	a-na-tak-a ku-wa-uliz-a ki-tu m-na-kuj-a lini	3SG-PRÄS-wollen-IND KL15-OBJ2PL-fragen-IND KL7-Ding 2PL-PRÄS-kommen-IND wann	3SG-PRS-want-IND CL15-OBJ2PL-ask-IND CL7-thing 2PL-PRS-come-IND when			Kl.15: SUBJ ku- · ADJ ku- · GEN kwa · DEM huku/kule · POSS kw- · REL -ko · Kl.7: SUBJ ki- · ADJ ki- · GEN cha · DEM hiki/kile · POSS ch- · REL -cho	class 15: SUBJ ku- · ADJ ku- · GEN kwa · DEM huku/kule · POSS kw- · REL -ko · class 7: SUBJ ki- · ADJ ki- · GEN cha · DEM hiki/kile · POSS ch- · REL -cho	Objektpräfix -wa- für höfliches Sie	A1 SD1 F fragen
295	15	F	die Frage, -n	1	Ich habe eine Frage.	I have a question.	Nina swali.	ni-na swali	1SG-haben KL5.Frage	1SG-have CL5.question	swali Kl. 5/6 (ji-/Ø › ma-) → maswali	swali class 5/6 (ji-/Ø › ma-) → maswali	Kl.5: SUBJ li- · ADJ ji-/Ø · GEN la · DEM hili/lile · POSS l- · REL -lo	class 5: SUBJ li- · ADJ ji-/Ø · GEN la · DEM hili/lile · POSS l- · REL -lo	swali Kl.5, Plural maswali Kl.6	A1 SD1 F Frage
296	15	F	die Frau, -en	0	Das ist Frau Becker.	This is Mrs Becker.	Huyu ni Bibi Becker.	huyu ni bibi Becker	KL1.DEM KOP KL5/KL1.Frau Becker	CL1.DEM COP CL5/CL1.woman Becker	bibi Kl. 5/6 (ji-/Ø › ma-) → mabibi  [Person: Form Kl. 5/6, Kongruenz Kl. 1/2]	bibi class 5/6 (ji-/Ø › ma-) → mabibi  [person: form class 5/6, agreement class 1/2]	Kl.1: SUBJ a- · ADJ m-/mw- · GEN wa · DEM huyu/yule · POSS w- · REL -ye	class 1: SUBJ a- · ADJ m-/mw- · GEN wa · DEM huyu/yule · POSS w- · REL -ye	bibi als Anrede, mwanamke als Gattungswort	A1 SD1 F Frau
297	15	F	die Frau, -en	0	Guten Tag, Frau Schmitt!	Good afternoon, Mrs Schmitt!	Habari za siku, Bibi Schmitt!	habari z-a siku bibi Schmitt	KL10.Nachricht KL10-GEN KL9.Tag KL5/KL1.Frau Schmitt	CL10.news CL10-GEN CL9.day CL5/CL1.woman Schmitt	siku ya kuzaliwa Kl. 9/10 (Ø/n-) → siku za kuzaliwa  [Genitiv kongruiert mit dem Kopfnomen] · bibi Kl. 5/6 (ji-/Ø › ma-) → mabibi  [Person: Form Kl. 5/6, Kongruenz Kl. 1/2]	siku ya kuzaliwa class 9/10 (Ø/n-) → siku za kuzaliwa  [genitive agrees with the head noun] · bibi class 5/6 (ji-/Ø › ma-) → mabibi  [person: form class 5/6, agreement class 1/2]	Kl.9: SUBJ i- · ADJ Ø/n- · GEN ya · DEM hii/ile · POSS y- · REL -yo · Kl.1: SUBJ a- · ADJ m-/mw- · GEN wa · DEM huyu/yule · POSS w- · REL -ye	class 9: SUBJ i- · ADJ Ø/n- · GEN ya · DEM hii/ile · POSS y- · REL -yo · class 1: SUBJ a- · ADJ m-/mw- · GEN wa · DEM huyu/yule · POSS w- · REL -ye	Grußformel fragt wörtlich nach den Nachrichten	A1 SD1 F Frau
298	15	F	die Frau, -en	0	Hier arbeiten mehr Frauen als Männer.	More women than men work here.	Hapa wanafanya kazi wanawake wengi kuliko wanaume.	hapa wa-na-fany-a kazi wanawake w-engi kuliko wanaume	hier KL2-PRÄS-tun-IND KL9.Arbeit KL2.Frau KL2-viele als KL2.Mann	here CL2-PRS-do-IND CL9.work CL2.woman CL2-many than CL2.man	kazi Kl. 9/10 (Ø/n-) → kazi  — Numerus nur an der Konkordanz · mwanamke Kl. 1/2 (m-/mw- › wa-) → wanawake · mwanamume Kl. 1/2 (m-/mw- › wa-) → wanaume	kazi class 9/10 (Ø/n-) → kazi  — number shows only in the agreement · mwanamke class 1/2 (m-/mw- › wa-) → wanawake · mwanamume class 1/2 (m-/mw- › wa-) → wanaume	Kl.9: SUBJ i- · ADJ Ø/n- · GEN ya · DEM hii/ile · POSS y- · REL -yo · Kl.1: SUBJ a- · ADJ m-/mw- · GEN wa · DEM huyu/yule · POSS w- · REL -ye	class 9: SUBJ i- · ADJ Ø/n- · GEN ya · DEM hii/ile · POSS y- · REL -yo · class 1: SUBJ a- · ADJ m-/mw- · GEN wa · DEM huyu/yule · POSS w- · REL -ye	"kuliko bildet den Vergleich ""mehr als"""	A1 SD1 F Frau
299	15	F	frei	0	Ist der Platz noch frei?	Is this seat still free?	Nafasi hii ingali wazi?	nafasi hii i-ngali wazi	KL9.Platz KL9.DEM KL9-noch.sein frei	CL9.place CL9.DEM CL9-still.be free	"nafasi Kl. 9/10 (Ø/n-) → nafasi  — Numerus nur an der Konkordanz  [Sitzplatz; Ort = ""mahali"" Kl. 16]"	"nafasi class 9/10 (Ø/n-) → nafasi  — number shows only in the agreement  [seat; place = ""mahali"" class 16]"	Kl.9: SUBJ i- · ADJ Ø/n- · GEN ya · DEM hii/ile · POSS y- · REL -yo	class 9: SUBJ i- · ADJ Ø/n- · GEN ya · DEM hii/ile · POSS y- · REL -yo	"ingali heißt ""ist noch"""	A1 SD1 F frei
300	15	F	die Freizeit	0	In meiner Freizeit spiele ich oft Fußball.	In my free time I often play football.	Katika muda wangu wa mapumziko nacheza mpira wa miguu mara nyingi.	katika muda w-angu w-a ma-pumziko na-chez-a m-pira w-a mi-guu mara ny-ingi	in KL3.Zeit KL3-mein KL3-GEN KL6-Pause 1SG.PRÄS.ALLG-spielen-IND KL3-Ball KL3-GEN KL4-Fuß KL9.Mal KL10-viele	in CL3.time CL3-my CL3-GEN CL6-break 1SG.PRS.GNRL-play-IND CL3-ball CL3-GEN CL4-foot CL9.time CL10-many	muda Kl. 3/10 (m-/mw- › Ø/n-) → nyakati  [Plural unregelmaessig] · mapumziko Kl. 6 (ma-), kein Numeruswechsel  [nur Plural] · mpira wa miguu Kl. 3/4 (m-/mw- › mi-) → mipira ya miguu  [Genitiv kongruiert mit dem Kopfnomen] · mguu Kl. 3/4 (m-/mw- › mi-) → miguu	muda class 3/10 (m-/mw- › Ø/n-) → nyakati  [irregular plural] · mapumziko class 6 (ma-), no number change  [plural only] · mpira wa miguu class 3/4 (m-/mw- › mi-) → mipira ya miguu  [genitive agrees with the head noun] · mguu class 3/4 (m-/mw- › mi-) → miguu	Kl.3: SUBJ u- · ADJ m-/mw- · GEN wa · DEM huu/ule · POSS w- · REL -o · Kl.6: SUBJ ya- · ADJ ma- · GEN ya · DEM haya/yale · POSS y- · REL -yo	class 3: SUBJ u- · ADJ m-/mw- · GEN wa · DEM huu/ule · POSS w- · REL -o · class 6: SUBJ ya- · ADJ ma- · GEN ya · DEM haya/yale · POSS y- · REL -yo	Dreifache Kl.3-Kongruenz: wangu, wa, und wa	A1 SD1 F Freizeit
301	15	F	fremd	0	Das weiß ich nicht; ich bin fremd hier.	I do not know; I am a stranger here.	Hilo sijui; mimi ni mgeni hapa.	hilo si-ju-i mimi ni m-geni hapa	KL5.DEM 1SG.NEG-wissen-NEG ich KOP KL1-fremd hier	CL5.DEM 1SG.NEG-know-NEG I COP CL1-foreign here	"mgeni Kl. 1/2 (m-/mw- › wa-) → wageni  [auch ""Gast""]"	"mgeni class 1/2 (m-/mw- › wa-) → wageni  [also ""guest""]"	Kl.1: SUBJ a- · ADJ m-/mw- · GEN wa · DEM huyu/yule · POSS w- · REL -ye	class 1: SUBJ a- · ADJ m-/mw- · GEN wa · DEM huyu/yule · POSS w- · REL -ye	mgeni heißt Gast, Fremder und Ausländer	A1 SD1 F fremd
302	15	F	(sich) freuen	0	Ich freue mich auf den Urlaub.	I am looking forward to the holiday.	Nafurahia likizo.	na-furahi-a likizo	1SG.PRÄS.ALLG-sich.freuen-IND KL9.Urlaub	1SG.PRS.GNRL-be.glad-IND CL9.holiday	likizo Kl. 9/10 (Ø/n-) → likizo  — Numerus nur an der Konkordanz	likizo class 9/10 (Ø/n-) → likizo  — number shows only in the agreement	Kl.9: SUBJ i- · ADJ Ø/n- · GEN ya · DEM hii/ile · POSS y- · REL -yo	class 9: SUBJ i- · ADJ Ø/n- · GEN ya · DEM hii/ile · POSS y- · REL -yo	kufurahia braucht kein Reflexivpronomen	A1 SD1 F freuen
303	15	F	der Freund, -e	0	Das ist ein Freund von mir.	This is a friend of mine.	Huyu ni rafiki yangu.	huyu ni rafiki y-angu	KL1.DEM KOP KL9/KL1.Freund KL9-mein	CL1.DEM COP CL9/CL1.friend CL9-my	"rafiki Kl. 9/10 (Ø/n-) → rafiki  — Numerus nur an der Konkordanz  [Musterfall: ""rafiki yangu"" Kl. 9, aber ""rafiki anakuja"" Kl. 1]"	"rafiki class 9/10 (Ø/n-) → rafiki  — number shows only in the agreement  [model case: ""rafiki yangu"" class 9, but ""rafiki anakuja"" class 1]"	Kl.1: SUBJ a- · ADJ m-/mw- · GEN wa · DEM huyu/yule · POSS w- · REL -ye	class 1: SUBJ a- · ADJ m-/mw- · GEN wa · DEM huyu/yule · POSS w- · REL -ye	huyu Kl.1, yangu aber Kl.9: der rafiki-Fall	A1 SD1 F Freund
304	15	F	der Freund, -e	0	Das ist meine Freundin.	This is my girlfriend.	Huyu ni rafiki yangu wa kike.	huyu ni rafiki y-angu w-a ki-ke	KL1.DEM KOP KL9/KL1.Freundin KL9-mein KL1-GEN KL7-weiblich	CL1.DEM COP CL9/CL1.girlfriend CL9-my CL1-GEN CL7-female	"rafiki Kl. 9/10 (Ø/n-) → rafiki  — Numerus nur an der Konkordanz  [Musterfall: ""rafiki yangu"" Kl. 9, aber ""rafiki anakuja"" Kl. 1]"	"rafiki class 9/10 (Ø/n-) → rafiki  — number shows only in the agreement  [model case: ""rafiki yangu"" class 9, but ""rafiki anakuja"" class 1]"	Kl.1: SUBJ a- · ADJ m-/mw- · GEN wa · DEM huyu/yule · POSS w- · REL -ye	class 1: SUBJ a- · ADJ m-/mw- · GEN wa · DEM huyu/yule · POSS w- · REL -ye	Geschlecht durch wa kike nachgestellt	A1 SD1 F Freund
305	15	F	früher	0	Früher waren wir oft zusammen im Kino.	We often used to go to the cinema together.	Zamani tulikuwa pamoja sinemani mara nyingi.	zamani tu-li-kuw-a pamoja sinema-ni mara ny-ingi	früher 1PL-PRÄT-sein-IND zusammen KL9.Kino-LOK KL9.Mal KL10-viele	formerly 1PL-PST-be-IND together CL9.cinema-LOC CL9.time CL10-many			Kl.9: SUBJ i- · ADJ Ø/n- · GEN ya · DEM hii/ile · POSS y- · REL -yo · Kl.10: SUBJ zi- · ADJ Ø/n- · GEN za · DEM hizi/zile · POSS z- · REL -zo	class 9: SUBJ i- · ADJ Ø/n- · GEN ya · DEM hii/ile · POSS y- · REL -yo · class 10: SUBJ zi- · ADJ Ø/n- · GEN za · DEM hizi/zile · POSS z- · REL -zo	zamani bezeichnet die ferne Vergangenheit	A1 SD1 F früher
306	15	F	frühstücken	0	Am Sonntag frühstücke ich gern im Bett.	On Sunday I like having breakfast in bed.	Jumapili napenda kula kifungua kinywa kitandani.	Jumapili na-pend-a ku-l-a ki-fungua kinywa ki-tanda-ni	KL9.Sonntag 1SG.PRÄS.ALLG-mögen-IND KL15-essen-IND KL7-öffnen KL7.Mund KL7-Bett-LOK	CL9.Sunday 1SG.PRS.GNRL-like-IND CL15-eat-IND CL7-open CL7.mouth CL7-bed-LOC	"kifungua kinywa Kl. 7/8 (ki- › vi-) → vifungua kinywa  [woertlich ""Mundoeffner""]"	"kifungua kinywa class 7/8 (ki- › vi-) → vifungua kinywa  [literally ""mouth-opener""]"	Kl.7: SUBJ ki- · ADJ ki- · GEN cha · DEM hiki/kile · POSS ch- · REL -cho	class 7: SUBJ ki- · ADJ ki- · GEN cha · DEM hiki/kile · POSS ch- · REL -cho	Ortssuffix -ni an kitanda Kl.7	A1 SD1 F frühstücken
307	15	F	das Frühstück	1	Möchtest du ein Ei zum Frühstück?	Would you like an egg for breakfast?	Unataka yai kwa kifungua kinywa?	u-na-tak-a yai kwa ki-fungua kinywa	2SG-PRÄS-wollen-IND KL5.Ei für KL7-öffnen KL7.Mund	2SG-PRS-want-IND CL5.egg for CL7-open CL7.mouth	"yai Kl. 5/6 (ji-/Ø › ma-) → mayai · kifungua kinywa Kl. 7/8 (ki- › vi-) → vifungua kinywa  [woertlich ""Mundoeffner""]"	"yai class 5/6 (ji-/Ø › ma-) → mayai · kifungua kinywa class 7/8 (ki- › vi-) → vifungua kinywa  [literally ""mouth-opener""]"	Kl.5: SUBJ li- · ADJ ji-/Ø · GEN la · DEM hili/lile · POSS l- · REL -lo · Kl.7: SUBJ ki- · ADJ ki- · GEN cha · DEM hiki/kile · POSS ch- · REL -cho	class 5: SUBJ li- · ADJ ji-/Ø · GEN la · DEM hili/lile · POSS l- · REL -lo · class 7: SUBJ ki- · ADJ ki- · GEN cha · DEM hiki/kile · POSS ch- · REL -cho	"kifungua kinywa heißt wörtlich ""Mundöffner"""	A1 SD1 F Frühstück
308	15	F	die Führung	0	Die Führung durch das Haus beginnt in 3 Minuten.	The guided tour of the house begins in 3 minutes.	Uongozi katika nyumba unaanza baada ya dakika tatu.	uongozi katika nyumba u-na-anz-a baada y-a dakika tatu	KL14.Führung in KL9.Haus KL14-PRÄS-anfangen-IND nach KL9-GEN KL9.Minute drei	CL14.guided.tour in CL9.house CL14-PRS-begin-IND after CL9-GEN CL9.minute three	uongozi Kl. 14 (u-), kein Numeruswechsel  [Abstraktum] · nyumba Kl. 9/10 (Ø/n-) → nyumba  — Numerus nur an der Konkordanz	uongozi class 14 (u-), no number change  [abstract noun] · nyumba class 9/10 (Ø/n-) → nyumba  — number shows only in the agreement	Kl.14: SUBJ u- · ADJ m-/mw- · GEN wa · DEM huu/ule · POSS w- · REL -o · Kl.9: SUBJ i- · ADJ Ø/n- · GEN ya · DEM hii/ile · POSS y- · REL -yo	class 14: SUBJ u- · ADJ m-/mw- · GEN wa · DEM huu/ule · POSS w- · REL -o · class 9: SUBJ i- · ADJ Ø/n- · GEN ya · DEM hii/ile · POSS y- · REL -yo	uongozi Kl.14 nimmt das Subjektpräfix u-	A1 SD1 F Führung
309	15	F	für	0	Das ist für Sie.	That is for you.	Hii ni kwa ajili yenu.	hii ni kwa ajili y-enu	KL9.DEM KOP für KL9.Zweck KL9-euer	CL9.DEM COP for CL9.purpose CL9-your			Kl.9: SUBJ i- · ADJ Ø/n- · GEN ya · DEM hii/ile · POSS y- · REL -yo	class 9: SUBJ i- · ADJ Ø/n- · GEN ya · DEM hii/ile · POSS y- · REL -yo	yenu für höfliches Sie	A1 SD1 F für
310	15	F	für	0	Das ist der Schlüssel für die Haustür.	That is the key to the front door.	Huu ni ufunguo wa mlango wa nyumba.	huu ni ufunguo w-a m-lango w-a nyumba	KL11.DEM KOP KL11.Schlüssel KL11-GEN KL3-Tür KL3-GEN KL9.Haus	CL11.DEM COP CL11.key CL11-GEN CL3-door CL3-GEN CL9.house	ufunguo Kl. 11/10 (u- › Ø/n-) → funguo · nyumba Kl. 9/10 (Ø/n-) → nyumba  — Numerus nur an der Konkordanz	ufunguo class 11/10 (u- › Ø/n-) → funguo · nyumba class 9/10 (Ø/n-) → nyumba  — number shows only in the agreement	Kl.11: SUBJ u- · ADJ m-/mw- · GEN wa · DEM huu/ule · POSS w- · REL -o · Kl.9: SUBJ i- · ADJ Ø/n- · GEN ya · DEM hii/ile · POSS y- · REL -yo	class 11: SUBJ u- · ADJ m-/mw- · GEN wa · DEM huu/ule · POSS w- · REL -o · class 9: SUBJ i- · ADJ Ø/n- · GEN ya · DEM hii/ile · POSS y- · REL -yo	Zwei Genitive hintereinander, beide mit wa	A1 SD1 F für
311	15	F	für	0	Das ist das Brot für morgen.	That is the bread for tomorrow.	Huu ni mkate wa kesho.	huu ni m-kate w-a kesho	KL3.DEM KOP KL3-Brot KL3-GEN morgen	CL3.DEM COP CL3-bread CL3-GEN tomorrow	mkate Kl. 3/4 (m-/mw- › mi-) → mikate	mkate class 3/4 (m-/mw- › mi-) → mikate	Kl.3: SUBJ u- · ADJ m-/mw- · GEN wa · DEM huu/ule · POSS w- · REL -o	class 3: SUBJ u- · ADJ m-/mw- · GEN wa · DEM huu/ule · POSS w- · REL -o	huu und wa kongruieren beide mit Kl.3	A1 SD1 F für
312	15	F	der Fuß, -ü, e	0	Der linke Fuß tut mir weh.	My left foot hurts.	Mguu wangu wa kushoto unaniuma.	m-guu w-angu w-a ku-shoto u-na-ni-um-a	KL3-Fuß KL3-mein KL3-GEN KL17-links KL3-PRÄS-OBJ1SG-schmerzen-IND	CL3-foot CL3-my CL3-GEN CL17-left CL3-PRS-OBJ1SG-hurt-IND	mguu Kl. 3/4 (m-/mw- › mi-) → miguu	mguu class 3/4 (m-/mw- › mi-) → miguu	Kl.3: SUBJ u- · ADJ m-/mw- · GEN wa · DEM huu/ule · POSS w- · REL -o	class 3: SUBJ u- · ADJ m-/mw- · GEN wa · DEM huu/ule · POSS w- · REL -o	Der Fuß schmerzt mich: Objektpräfix -ni-	A1 SD1 F Fuß
313	15	F	der Fußball	0	Spielt ihr gerne Fußball?	Do you like playing football?	Mnapenda kucheza mpira wa miguu?	m-na-pend-a ku-chez-a m-pira w-a mi-guu	2PL-PRÄS-mögen-IND KL15-spielen-IND KL3-Ball KL3-GEN KL4-Fuß	2PL-PRS-like-IND CL15-play-IND CL3-ball CL3-GEN CL4-foot	mpira wa miguu Kl. 3/4 (m-/mw- › mi-) → mipira ya miguu  [Genitiv kongruiert mit dem Kopfnomen] · mguu Kl. 3/4 (m-/mw- › mi-) → miguu	mpira wa miguu class 3/4 (m-/mw- › mi-) → mipira ya miguu  [genitive agrees with the head noun] · mguu class 3/4 (m-/mw- › mi-) → miguu	Kl.3: SUBJ u- · ADJ m-/mw- · GEN wa · DEM huu/ule · POSS w- · REL -o	class 3: SUBJ u- · ADJ m-/mw- · GEN wa · DEM huu/ule · POSS w- · REL -o	"mpira wa miguu wörtlich ""Ball der Füße"""	A1 SD1 F Fußball
314	15	G	der Garten	0	Wir haben leider keinen Garten.	Unfortunately we do not have a garden.	Kwa bahati mbaya hatuna bustani.	kwa bahati m-baya hatu-na bustani	für KL9.Glück KL9-schlecht 1PL.NEG-haben KL9.Garten	for CL9.luck CL9-bad 1PL.NEG-have CL9.garden	bahati Kl. 9/10 (Ø/n-) → bahati  — Numerus nur an der Konkordanz · bustani Kl. 9/10 (Ø/n-) → bustani  — Numerus nur an der Konkordanz	bahati class 9/10 (Ø/n-) → bahati  — number shows only in the agreement · bustani class 9/10 (Ø/n-) → bustani  — number shows only in the agreement	Kl.9: SUBJ i- · ADJ Ø/n- · GEN ya · DEM hii/ile · POSS y- · REL -yo	class 9: SUBJ i- · ADJ Ø/n- · GEN ya · DEM hii/ile · POSS y- · REL -yo	hatuna ist die 1PL-Negation von tuna	A1 SD1 G Garten
315	15	G	der Gast, -ä, e	0	Am Wochenende haben wir mehrere Gäste.	At the weekend we have several guests.	Mwishoni wa wiki tunakuwa na wageni kadhaa.	mwisho-ni w-a wiki tu-na-kuw-a na wa-geni kadhaa	KL3.Ende-LOK KL3-GEN KL9.Woche 1PL-PRÄS-sein-IND mit KL2-Gast mehrere	CL3.end-LOC CL3-GEN CL9.week 1PL-PRS-be-IND with CL2-guest several	"mgeni Kl. 1/2 (m-/mw- › wa-) → wageni  [auch ""Gast""]"	"mgeni class 1/2 (m-/mw- › wa-) → wageni  [also ""guest""]"	Kl.1: SUBJ a- · ADJ m-/mw- · GEN wa · DEM huyu/yule · POSS w- · REL -ye	class 1: SUBJ a- · ADJ m-/mw- · GEN wa · DEM huyu/yule · POSS w- · REL -ye	Wochenende als mwishoni wa wiki	A1 SD1 G Gast
316	15	G	geben	0	Kannst du mir bitte deinen Kugelschreiber geben?	Can you give me your pen, please?	Unaweza kunipa kalamu yako tafadhali?	u-na-wez-a ku-ni-p-a kalamu y-ako tafadhali	2SG-PRÄS-können-IND KL15-OBJ1SG-geben-IND KL9.Kugelschreiber KL9-dein bitte	2SG-PRS-can-IND CL15-OBJ1SG-give-IND CL9.pen CL9-your please	kalamu Kl. 9/10 (Ø/n-) → kalamu  — Numerus nur an der Konkordanz	kalamu class 9/10 (Ø/n-) → kalamu  — number shows only in the agreement	Kl.9: SUBJ i- · ADJ Ø/n- · GEN ya · DEM hii/ile · POSS y- · REL -yo	class 9: SUBJ i- · ADJ Ø/n- · GEN ya · DEM hii/ile · POSS y- · REL -yo	kalamu deckt Stift und Kugelschreiber ab	A1 SD1 G geben
317	15	G	geben	0	Es gibt keine Karten mehr.	There are no tickets left.	Hakuna tiketi tena.	haku-na tiketi tena	KL17.NEG-mit KL10.Fahrkarte mehr	CL17.NEG-with CL10.ticket more	tiketi Kl. 9/10 (Ø/n-) → tiketi  — Numerus nur an der Konkordanz  [Lehnwort]	tiketi class 9/10 (Ø/n-) → tiketi  — number shows only in the agreement  [loanword]	Kl.9: SUBJ i- · ADJ Ø/n- · GEN ya · DEM hii/ile · POSS y- · REL -yo	class 9: SUBJ i- · ADJ Ø/n- · GEN ya · DEM hii/ile · POSS y- · REL -yo	hakuna ist die Negation von kuna	A1 SD1 G geben
318	15	G	geboren	0	Ich bin in Zagreb geboren.	I was born in Zagreb.	Nilizaliwa Zagreb.	ni-li-zali-w-a Zagreb	1SG-PRÄT-gebären-PASS-IND Zagreb	1SG-PST-bear-PASS-IND Zagreb					geboren sein steht im Passiv Vergangenheit	A1 SD1 G geboren
319	15	G	das Geburtsjahr	0	Das Geburtsjahr Ihres Sohnes, bitte?	Your son's year of birth, please?	Mwaka wa kuzaliwa wa mwana wako, tafadhali?	mw-aka w-a ku-zali-w-a w-a mw-ana w-ako tafadhali	KL3-Jahr KL3-GEN KL15-gebären-PASS-IND KL3-GEN KL1-Sohn KL1-dein bitte	CL3-year CL3-GEN CL15-bear-PASS-IND CL3-GEN CL1-son CL1-your please	mwaka wa kuzaliwa Kl. 3/4 (m-/mw- › mi-) → miaka ya kuzaliwa  [Genitiv kongruiert mit dem Kopfnomen] · mwana Kl. 1/2 (m-/mw- › wa-) → wana	mwaka wa kuzaliwa class 3/4 (m-/mw- › mi-) → miaka ya kuzaliwa  [genitive agrees with the head noun] · mwana class 1/2 (m-/mw- › wa-) → wana	Kl.3: SUBJ u- · ADJ m-/mw- · GEN wa · DEM huu/ule · POSS w- · REL -o · Kl.1: SUBJ a- · ADJ m-/mw- · GEN wa · DEM huyu/yule · POSS w- · REL -ye	class 3: SUBJ u- · ADJ m-/mw- · GEN wa · DEM huu/ule · POSS w- · REL -o · class 1: SUBJ a- · ADJ m-/mw- · GEN wa · DEM huyu/yule · POSS w- · REL -ye	Drei Genitive, alle mit wa für Kl.3 und Kl.1	A1 SD1 G Geburtsjahr
320	15	G	der Geburtsort	0	Bitte schreiben Sie Ihren Geburtsort auf das Formular.	Please write your place of birth on the form.	Tafadhali andikeni mahali penu pa kuzaliwa kwenye fomu.	tafadhali andik-eni mahali p-enu p-a ku-zali-w-a kwenye fomu	bitte schreiben-IMP.PL KL16.Ort KL16-euer KL16-GEN KL15-gebären-PASS-IND an KL9.Formular	please write-IMP.PL CL16.place CL16-your CL16-GEN CL15-bear-PASS-IND at CL9.form	mahali Kl. 16 (pa-), kein Numeruswechsel  [Ortsklasse] · fomu Kl. 9/10 (Ø/n-) → fomu  — Numerus nur an der Konkordanz  [Lehnwort]	mahali class 16 (pa-), no number change  [locative class] · fomu class 9/10 (Ø/n-) → fomu  — number shows only in the agreement  [loanword]	Kl.16: SUBJ pa- · ADJ pa- · GEN pa · DEM hapa/pale · POSS p- · REL -po · Kl.9: SUBJ i- · ADJ Ø/n- · GEN ya · DEM hii/ile · POSS y- · REL -yo	class 16: SUBJ pa- · ADJ pa- · GEN pa · DEM hapa/pale · POSS p- · REL -po · class 9: SUBJ i- · ADJ Ø/n- · GEN ya · DEM hii/ile · POSS y- · REL -yo	Ortsklasse 16 hat eigene Formen penu und pa	A1 SD1 G Geburtsort
321	15	G	der Geburtstag	0	Herzlichen Glückwunsch zum Geburtstag!	Happy birthday!	Hongera kwa siku yako ya kuzaliwa!	hongera kwa siku y-ako y-a ku-zali-w-a	KL9.Glückwunsch für KL9.Tag KL9-dein KL9-GEN KL15-gebären-PASS-IND	CL9.congratulation for CL9.day CL9-your CL9-GEN CL15-bear-PASS-IND	hongera Kl. 9/10 (Ø/n-) → hongera  — Numerus nur an der Konkordanz · siku ya kuzaliwa Kl. 9/10 (Ø/n-) → siku za kuzaliwa  [Genitiv kongruiert mit dem Kopfnomen]	hongera class 9/10 (Ø/n-) → hongera  — number shows only in the agreement · siku ya kuzaliwa class 9/10 (Ø/n-) → siku za kuzaliwa  [genitive agrees with the head noun]	Kl.9: SUBJ i- · ADJ Ø/n- · GEN ya · DEM hii/ile · POSS y- · REL -yo	class 9: SUBJ i- · ADJ Ø/n- · GEN ya · DEM hii/ile · POSS y- · REL -yo	hongera ist die übliche Gratulationsformel	A1 SD1 G Geburtstag
322	15	G	gefallen	0	Das gefällt mir.	I like that.	Hii inanipendeza.	hii i-na-ni-pendez-a	KL9.DEM KL9-PRÄS-OBJ1SG-gefallen-IND	CL9.DEM CL9-PRS-OBJ1SG-please-IND			Kl.9: SUBJ i- · ADJ Ø/n- · GEN ya · DEM hii/ile · POSS y- · REL -yo	class 9: SUBJ i- · ADJ Ø/n- · GEN ya · DEM hii/ile · POSS y- · REL -yo	Das Gefallende ist Subjekt, ich bin Objekt	A1 SD1 G gefallen
323	15	G	gegen	0	Fahr nicht gegen den Baum!	Do not drive into the tree!	Usiendeshe hadi mtini!	u-si-endesh-e hadi m-ti-ni	2SG-NEG-fahren-KONJ bis KL3-Baum-LOK	2SG-NEG-drive-SBJV until CL3-tree-LOC			Kl.3: SUBJ u- · ADJ m-/mw- · GEN wa · DEM huu/ule · POSS w- · REL -o	class 3: SUBJ u- · ADJ m-/mw- · GEN wa · DEM huu/ule · POSS w- · REL -o	Negativer Imperativ mit -si- und Konjunktiv	A1 SD1 G gegen
324	15	G	gegen	0	Ich bin gegen diese Lösung.	I am against this solution.	Mimi ni kinyume cha suluhisho hili.	mimi ni ki-nyume ch-a suluhisho hili	ich KOP KL7-Gegenteil KL7-GEN KL5.Lösung KL5.DEM	I COP CL7-opposite CL7-GEN CL5.solution CL5.DEM			Kl.7: SUBJ ki- · ADJ ki- · GEN cha · DEM hiki/kile · POSS ch- · REL -cho · Kl.5: SUBJ li- · ADJ ji-/Ø · GEN la · DEM hili/lile · POSS l- · REL -lo	class 7: SUBJ ki- · ADJ ki- · GEN cha · DEM hiki/kile · POSS ch- · REL -cho · class 5: SUBJ li- · ADJ ji-/Ø · GEN la · DEM hili/lile · POSS l- · REL -lo	gegen etwas sein = kinyume cha	A1 SD1 G gegen
325	15	G	gegen	0	Wer spielt gegen wen?	Who is playing against whom?	Nani anacheza na nani?	nani a-na-chez-a na nani	wer KL1-PRÄS-spielen-IND gegen wer	who CL1-PRS-play-IND against who			Kl.1: SUBJ a- · ADJ m-/mw- · GEN wa · DEM huyu/yule · POSS w- · REL -ye	class 1: SUBJ a- · ADJ m-/mw- · GEN wa · DEM huyu/yule · POSS w- · REL -ye	na deckt mit und gegen ab	A1 SD1 G gegen
326	15	G	gehen	0	Ich weiß nicht, wie das geht.	I do not know how that works.	Sijui hii inafanya kazi vipi.	si-ju-i hii i-na-fany-a kazi vipi	1SG.NEG-wissen-NEG KL9.DEM KL9-PRÄS-tun-IND KL9.Arbeit wie	1SG.NEG-know-NEG CL9.DEM CL9-PRS-do-IND CL9.work how	kazi Kl. 9/10 (Ø/n-) → kazi  — Numerus nur an der Konkordanz	kazi class 9/10 (Ø/n-) → kazi  — number shows only in the agreement	Kl.9: SUBJ i- · ADJ Ø/n- · GEN ya · DEM hii/ile · POSS y- · REL -yo	class 9: SUBJ i- · ADJ Ø/n- · GEN ya · DEM hii/ile · POSS y- · REL -yo	funktionieren = kufanya kazi, wie Arbeit tun	A1 SD1 G gehen
327	15	G	gehen	0	Wie geht‘s?	How are you?	Habari?	habari	KL10.Nachricht	CL10.news			Kl.10: SUBJ zi- · ADJ Ø/n- · GEN za · DEM hizi/zile · POSS z- · REL -zo	class 10: SUBJ zi- · ADJ Ø/n- · GEN za · DEM hizi/zile · POSS z- · REL -zo	Begrüßung fragt nach den Nachrichten	A1 SD1 G gehen
328	15	G	gehen	0	Jetzt muss ich (aber) leider gehen.	Unfortunately I have to go now.	Kwa bahati mbaya lazima niende sasa.	kwa bahati m-baya lazima ni-end-e sasa	für KL9.Glück KL9-schlecht muss 1SG-gehen-KONJ jetzt	for CL9.luck CL9-bad must 1SG-go-SBJV now	bahati Kl. 9/10 (Ø/n-) → bahati  — Numerus nur an der Konkordanz	bahati class 9/10 (Ø/n-) → bahati  — number shows only in the agreement	Kl.9: SUBJ i- · ADJ Ø/n- · GEN ya · DEM hii/ile · POSS y- · REL -yo	class 9: SUBJ i- · ADJ Ø/n- · GEN ya · DEM hii/ile · POSS y- · REL -yo	lazima plus Konjunktiv für Notwendigkeit	A1 SD1 G gehen
329	15	G	gehen	0	Ich muss zum Arzt gehen.	I have to go to the doctor.	Lazima niende kwa daktari.	lazima ni-end-e kwa daktari	muss 1SG-gehen-KONJ zu KL5/KL1.Arzt	must 1SG-go-SBJV to CL5/CL1.doctor	daktari Kl. 5/6 (ji-/Ø › ma-) → madaktari  [Person: Form Kl. 5/6, Kongruenz Kl. 1/2]	daktari class 5/6 (ji-/Ø › ma-) → madaktari  [person: form class 5/6, agreement class 1/2]	Kl.1: SUBJ a- · ADJ m-/mw- · GEN wa · DEM huyu/yule · POSS w- · REL -ye	class 1: SUBJ a- · ADJ m-/mw- · GEN wa · DEM huyu/yule · POSS w- · REL -ye	kwa für den Weg zu einer Person	A1 SD1 G gehen
330	15	G	gehen	0	Das geht nicht!	That is not possible!	Haiwezekani!	hai-wezekan-i	KL9.NEG-möglich.sein-NEG	CL9.NEG-be.possible-NEG			Kl.9: SUBJ i- · ADJ Ø/n- · GEN ya · DEM hii/ile · POSS y- · REL -yo	class 9: SUBJ i- · ADJ Ø/n- · GEN ya · DEM hii/ile · POSS y- · REL -yo	Unpersönliches Subjekt ist Kl.9	A1 SD1 G gehen
331	15	G	gehören	0	Wem gehört das?	Whose is this?	Hii ni ya nani?	hii ni y-a nani	KL9.DEM KOP KL9-GEN wer	CL9.DEM COP CL9-GEN who			Kl.9: SUBJ i- · ADJ Ø/n- · GEN ya · DEM hii/ile · POSS y- · REL -yo	class 9: SUBJ i- · ADJ Ø/n- · GEN ya · DEM hii/ile · POSS y- · REL -yo	gehören wird mit dem Genitiv ausgedrückt	A1 SD1 G gehören
332	15	G	das Geld	0	Hast du noch Geld?	Do you still have money?	Unayo pesa bado?	u-na-yo pesa bado	2SG-haben-REL9 KL10.Geld noch	2SG-have-REL9 CL10.money still	pesa Kl. 9/10 (Ø/n-) → pesa  — Numerus nur an der Konkordanz	pesa class 9/10 (Ø/n-) → pesa  — number shows only in the agreement	Kl.9: SUBJ i- · ADJ Ø/n- · GEN ya · DEM hii/ile · POSS y- · REL -yo	class 9: SUBJ i- · ADJ Ø/n- · GEN ya · DEM hii/ile · POSS y- · REL -yo	pesa ist Kl.10, grammatisch Plural	A1 SD1 G Geld
333	15	G	das Gemüse	0	Gemüse brauchen wir auch noch.	We still need vegetables too.	Mboga tunahitaji pia bado.	mboga tu-na-hitaji pia bado	KL9.Gemüse 1PL-PRÄS-brauchen auch noch	CL9.vegetables 1PL-PRS-need also still	mboga Kl. 9/10 (Ø/n-) → mboga  — Numerus nur an der Konkordanz	mboga class 9/10 (Ø/n-) → mboga  — number shows only in the agreement	Kl.9: SUBJ i- · ADJ Ø/n- · GEN ya · DEM hii/ile · POSS y- · REL -yo	class 9: SUBJ i- · ADJ Ø/n- · GEN ya · DEM hii/ile · POSS y- · REL -yo	Vorangestelltes Objekt als Thema des Satzes	A1 SD1 G Gemüse
334	16	G	das Gepäck	0	Wollen Sie Ihr Gepäck mitnehmen?	Do you want to take your luggage with you?	Mnataka kuchukua mizigo yenu?	m-na-tak-a ku-chuku-a mi-zigo y-enu	2PL-PRÄS-wollen-IND KL15-nehmen-IND KL4-Gepäck KL4-euer	2PL-PRS-want-IND CL15-take-IND CL4-luggage CL4-your	"mzigo Kl. 3/4 (m-/mw- › mi-) → mizigo  [meist Plural ""mizigo""]"	"mzigo class 3/4 (m-/mw- › mi-) → mizigo  [usually plural ""mizigo""]"	Kl.3: SUBJ u- · ADJ m-/mw- · GEN wa · DEM huu/ule · POSS w- · REL -o	class 3: SUBJ u- · ADJ m-/mw- · GEN wa · DEM huu/ule · POSS w- · REL -o	mzigo Kl.3, Plural mizigo Kl.4	A1 SD1 G Gepäck
335	16	G	gerade	0	Da kommt er ja gerade.	There he comes, just now.	Tazama, anakuja hivi sasa.	tazam-a a-na-kuj-a hivi sasa	schauen-IMP 3SG-PRÄS-kommen-IND gleich jetzt	look-IMP 3SG-PRS-come-IND same now					"hivi sasa heißt ""eben jetzt"""	A1 SD1 G gerade
336	16	G	geradeaus	0	Gehen Sie immer geradeaus!	Keep going straight ahead!	Endeleeni moja kwa moja!	endele-eni moja kwa moja	weitergehen-IMP.PL eins für eins	continue-IMP.PL one for one					"geradeaus wörtlich ""eins für eins"""	A1 SD1 G geradeaus
337	16	G	gern(e)	0	Ich gehe gerne einkaufen.	I like going shopping.	Napenda kwenda kununua vitu.	na-pend-a kw-end-a ku-nunu-a vi-tu	1SG.PRÄS.ALLG-mögen-IND KL15-gehen-IND KL15-kaufen-IND KL8-Ding	1SG.PRS.GNRL-like-IND CL15-go-IND CL15-buy-IND CL8-thing			Kl.15: SUBJ ku- · ADJ ku- · GEN kwa · DEM huku/kule · POSS kw- · REL -ko · Kl.8: SUBJ vi- · ADJ vi- · GEN vya · DEM hivi/vile · POSS vy- · REL -vyo	class 15: SUBJ ku- · ADJ ku- · GEN kwa · DEM huku/kule · POSS kw- · REL -ko · class 8: SUBJ vi- · ADJ vi- · GEN vya · DEM hivi/vile · POSS vy- · REL -vyo	gern wird durch kupenda ausgedrückt	A1 SD1 G gern_e_
338	16	G	das Geschäft, -e	0	Die Geschäfte schließen um 18.30 Uhr.	The shops close at 18.30.	Maduka yanafunga saa kumi na mbili na nusu.	ma-duka ya-na-fung-a saa kumi na mbili na nusu	KL6-Geschäft KL6-PRÄS-schließen-IND KL9.Stunde zehn und zwei und KL9.Hälfte	CL6-shop CL6-PRS-close-IND CL9.hour ten and two and CL9.half	"duka Kl. 5/6 (ji-/Ø › ma-) → maduka · saa Kl. 9/10 (Ø/n-) → saa  — Numerus nur an der Konkordanz  [auch ""Uhr""]"	"duka class 5/6 (ji-/Ø › ma-) → maduka · saa class 9/10 (Ø/n-) → saa  — number shows only in the agreement  [also ""clock""]"	Kl.5: SUBJ li- · ADJ ji-/Ø · GEN la · DEM hili/lile · POSS l- · REL -lo · Kl.9: SUBJ i- · ADJ Ø/n- · GEN ya · DEM hii/ile · POSS y- · REL -yo	class 5: SUBJ li- · ADJ ji-/Ø · GEN la · DEM hili/lile · POSS l- · REL -lo · class 9: SUBJ i- · ADJ Ø/n- · GEN ya · DEM hii/ile · POSS y- · REL -yo	saa kumi na mbili na nusu = 18.30 Uhr	A1 SD1 G Geschäft
339	16	G	das Geschenk, -e	0	Danke für das schöne Geschenk.	Thank you for the lovely present.	Asante kwa zawadi nzuri.	asante kwa zawadi n-zuri	danke für KL9.Geschenk KL9-gut	thanks for CL9.present CL9-good	zawadi Kl. 9/10 (Ø/n-) → zawadi  — Numerus nur an der Konkordanz	zawadi class 9/10 (Ø/n-) → zawadi  — number shows only in the agreement	Kl.9: SUBJ i- · ADJ Ø/n- · GEN ya · DEM hii/ile · POSS y- · REL -yo	class 9: SUBJ i- · ADJ Ø/n- · GEN ya · DEM hii/ile · POSS y- · REL -yo	nzuri mit Nasalpräfix der Kl.9	A1 SD1 G Geschenk
340	16	G	die Geschwister (pl.)	0	Ich habe leider keine Geschwister.	Unfortunately I have no brothers or sisters.	Kwa bahati mbaya sina ndugu.	kwa bahati m-baya si-na ndugu	für KL9.Glück KL9-schlecht 1SG.NEG-haben KL9/KL2.Geschwister	for CL9.luck CL9-bad 1SG.NEG-have CL9/CL2.siblings	bahati Kl. 9/10 (Ø/n-) → bahati  — Numerus nur an der Konkordanz · ndugu Kl. 9/10 (Ø/n-) → ndugu  — Numerus nur an der Konkordanz  [Person: Form Kl. 9/10, Kongruenz Kl. 1/2]	bahati class 9/10 (Ø/n-) → bahati  — number shows only in the agreement · ndugu class 9/10 (Ø/n-) → ndugu  — number shows only in the agreement  [person: form class 9/10, agreement class 1/2]	Kl.9: SUBJ i- · ADJ Ø/n- · GEN ya · DEM hii/ile · POSS y- · REL -yo · Kl.1: SUBJ a- · ADJ m-/mw- · GEN wa · DEM huyu/yule · POSS w- · REL -ye	class 9: SUBJ i- · ADJ Ø/n- · GEN ya · DEM hii/ile · POSS y- · REL -yo · class 1: SUBJ a- · ADJ m-/mw- · GEN wa · DEM huyu/yule · POSS w- · REL -ye	ndugu deckt Geschwister und Verwandte ab	A1 SD1 G Geschwister__pl__
341	16	G	das Gespräch, -e	0	Das Gespräch mit Frau Kunz ist um 14 Uhr.	The meeting with Mrs Kunz is at 14.00.	Mazungumzo na Bibi Kunz ni saa nane.	ma-zungumzo na bibi Kunz ni saa nane	KL6-Gespräch mit KL5/KL1.Frau Kunz KOP KL9.Stunde acht	CL6-conversation with CL5/CL1.woman Kunz COP CL9.hour eight	"mazungumzo Kl. 6 (ma-), kein Numeruswechsel  [nur Plural] · bibi Kl. 5/6 (ji-/Ø › ma-) → mabibi  [Person: Form Kl. 5/6, Kongruenz Kl. 1/2] · saa Kl. 9/10 (Ø/n-) → saa  — Numerus nur an der Konkordanz  [auch ""Uhr""]"	"mazungumzo class 6 (ma-), no number change  [plural only] · bibi class 5/6 (ji-/Ø › ma-) → mabibi  [person: form class 5/6, agreement class 1/2] · saa class 9/10 (Ø/n-) → saa  — number shows only in the agreement  [also ""clock""]"	Kl.6: SUBJ ya- · ADJ ma- · GEN ya · DEM haya/yale · POSS y- · REL -yo · Kl.1: SUBJ a- · ADJ m-/mw- · GEN wa · DEM huyu/yule · POSS w- · REL -ye	class 6: SUBJ ya- · ADJ ma- · GEN ya · DEM haya/yale · POSS y- · REL -yo · class 1: SUBJ a- · ADJ m-/mw- · GEN wa · DEM huyu/yule · POSS w- · REL -ye	saa nane = 14 Uhr, achte Stunde nach Sonnenaufgang	A1 SD1 G Gespräch
342	16	G	gestern	0	Gestern war ich krank.	Yesterday I was ill.	Jana nilikuwa mgonjwa.	jana ni-li-kuw-a m-gonjwa	gestern 1SG-PRÄT-sein-IND KL1-krank	yesterday 1SG-PST-be-IND CL1-ill			Kl.1: SUBJ a- · ADJ m-/mw- · GEN wa · DEM huyu/yule · POSS w- · REL -ye	class 1: SUBJ a- · ADJ m-/mw- · GEN wa · DEM huyu/yule · POSS w- · REL -ye	Vergangenheit mit -li-, Zustand mit kuwa	A1 SD1 G gestern
343	16	G	gestorben	0	Meine Frau ist gestern gestorben.	My wife died yesterday.	Mke wangu alifariki jana.	mke w-angu a-li-fariki jana	KL1.Ehefrau KL1-mein 3SG-PRÄT-sterben gestern	CL1.wife CL1-my 3SG-PST-die yesterday	"mke Kl. 1/2 (m-/mw- › wa-) → wake  [Ehemann = ""mume"" Kl. 1/2]"	"mke class 1/2 (m-/mw- › wa-) → wake  [husband = ""mume"" class 1/2]"	Kl.1: SUBJ a- · ADJ m-/mw- · GEN wa · DEM huyu/yule · POSS w- · REL -ye	class 1: SUBJ a- · ADJ m-/mw- · GEN wa · DEM huyu/yule · POSS w- · REL -ye	kufariki ist arabisches Lehnverb auf -i	A1 SD1 G gestorben
344	16	G	das Getränk, -e	0	Mein Lieblingsgetränk ist Tomatensaft.	My favourite drink is tomato juice.	Kinywaji nikipendacho zaidi ni juisi ya nyanya.	ki-nywaji ni-ki-pend-a-cho zaidi ni juisi y-a nyanya	KL7-Getränk 1SG-OBJ7-mögen-IND-REL7 mehr KOP KL9.Saft KL9-GEN KL9.Tomate	CL7-drink 1SG-OBJ7-like-IND-REL7 more COP CL9.juice CL9-GEN CL9.tomato	kinywaji Kl. 7/8 (ki- › vi-) → vinywaji · juisi Kl. 9/10 (Ø/n-) → juisi  — Numerus nur an der Konkordanz  [Lehnwort] · nyanya Kl. 9/10 (Ø/n-) → nyanya  — Numerus nur an der Konkordanz	kinywaji class 7/8 (ki- › vi-) → vinywaji · juisi class 9/10 (Ø/n-) → juisi  — number shows only in the agreement  [loanword] · nyanya class 9/10 (Ø/n-) → nyanya  — number shows only in the agreement	Kl.7: SUBJ ki- · ADJ ki- · GEN cha · DEM hiki/kile · POSS ch- · REL -cho · Kl.9: SUBJ i- · ADJ Ø/n- · GEN ya · DEM hii/ile · POSS y- · REL -yo	class 7: SUBJ ki- · ADJ ki- · GEN cha · DEM hiki/kile · POSS ch- · REL -cho · class 9: SUBJ i- · ADJ Ø/n- · GEN ya · DEM hii/ile · POSS y- · REL -yo	Relativsuffix -cho steht am Verbende, Klasse 7	A1 SD1 G Getränk
345	16	G	das Gewicht	0	Bei „Gewicht“ schreibst du: 62 Kilo.	"Under ""weight"" you write: 62 kilos."	"Kwenye ""uzito"" unaandika: kilo sitini na mbili."	kwenye uzito u-na-andik-a kilo sitini na mbili	an KL14.Gewicht 2SG-PRÄS-schreiben-IND KL9.Kilo sechzig und zwei	at CL14.weight 2SG-PRS-write-IND CL9.kilo sixty and two	uzito Kl. 14 (u-), kein Numeruswechsel  [Abstraktum]	uzito class 14 (u-), no number change  [abstract noun]	Kl.14: SUBJ u- · ADJ m-/mw- · GEN wa · DEM huu/ule · POSS w- · REL -o	class 14: SUBJ u- · ADJ m-/mw- · GEN wa · DEM huu/ule · POSS w- · REL -o	zweiundsechzig = sitini na mbili	A1 SD1 G Gewicht
346	16	G	gewinnen	0	Wer gewinnt das Spiel?	Who is winning the game?	Nani anashinda mchezo?	nani a-na-shind-a m-chezo	wer KL1-PRÄS-gewinnen-IND KL3-Spiel	who CL1-PRS-win-IND CL3-game	mchezo Kl. 3/4 (m-/mw- › mi-) → michezo	mchezo class 3/4 (m-/mw- › mi-) → michezo	Kl.3: SUBJ u- · ADJ m-/mw- · GEN wa · DEM huu/ule · POSS w- · REL -o	class 3: SUBJ u- · ADJ m-/mw- · GEN wa · DEM huu/ule · POSS w- · REL -o	kushinda heißt gewinnen und besiegen	A1 SD1 G gewinnen
347	16	G	das Glas, -ä, er	0	Bitte noch ein Glas Wein!	Another glass of wine, please!	Tafadhali glasi nyingine ya mvinyo!	tafadhali glasi ny-ingine y-a m-vinyo	bitte KL9.Glas KL9-andere KL9-GEN KL3-Wein	please CL9.glass CL9-other CL9-GEN CL3-wine	glasi Kl. 9/10 (Ø/n-) → glasi  — Numerus nur an der Konkordanz  [Lehnwort] · mvinyo Kl. 3/4 (m-/mw- › mi-) → mivinyo	glasi class 9/10 (Ø/n-) → glasi  — number shows only in the agreement  [loanword] · mvinyo class 3/4 (m-/mw- › mi-) → mivinyo	Kl.9: SUBJ i- · ADJ Ø/n- · GEN ya · DEM hii/ile · POSS y- · REL -yo · Kl.3: SUBJ u- · ADJ m-/mw- · GEN wa · DEM huu/ule · POSS w- · REL -o	class 9: SUBJ i- · ADJ Ø/n- · GEN ya · DEM hii/ile · POSS y- · REL -yo · class 3: SUBJ u- · ADJ m-/mw- · GEN wa · DEM huu/ule · POSS w- · REL -o	"nyingine heißt ""ein weiteres"""	A1 SD1 G Glas
348	16	G	das Glas, -ä, er	0	Wir brauchen noch drei Gläser.	We still need three glasses.	Tunahitaji glasi tatu bado.	tu-na-hitaji glasi tatu bado	1PL-PRÄS-brauchen KL10.Glas drei noch	1PL-PRS-need CL10.glass three still	glasi Kl. 9/10 (Ø/n-) → glasi  — Numerus nur an der Konkordanz  [Lehnwort]	glasi class 9/10 (Ø/n-) → glasi  — number shows only in the agreement  [loanword]	Kl.9: SUBJ i- · ADJ Ø/n- · GEN ya · DEM hii/ile · POSS y- · REL -yo	class 9: SUBJ i- · ADJ Ø/n- · GEN ya · DEM hii/ile · POSS y- · REL -yo	glasi ist Kl.9 und Kl.10 gleich	A1 SD1 G Glas
349	16	G	glauben	0	Sie können mir glauben, es ist so.	You can believe me, it is true.	Mnaweza kuniamini, ni hivyo.	m-na-wez-a ku-ni-amini ni hivyo	2PL-PRÄS-können-IND KL15-OBJ1SG-glauben KOP so	2PL-PRS-can-IND CL15-OBJ1SG-believe COP so			Kl.15: SUBJ ku- · ADJ ku- · GEN kwa · DEM huku/kule · POSS kw- · REL -ko	class 15: SUBJ ku- · ADJ ku- · GEN kwa · DEM huku/kule · POSS kw- · REL -ko	kuamini ist arabisches Lehnverb auf -i	A1 SD1 G glauben
350	16	G	glauben	0	Ich glaube, er kommt gleich.	I think he is coming in a moment.	Nadhani anakuja hivi punde.	na-dhani a-na-kuj-a hivi punde	1SG.PRÄS.ALLG-meinen 3SG-PRÄS-kommen-IND gleich sofort	1SG.PRS.GNRL-think 3SG-PRS-come-IND same at.once					kudhani für Vermutung, kuamini für Vertrauen	A1 SD1 G glauben
351	16	G	gleich	0	Das ist mir gleich.	It is all the same to me.	Kwangu ni sawa.	kw-angu ni sawa	KL17-mein KOP gleich	CL17-my COP same			Kl.17: SUBJ ku- · ADJ ku- · GEN kwa · DEM huku/kule · POSS kw- · REL -ko	class 17: SUBJ ku- · ADJ ku- · GEN kwa · DEM huku/kule · POSS kw- · REL -ko	sawa heißt gleich, in Ordnung und einverstanden	A1 SD1 G gleich
352	16	G	gleich	0	Das ist der gleiche Preis.	That is the same price.	Hii ni bei ile ile.	hii ni bei ile ile	KL9.DEM KOP KL9.Preis KL9.DEM.fern KL9.DEM.fern	CL9.DEM COP CL9.price CL9.DEM.dist CL9.DEM.dist	bei Kl. 9/10 (Ø/n-) → bei  — Numerus nur an der Konkordanz	bei class 9/10 (Ø/n-) → bei  — number shows only in the agreement	Kl.9: SUBJ i- · ADJ Ø/n- · GEN ya · DEM hii/ile · POSS y- · REL -yo	class 9: SUBJ i- · ADJ Ø/n- · GEN ya · DEM hii/ile · POSS y- · REL -yo	"Verdoppeltes Demonstrativ heißt ""derselbe"""	A1 SD1 G gleich
353	16	G	gleich	0	Ich komme gleich.	I am coming right away.	Nakuja hivi punde.	na-kuj-a hivi punde	1SG.PRÄS.ALLG-kommen-IND gleich sofort	1SG.PRS.GNRL-come-IND same at.once					hivi punde für die unmittelbare Zukunft	A1 SD1 G gleich
354	16	G	das Gleis, -e	0	Der ICE nach Berlin hält heute an Gleis 12.	The express to Berlin stops at platform 12 today.	Treni ya kasi kwenda Berlin leo inasimama jukwaa namba kumi na mbili.	treni y-a kasi kw-end-a Berlin leo i-na-simam-a jukwaa namba kumi na mbili	KL9.Zug KL9-GEN KL9.Geschwindigkeit KL15-gehen-IND Berlin heute KL9-PRÄS-halten-IND KL5.Bahnsteig KL9.Nummer zehn und zwei	CL9.train CL9-GEN CL9.speed CL15-go-IND Berlin today CL9-PRS-stop-IND CL5.platform CL9.number ten and two	treni Kl. 9/10 (Ø/n-) → treni  — Numerus nur an der Konkordanz  [Lehnwort] · jukwaa Kl. 5/6 (ji-/Ø › ma-) → majukwaa  [Bahnsteig] · namba Kl. 9/10 (Ø/n-) → namba  — Numerus nur an der Konkordanz  [Lehnwort]	treni class 9/10 (Ø/n-) → treni  — number shows only in the agreement  [loanword] · jukwaa class 5/6 (ji-/Ø › ma-) → majukwaa  [platform] · namba class 9/10 (Ø/n-) → namba  — number shows only in the agreement  [loanword]	Kl.9: SUBJ i- · ADJ Ø/n- · GEN ya · DEM hii/ile · POSS y- · REL -yo · Kl.5: SUBJ li- · ADJ ji-/Ø · GEN la · DEM hili/lile · POSS l- · REL -lo	class 9: SUBJ i- · ADJ Ø/n- · GEN ya · DEM hii/ile · POSS y- · REL -yo · class 5: SUBJ li- · ADJ ji-/Ø · GEN la · DEM hili/lile · POSS l- · REL -lo	zwölf = kumi na mbili	A1 SD1 G Gleis
355	16	G	das Glück	0	Viel Glück!	Good luck!	Bahati njema!	bahati n-jema	KL9.Glück KL9-gut	CL9.luck CL9-good	bahati Kl. 9/10 (Ø/n-) → bahati  — Numerus nur an der Konkordanz	bahati class 9/10 (Ø/n-) → bahati  — number shows only in the agreement	Kl.9: SUBJ i- · ADJ Ø/n- · GEN ya · DEM hii/ile · POSS y- · REL -yo	class 9: SUBJ i- · ADJ Ø/n- · GEN ya · DEM hii/ile · POSS y- · REL -yo	njema mit Nasalpräfix der Kl.9	A1 SD1 G Glück
356	16	G	glücklich	0	Meine Kinder sind glücklich verheiratet.	My children are happily married.	Watoto wangu wameoa kwa furaha.	watoto w-angu wa-me-o-a kwa furaha	KL2.Kind KL2-mein KL2-PERF-heiraten-IND mit KL9.Freude	CL2.child CL2-my CL2-PRF-marry-IND with CL9.joy	mtoto Kl. 1/2 (m-/mw- › wa-) → watoto	mtoto class 1/2 (m-/mw- › wa-) → watoto	Kl.1: SUBJ a- · ADJ m-/mw- · GEN wa · DEM huyu/yule · POSS w- · REL -ye	class 1: SUBJ a- · ADJ m-/mw- · GEN wa · DEM huyu/yule · POSS w- · REL -ye	kuoa heiratet eine Frau, kuolewa einen Mann	A1 SD1 G glücklich
357	16	G	der Glückwunsch	0	Herzlichen Glückwunsch zum Geburtstag.	Happy birthday.	Hongera kwa siku yako ya kuzaliwa.	hongera kwa siku y-ako y-a ku-zali-w-a	KL9.Glückwunsch für KL9.Tag KL9-dein KL9-GEN KL15-gebären-PASS-IND	CL9.congratulation for CL9.day CL9-your CL9-GEN CL15-bear-PASS-IND	hongera Kl. 9/10 (Ø/n-) → hongera  — Numerus nur an der Konkordanz · siku ya kuzaliwa Kl. 9/10 (Ø/n-) → siku za kuzaliwa  [Genitiv kongruiert mit dem Kopfnomen]	hongera class 9/10 (Ø/n-) → hongera  — number shows only in the agreement · siku ya kuzaliwa class 9/10 (Ø/n-) → siku za kuzaliwa  [genitive agrees with the head noun]	Kl.9: SUBJ i- · ADJ Ø/n- · GEN ya · DEM hii/ile · POSS y- · REL -yo	class 9: SUBJ i- · ADJ Ø/n- · GEN ya · DEM hii/ile · POSS y- · REL -yo	Zweifache Kl.9-Kongruenz: yako und ya	A1 SD1 G Glückwunsch
358	16	G	Grad (Celsius)	0	Heute haben wir dreißig Grad.	Today we have thirty degrees.	Leo tuna nyuzi joto thelathini.	leo tu-na nyuzi joto thelathini	heute 1PL-haben KL10.Grad KL9.Hitze dreißig	today 1PL-have CL10.degree CL9.heat thirty			Kl.10: SUBJ zi- · ADJ Ø/n- · GEN za · DEM hizi/zile · POSS z- · REL -zo · Kl.9: SUBJ i- · ADJ Ø/n- · GEN ya · DEM hii/ile · POSS y- · REL -yo	class 10: SUBJ zi- · ADJ Ø/n- · GEN za · DEM hizi/zile · POSS z- · REL -zo · class 9: SUBJ i- · ADJ Ø/n- · GEN ya · DEM hii/ile · POSS y- · REL -yo	Grad Celsius = nyuzi joto	A1 SD1 G Grad__Celsius_
359	16	G	gratulieren	0	Ich gratuliere dir!	Congratulations!	Nakupongeza!	na-ku-pongez-a	1SG.PRÄS.ALLG-OBJ2SG-gratulieren-IND	1SG.PRS.GNRL-OBJ2SG-congratulate-IND					Objektpräfix -ku- für dich	A1 SD1 G gratulieren
360	16	G	grillen	0	Heute grillen wir im Garten.	Today we are having a barbecue in the garden.	Leo tunachoma nyama bustanini.	leo tu-na-chom-a nyama bustani-ni	heute 1PL-PRÄS-grillen-IND KL9.Fleisch KL9.Garten-LOK	today 1PL-PRS-barbecue-IND CL9.meat CL9.garden-LOC	nyama Kl. 9/10 (Ø/n-) → nyama  — Numerus nur an der Konkordanz	nyama class 9/10 (Ø/n-) → nyama  — number shows only in the agreement	Kl.9: SUBJ i- · ADJ Ø/n- · GEN ya · DEM hii/ile · POSS y- · REL -yo	class 9: SUBJ i- · ADJ Ø/n- · GEN ya · DEM hii/ile · POSS y- · REL -yo	"grillen = kuchoma nyama, ""Fleisch brennen"""	A1 SD1 G grillen
361	16	G	groß	0	Mein Bruder und ich sind gleich groß.	My brother and I are the same height.	Kaka yangu na mimi tuna urefu sawa.	kaka y-angu na mimi tu-na urefu sawa	KL9/KL1.Bruder KL9-mein und ich 1PL-haben KL14.Größe gleich	CL9/CL1.brother CL9-my and I 1PL-have CL14.size same	kaka Kl. 9/10 (Ø/n-) → kaka  — Numerus nur an der Konkordanz  [Person: Form Kl. 9/10, Kongruenz Kl. 1/2]	kaka class 9/10 (Ø/n-) → kaka  — number shows only in the agreement  [person: form class 9/10, agreement class 1/2]	Kl.1: SUBJ a- · ADJ m-/mw- · GEN wa · DEM huyu/yule · POSS w- · REL -ye	class 1: SUBJ a- · ADJ m-/mw- · GEN wa · DEM huyu/yule · POSS w- · REL -ye	Größe haben statt groß sein	A1 SD1 G groß
362	16	G	groß	0	Frankfurt ist eine große Stadt.	Frankfurt is a big city.	Frankfurt ni mji mkubwa.	Frankfurt ni m-ji m-kubwa	Frankfurt KOP KL3-Stadt KL3-groß	Frankfurt COP CL3-town CL3-big	mji Kl. 3/4 (m-/mw- › mi-) → miji	mji class 3/4 (m-/mw- › mi-) → miji	Kl.3: SUBJ u- · ADJ m-/mw- · GEN wa · DEM huu/ule · POSS w- · REL -o	class 3: SUBJ u- · ADJ m-/mw- · GEN wa · DEM huu/ule · POSS w- · REL -o	mkubwa kongruiert mit mji Kl.3	A1 SD1 G groß
363	16	G	die Größe	1	Haben Sie das auch in Größe 40?	Do you have this in size 40 as well?	Mnayo hii pia kwa ukubwa arobaini?	m-na-yo hii pia kwa ukubwa arobaini	2PL-haben-REL9 KL9.DEM auch für KL14.Größe vierzig	2PL-have-REL9 CL9.DEM also for CL14.size forty	ukubwa Kl. 14 (u-), kein Numeruswechsel  [Abstraktum]	ukubwa class 14 (u-), no number change  [abstract noun]	Kl.14: SUBJ u- · ADJ m-/mw- · GEN wa · DEM huu/ule · POSS w- · REL -o	class 14: SUBJ u- · ADJ m-/mw- · GEN wa · DEM huu/ule · POSS w- · REL -o	ukubwa ist Kl.14, ein Abstraktum	A1 SD1 G Größe
364	16	G	die Großeltern (pl.)	0	Meine Großeltern leben in Japan.	My grandparents live in Japan.	Babu na bibi wangu wanakaa Japani.	babu na bibi w-angu wa-na-ka-a Japani	KL9/KL1.Großvater und KL9/KL1.Großmutter KL2-mein KL2-PRÄS-wohnen-IND Japan	CL9/CL1.grandfather and CL9/CL1.grandmother CL2-my CL2-PRS-live-IND Japan	babu Kl. 9/10 (Ø/n-) → babu  — Numerus nur an der Konkordanz  [Person: Form Kl. 9/10, Kongruenz Kl. 1/2] · bibi Kl. 5/6 (ji-/Ø › ma-) → mabibi  [Person: Form Kl. 5/6, Kongruenz Kl. 1/2]	babu class 9/10 (Ø/n-) → babu  — number shows only in the agreement  [person: form class 9/10, agreement class 1/2] · bibi class 5/6 (ji-/Ø › ma-) → mabibi  [person: form class 5/6, agreement class 1/2]	Kl.1: SUBJ a- · ADJ m-/mw- · GEN wa · DEM huyu/yule · POSS w- · REL -ye	class 1: SUBJ a- · ADJ m-/mw- · GEN wa · DEM huyu/yule · POSS w- · REL -ye	Großeltern als babu na bibi, Kongruenz Kl.2	A1 SD1 G Großeltern__pl__
365	16	G	die Großmutter	1	Meine Großmutter heißt Eva.	My grandmother is called Eva.	Bibi yangu anaitwa Eva.	bibi y-angu a-na-it-w-a Eva	KL9/KL1.Großmutter KL9-mein 3SG-PRÄS-nennen-PASS-IND Eva	CL9/CL1.grandmother CL9-my 3SG-PRS-call-PASS-IND Eva	bibi Kl. 5/6 (ji-/Ø › ma-) → mabibi  [Person: Form Kl. 5/6, Kongruenz Kl. 1/2]	bibi class 5/6 (ji-/Ø › ma-) → mabibi  [person: form class 5/6, agreement class 1/2]	Kl.1: SUBJ a- · ADJ m-/mw- · GEN wa · DEM huyu/yule · POSS w- · REL -ye	class 1: SUBJ a- · ADJ m-/mw- · GEN wa · DEM huyu/yule · POSS w- · REL -ye	yangu Kl.9, Verbkongruenz a- aber Kl.1	A1 SD1 G Großmutter
366	16	G	der Großvater	1	Mein Großvater ist schon 80.	My grandfather is already 80.	Babu yangu ana miaka themanini tayari.	babu y-angu a-na mi-aka themanini tayari	KL9/KL1.Großvater KL9-mein 3SG-haben KL4-Jahr achtzig schon	CL9/CL1.grandfather CL9-my 3SG-have CL4-year eighty already	babu Kl. 9/10 (Ø/n-) → babu  — Numerus nur an der Konkordanz  [Person: Form Kl. 9/10, Kongruenz Kl. 1/2] · mwaka wa kuzaliwa Kl. 3/4 (m-/mw- › mi-) → miaka ya kuzaliwa  [Genitiv kongruiert mit dem Kopfnomen]	babu class 9/10 (Ø/n-) → babu  — number shows only in the agreement  [person: form class 9/10, agreement class 1/2] · mwaka wa kuzaliwa class 3/4 (m-/mw- › mi-) → miaka ya kuzaliwa  [genitive agrees with the head noun]	Kl.1: SUBJ a- · ADJ m-/mw- · GEN wa · DEM huyu/yule · POSS w- · REL -ye · Kl.3: SUBJ u- · ADJ m-/mw- · GEN wa · DEM huu/ule · POSS w- · REL -o	class 1: SUBJ a- · ADJ m-/mw- · GEN wa · DEM huyu/yule · POSS w- · REL -ye · class 3: SUBJ u- · ADJ m-/mw- · GEN wa · DEM huu/ule · POSS w- · REL -o	"Alter durch ""Jahre haben"""	A1 SD1 G Großvater
367	16	G	die Gruppe, -n	0	Die erste Gruppe beginnt um 16 Uhr.	The first group begins at 16.00.	Kikundi cha kwanza kinaanza saa kumi.	ki-kundi ch-a kwanza ki-na-anz-a saa kumi	KL7-Gruppe KL7-GEN erste KL7-PRÄS-anfangen-IND KL9.Stunde zehn	CL7-group CL7-GEN first CL7-PRS-begin-IND CL9.hour ten	"kikundi Kl. 7/8 (ki- › vi-) → vikundi · saa Kl. 9/10 (Ø/n-) → saa  — Numerus nur an der Konkordanz  [auch ""Uhr""]"	"kikundi class 7/8 (ki- › vi-) → vikundi · saa class 9/10 (Ø/n-) → saa  — number shows only in the agreement  [also ""clock""]"	Kl.7: SUBJ ki- · ADJ ki- · GEN cha · DEM hiki/kile · POSS ch- · REL -cho · Kl.9: SUBJ i- · ADJ Ø/n- · GEN ya · DEM hii/ile · POSS y- · REL -yo	class 7: SUBJ ki- · ADJ ki- · GEN cha · DEM hiki/kile · POSS ch- · REL -cho · class 9: SUBJ i- · ADJ Ø/n- · GEN ya · DEM hii/ile · POSS y- · REL -yo	saa kumi = 16 Uhr, zehnte Stunde nach Sonnenaufgang	A1 SD1 G Gruppe
368	16	G	der Gruß, -ü, e	0	Viele Grüße an Ihre Frau.	Best wishes to your wife.	Salamu nyingi kwa mke wako.	salamu ny-ingi kwa mke w-ako	KL10.Gruß KL10-viele für KL1.Ehefrau KL1-dein	CL10.greeting CL10-many for CL1.wife CL1-your	"salamu Kl. 9/10 (Ø/n-) → salamu  — Numerus nur an der Konkordanz · mke Kl. 1/2 (m-/mw- › wa-) → wake  [Ehemann = ""mume"" Kl. 1/2]"	"salamu class 9/10 (Ø/n-) → salamu  — number shows only in the agreement · mke class 1/2 (m-/mw- › wa-) → wake  [husband = ""mume"" class 1/2]"	Kl.9: SUBJ i- · ADJ Ø/n- · GEN ya · DEM hii/ile · POSS y- · REL -yo · Kl.1: SUBJ a- · ADJ m-/mw- · GEN wa · DEM huyu/yule · POSS w- · REL -ye	class 9: SUBJ i- · ADJ Ø/n- · GEN ya · DEM hii/ile · POSS y- · REL -yo · class 1: SUBJ a- · ADJ m-/mw- · GEN wa · DEM huyu/yule · POSS w- · REL -ye	salamu ist Kl.9 und Kl.10 gleich	A1 SD1 G Gruß
369	16	G	der Gruß, -ü, e	0	Mit freundlichen Grüßen	With kind regards	Kwa salamu za heri	kwa salamu z-a heri	mit KL10.Gruß KL10-GEN KL9.Segen	with CL10.greeting CL10-GEN CL9.blessing	salamu Kl. 9/10 (Ø/n-) → salamu  — Numerus nur an der Konkordanz	salamu class 9/10 (Ø/n-) → salamu  — number shows only in the agreement	Kl.9: SUBJ i- · ADJ Ø/n- · GEN ya · DEM hii/ile · POSS y- · REL -yo	class 9: SUBJ i- · ADJ Ø/n- · GEN ya · DEM hii/ile · POSS y- · REL -yo	Briefschluss ohne Satzzeichen	A1 SD1 G Gruß
370	16	G	gültig	0	Der Pass ist nicht mehr gültig.	The passport is no longer valid.	Pasipoti haifai tena.	pasipoti hai-fa-i tena	KL9.Pass KL9.NEG-taugen-NEG mehr	CL9.passport CL9.NEG-be.valid-NEG more	pasipoti Kl. 9/10 (Ø/n-) → pasipoti  — Numerus nur an der Konkordanz  [Lehnwort]	pasipoti class 9/10 (Ø/n-) → pasipoti  — number shows only in the agreement  [loanword]	Kl.9: SUBJ i- · ADJ Ø/n- · GEN ya · DEM hii/ile · POSS y- · REL -yo	class 9: SUBJ i- · ADJ Ø/n- · GEN ya · DEM hii/ile · POSS y- · REL -yo	kufaa heißt taugen, gültig sein	A1 SD1 G gültig
371	16	G	günstig	0	Dort gibt es günstige Angebote.	There are good offers there.	Huko kuna ofa nafuu.	huko ku-na ofa nafuu	dort KL17-mit KL10.Angebot günstig	there CL17-with CL10.offer good.value	ofa Kl. 9/10 (Ø/n-) → ofa  — Numerus nur an der Konkordanz  [Lehnwort]	ofa class 9/10 (Ø/n-) → ofa  — number shows only in the agreement  [loanword]	Kl.9: SUBJ i- · ADJ Ø/n- · GEN ya · DEM hii/ile · POSS y- · REL -yo	class 9: SUBJ i- · ADJ Ø/n- · GEN ya · DEM hii/ile · POSS y- · REL -yo	nafuu bleibt unverändert	A1 SD1 G günstig
372	16	G	gut	0	Das finde ich gut.	I think that is good.	Hii naiona nzuri.	hii na-i-on-a n-zuri	KL9.DEM 1SG.PRÄS.ALLG-OBJ9-sehen-IND KL9-gut	CL9.DEM 1SG.PRS.GNRL-OBJ9-see-IND CL9-good			Kl.9: SUBJ i- · ADJ Ø/n- · GEN ya · DEM hii/ile · POSS y- · REL -yo	class 9: SUBJ i- · ADJ Ø/n- · GEN ya · DEM hii/ile · POSS y- · REL -yo	finden = kuona, wörtlich sehen	A1 SD1 G gut
373	16	G	gut	0	Ich komme um 13 Uhr. – Gut!	I will come at 13.00. - Good!	Nakuja saa saba. - Vizuri!	na-kuj-a saa saba vi-zuri	1SG.PRÄS.ALLG-kommen-IND KL9.Stunde sieben KL8-gut	1SG.PRS.GNRL-come-IND CL9.hour seven CL8-good	"saa Kl. 9/10 (Ø/n-) → saa  — Numerus nur an der Konkordanz  [auch ""Uhr""]"	"saa class 9/10 (Ø/n-) → saa  — number shows only in the agreement  [also ""clock""]"	Kl.9: SUBJ i- · ADJ Ø/n- · GEN ya · DEM hii/ile · POSS y- · REL -yo	class 9: SUBJ i- · ADJ Ø/n- · GEN ya · DEM hii/ile · POSS y- · REL -yo	saa saba = 13 Uhr, siebte Stunde	A1 SD1 G gut
374	16	G	gut	0	Guten Morgen!	Good morning!	Habari za asubuhi!	habari z-a asubuhi	KL10.Nachricht KL10-GEN KL9.Morgen	CL10.news CL10-GEN CL9.morning			Kl.10: SUBJ zi- · ADJ Ø/n- · GEN za · DEM hizi/zile · POSS z- · REL -zo · Kl.9: SUBJ i- · ADJ Ø/n- · GEN ya · DEM hii/ile · POSS y- · REL -yo	class 10: SUBJ zi- · ADJ Ø/n- · GEN za · DEM hizi/zile · POSS z- · REL -zo · class 9: SUBJ i- · ADJ Ø/n- · GEN ya · DEM hii/ile · POSS y- · REL -yo	Gruß fragt nach den Nachrichten des Morgens	A1 SD1 G gut
375	16	G	gut	0	Ein gutes neues Jahr!	Happy New Year!	Mwaka mpya mwema!	mw-aka m-pya mw-ema	KL3-Jahr KL3-neu KL3-gut	CL3-year CL3-new CL3-good	mwaka wa kuzaliwa Kl. 3/4 (m-/mw- › mi-) → miaka ya kuzaliwa  [Genitiv kongruiert mit dem Kopfnomen]	mwaka wa kuzaliwa class 3/4 (m-/mw- › mi-) → miaka ya kuzaliwa  [genitive agrees with the head noun]	Kl.3: SUBJ u- · ADJ m-/mw- · GEN wa · DEM huu/ule · POSS w- · REL -o	class 3: SUBJ u- · ADJ m-/mw- · GEN wa · DEM huu/ule · POSS w- · REL -o	Dreifache Kl.3-Kongruenz in drei Wörtern	A1 SD1 G gut
376	16	G	gut	0	Guten Appetit!	Enjoy your meal!	Karibu chakula!	karibu chakula	willkommen KL7.Essen	welcome CL7.food	chakula Kl. 7/8 (ki- › vi-) → vyakula	chakula class 7/8 (ki- › vi-) → vyakula	Kl.7: SUBJ ki- · ADJ ki- · GEN cha · DEM hiki/kile · POSS ch- · REL -cho	class 7: SUBJ ki- · ADJ ki- · GEN cha · DEM hiki/kile · POSS ch- · REL -cho	karibu lädt ein, es ist kein Wunsch	A1 SD1 G gut
377	16	H	das Haar, -e	0	Sie hat lange Haare.	She has long hair.	Ana nywele ndefu.	a-na nywele n-defu	3SG-haben KL10.Haar KL10-lang	3SG-have CL10.hair CL10-long	"unywele Kl. 11/10 (u- › Ø/n-) → nywele  [meist Plural ""nywele""]"	"unywele class 11/10 (u- › Ø/n-) → nywele  [usually plural ""nywele""]"	Kl.11: SUBJ u- · ADJ m-/mw- · GEN wa · DEM huu/ule · POSS w- · REL -o	class 11: SUBJ u- · ADJ m-/mw- · GEN wa · DEM huu/ule · POSS w- · REL -o	nywele Kl.10, Singular unywele Kl.11	A1 SD1 H Haar
378	16	H	haben	0	Ich habe ein neues Auto.	I have a new car.	Nina gari jipya.	ni-na gari ji-pya	1SG-haben KL5.Auto KL5-neu	1SG-have CL5.car CL5-new	gari Kl. 5/6 (ji-/Ø › ma-) → magari	gari class 5/6 (ji-/Ø › ma-) → magari	Kl.5: SUBJ li- · ADJ ji-/Ø · GEN la · DEM hili/lile · POSS l- · REL -lo	class 5: SUBJ li- · ADJ ji-/Ø · GEN la · DEM hili/lile · POSS l- · REL -lo	jipya mit ji-Präfix der Kl.5	A1 SD1 H haben
379	16	H	das Hähnchen, -	0	Ein Hähnchen mit Pommes bitte!	Chicken and chips, please!	Kuku mmoja na chipsi tafadhali!	kuku m-moja na chipsi tafadhali	KL9.Hähnchen KL1-eins und KL10.Pommes bitte	CL9.chicken CL1-one and CL10.chips please	kuku Kl. 9/10 (Ø/n-) → kuku  — Numerus nur an der Konkordanz · chipsi Kl. 10 (Ø/n-), kein Numeruswechsel  [nur Plural, Lehnwort]	kuku class 9/10 (Ø/n-) → kuku  — number shows only in the agreement · chipsi class 10 (Ø/n-), no number change  [plural only, loanword]	Kl.9: SUBJ i- · ADJ Ø/n- · GEN ya · DEM hii/ile · POSS y- · REL -yo · Kl.10: SUBJ zi- · ADJ Ø/n- · GEN za · DEM hizi/zile · POSS z- · REL -zo	class 9: SUBJ i- · ADJ Ø/n- · GEN ya · DEM hii/ile · POSS y- · REL -yo · class 10: SUBJ zi- · ADJ Ø/n- · GEN za · DEM hizi/zile · POSS z- · REL -zo	Tiere nehmen oft die Personenkongruenz	A1 SD1 H Hähnchen
380	16	H	die Halbpension	0	Möchten Sie Vollpension oder Halbpension?	Would you like full board or half board?	Mnataka malazi na chakula chote au chakula kimoja?	m-na-tak-a ma-lazi na chakula ch-ote au chakula ki-moja	2PL-PRÄS-wollen-IND KL6-Unterkunft und KL7.Essen KL7-alle oder KL7.Essen KL7-eins	2PL-PRS-want-IND CL6-accommodation and CL7.food CL7-all or CL7.food CL7-one	malazi na chakula kimoja Kl. 6 (ma-), kein Numeruswechsel  [feste Fuegung] · chakula Kl. 7/8 (ki- › vi-) → vyakula	malazi na chakula kimoja class 6 (ma-), no number change  [fixed expression] · chakula class 7/8 (ki- › vi-) → vyakula	Kl.6: SUBJ ya- · ADJ ma- · GEN ya · DEM haya/yale · POSS y- · REL -yo · Kl.7: SUBJ ki- · ADJ ki- · GEN cha · DEM hiki/kile · POSS ch- · REL -cho	class 6: SUBJ ya- · ADJ ma- · GEN ya · DEM haya/yale · POSS y- · REL -yo · class 7: SUBJ ki- · ADJ ki- · GEN cha · DEM hiki/kile · POSS ch- · REL -cho	chote und kimoja kongruieren mit chakula Kl.7	A1 SD1 H Halbpension
381	16	H	die Halle	0	Wir treffen uns in Halle B	We are meeting in hall B	Tunakutana ukumbi B	tu-na-kut-an-a ukumbi B	1PL-PRÄS-treffen-REZ-IND KL11.Halle B	1PL-PRS-meet-RECP-IND CL11.hall B	ukumbi Kl. 11/10 (u- › Ø/n-) → kumbi	ukumbi class 11/10 (u- › Ø/n-) → kumbi	Kl.11: SUBJ u- · ADJ m-/mw- · GEN wa · DEM huu/ule · POSS w- · REL -o	class 11: SUBJ u- · ADJ m-/mw- · GEN wa · DEM huu/ule · POSS w- · REL -o	ukumbi Kl.11, Plural kumbi Kl.10	A1 SD1 H Halle
382	16	H	hallo	0	Hallo Inge! Wie geht’s?	Hello Inge! How are you?	Hujambo Inge! Habari?	hu-jambo Inge habari	2SG.NEG-Sache Inge KL10.Nachricht	2SG.NEG-matter Inge CL10.news			Kl.10: SUBJ zi- · ADJ Ø/n- · GEN za · DEM hizi/zile · POSS z- · REL -zo	class 10: SUBJ zi- · ADJ Ø/n- · GEN za · DEM hizi/zile · POSS z- · REL -zo	"hujambo heißt wörtlich ""du hast keine Sache"""	A1 SD1 H hallo
383	17	H	halten	0	Dieser Zug hält nicht in Rüdesheim.	This train does not stop in Rüdesheim.	Treni hii haisimami Rüdesheim.	treni hii hai-simam-i Rüdesheim	KL9.Zug KL9.DEM KL9.NEG-halten-NEG Rüdesheim	CL9.train CL9.DEM CL9.NEG-stop-NEG Rüdesheim	treni Kl. 9/10 (Ø/n-) → treni  — Numerus nur an der Konkordanz  [Lehnwort]	treni class 9/10 (Ø/n-) → treni  — number shows only in the agreement  [loanword]	Kl.9: SUBJ i- · ADJ Ø/n- · GEN ya · DEM hii/ile · POSS y- · REL -yo	class 9: SUBJ i- · ADJ Ø/n- · GEN ya · DEM hii/ile · POSS y- · REL -yo	haisimami: Kl.9-Negation plus Endvokal -i	A1 SD1 H halten
384	17	H	die Haltestelle	0	An der nächsten Haltestelle müssen Sie aussteigen.	You have to get off at the next stop.	Kituo kinachofuata lazima mshuke.	ki-tuo ki-na-cho-fuat-a lazima m-shuk-e	KL7-Haltestelle KL7-PRÄS-REL7-folgen-IND muss 2PL-aussteigen-KONJ	CL7-stop CL7-PRS-REL7-follow-IND must 2PL-get.off-SBJV	kituo Kl. 7/8 (ki- › vi-) → vituo	kituo class 7/8 (ki- › vi-) → vituo	Kl.7: SUBJ ki- · ADJ ki- · GEN cha · DEM hiki/kile · POSS ch- · REL -cho	class 7: SUBJ ki- · ADJ ki- · GEN cha · DEM hiki/kile · POSS ch- · REL -cho	Relativinfix -cho- für Kl.7	A1 SD1 H Haltestelle
385	17	H	die Hand, -ä, e	0	Er gibt mir die Hand.	He shakes my hand.	Ananipa mkono.	a-na-ni-p-a m-kono	3SG-PRÄS-OBJ1SG-geben-IND KL3-Hand	3SG-PRS-OBJ1SG-give-IND CL3-hand	mkono Kl. 3/4 (m-/mw- › mi-) → mikono	mkono class 3/4 (m-/mw- › mi-) → mikono	Kl.3: SUBJ u- · ADJ m-/mw- · GEN wa · DEM huu/ule · POSS w- · REL -o	class 3: SUBJ u- · ADJ m-/mw- · GEN wa · DEM huu/ule · POSS w- · REL -o	mkono heißt Hand und Arm	A1 SD1 H Hand
386	17	H	das Handy, -s	0	In der Schule bitte die Handys ausmachen!	Please switch off your mobiles at school!	Shuleni tafadhali zimeni simu za mkononi!	shule-ni tafadhali zim-eni simu z-a m-kono-ni	KL9.Schule-LOK bitte ausmachen-IMP.PL KL10.Telefon KL10-GEN KL3-Hand-LOK	CL9.school-LOC please switch.off-IMP.PL CL10.phone CL10-GEN CL3-hand-LOC	simu Kl. 9/10 (Ø/n-) → simu  — Numerus nur an der Konkordanz	simu class 9/10 (Ø/n-) → simu  — number shows only in the agreement	Kl.9: SUBJ i- · ADJ Ø/n- · GEN ya · DEM hii/ile · POSS y- · REL -yo	class 9: SUBJ i- · ADJ Ø/n- · GEN ya · DEM hii/ile · POSS y- · REL -yo	"Handy wörtlich ""Telefon der Hand"""	A1 SD1 H Handy
387	17	H	das Haus, -ä, er	0	In welchem Haus wohnst du?	Which house do you live in?	Unakaa nyumba ipi?	u-na-ka-a nyumba ipi	2SG-PRÄS-wohnen-IND KL9.Haus KL9.welche	2SG-PRS-live-IND CL9.house CL9.which	nyumba Kl. 9/10 (Ø/n-) → nyumba  — Numerus nur an der Konkordanz	nyumba class 9/10 (Ø/n-) → nyumba  — number shows only in the agreement	Kl.9: SUBJ i- · ADJ Ø/n- · GEN ya · DEM hii/ile · POSS y- · REL -yo	class 9: SUBJ i- · ADJ Ø/n- · GEN ya · DEM hii/ile · POSS y- · REL -yo	Fragewort ipi kongruiert mit nyumba Kl.9	A1 SD1 H Haus
388	17	H	das Haus, -ä, er	0	Ich gehe jetzt nach Hause.	I am going home now.	Sasa naenda nyumbani.	sasa na-end-a nyumbani	jetzt 1SG.PRÄS.ALLG-gehen-IND KL9.Haus.LOK	now 1SG.PRS.GNRL-go-IND CL9.house.LOC			Kl.9: SUBJ i- · ADJ Ø/n- · GEN ya · DEM hii/ile · POSS y- · REL -yo	class 9: SUBJ i- · ADJ Ø/n- · GEN ya · DEM hii/ile · POSS y- · REL -yo	"nyumbani deckt ""nach Hause"" und ""zu Hause"" ab"	A1 SD1 H Haus
389	17	H	das Haus, -ä, er	0	Paul ist nicht zu Hause.	Paul is not at home.	Paul hayupo nyumbani.	Paul ha-yu-po nyumbani	Paul 3SG.NEG-KL1-sein.da KL9.Haus.LOK	Paul 3SG.NEG-CL1-be.there CL9.house.LOC			Kl.1: SUBJ a- · ADJ m-/mw- · GEN wa · DEM huyu/yule · POSS w- · REL -ye · Kl.9: SUBJ i- · ADJ Ø/n- · GEN ya · DEM hii/ile · POSS y- · REL -yo	class 1: SUBJ a- · ADJ m-/mw- · GEN wa · DEM huyu/yule · POSS w- · REL -ye · class 9: SUBJ i- · ADJ Ø/n- · GEN ya · DEM hii/ile · POSS y- · REL -yo	hayupo ist die Personenform von hakuna	A1 SD1 H Haus
390	17	H	die Hausaufgabe,-n	0	Kannst du mir bei den Hausaufgaben helfen?	Can you help me with my homework?	Unaweza kunisaidia kwa kazi za nyumbani?	u-na-wez-a ku-ni-saidi-a kwa kazi z-a nyumbani	2SG-PRÄS-können-IND KL15-OBJ1SG-helfen-IND bei KL10.Aufgabe KL10-GEN KL9.Haus.LOK	2SG-PRS-can-IND CL15-OBJ1SG-help-IND at CL10.task CL10-GEN CL9.house.LOC	kazi Kl. 9/10 (Ø/n-) → kazi  — Numerus nur an der Konkordanz	kazi class 9/10 (Ø/n-) → kazi  — number shows only in the agreement	Kl.9: SUBJ i- · ADJ Ø/n- · GEN ya · DEM hii/ile · POSS y- · REL -yo	class 9: SUBJ i- · ADJ Ø/n- · GEN ya · DEM hii/ile · POSS y- · REL -yo	Hausaufgaben als kazi za nyumbani	A1 SD1 H Hausaufgabe
391	17	H	die Hausfrau, -en/der Hausmann	0	Die Hausfrau/der Hausmann wäscht, kocht und kauft ein.	The homemaker washes, cooks and shops.	Mama wa nyumbani anafua, anapika na ananunua vitu.	mama w-a nyumbani a-na-fu-a a-na-pik-a na a-na-nunu-a vi-tu	KL9/KL1.Hausfrau KL1-GEN KL9.Haus.LOK 3SG-PRÄS-waschen-IND 3SG-PRÄS-kochen-IND und 3SG-PRÄS-kaufen-IND KL8-Ding	CL9/CL1.housewife CL1-GEN CL9.house.LOC 3SG-PRS-wash-IND 3SG-PRS-cook-IND and 3SG-PRS-buy-IND CL8-thing	mama Kl. 9/10 (Ø/n-) → mama  — Numerus nur an der Konkordanz  [Person: Form Kl. 9/10, Kongruenz Kl. 1/2]	mama class 9/10 (Ø/n-) → mama  — number shows only in the agreement  [person: form class 9/10, agreement class 1/2]	Kl.1: SUBJ a- · ADJ m-/mw- · GEN wa · DEM huyu/yule · POSS w- · REL -ye	class 1: SUBJ a- · ADJ m-/mw- · GEN wa · DEM huyu/yule · POSS w- · REL -ye	kufua wäscht Wäsche, kuosha wäscht Geschirr	A1 SD1 H Hausfrau
392	17	H	die Heimat	0	Ich komme aus der Schweiz. Das ist meine Heimat.	I come from Switzerland. That is my home country.	Natoka Uswisi. Hiyo ni nchi yangu ya asili.	na-tok-a Uswisi hiyo ni nchi y-angu y-a asili	1SG.PRÄS.ALLG-kommen-IND Schweiz KL9.DEM KOP KL9.Land KL9-mein KL9-GEN KL9.Ursprung	1SG.PRS.GNRL-come-IND Switzerland CL9.DEM COP CL9.country CL9-my CL9-GEN CL9.origin	nchi Kl. 9/10 (Ø/n-) → nchi  — Numerus nur an der Konkordanz	nchi class 9/10 (Ø/n-) → nchi  — number shows only in the agreement	Kl.9: SUBJ i- · ADJ Ø/n- · GEN ya · DEM hii/ile · POSS y- · REL -yo	class 9: SUBJ i- · ADJ Ø/n- · GEN ya · DEM hii/ile · POSS y- · REL -yo	Ländernamen tragen oft das u- der Kl.11	A1 SD1 H Heimat
393	17	H	heiraten	0	Meine Schwester heiratet einen Japaner.	My sister is marrying a Japanese man.	Dada yangu anaolewa na Mjapani.	dada y-angu a-na-ol-ew-a na M-japani	KL9/KL1.Schwester KL9-mein 3SG-PRÄS-heiraten-PASS-IND mit KL1-Japaner	CL9/CL1.sister CL9-my 3SG-PRS-marry-PASS-IND with CL1-Japanese	dada Kl. 9/10 (Ø/n-) → dada  — Numerus nur an der Konkordanz  [Person: Form Kl. 9/10, Kongruenz Kl. 1/2]	dada class 9/10 (Ø/n-) → dada  — number shows only in the agreement  [person: form class 9/10, agreement class 1/2]	Kl.1: SUBJ a- · ADJ m-/mw- · GEN wa · DEM huyu/yule · POSS w- · REL -ye	class 1: SUBJ a- · ADJ m-/mw- · GEN wa · DEM huyu/yule · POSS w- · REL -ye	Die Frau heiratet im Passiv: kuolewa	A1 SD1 H heiraten
394	17	H	heißen	0	Ich heiße Charlotte Meier.	My name is Charlotte Meier.	Naitwa Charlotte Meier.	na-it-w-a Charlotte Meier	1SG.PRÄS.ALLG-nennen-PASS-IND Charlotte Meier	1SG.PRS.GNRL-call-PASS-IND Charlotte Meier					heißen steht stets im Passiv	A1 SD1 H heißen
395	17	H	heißen	0	Wie heißt das auf Deutsch?	What is this called in German?	Hii inaitwaje kwa Kijerumani?	hii i-na-it-w-a-je kwa Ki-jerumani	KL9.DEM KL9-PRÄS-nennen-PASS-IND-wie für KL7-Deutsch	CL9.DEM CL9-PRS-call-PASS-IND-how for CL7-German			Kl.9: SUBJ i- · ADJ Ø/n- · GEN ya · DEM hii/ile · POSS y- · REL -yo · Kl.7: SUBJ ki- · ADJ ki- · GEN cha · DEM hiki/kile · POSS ch- · REL -cho	class 9: SUBJ i- · ADJ Ø/n- · GEN ya · DEM hii/ile · POSS y- · REL -yo · class 7: SUBJ ki- · ADJ ki- · GEN cha · DEM hiki/kile · POSS ch- · REL -cho	Fragesuffix -je tritt an das Verbende	A1 SD1 H heißen
396	17	H	helfen	0	Können Sie mir helfen, bitte?	Can you help me, please?	Mnaweza kunisaidia, tafadhali?	m-na-wez-a ku-ni-saidi-a tafadhali	2PL-PRÄS-können-IND KL15-OBJ1SG-helfen-IND bitte	2PL-PRS-can-IND CL15-OBJ1SG-help-IND please			Kl.15: SUBJ ku- · ADJ ku- · GEN kwa · DEM huku/kule · POSS kw- · REL -ko	class 15: SUBJ ku- · ADJ ku- · GEN kwa · DEM huku/kule · POSS kw- · REL -ko	Objektpräfix -ni- für mir	A1 SD1 H helfen
397	17	H	hell	0	Im Sommer ist es bis 21 Uhr hell.	In summer it is light until 21.00.	Kiangazi kuna mwanga hadi saa tatu usiku.	ki-angazi ku-na mw-anga hadi saa tatu usiku	KL7-Sommer KL17-mit KL3-Licht bis KL9.Stunde drei KL11.Nacht	CL7-summer CL17-with CL3-light until CL9.hour three CL11.night	"mwanga Kl. 3/4 (m-/mw- › mi-) → mianga  [Lampe = ""taa"" Kl. 9/10] · saa Kl. 9/10 (Ø/n-) → saa  — Numerus nur an der Konkordanz  [auch ""Uhr""]"	"mwanga class 3/4 (m-/mw- › mi-) → mianga  [lamp = ""taa"" class 9/10] · saa class 9/10 (Ø/n-) → saa  — number shows only in the agreement  [also ""clock""]"	Kl.3: SUBJ u- · ADJ m-/mw- · GEN wa · DEM huu/ule · POSS w- · REL -o · Kl.9: SUBJ i- · ADJ Ø/n- · GEN ya · DEM hii/ile · POSS y- · REL -yo	class 3: SUBJ u- · ADJ m-/mw- · GEN wa · DEM huu/ule · POSS w- · REL -o · class 9: SUBJ i- · ADJ Ø/n- · GEN ya · DEM hii/ile · POSS y- · REL -yo	saa tatu usiku = 21 Uhr, dritte Stunde der Nacht	A1 SD1 H hell
398	17	H	der Herd	0	In der neuen Küche fehlt noch der Herd.	The cooker is still missing in the new kitchen.	Jikoni jipya hakuna jiko bado.	jiko-ni ji-pya haku-na jiko bado	KL5.Küche-LOK KL5-neu KL17.NEG-mit KL5.Herd noch	CL5.kitchen-LOC CL5-new CL17.NEG-with CL5.cooker still	jiko Kl. 5/6 (ji-/Ø › ma-) → majiko	jiko class 5/6 (ji-/Ø › ma-) → majiko	Kl.5: SUBJ li- · ADJ ji-/Ø · GEN la · DEM hili/lile · POSS l- · REL -lo	class 5: SUBJ li- · ADJ ji-/Ø · GEN la · DEM hili/lile · POSS l- · REL -lo	jiko heißt Küche und Herd zugleich; jipya kongruiert mit Kl.5	A1 SD1 H Herd
399	17	H	der Herr, -en	0	Guten Tag, Herr Sommer!	Good afternoon, Mr Sommer!	Habari za siku, Bwana Sommer!	habari z-a siku bwana Sommer	KL10.Nachricht KL10-GEN KL9.Tag KL5/KL1.Herr Sommer	CL10.news CL10-GEN CL9.day CL5/CL1.mister summer	siku ya kuzaliwa Kl. 9/10 (Ø/n-) → siku za kuzaliwa  [Genitiv kongruiert mit dem Kopfnomen] · bwana Kl. 5/6 (ji-/Ø › ma-) → mabwana  [Person: Form Kl. 5/6, Kongruenz Kl. 1/2]	siku ya kuzaliwa class 9/10 (Ø/n-) → siku za kuzaliwa  [genitive agrees with the head noun] · bwana class 5/6 (ji-/Ø › ma-) → mabwana  [person: form class 5/6, agreement class 1/2]	Kl.9: SUBJ i- · ADJ Ø/n- · GEN ya · DEM hii/ile · POSS y- · REL -yo · Kl.1: SUBJ a- · ADJ m-/mw- · GEN wa · DEM huyu/yule · POSS w- · REL -ye	class 9: SUBJ i- · ADJ Ø/n- · GEN ya · DEM hii/ile · POSS y- · REL -yo · class 1: SUBJ a- · ADJ m-/mw- · GEN wa · DEM huyu/yule · POSS w- · REL -ye	bwana ist Kl.5, kongruiert als Person Kl.1	A1 SD1 H Herr
400	17	H	herzlich	0	Herzlichen Glückwunsch!	Heartfelt congratulations!	Hongera za moyo!	hongera z-a moyo	KL10.Glückwunsch KL10-GEN KL3.Herz	CL10.congratulation CL10-GEN CL3.heart	hongera Kl. 9/10 (Ø/n-) → hongera  — Numerus nur an der Konkordanz	hongera class 9/10 (Ø/n-) → hongera  — number shows only in the agreement	Kl.9: SUBJ i- · ADJ Ø/n- · GEN ya · DEM hii/ile · POSS y- · REL -yo	class 9: SUBJ i- · ADJ Ø/n- · GEN ya · DEM hii/ile · POSS y- · REL -yo	"za moyo heißt wörtlich ""des Herzens"""	A1 SD1 H herzlich
401	17	H	heute	0	Heute ist ein schöner Tag.	Today is a lovely day.	Leo ni siku nzuri.	leo ni siku n-zuri	heute KOP KL9.Tag KL9-gut	today COP CL9.day CL9-good	siku ya kuzaliwa Kl. 9/10 (Ø/n-) → siku za kuzaliwa  [Genitiv kongruiert mit dem Kopfnomen]	siku ya kuzaliwa class 9/10 (Ø/n-) → siku za kuzaliwa  [genitive agrees with the head noun]	Kl.9: SUBJ i- · ADJ Ø/n- · GEN ya · DEM hii/ile · POSS y- · REL -yo	class 9: SUBJ i- · ADJ Ø/n- · GEN ya · DEM hii/ile · POSS y- · REL -yo	nzuri mit Nasalpräfix der Kl.9	A1 SD1 H heute
402	17	H	hier	0	Hier ist 06131-553221, Pamela Linke.	This is 06131-553221, Pamela Linke.	Hapa ni 06131-553221, Pamela Linke.	hapa ni Pamela Linke	hier KOP Pamela Linke	here COP Pamela Linke					Am Telefon nennt man sich mit hapa ni	A1 SD1 H hier
403	17	H	hier	0	Hier wohne ich.	This is where I live.	Nakaa hapa.	na-ka-a hapa	1SG.PRÄS.ALLG-wohnen-IND hier	1SG.PRS.GNRL-live-IND here					hapa ist ein Ortswort der Kl.16	A1 SD1 H hier
404	17	H	die Hilfe	0	Hilfe! Bitte helfen Sie mir!	Help! Please help me!	Msaada! Tafadhali nisaidieni!	m-saada tafadhali ni-saidi-eni	KL3-Hilfe bitte OBJ1SG-helfen-IMP.PL	CL3-help please OBJ1SG-help-IMP.PL	msaada Kl. 3/4 (m-/mw- › mi-) → misaada	msaada class 3/4 (m-/mw- › mi-) → misaada	Kl.3: SUBJ u- · ADJ m-/mw- · GEN wa · DEM huu/ule · POSS w- · REL -o	class 3: SUBJ u- · ADJ m-/mw- · GEN wa · DEM huu/ule · POSS w- · REL -o	Objektpräfix ni- vor dem Imperativ Plural	A1 SD1 H Hilfe
405	17	H	die Hilfe	0	Brauchen Sie meine Hilfe?	Do you need my help?	Mnahitaji msaada wangu?	m-na-hitaji m-saada w-angu	2PL-PRÄS-brauchen KL3-Hilfe KL3-mein	2PL-PRS-need CL3-help CL3-my	msaada Kl. 3/4 (m-/mw- › mi-) → misaada	msaada class 3/4 (m-/mw- › mi-) → misaada	Kl.3: SUBJ u- · ADJ m-/mw- · GEN wa · DEM huu/ule · POSS w- · REL -o	class 3: SUBJ u- · ADJ m-/mw- · GEN wa · DEM huu/ule · POSS w- · REL -o	msaada Kl.3 nimmt wangu	A1 SD1 H Hilfe
406	17	H	hinten	0	Die Tür zum Aussteigen ist hinten.	The door for getting off is at the back.	Mlango wa kushuka uko nyuma.	m-lango w-a ku-shuk-a u-ko nyuma	KL3-Tür KL3-GEN KL15-aussteigen-IND KL3-sein.da hinten	CL3-door CL3-GEN CL15-get.off-IND CL3-be.there behind			Kl.3: SUBJ u- · ADJ m-/mw- · GEN wa · DEM huu/ule · POSS w- · REL -o · Kl.15: SUBJ ku- · ADJ ku- · GEN kwa · DEM huku/kule · POSS kw- · REL -ko	class 3: SUBJ u- · ADJ m-/mw- · GEN wa · DEM huu/ule · POSS w- · REL -o · class 15: SUBJ ku- · ADJ ku- · GEN kwa · DEM huku/kule · POSS kw- · REL -ko	Dreifache Kl.3-Kongruenz: wa, u-, und mlango	A1 SD1 H hinten
407	17	H	das Hobby, -s	0	Meine Hobbys sind Wandern und Schwimmen.	My hobbies are hiking and swimming.	Burudani zangu ni kutembea na kuogelea.	burudani z-angu ni ku-tembe-a na ku-ogele-a	KL10.Hobby KL10-mein KOP KL15-wandern-IND und KL15-schwimmen-IND	CL10.hobby CL10-my COP CL15-hike-IND and CL15-swim-IND	burudani Kl. 9/10 (Ø/n-) → burudani  — Numerus nur an der Konkordanz	burudani class 9/10 (Ø/n-) → burudani  — number shows only in the agreement	Kl.9: SUBJ i- · ADJ Ø/n- · GEN ya · DEM hii/ile · POSS y- · REL -yo	class 9: SUBJ i- · ADJ Ø/n- · GEN ya · DEM hii/ile · POSS y- · REL -yo	Verbalnomen der Kl.15 dienen als Nomen	A1 SD1 H Hobby
408	17	H	hoch	0	Der Mount Everest ist 8.880 Meter hoch.	Mount Everest is 8,880 metres high.	Mount Everest una urefu wa mita elfu nane mia nane themanini.	Mount Everest u-na urefu w-a mita elfu nane mia nane themanini	Mount Everest KL3-haben KL14.Höhe KL14-GEN KL9.Meter KL9.Tausend acht KL9.Hundert acht achtzig	Mount Everest CL3-have CL14.height CL14-GEN CL9.metre CL9.thousand eight CL9.hundred eight eighty			Kl.3: SUBJ u- · ADJ m-/mw- · GEN wa · DEM huu/ule · POSS w- · REL -o · Kl.14: SUBJ u- · ADJ m-/mw- · GEN wa · DEM huu/ule · POSS w- · REL -o	class 3: SUBJ u- · ADJ m-/mw- · GEN wa · DEM huu/ule · POSS w- · REL -o · class 14: SUBJ u- · ADJ m-/mw- · GEN wa · DEM huu/ule · POSS w- · REL -o	Höhe haben statt hoch sein	A1 SD1 H hoch
409	17	H	die Hochzeit	0	Zur dieser Hochzeit kommen mehr als fünfzig Gäste.	More than fifty guests are coming to this wedding.	Kwenye harusi hii wanakuja wageni zaidi ya hamsini.	kwenye harusi hii wa-na-kuj-a wa-geni zaidi y-a hamsini	an KL9.Hochzeit KL9.DEM KL2-PRÄS-kommen-IND KL2-Gast mehr KL9-GEN fünfzig	at CL9.wedding CL9.DEM CL2-PRS-come-IND CL2-guest more CL9-GEN fifty	"harusi Kl. 9/10 (Ø/n-) → harusi  — Numerus nur an der Konkordanz · mgeni Kl. 1/2 (m-/mw- › wa-) → wageni  [auch ""Gast""]"	"harusi class 9/10 (Ø/n-) → harusi  — number shows only in the agreement · mgeni class 1/2 (m-/mw- › wa-) → wageni  [also ""guest""]"	Kl.9: SUBJ i- · ADJ Ø/n- · GEN ya · DEM hii/ile · POSS y- · REL -yo · Kl.1: SUBJ a- · ADJ m-/mw- · GEN wa · DEM huyu/yule · POSS w- · REL -ye	class 9: SUBJ i- · ADJ Ø/n- · GEN ya · DEM hii/ile · POSS y- · REL -yo · class 1: SUBJ a- · ADJ m-/mw- · GEN wa · DEM huyu/yule · POSS w- · REL -ye	"zaidi ya für ""mehr als"""	A1 SD1 H Hochzeit
410	17	H	holen	0	Ich hole zwei Flaschen Wasser aus der Küche.	I will get two bottles of water from the kitchen.	Nachukua chupa mbili za maji kutoka jikoni.	na-chuku-a chupa mbili z-a maji ku-tok-a jiko-ni	1SG.PRÄS.ALLG-holen-IND KL10.Flasche zwei KL10-GEN KL6.Wasser KL15-kommen-IND KL5.Küche-LOK	1SG.PRS.GNRL-fetch-IND CL10.bottle two CL10-GEN CL6.water CL15-come-IND CL5.kitchen-LOC	chupa Kl. 9/10 (Ø/n-) → chupa  — Numerus nur an der Konkordanz · maji Kl. 6 (ma-), kein Numeruswechsel  [nur Plural]	chupa class 9/10 (Ø/n-) → chupa  — number shows only in the agreement · maji class 6 (ma-), no number change  [plural only]	Kl.9: SUBJ i- · ADJ Ø/n- · GEN ya · DEM hii/ile · POSS y- · REL -yo · Kl.6: SUBJ ya- · ADJ ma- · GEN ya · DEM haya/yale · POSS y- · REL -yo	class 9: SUBJ i- · ADJ Ø/n- · GEN ya · DEM hii/ile · POSS y- · REL -yo · class 6: SUBJ ya- · ADJ ma- · GEN ya · DEM haya/yale · POSS y- · REL -yo	"kutoka dient als Präposition ""aus"""	A1 SD1 H holen
411	17	H	hören	0	Hör mal! Was ist das?	Listen! What is that?	Sikiliza! Ni nini hii?	sikiliz-a ni nini hii	zuhören-IMP KOP was KL9.DEM	listen-IMP COP what CL9.DEM			Kl.9: SUBJ i- · ADJ Ø/n- · GEN ya · DEM hii/ile · POSS y- · REL -yo	class 9: SUBJ i- · ADJ Ø/n- · GEN ya · DEM hii/ile · POSS y- · REL -yo	kusikiliza hört zu, kusikia hört wahr	A1 SD1 H hören
412	17	H	hören	0	Ich habe das Lied schon mal gehört.	I have heard this song before.	Nimekwisha kusikia wimbo huu.	ni-me-kwish-a ku-siki-a wimbo huu	1SG-PERF-beenden-IND KL15-hören-IND KL11.Lied KL11.DEM	1SG-PRF-finish-IND CL15-hear-IND CL11.song CL11.DEM	wimbo Kl. 11/10 (u- › Ø/n-) → nyimbo	wimbo class 11/10 (u- › Ø/n-) → nyimbo	Kl.11: SUBJ u- · ADJ m-/mw- · GEN wa · DEM huu/ule · POSS w- · REL -o	class 11: SUBJ u- · ADJ m-/mw- · GEN wa · DEM huu/ule · POSS w- · REL -o	"kwisha plus Infinitiv heißt ""schon einmal"""	A1 SD1 H hören
413	17	H	das Hotel, -s	0	Im Urlaub sind wir in einem Hotel am Meer.	On holiday we stay in a hotel by the sea.	Likizoni tunakaa kwenye hoteli baharini.	likizo-ni tu-na-ka-a kwenye hoteli bahari-ni	KL9.Urlaub-LOK 1PL-PRÄS-wohnen-IND an KL9.Hotel KL9.Meer-LOK	CL9.holiday-LOC 1PL-PRS-live-IND at CL9.hotel CL9.sea-LOC	hoteli Kl. 9/10 (Ø/n-) → hoteli  — Numerus nur an der Konkordanz  [Lehnwort]	hoteli class 9/10 (Ø/n-) → hoteli  — number shows only in the agreement  [loanword]	Kl.9: SUBJ i- · ADJ Ø/n- · GEN ya · DEM hii/ile · POSS y- · REL -yo	class 9: SUBJ i- · ADJ Ø/n- · GEN ya · DEM hii/ile · POSS y- · REL -yo	Zwei Ortsangaben mit -ni im selben Satz	A1 SD1 H Hotel
414	17	H	der Hund, -e	0	Der Hund ist noch jung.	The dog is still young.	Mbwa bado ni mdogo.	mbwa bado ni m-dogo	KL9.Hund noch KOP KL1-jung	CL9.dog still COP CL1-young	mbwa Kl. 9/10 (Ø/n-) → mbwa  — Numerus nur an der Konkordanz	mbwa class 9/10 (Ø/n-) → mbwa  — number shows only in the agreement	Kl.9: SUBJ i- · ADJ Ø/n- · GEN ya · DEM hii/ile · POSS y- · REL -yo	class 9: SUBJ i- · ADJ Ø/n- · GEN ya · DEM hii/ile · POSS y- · REL -yo	Tiere nehmen oft die Personenkongruenz	A1 SD1 H Hund
415	17	H	der Hunger	0	Ich habe Hunger! Wann ist das Essen fertig?	I am hungry! When will the food be ready?	Nina njaa! Chakula kitakuwa tayari lini?	ni-na njaa chakula ki-ta-kuw-a tayari lini	1SG-haben KL9.Hunger KL7.Essen KL7-FUT-sein-IND fertig wann	1SG-have CL9.hunger CL7.food CL7-FUT-be-IND ready when	njaa Kl. 9 (Ø/n-), kein Numeruswechsel  [kein Plural] · chakula Kl. 7/8 (ki- › vi-) → vyakula	njaa class 9 (Ø/n-), no number change  [no plural] · chakula class 7/8 (ki- › vi-) → vyakula	Kl.9: SUBJ i- · ADJ Ø/n- · GEN ya · DEM hii/ile · POSS y- · REL -yo · Kl.7: SUBJ ki- · ADJ ki- · GEN cha · DEM hiki/kile · POSS ch- · REL -cho	class 9: SUBJ i- · ADJ Ø/n- · GEN ya · DEM hii/ile · POSS y- · REL -yo · class 7: SUBJ ki- · ADJ ki- · GEN cha · DEM hiki/kile · POSS ch- · REL -cho	Hunger haben, nicht hungrig sein	A1 SD1 H Hunger
416	17	I	ich	0	Ich heiße Veronika.	My name is Veronika.	Naitwa Veronika.	na-it-w-a Veronika	1SG.PRÄS.ALLG-nennen-PASS-IND Veronika	1SG.PRS.GNRL-call-PASS-IND Veronika					Passiv auch bei der eigenen Vorstellung	A1 SD1 I ich
417	17	I	ihr/ihm/ihn	0	Gib ihr/ihm bitte das Buch.	Please give her the book.	Tafadhali mpe kitabu.	tafadhali m-p-e ki-tabu	bitte OBJ1-geben-KONJ KL7-Buch	please OBJ1-give-SBJV CL7-book	kitabu Kl. 7/8 (ki- › vi-) → vitabu	kitabu class 7/8 (ki- › vi-) → vitabu	Kl.7: SUBJ ki- · ADJ ki- · GEN cha · DEM hiki/kile · POSS ch- · REL -cho	class 7: SUBJ ki- · ADJ ki- · GEN cha · DEM hiki/kile · POSS ch- · REL -cho	Ein Objektpräfix -m- für ihr und ihm	A1 SD1 I ihr/ihm/ihn
418	17	I	ihr/ihm/ihn	0	Ruf ihn bitte an.	Please give him a call.	Tafadhali mpigie simu.	tafadhali m-pig-i-e simu	bitte OBJ1-schlagen-APPL-KONJ KL9.Telefon	please OBJ1-hit-APPL-SBJV CL9.phone	simu Kl. 9/10 (Ø/n-) → simu  — Numerus nur an der Konkordanz	simu class 9/10 (Ø/n-) → simu  — number shows only in the agreement	Kl.9: SUBJ i- · ADJ Ø/n- · GEN ya · DEM hii/ile · POSS y- · REL -yo	class 9: SUBJ i- · ADJ Ø/n- · GEN ya · DEM hii/ile · POSS y- · REL -yo	"Applikativ plus Objektpräfix für ""ihn anrufen"""	A1 SD1 I ihr/ihm/ihn
419	17	I	immer	0	Frau Bast kommt immer zu spät.	Mrs Bast is always late.	Bibi Bast anafika kwa kuchelewa kila mara.	bibi Bast a-na-fik-a kwa ku-chelew-a kila mara	KL5/KL1.Frau Bast 3SG-PRÄS-ankommen-IND mit KL15-sich.verspäten-IND jede KL9.Mal	CL5/CL1.woman Bast 3SG-PRS-arrive-IND with CL15-be.late-IND every CL9.time	bibi Kl. 5/6 (ji-/Ø › ma-) → mabibi  [Person: Form Kl. 5/6, Kongruenz Kl. 1/2]	bibi class 5/6 (ji-/Ø › ma-) → mabibi  [person: form class 5/6, agreement class 1/2]	Kl.1: SUBJ a- · ADJ m-/mw- · GEN wa · DEM huyu/yule · POSS w- · REL -ye	class 1: SUBJ a- · ADJ m-/mw- · GEN wa · DEM huyu/yule · POSS w- · REL -ye	zu spät kommen als kwa kuchelewa	A1 SD1 I immer
420	17	I	in	0	Ich wohne in Wiesbaden.	I live in Wiesbaden.	Nakaa Wiesbaden.	na-ka-a Wiesbaden	1SG.PRÄS.ALLG-wohnen-IND Wiesbaden	1SG.PRS.GNRL-live-IND Wiesbaden					Ortsnamen brauchen keine Präposition	A1 SD1 I in
421	17	I	in	0	Der Zug kommt in fünf Minuten.	The train comes in five minutes.	Treni inakuja baada ya dakika tano.	treni i-na-kuj-a baada y-a dakika tano	KL9.Zug KL9-PRÄS-kommen-IND nach KL9-GEN KL9.Minute fünf	CL9.train CL9-PRS-come-IND after CL9-GEN CL9.minute five	treni Kl. 9/10 (Ø/n-) → treni  — Numerus nur an der Konkordanz  [Lehnwort]	treni class 9/10 (Ø/n-) → treni  — number shows only in the agreement  [loanword]	Kl.9: SUBJ i- · ADJ Ø/n- · GEN ya · DEM hii/ile · POSS y- · REL -yo	class 9: SUBJ i- · ADJ Ø/n- · GEN ya · DEM hii/ile · POSS y- · REL -yo	baada ya verlangt den Genitiv	A1 SD1 I in
422	17	I	in	0	Frau Rausch arbeitet in einem Geschäft.	Mrs Rausch works in a shop.	Bibi Rausch anafanya kazi kwenye duka.	bibi Rausch a-na-fany-a kazi kwenye duka	KL5/KL1.Frau Rausch 3SG-PRÄS-tun-IND KL9.Arbeit an KL5.Geschäft	CL5/CL1.woman Rausch 3SG-PRS-do-IND CL9.work at CL5.shop	bibi Kl. 5/6 (ji-/Ø › ma-) → mabibi  [Person: Form Kl. 5/6, Kongruenz Kl. 1/2] · kazi Kl. 9/10 (Ø/n-) → kazi  — Numerus nur an der Konkordanz · duka Kl. 5/6 (ji-/Ø › ma-) → maduka	bibi class 5/6 (ji-/Ø › ma-) → mabibi  [person: form class 5/6, agreement class 1/2] · kazi class 9/10 (Ø/n-) → kazi  — number shows only in the agreement · duka class 5/6 (ji-/Ø › ma-) → maduka	Kl.1: SUBJ a- · ADJ m-/mw- · GEN wa · DEM huyu/yule · POSS w- · REL -ye · Kl.9: SUBJ i- · ADJ Ø/n- · GEN ya · DEM hii/ile · POSS y- · REL -yo	class 1: SUBJ a- · ADJ m-/mw- · GEN wa · DEM huyu/yule · POSS w- · REL -ye · class 9: SUBJ i- · ADJ Ø/n- · GEN ya · DEM hii/ile · POSS y- · REL -yo	kwenye für Orte und Institutionen	A1 SD1 I in
423	17	I	in	0	Komm, wir gehen ins Kino.	Come on, let us go to the cinema.	Njoo, tunaenda sinemani.	njoo tu-na-end-a sinema-ni	komm 1PL-PRÄS-gehen-IND KL9.Kino-LOK	come 1PL-PRS-go-IND CL9.cinema-LOC			Kl.9: SUBJ i- · ADJ Ø/n- · GEN ya · DEM hii/ile · POSS y- · REL -yo	class 9: SUBJ i- · ADJ Ø/n- · GEN ya · DEM hii/ile · POSS y- · REL -yo	njoo ist der unregelmäßige Imperativ von kuja	A1 SD1 I in
424	17	I	die Information, -en	0	Wenn Sie Fragen haben, gehen Sie zur Information.	If you have questions, go to the information desk.	Kama mnayo maswali, nendeni kwenye taarifa.	kama m-na-yo ma-swali nend-eni kwenye taarifa	wenn 2PL-haben-REL9 KL6-Frage gehen-IMP.PL an KL9.Information	if 2PL-have-REL9 CL6-question go-IMP.PL at CL9.information	swali Kl. 5/6 (ji-/Ø › ma-) → maswali · taarifa Kl. 9/10 (Ø/n-) → taarifa  — Numerus nur an der Konkordanz	swali class 5/6 (ji-/Ø › ma-) → maswali · taarifa class 9/10 (Ø/n-) → taarifa  — number shows only in the agreement	Kl.5: SUBJ li- · ADJ ji-/Ø · GEN la · DEM hili/lile · POSS l- · REL -lo · Kl.9: SUBJ i- · ADJ Ø/n- · GEN ya · DEM hii/ile · POSS y- · REL -yo	class 5: SUBJ li- · ADJ ji-/Ø · GEN la · DEM hili/lile · POSS l- · REL -lo · class 9: SUBJ i- · ADJ Ø/n- · GEN ya · DEM hii/ile · POSS y- · REL -yo	kama leitet den Bedingungssatz ein	A1 SD1 I Information
425	17	I	die Information, -en	0	Wir haben hier wichtige Informationen für Sie.	We have important information for you here.	Tunayo taarifa muhimu kwa ajili yenu hapa.	tu-na-yo taarifa muhimu kwa ajili y-enu hapa	1PL-haben-REL9 KL10.Information wichtig für KL9.Zweck KL9-euer hier	1PL-have-REL9 CL10.information important for CL9.purpose CL9-your here	taarifa Kl. 9/10 (Ø/n-) → taarifa  — Numerus nur an der Konkordanz	taarifa class 9/10 (Ø/n-) → taarifa  — number shows only in the agreement	Kl.9: SUBJ i- · ADJ Ø/n- · GEN ya · DEM hii/ile · POSS y- · REL -yo	class 9: SUBJ i- · ADJ Ø/n- · GEN ya · DEM hii/ile · POSS y- · REL -yo	muhimu bleibt unverändert	A1 SD1 I Information
426	17	I	international	0	Unser Deutschkurs ist international: Silvana kommt aus Italien, Conchi aus Spanien, Yin aus China ...	Our German course is international: Silvana is from Italy, Conchi from Spain, Yin from China ...	Kozi yetu ya Kijerumani ni ya kimataifa: Silvana anatoka Italia, Conchi kutoka Hispania, Yin kutoka China ...	kozi y-etu y-a Ki-jerumani ni y-a ki-mataifa Silvana a-na-tok-a Italia Conchi ku-tok-a Hispania Yin ku-tok-a China	KL9.Kurs KL9-unser KL9-GEN KL7-Deutsch KOP KL9-GEN KL7-international Silvana 3SG-PRÄS-kommen-IND Italien Conchi KL15-kommen-IND Spanien Yin KL15-kommen-IND China	CL9.course CL9-our CL9-GEN CL7-German COP CL9-GEN CL7-international Silvana 3SG-PRS-come-IND Italy Conchi CL15-come-IND Spain Yin CL15-come-IND China	kozi Kl. 9/10 (Ø/n-) → kozi  — Numerus nur an der Konkordanz  [Lehnwort]	kozi class 9/10 (Ø/n-) → kozi  — number shows only in the agreement  [loanword]	Kl.9: SUBJ i- · ADJ Ø/n- · GEN ya · DEM hii/ile · POSS y- · REL -yo	class 9: SUBJ i- · ADJ Ø/n- · GEN ya · DEM hii/ile · POSS y- · REL -yo	ki- bildet Adjektive der Art: kimataifa	A1 SD1 I international
427	17	I	das Internet	0	Das findest du im Internet.	You will find that on the internet.	Hii unaipata kwenye mtandao.	hii u-na-i-pat-a kwenye m-tandao	KL9.DEM 2SG-PRÄS-OBJ9-finden-IND an KL3-Internet	CL9.DEM 2SG-PRS-OBJ9-find-IND at CL3-internet	mtandao Kl. 3/4 (m-/mw- › mi-) → mitandao	mtandao class 3/4 (m-/mw- › mi-) → mitandao	Kl.3: SUBJ u- · ADJ m-/mw- · GEN wa · DEM huu/ule · POSS w- · REL -o	class 3: SUBJ u- · ADJ m-/mw- · GEN wa · DEM huu/ule · POSS w- · REL -o	mtandao Kl.3 heißt Netz und Internet	A1 SD1 I Internet
428	18	J	ja	0	Sind Sie Herr Watanabe? – Ja.	Are you Mr Watanabe? - Yes.	Nyinyi ni Bwana Watanabe? - Ndiyo.	nyinyi ni bwana Watanabe ndiyo	ihr KOP KL5/KL1.Herr Watanabe ja	her COP CL5/CL1.mister Watanabe yes	bwana Kl. 5/6 (ji-/Ø › ma-) → mabwana  [Person: Form Kl. 5/6, Kongruenz Kl. 1/2]	bwana class 5/6 (ji-/Ø › ma-) → mabwana  [person: form class 5/6, agreement class 1/2]	Kl.1: SUBJ a- · ADJ m-/mw- · GEN wa · DEM huyu/yule · POSS w- · REL -ye	class 1: SUBJ a- · ADJ m-/mw- · GEN wa · DEM huyu/yule · POSS w- · REL -ye	ndiyo bejaht einen Satz, ndio bestätigt ein Nomen	A1 SD1 J ja
429	18	J	die Jacke, -n	0	Zieh dir eine Jacke an. Es ist kalt.	Put on a jacket. It is cold.	Vaa koti. Kuna baridi.	va-a koti ku-na baridi	anziehen-IMP KL5.Jacke KL17-mit KL9.Kälte	put.on-IMP CL5.jacket CL17-with CL9.cold	koti Kl. 5/6 (ji-/Ø › ma-) → makoti	koti class 5/6 (ji-/Ø › ma-) → makoti	Kl.5: SUBJ li- · ADJ ji-/Ø · GEN la · DEM hili/lile · POSS l- · REL -lo	class 5: SUBJ li- · ADJ ji-/Ø · GEN la · DEM hili/lile · POSS l- · REL -lo	Wetter mit kuna: es gibt Kälte	A1 SD1 J Jacke
430	18	J	jed-	0	Blumen kannst du in jedem Bahnhof kaufen.	You can buy flowers at any station.	Maua unaweza kuyanunua kwenye stesheni yoyote.	ma-ua u-na-wez-a ku-ya-nunu-a kwenye stesheni y-oyote	KL6-Blume 2SG-PRÄS-können-IND KL15-OBJ6-kaufen-IND an KL9.Bahnhof KL9-jede	CL6-flower 2SG-PRS-can-IND CL15-OBJ6-buy-IND at CL9.station CL9-every	ua Kl. 5/6 (ji-/Ø › ma-) → maua  [Nullpraefix im Singular] · stesheni Kl. 9/10 (Ø/n-) → stesheni  — Numerus nur an der Konkordanz  [Lehnwort]	ua class 5/6 (ji-/Ø › ma-) → maua  [zero prefix in the singular] · stesheni class 9/10 (Ø/n-) → stesheni  — number shows only in the agreement  [loanword]	Kl.5: SUBJ li- · ADJ ji-/Ø · GEN la · DEM hili/lile · POSS l- · REL -lo · Kl.9: SUBJ i- · ADJ Ø/n- · GEN ya · DEM hii/ile · POSS y- · REL -yo	class 5: SUBJ li- · ADJ ji-/Ø · GEN la · DEM hili/lile · POSS l- · REL -lo · class 9: SUBJ i- · ADJ Ø/n- · GEN ya · DEM hii/ile · POSS y- · REL -yo	yoyote kongruiert mit stesheni Kl.9	A1 SD1 J jed
431	18	J	jetzt	0	Jetzt machen wir eine Pause.	Now we are taking a break.	Sasa tunachukua mapumziko.	sasa tu-na-chuku-a ma-pumziko	jetzt 1PL-PRÄS-nehmen-IND KL6-Pause	now 1PL-PRS-take-IND CL6-break	mapumziko Kl. 6 (ma-), kein Numeruswechsel  [nur Plural]	mapumziko class 6 (ma-), no number change  [plural only]	Kl.6: SUBJ ya- · ADJ ma- · GEN ya · DEM haya/yale · POSS y- · REL -yo	class 6: SUBJ ya- · ADJ ma- · GEN ya · DEM haya/yale · POSS y- · REL -yo	mapumziko ist Kl.6 und hat keinen Singular	A1 SD1 J jetzt
432	18	J	der Job, -s	0	Jenny hat einen neuen Job bei der Post.	Jenny has a new job at the post office.	Jenny ana kazi mpya kwenye posta.	Jenny a-na kazi m-pya kwenye posta	Jenny 3SG-haben KL9.Arbeit KL9-neu an KL9.Post	Jenny 3SG-have CL9.work CL9-new at CL9.post	kazi Kl. 9/10 (Ø/n-) → kazi  — Numerus nur an der Konkordanz · posta Kl. 9/10 (Ø/n-) → posta  — Numerus nur an der Konkordanz  [Lehnwort]	kazi class 9/10 (Ø/n-) → kazi  — number shows only in the agreement · posta class 9/10 (Ø/n-) → posta  — number shows only in the agreement  [loanword]	Kl.9: SUBJ i- · ADJ Ø/n- · GEN ya · DEM hii/ile · POSS y- · REL -yo	class 9: SUBJ i- · ADJ Ø/n- · GEN ya · DEM hii/ile · POSS y- · REL -yo	kazi deckt Arbeit, Beruf und Job ab	A1 SD1 J Job
433	18	J	der Jugendliche, -n	0	Viele Jugendliche kaufen gern ein.	Many young people like shopping.	Vijana wengi wanapenda kununua vitu.	vi-jana w-engi wa-na-pend-a ku-nunu-a vi-tu	KL8-Jugendliche KL2-viele KL2-PRÄS-mögen-IND KL15-kaufen-IND KL8-Ding	CL8-young.person CL2-many CL2-PRS-like-IND CL15-buy-IND CL8-thing	kijana Kl. 7/8 (ki- › vi-) → vijana  [Person: Form Kl. 7/8, Kongruenz Kl. 1/2]	kijana class 7/8 (ki- › vi-) → vijana  [person: form class 7/8, agreement class 1/2]	Kl.1: SUBJ a- · ADJ m-/mw- · GEN wa · DEM huyu/yule · POSS w- · REL -ye	class 1: SUBJ a- · ADJ m-/mw- · GEN wa · DEM huyu/yule · POSS w- · REL -ye	vijana ist Kl.8, kongruiert als Person aber Kl.2	A1 SD1 J Jugendliche
434	18	J	jung	0	Claudia ist 21. – Was? Noch so jung?	Claudia is 21. - What? So young?	Claudia ana miaka ishirini na moja. - Nini? Mdogo hivyo bado?	Claudia a-na mi-aka ishirini na moja nini m-dogo hivyo bado	Claudia 3SG-haben KL4-Jahr zwanzig und eins was KL1-jung so noch	Claudia 3SG-have CL4-year twenty and one what CL1-young so still	mwaka wa kuzaliwa Kl. 3/4 (m-/mw- › mi-) → miaka ya kuzaliwa  [Genitiv kongruiert mit dem Kopfnomen]	mwaka wa kuzaliwa class 3/4 (m-/mw- › mi-) → miaka ya kuzaliwa  [genitive agrees with the head noun]	Kl.3: SUBJ u- · ADJ m-/mw- · GEN wa · DEM huu/ule · POSS w- · REL -o	class 3: SUBJ u- · ADJ m-/mw- · GEN wa · DEM huu/ule · POSS w- · REL -o	einundzwanzig = ishirini na moja	A1 SD1 J jung
435	18	J	der Junge, -n	0	Ich habe zwei Kinder. Einen Jungen und ein Mädchen.	I have two children. A boy and a girl.	Nina watoto wawili. Mvulana mmoja na msichana mmoja.	ni-na watoto w-awili m-vulana m-moja na m-sichana m-moja	1SG-haben KL2.Kind KL2-zwei KL1-Junge KL1-eins und KL1-Mädchen KL1-eins	1SG-have CL2.child CL2-two CL1-boy CL1-one and CL1-girl CL1-one	mtoto Kl. 1/2 (m-/mw- › wa-) → watoto · mvulana Kl. 1/2 (m-/mw- › wa-) → wavulana · msichana Kl. 1/2 (m-/mw- › wa-) → wasichana	mtoto class 1/2 (m-/mw- › wa-) → watoto · mvulana class 1/2 (m-/mw- › wa-) → wavulana · msichana class 1/2 (m-/mw- › wa-) → wasichana	Kl.1: SUBJ a- · ADJ m-/mw- · GEN wa · DEM huyu/yule · POSS w- · REL -ye	class 1: SUBJ a- · ADJ m-/mw- · GEN wa · DEM huyu/yule · POSS w- · REL -ye	mmoja kongruiert dreimal mit Kl.1 und Kl.2	A1 SD1 J Junge
436	18	K	der Kaffee	0	Zum Frühstück trinke ich immer Kaffee.	For breakfast I always drink coffee.	Kwa kifungua kinywa nanywa kahawa kila mara.	kwa ki-fungua kinywa na-nyw-a kahawa kila mara	für KL7-öffnen KL7.Mund 1SG.PRÄS.ALLG-trinken-IND KL9.Kaffee jede KL9.Mal	for CL7-open CL7.mouth 1SG.PRS.GNRL-drink-IND CL9.coffee every CL9.time	"kifungua kinywa Kl. 7/8 (ki- › vi-) → vifungua kinywa  [woertlich ""Mundoeffner""] · kahawa Kl. 9/10 (Ø/n-) → kahawa  — Numerus nur an der Konkordanz"	"kifungua kinywa class 7/8 (ki- › vi-) → vifungua kinywa  [literally ""mouth-opener""] · kahawa class 9/10 (Ø/n-) → kahawa  — number shows only in the agreement"	Kl.7: SUBJ ki- · ADJ ki- · GEN cha · DEM hiki/kile · POSS ch- · REL -cho · Kl.9: SUBJ i- · ADJ Ø/n- · GEN ya · DEM hii/ile · POSS y- · REL -yo	class 7: SUBJ ki- · ADJ ki- · GEN cha · DEM hiki/kile · POSS ch- · REL -cho · class 9: SUBJ i- · ADJ Ø/n- · GEN ya · DEM hii/ile · POSS y- · REL -yo	kunywa hat den unregelmäßigen Stamm nyw-	A1 SD1 K Kaffee
437	18	K	kaputt	0	Das Glas war teuer. Es geht sehr leicht kaputt.	The glass was expensive. It breaks very easily.	Glasi ilikuwa ghali. Inavunjika kwa urahisi sana.	glasi i-li-kuw-a ghali i-na-vunjik-a kwa urahisi sana	KL9.Glas KL9-PRÄT-sein-IND teuer KL9-PRÄS-zerbrechen-IND mit KL14.Leichtigkeit sehr	CL9.glass CL9-PST-be-IND expensive CL9-PRS-break-IND with CL14.ease very	glasi Kl. 9/10 (Ø/n-) → glasi  — Numerus nur an der Konkordanz  [Lehnwort]	glasi class 9/10 (Ø/n-) → glasi  — number shows only in the agreement  [loanword]	Kl.9: SUBJ i- · ADJ Ø/n- · GEN ya · DEM hii/ile · POSS y- · REL -yo	class 9: SUBJ i- · ADJ Ø/n- · GEN ya · DEM hii/ile · POSS y- · REL -yo	"Stativ -ik- macht aus zerbrechen ""kaputtgehen"""	A1 SD1 K kaputt
438	18	K	die Karte, -n	0	Ich schreibe meinen Bekannten eine Karte aus dem Urlaub.	I am writing a card to my friends from my holiday.	Naandikia watu niwafahamu kadi kutoka likizoni.	na-andik-i-a watu ni-wa-fahamu kadi ku-tok-a likizo-ni	1SG.PRÄS.ALLG-schreiben-APPL-IND KL2.Bekannte 1SG-OBJ2-kennen KL9.Karte KL15-kommen-IND KL9.Urlaub-LOK	1SG.PRS.GNRL-write-APPL-IND CL2.acquaintance 1SG-OBJ2-know CL9.card CL15-come-IND CL9.holiday-LOC	"mtu Kl. 1/2 (m-/mw- › wa-) → watu  [Musterwort fuer Kl. 1/2] · kadi Kl. 9/10 (Ø/n-) → kadi  — Numerus nur an der Konkordanz  [Speisekarte = ""menyu"" Kl. 9]"	"mtu class 1/2 (m-/mw- › wa-) → watu  [model word for class 1/2] · kadi class 9/10 (Ø/n-) → kadi  — number shows only in the agreement  [menu = ""menyu"" class 9]"	Kl.1: SUBJ a- · ADJ m-/mw- · GEN wa · DEM huyu/yule · POSS w- · REL -ye · Kl.9: SUBJ i- · ADJ Ø/n- · GEN ya · DEM hii/ile · POSS y- · REL -yo	class 1: SUBJ a- · ADJ m-/mw- · GEN wa · DEM huyu/yule · POSS w- · REL -ye · class 9: SUBJ i- · ADJ Ø/n- · GEN ya · DEM hii/ile · POSS y- · REL -yo	Applikativ -i- nennt die Empfänger	A1 SD1 K Karte
439	18	K	die Karte, -n	0	Wollen wir Karten spielen?	Shall we play cards?	Tucheze karata?	tu-chez-e karata	1PL-spielen-KONJ KL10.Spielkarte	1PL-play-SBJV CL10.playing.card			Kl.10: SUBJ zi- · ADJ Ø/n- · GEN za · DEM hizi/zile · POSS z- · REL -zo	class 10: SUBJ zi- · ADJ Ø/n- · GEN za · DEM hizi/zile · POSS z- · REL -zo	Spielkarte ist karata, Postkarte kadi	A1 SD1 K Karte
440	18	K	die Karte, -n	0	Ich möchte auch etwas essen. Bringen Sie mir die Karte, bitte.	I would like something to eat too. Please bring me the menu.	Nataka kula kitu pia. Tafadhali niletee menyu.	na-tak-a ku-l-a ki-tu pia tafadhali ni-let-e-e menyu	1SG.PRÄS.ALLG-wollen-IND KL15-essen-IND KL7-Ding auch bitte OBJ1SG-bringen-APPL-KONJ KL9.Speisekarte	1SG.PRS.GNRL-want-IND CL15-eat-IND CL7-thing also please OBJ1SG-bring-APPL-SBJV CL9.menu	menyu Kl. 9/10 (Ø/n-) → menyu  — Numerus nur an der Konkordanz  [Lehnwort]	menyu class 9/10 (Ø/n-) → menyu  — number shows only in the agreement  [loanword]	Kl.9: SUBJ i- · ADJ Ø/n- · GEN ya · DEM hii/ile · POSS y- · REL -yo	class 9: SUBJ i- · ADJ Ø/n- · GEN ya · DEM hii/ile · POSS y- · REL -yo	Speisekarte ist menyu, nicht kadi	A1 SD1 K Karte
441	18	K	(Kredit)-Karte, -n	1	Kann ich auch mit Karte (be-) zahlen?	Can I pay by card as well?	Naweza kulipa kwa kadi pia?	na-wez-a ku-lip-a kwa kadi pia	1SG.PRÄS.ALLG-können-IND KL15-zahlen-IND mit KL9.Karte auch	1SG.PRS.GNRL-can-IND CL15-pay-IND with CL9.card also	"kadi Kl. 9/10 (Ø/n-) → kadi  — Numerus nur an der Konkordanz  [Speisekarte = ""menyu"" Kl. 9]"	"kadi class 9/10 (Ø/n-) → kadi  — number shows only in the agreement  [menu = ""menyu"" class 9]"	Kl.9: SUBJ i- · ADJ Ø/n- · GEN ya · DEM hii/ile · POSS y- · REL -yo	class 9: SUBJ i- · ADJ Ø/n- · GEN ya · DEM hii/ile · POSS y- · REL -yo	kwa bezeichnet das Zahlungsmittel	A1 SD1 K _Kredit_
442	18	K	die Kartoffel, -n	0	Für Pommes frites braucht man Kartoffeln.	For chips you need potatoes.	Kwa chipsi unahitaji viazi.	kwa chipsi u-na-hitaji vi-azi	für KL10.Pommes 2SG-PRÄS-brauchen KL8-Kartoffel	for CL10.chips 2SG-PRS-need CL8-potato	chipsi Kl. 10 (Ø/n-), kein Numeruswechsel  [nur Plural, Lehnwort] · kiazi Kl. 7/8 (ki- › vi-) → viazi	chipsi class 10 (Ø/n-), no number change  [plural only, loanword] · kiazi class 7/8 (ki- › vi-) → viazi	Kl.10: SUBJ zi- · ADJ Ø/n- · GEN za · DEM hizi/zile · POSS z- · REL -zo · Kl.7: SUBJ ki- · ADJ ki- · GEN cha · DEM hiki/kile · POSS ch- · REL -cho	class 10: SUBJ zi- · ADJ Ø/n- · GEN za · DEM hizi/zile · POSS z- · REL -zo · class 7: SUBJ ki- · ADJ ki- · GEN cha · DEM hiki/kile · POSS ch- · REL -cho	kiazi Kl.7, Plural viazi Kl.8	A1 SD1 K Kartoffel
443	18	K	die Kasse	0	Zahlen Sie bitte an der Kasse.	Please pay at the till.	Tafadhali lipeni kwenye kaunta ya kulipia.	tafadhali lip-eni kwenye kaunta y-a ku-lip-i-a	bitte zahlen-IMP.PL an KL9.Kasse KL9-GEN KL15-zahlen-APPL-IND	please pay-IMP.PL at CL9.till CL9-GEN CL15-pay-APPL-IND	kaunta Kl. 9/10 (Ø/n-) → kaunta  — Numerus nur an der Konkordanz  [Lehnwort]	kaunta class 9/10 (Ø/n-) → kaunta  — number shows only in the agreement  [loanword]	Kl.9: SUBJ i- · ADJ Ø/n- · GEN ya · DEM hii/ile · POSS y- · REL -yo	class 9: SUBJ i- · ADJ Ø/n- · GEN ya · DEM hii/ile · POSS y- · REL -yo	Kasse als kaunta ya kulipia umschrieben	A1 SD1 K Kasse
444	18	K	kaufen	0	Tim kauft sich ein neues Auto.	Tim is buying himself a new car.	Tim anajinunulia gari jipya.	Tim a-na-ji-nunu-li-a gari ji-pya	Tim 3SG-PRÄS-REFL-kaufen-APPL-IND KL5.Auto KL5-neu	Tim 3SG-PRS-REFL-buy-APPL-IND CL5.car CL5-new	gari Kl. 5/6 (ji-/Ø › ma-) → magari	gari class 5/6 (ji-/Ø › ma-) → magari	Kl.5: SUBJ li- · ADJ ji-/Ø · GEN la · DEM hili/lile · POSS l- · REL -lo	class 5: SUBJ li- · ADJ ji-/Ø · GEN la · DEM hili/lile · POSS l- · REL -lo	Reflexiv -ji- plus Applikativ: für sich kaufen	A1 SD1 K kaufen
445	18	K	kein	0	Es gibt keine Eintrittskarten mehr.	There are no more admission tickets.	Hakuna tiketi za kiingilio tena.	haku-na tiketi z-a ki-ingilio tena	KL17.NEG-mit KL10.Fahrkarte KL10-GEN KL7-Eintritt mehr	CL17.NEG-with CL10.ticket CL10-GEN CL7-admission more	tiketi Kl. 9/10 (Ø/n-) → tiketi  — Numerus nur an der Konkordanz  [Lehnwort] · kiingilio Kl. 7/8 (ki- › vi-) → viingilio	tiketi class 9/10 (Ø/n-) → tiketi  — number shows only in the agreement  [loanword] · kiingilio class 7/8 (ki- › vi-) → viingilio	Kl.9: SUBJ i- · ADJ Ø/n- · GEN ya · DEM hii/ile · POSS y- · REL -yo · Kl.7: SUBJ ki- · ADJ ki- · GEN cha · DEM hiki/kile · POSS ch- · REL -cho	class 9: SUBJ i- · ADJ Ø/n- · GEN ya · DEM hii/ile · POSS y- · REL -yo · class 7: SUBJ ki- · ADJ ki- · GEN cha · DEM hiki/kile · POSS ch- · REL -cho	hakuna verneint das Vorhandensein	A1 SD1 K kein
446	18	K	kennen	0	Kennen Sie diese Frau? – Nein, leider nicht.	Do you know this woman? - No, unfortunately not.	Mnamfahamu mwanamke huyu? - Hapana, kwa bahati mbaya.	m-na-m-fahamu mw-anamke huyu hapana kwa bahati m-baya	2PL-PRÄS-OBJ1-kennen KL1-Frau KL1.DEM nein für KL9.Glück KL9-schlecht	2PL-PRS-OBJ1-know CL1-woman CL1.DEM no for CL9.luck CL9-bad	mwanamke Kl. 1/2 (m-/mw- › wa-) → wanawake · bahati Kl. 9/10 (Ø/n-) → bahati  — Numerus nur an der Konkordanz	mwanamke class 1/2 (m-/mw- › wa-) → wanawake · bahati class 9/10 (Ø/n-) → bahati  — number shows only in the agreement	Kl.1: SUBJ a- · ADJ m-/mw- · GEN wa · DEM huyu/yule · POSS w- · REL -ye · Kl.9: SUBJ i- · ADJ Ø/n- · GEN ya · DEM hii/ile · POSS y- · REL -yo	class 1: SUBJ a- · ADJ m-/mw- · GEN wa · DEM huyu/yule · POSS w- · REL -ye · class 9: SUBJ i- · ADJ Ø/n- · GEN ya · DEM hii/ile · POSS y- · REL -yo	Objektpräfix -m- für Personen der Kl.1	A1 SD1 K kennen
447	18	K	kennenlernen	1	Wir sind neu hier. Wir möchten Sie kennenlernen.	We are new here. We would like to get to know you.	Tu wageni hapa. Tungependa kufahamiana nanyi.	tu wa-geni hapa tu-nge-pend-a ku-fahami-an-a nanyi	1PL.KOP KL2-neu hier 1PL-IRR-mögen-IND KL15-kennen-REZ-IND mit.ihr	1PL.COP CL2-new here 1PL-IRR-like-IND CL15-know-RECP-IND with.you	"mgeni Kl. 1/2 (m-/mw- › wa-) → wageni  [auch ""Gast""]"	"mgeni class 1/2 (m-/mw- › wa-) → wageni  [also ""guest""]"	Kl.1: SUBJ a- · ADJ m-/mw- · GEN wa · DEM huyu/yule · POSS w- · REL -ye	class 1: SUBJ a- · ADJ m-/mw- · GEN wa · DEM huyu/yule · POSS w- · REL -ye	Reziprok -an-: einander kennenlernen	A1 SD1 K kennenlernen
448	18	K	das Kind, -er	0	Wie viele Kinder haben Sie?	How many children do you have?	Mna watoto wangapi?	m-na watoto w-angapi	2PL-haben KL2.Kind KL2-wieviel	2PL-have CL2.child CL2-how.many	mtoto Kl. 1/2 (m-/mw- › wa-) → watoto	mtoto class 1/2 (m-/mw- › wa-) → watoto	Kl.1: SUBJ a- · ADJ m-/mw- · GEN wa · DEM huyu/yule · POSS w- · REL -ye	class 1: SUBJ a- · ADJ m-/mw- · GEN wa · DEM huyu/yule · POSS w- · REL -ye	wangapi kongruiert mit watoto Kl.2	A1 SD1 K Kind
449	18	K	der Kindergarten	0	Die kleine Laura geht schon in den Kindergarten.	Little Laura already goes to nursery school.	Laura mdogo anaenda shule ya awali tayari.	Laura m-dogo a-na-end-a shule y-a awali tayari	Laura KL1-klein 3SG-PRÄS-gehen-IND KL9.Schule KL9-GEN KL9.Anfang schon	Laura CL1-small 3SG-PRS-go-IND CL9.school CL9-GEN CL9.beginning already	shule Kl. 9/10 (Ø/n-) → shule  — Numerus nur an der Konkordanz	shule class 9/10 (Ø/n-) → shule  — number shows only in the agreement	Kl.9: SUBJ i- · ADJ Ø/n- · GEN ya · DEM hii/ile · POSS y- · REL -yo	class 9: SUBJ i- · ADJ Ø/n- · GEN ya · DEM hii/ile · POSS y- · REL -yo	Kindergarten als shule ya awali	A1 SD1 K Kindergarten
450	18	K	das Kino, -s	0	Wir sehen heute Abend im Kino einen schönen Film.	This evening we are seeing a nice film at the cinema.	Leo jioni tunaona filamu nzuri sinemani.	leo jioni tu-na-on-a filamu n-zuri sinema-ni	heute KL9.Abend 1PL-PRÄS-sehen-IND KL9.Film KL9-gut KL9.Kino-LOK	today CL9.evening 1PL-PRS-see-IND CL9.film CL9-good CL9.cinema-LOC	filamu Kl. 9/10 (Ø/n-) → filamu  — Numerus nur an der Konkordanz  [Lehnwort]	filamu class 9/10 (Ø/n-) → filamu  — number shows only in the agreement  [loanword]	Kl.9: SUBJ i- · ADJ Ø/n- · GEN ya · DEM hii/ile · POSS y- · REL -yo	class 9: SUBJ i- · ADJ Ø/n- · GEN ya · DEM hii/ile · POSS y- · REL -yo	nzuri mit Nasalpräfix der Kl.9	A1 SD1 K Kino
451	18	K	der Kiosk	0	Am Kiosk bekommen Sie Getränke, Zigaretten und Zeitungen.	At the kiosk you can get drinks, cigarettes and newspapers.	Kwenye kibanda mnapata vinywaji, sigara na magazeti.	kwenye ki-banda m-na-pat-a vi-nywaji sigara na ma-gazeti	an KL7-Kiosk 2PL-PRÄS-bekommen-IND KL8-Getränk KL10.Zigarette und KL6-Zeitung	at CL7-kiosk 2PL-PRS-get-IND CL8-drink CL10.cigarette and CL6-newspaper	kibanda Kl. 7/8 (ki- › vi-) → vibanda · kinywaji Kl. 7/8 (ki- › vi-) → vinywaji · sigara Kl. 9/10 (Ø/n-) → sigara  — Numerus nur an der Konkordanz  [Lehnwort] · gazeti Kl. 5/6 (ji-/Ø › ma-) → magazeti	kibanda class 7/8 (ki- › vi-) → vibanda · kinywaji class 7/8 (ki- › vi-) → vinywaji · sigara class 9/10 (Ø/n-) → sigara  — number shows only in the agreement  [loanword] · gazeti class 5/6 (ji-/Ø › ma-) → magazeti	Kl.7: SUBJ ki- · ADJ ki- · GEN cha · DEM hiki/kile · POSS ch- · REL -cho · Kl.9: SUBJ i- · ADJ Ø/n- · GEN ya · DEM hii/ile · POSS y- · REL -yo	class 7: SUBJ ki- · ADJ ki- · GEN cha · DEM hiki/kile · POSS ch- · REL -cho · class 9: SUBJ i- · ADJ Ø/n- · GEN ya · DEM hii/ile · POSS y- · REL -yo	Drei Klassen in einer Aufzählung: 8, 10, 6	A1 SD1 K Kiosk
452	18	K	klar	0	Kommst du mit? – Klar!	Are you coming along? - Of course!	Unakuja pamoja? - Bila shaka!	u-na-kuj-a pamoja bila shaka	2SG-PRÄS-kommen-IND zusammen ohne KL9.Zweifel	2SG-PRS-come-IND together without CL9.doubt			Kl.9: SUBJ i- · ADJ Ø/n- · GEN ya · DEM hii/ile · POSS y- · REL -yo	class 9: SUBJ i- · ADJ Ø/n- · GEN ya · DEM hii/ile · POSS y- · REL -yo	"bila shaka heißt wörtlich ""ohne Zweifel"""	A1 SD1 K klar
453	18	K	die Klasse	0	In unserer Klasse sind fünfundzwanzig Schüler.	There are twenty-five pupils in our class.	Katika darasa letu kuna wanafunzi ishirini na watano.	katika darasa l-etu ku-na wanafunzi ishirini na wa-tano	in KL5.Klasse KL5-unser KL17-mit KL2.Schüler zwanzig und KL2-fünf	in CL5.class CL5-our CL17-with CL2.pupil twenty and CL2-five	darasa Kl. 5/6 (ji-/Ø › ma-) → madarasa · mwanafunzi Kl. 1/2 (m-/mw- › wa-) → wanafunzi	darasa class 5/6 (ji-/Ø › ma-) → madarasa · mwanafunzi class 1/2 (m-/mw- › wa-) → wanafunzi	Kl.5: SUBJ li- · ADJ ji-/Ø · GEN la · DEM hili/lile · POSS l- · REL -lo · Kl.1: SUBJ a- · ADJ m-/mw- · GEN wa · DEM huyu/yule · POSS w- · REL -ye	class 5: SUBJ li- · ADJ ji-/Ø · GEN la · DEM hili/lile · POSS l- · REL -lo · class 1: SUBJ a- · ADJ m-/mw- · GEN wa · DEM huyu/yule · POSS w- · REL -ye	watano trägt das Kl.2-Präfix, ishirini nicht	A1 SD1 K Klasse
454	18	K	die Klasse	0	Im Zug fahre ich immer 2. Klasse.	On the train I always travel second class.	Kwenye treni nasafiri daraja la pili kila mara.	kwenye treni na-safiri daraja l-a pili kila mara	an KL9.Zug 1SG.PRÄS.ALLG-reisen KL5.Klasse KL5-GEN zweite jede KL9.Mal	at CL9.train 1SG.PRS.GNRL-travel CL5.class CL5-GEN second every CL9.time	treni Kl. 9/10 (Ø/n-) → treni  — Numerus nur an der Konkordanz  [Lehnwort]	treni class 9/10 (Ø/n-) → treni  — number shows only in the agreement  [loanword]	Kl.9: SUBJ i- · ADJ Ø/n- · GEN ya · DEM hii/ile · POSS y- · REL -yo	class 9: SUBJ i- · ADJ Ø/n- · GEN ya · DEM hii/ile · POSS y- · REL -yo	daraja Kl.5 für Rang und Klasse	A1 SD1 K Klasse
455	18	K	die Kleidung	0	Wo finde ich Kleidung? – Jacken im ersten, Jeans im zweiten Stock.	Where do I find clothes? - Jackets on the first floor, jeans on the second.	Nguo nazipata wapi? - Makoti ghorofa ya kwanza, jinsi ghorofa ya pili.	nguo na-zi-pat-a wapi ma-koti ghorofa y-a kwanza jinsi ghorofa y-a pili	KL10.Kleidung 1SG.PRÄS.ALLG-OBJ10-finden-IND wo KL6-Jacke KL9.Stock KL9-GEN erste KL10.Jeans KL9.Stock KL9-GEN zweite	CL10.clothing 1SG.PRS.GNRL-OBJ10-find-IND where CL6-jacket CL9.floor CL9-GEN first CL10.jeans CL9.floor CL9-GEN second	nguo Kl. 9/10 (Ø/n-) → nguo  — Numerus nur an der Konkordanz  [meist Plural] · koti Kl. 5/6 (ji-/Ø › ma-) → makoti · ghorofa Kl. 9/10 (Ø/n-) → ghorofa  — Numerus nur an der Konkordanz  [Etage]	nguo class 9/10 (Ø/n-) → nguo  — number shows only in the agreement  [usually plural] · koti class 5/6 (ji-/Ø › ma-) → makoti · ghorofa class 9/10 (Ø/n-) → ghorofa  — number shows only in the agreement  [storey]	Kl.9: SUBJ i- · ADJ Ø/n- · GEN ya · DEM hii/ile · POSS y- · REL -yo · Kl.5: SUBJ li- · ADJ ji-/Ø · GEN la · DEM hili/lile · POSS l- · REL -lo	class 9: SUBJ i- · ADJ Ø/n- · GEN ya · DEM hii/ile · POSS y- · REL -yo · class 5: SUBJ li- · ADJ ji-/Ø · GEN la · DEM hili/lile · POSS l- · REL -lo	Objektpräfix -zi- greift nguo Kl.10 auf	A1 SD1 K Kleidung
456	18	K	klein	0	Eltville ist eine kleine Stadt am Rhein.	Eltville is a small town on the Rhine.	Eltville ni mji mdogo kwenye mto Rhein.	Eltville ni m-ji m-dogo kwenye mto Rhein	Eltville KOP KL3-Stadt KL3-klein an KL3.Fluss Rhein	Eltville COP CL3-town CL3-small at CL3.river Rhine	mji Kl. 3/4 (m-/mw- › mi-) → miji	mji class 3/4 (m-/mw- › mi-) → miji	Kl.3: SUBJ u- · ADJ m-/mw- · GEN wa · DEM huu/ule · POSS w- · REL -o	class 3: SUBJ u- · ADJ m-/mw- · GEN wa · DEM huu/ule · POSS w- · REL -o	mdogo kongruiert mit mji Kl.3	A1 SD1 K klein
457	18	K	kochen	0	Herr Georgi kann gut kochen.	Mr Georgi can cook well.	Bwana Georgi anaweza kupika vizuri.	bwana Georgi a-na-wez-a ku-pik-a vi-zuri	KL5/KL1.Herr Georgi 3SG-PRÄS-können-IND KL15-kochen-IND KL8-gut	CL5/CL1.mister Georgi 3SG-PRS-can-IND CL15-cook-IND CL8-good	bwana Kl. 5/6 (ji-/Ø › ma-) → mabwana  [Person: Form Kl. 5/6, Kongruenz Kl. 1/2]	bwana class 5/6 (ji-/Ø › ma-) → mabwana  [person: form class 5/6, agreement class 1/2]	Kl.1: SUBJ a- · ADJ m-/mw- · GEN wa · DEM huyu/yule · POSS w- · REL -ye	class 1: SUBJ a- · ADJ m-/mw- · GEN wa · DEM huyu/yule · POSS w- · REL -ye	vizuri ist das Adverb mit Kl.8-Präfix	A1 SD1 K kochen
458	18	K	der Koffer, –	0	Ist das Ihr Koffer?	Is that your suitcase?	Hili ni sanduku lako?	hili ni sanduku l-ako	KL5.DEM KOP KL5.Koffer KL5-dein	CL5.DEM COP CL5.suitcase CL5-your	sanduku Kl. 5/6 (ji-/Ø › ma-) → masanduku	sanduku class 5/6 (ji-/Ø › ma-) → masanduku	Kl.5: SUBJ li- · ADJ ji-/Ø · GEN la · DEM hili/lile · POSS l- · REL -lo	class 5: SUBJ li- · ADJ ji-/Ø · GEN la · DEM hili/lile · POSS l- · REL -lo	hili und lako kongruieren beide mit Kl.5	A1 SD1 K Koffer
459	18	K	der Kollege, -n	0	Wie heißt die neue Kollegin?	What is the new colleague called?	Mwenzi mpya anaitwa nani?	mw-enzi m-pya a-na-it-w-a nani	KL1-Kollegin KL1-neu 3SG-PRÄS-nennen-PASS-IND wer	CL1-colleague CL1-new 3SG-PRS-call-PASS-IND who	mwenzi Kl. 1/2 (m-/mw- › wa-) → wenzi	mwenzi class 1/2 (m-/mw- › wa-) → wenzi	Kl.1: SUBJ a- · ADJ m-/mw- · GEN wa · DEM huyu/yule · POSS w- · REL -ye	class 1: SUBJ a- · ADJ m-/mw- · GEN wa · DEM huyu/yule · POSS w- · REL -ye	mwenzi Kl.1, Plural wenzi Kl.2	A1 SD1 K Kollege
460	18	K	kommen	0	Woher kommen Sie? – Aus Frankreich.	Where do you come from? - From France.	Mnatoka wapi? - Kutoka Ufaransa.	m-na-tok-a wapi ku-tok-a Ufaransa	2PL-PRÄS-kommen-IND wo KL15-kommen-IND Frankreich	2PL-PRS-come-IND where CL15-come-IND France			Kl.15: SUBJ ku- · ADJ ku- · GEN kwa · DEM huku/kule · POSS kw- · REL -ko	class 15: SUBJ ku- · ADJ ku- · GEN kwa · DEM huku/kule · POSS kw- · REL -ko	Ländernamen mit u- der Kl.11: Ufaransa	A1 SD1 K kommen
461	18	K	kommen	0	Kommst du mit ins Schwimmbad?	Are you coming to the swimming pool?	Unakuja pamoja bwawani la kuogelea?	u-na-kuj-a pamoja bwawa-ni l-a ku-ogele-a	2SG-PRÄS-kommen-IND zusammen KL5.Becken-LOK KL5-GEN KL15-schwimmen-IND	2SG-PRS-come-IND together CL5.pool-LOC CL5-GEN CL15-swim-IND			Kl.5: SUBJ li- · ADJ ji-/Ø · GEN la · DEM hili/lile · POSS l- · REL -lo · Kl.15: SUBJ ku- · ADJ ku- · GEN kwa · DEM huku/kule · POSS kw- · REL -ko	class 5: SUBJ li- · ADJ ji-/Ø · GEN la · DEM hili/lile · POSS l- · REL -lo · class 15: SUBJ ku- · ADJ ku- · GEN kwa · DEM huku/kule · POSS kw- · REL -ko	Schwimmbad als bwawa la kuogelea	A1 SD1 K kommen
462	18	K	können	0	Ich kann Deutsch und Russisch.	I know German and Russian.	Najua Kijerumani na Kirusi.	na-ju-a Ki-jerumani na Ki-rusi	1SG.PRÄS.ALLG-wissen-IND KL7-Deutsch und KL7-Russisch	1SG.PRS.GNRL-know-IND CL7-German and CL7-Russian			Kl.7: SUBJ ki- · ADJ ki- · GEN cha · DEM hiki/kile · POSS ch- · REL -cho	class 7: SUBJ ki- · ADJ ki- · GEN cha · DEM hiki/kile · POSS ch- · REL -cho	Sprachen tragen das ki- der Kl.7	A1 SD1 K können
463	18	K	können	0	Können Sie mir helfen?	Can you help me?	Mnaweza kunisaidia?	m-na-wez-a ku-ni-saidi-a	2PL-PRÄS-können-IND KL15-OBJ1SG-helfen-IND	2PL-PRS-can-IND CL15-OBJ1SG-help-IND			Kl.15: SUBJ ku- · ADJ ku- · GEN kwa · DEM huku/kule · POSS kw- · REL -ko	class 15: SUBJ ku- · ADJ ku- · GEN kwa · DEM huku/kule · POSS kw- · REL -ko	kuweza für Fähigkeit, kujua für Kenntnis	A1 SD1 K können
464	18	K	das Konto	0	Das Geld überweisen wir am ersten März auf Ihr Konto.	We will transfer the money to your account on 1 March.	Pesa tutazituma kwenye akaunti yako tarehe mosi Machi.	pesa tu-ta-zi-tum-a kwenye akaunti y-ako tarehe mosi Machi	KL10.Geld 1PL-FUT-OBJ10-schicken-IND an KL9.Konto KL9-dein KL9.Datum erste März	CL10.money 1PL-FUT-OBJ10-send-IND at CL9.account CL9-your CL9.date first March	pesa Kl. 9/10 (Ø/n-) → pesa  — Numerus nur an der Konkordanz · akaunti Kl. 9/10 (Ø/n-) → akaunti  — Numerus nur an der Konkordanz  [Lehnwort] · tarehe Kl. 9/10 (Ø/n-) → tarehe  — Numerus nur an der Konkordanz	pesa class 9/10 (Ø/n-) → pesa  — number shows only in the agreement · akaunti class 9/10 (Ø/n-) → akaunti  — number shows only in the agreement  [loanword] · tarehe class 9/10 (Ø/n-) → tarehe  — number shows only in the agreement	Kl.9: SUBJ i- · ADJ Ø/n- · GEN ya · DEM hii/ile · POSS y- · REL -yo	class 9: SUBJ i- · ADJ Ø/n- · GEN ya · DEM hii/ile · POSS y- · REL -yo	tarehe mosi ist der erste Tag des Monats	A1 SD1 K Konto
465	18	K	der Kopf	0	Mein Kopf tut weh!	My head hurts!	Kichwa changu kinaniuma!	ki-chwa ch-angu ki-na-ni-um-a	KL7-Kopf KL7-mein KL7-PRÄS-OBJ1SG-schmerzen-IND	CL7-head CL7-my CL7-PRS-OBJ1SG-hurt-IND	kichwa Kl. 7/8 (ki- › vi-) → vichwa	kichwa class 7/8 (ki- › vi-) → vichwa	Kl.7: SUBJ ki- · ADJ ki- · GEN cha · DEM hiki/kile · POSS ch- · REL -cho	class 7: SUBJ ki- · ADJ ki- · GEN cha · DEM hiki/kile · POSS ch- · REL -cho	Dreifache Kl.7-Kongruenz: changu, ki-, kichwa	A1 SD1 K Kopf
466	18	K	kosten	0	Wie viel kostet das? – 10 Euro.	How much does that cost? - 10 euros.	Hii inagharimu kiasi gani? - Euro kumi.	hii i-na-gharimu kiasi gani Euro kumi	KL9.DEM KL9-PRÄS-kosten KL9.Menge welche Euro zehn	CL9.DEM CL9-PRS-cost CL9.amount which euro ten			Kl.9: SUBJ i- · ADJ Ø/n- · GEN ya · DEM hii/ile · POSS y- · REL -yo	class 9: SUBJ i- · ADJ Ø/n- · GEN ya · DEM hii/ile · POSS y- · REL -yo	kiasi gani fragt nach der Menge	A1 SD1 K kosten
467	18	K	krank	0	Ich kann heute nicht zur Arbeit kommen, ich bin krank und liege im Bett.	I cannot come to work today, I am ill and in bed.	Siwezi kuja kazini leo, mimi ni mgonjwa na nalala kitandani.	si-wez-i ku-j-a kazi-ni leo mimi ni m-gonjwa na na-lal-a ki-tanda-ni	1SG.NEG-können-NEG KL15-kommen-IND KL9.Arbeit-LOK heute ich KOP KL1-krank und 1SG.PRÄS.ALLG-liegen-IND KL7-Bett-LOK	1SG.NEG-can-NEG CL15-come-IND CL9.work-LOC today I COP CL1-ill and 1SG.PRS.GNRL-lie-IND CL7-bed-LOC			Kl.15: SUBJ ku- · ADJ ku- · GEN kwa · DEM huku/kule · POSS kw- · REL -ko · Kl.9: SUBJ i- · ADJ Ø/n- · GEN ya · DEM hii/ile · POSS y- · REL -yo	class 15: SUBJ ku- · ADJ ku- · GEN kwa · DEM huku/kule · POSS kw- · REL -ko · class 9: SUBJ i- · ADJ Ø/n- · GEN ya · DEM hii/ile · POSS y- · REL -yo	Zwei Ortsangaben mit -ni: kazini und kitandani	A1 SD1 K krank
468	18	K	kriegen	0	Ich kriege 15 Euro in der Stunde für meine Arbeit.	I get 15 euros an hour for my work.	Napata Euro kumi na tano kwa saa kwa kazi yangu.	na-pat-a Euro kumi na tano kwa saa kwa kazi y-angu	1SG.PRÄS.ALLG-bekommen-IND Euro zehn und fünf pro KL9.Stunde für KL9.Arbeit KL9-mein	1SG.PRS.GNRL-get-IND euro ten and five per CL9.hour for CL9.work CL9-my	"saa Kl. 9/10 (Ø/n-) → saa  — Numerus nur an der Konkordanz  [auch ""Uhr""] · kazi Kl. 9/10 (Ø/n-) → kazi  — Numerus nur an der Konkordanz"	"saa class 9/10 (Ø/n-) → saa  — number shows only in the agreement  [also ""clock""] · kazi class 9/10 (Ø/n-) → kazi  — number shows only in the agreement"	Kl.9: SUBJ i- · ADJ Ø/n- · GEN ya · DEM hii/ile · POSS y- · REL -yo	class 9: SUBJ i- · ADJ Ø/n- · GEN ya · DEM hii/ile · POSS y- · REL -yo	"kwa dient als ""pro"" und als ""für"""	A1 SD1 K kriegen
469	18	K	die Küche	0	Der neue Herd kommt in die Küche.	The new cooker goes in the kitchen.	Jiko jipya linakwenda jikoni.	jiko ji-pya li-na-kwend-a jiko-ni	KL5.Herd KL5-neu KL5-PRÄS-gehen-IND KL5.Küche-LOK	CL5.cooker CL5-new CL5-PRS-go-IND CL5.kitchen-LOC	jiko Kl. 5/6 (ji-/Ø › ma-) → majiko	jiko class 5/6 (ji-/Ø › ma-) → majiko	Kl.5: SUBJ li- · ADJ ji-/Ø · GEN la · DEM hili/lile · POSS l- · REL -lo	class 5: SUBJ li- · ADJ ji-/Ø · GEN la · DEM hili/lile · POSS l- · REL -lo	jiko ist Herd und Küche; nur -ni unterscheidet	A1 SD1 K Küche
470	18	K	der Kuchen	0	Ich nehme ein Stück Kuchen.	I will have a piece of cake.	Nachukua kipande cha keki.	na-chuku-a ki-pande ch-a keki	1SG.PRÄS.ALLG-nehmen-IND KL7-Stück KL7-GEN KL9.Kuchen	1SG.PRS.GNRL-take-IND CL7-piece CL7-GEN CL9.cake	keki Kl. 9/10 (Ø/n-) → keki  — Numerus nur an der Konkordanz  [Lehnwort]	keki class 9/10 (Ø/n-) → keki  — number shows only in the agreement  [loanword]	Kl.9: SUBJ i- · ADJ Ø/n- · GEN ya · DEM hii/ile · POSS y- · REL -yo	class 9: SUBJ i- · ADJ Ø/n- · GEN ya · DEM hii/ile · POSS y- · REL -yo	kipande Kl.7 nimmt den Genitiv cha	A1 SD1 K Kuchen
471	19	K	der Kugelschreiber	0	Hast du einen Kugelschreiber für mich?	Do you have a pen for me?	Unayo kalamu kwa ajili yangu?	u-na-yo kalamu kwa ajili y-angu	2SG-haben-REL9 KL9.Kugelschreiber für KL9.Zweck KL9-mein	2SG-have-REL9 CL9.pen for CL9.purpose CL9-my	kalamu Kl. 9/10 (Ø/n-) → kalamu  — Numerus nur an der Konkordanz	kalamu class 9/10 (Ø/n-) → kalamu  — number shows only in the agreement	Kl.9: SUBJ i- · ADJ Ø/n- · GEN ya · DEM hii/ile · POSS y- · REL -yo	class 9: SUBJ i- · ADJ Ø/n- · GEN ya · DEM hii/ile · POSS y- · REL -yo	kalamu deckt Stift und Kugelschreiber ab	A1 SD1 K Kugelschreiber
472	19	K	der Kühlschrank	0	Haben wir noch Milch? – Ja, im Kühlschrank.	Do we still have milk? - Yes, in the fridge.	Tunayo maziwa bado? - Ndiyo, kwenye friji.	tu-na-yo maziwa bado ndiyo kwenye friji	1PL-haben-REL9 KL6.Milch noch ja an KL9.Kühlschrank	1PL-have-REL9 CL6.milk still yes at CL9.fridge	maziwa Kl. 6 (ma-), kein Numeruswechsel  [nur Plural] · friji Kl. 9/10 (Ø/n-) → friji  — Numerus nur an der Konkordanz  [Lehnwort]	maziwa class 6 (ma-), no number change  [plural only] · friji class 9/10 (Ø/n-) → friji  — number shows only in the agreement  [loanword]	Kl.6: SUBJ ya- · ADJ ma- · GEN ya · DEM haya/yale · POSS y- · REL -yo · Kl.9: SUBJ i- · ADJ Ø/n- · GEN ya · DEM hii/ile · POSS y- · REL -yo	class 6: SUBJ ya- · ADJ ma- · GEN ya · DEM haya/yale · POSS y- · REL -yo · class 9: SUBJ i- · ADJ Ø/n- · GEN ya · DEM hii/ile · POSS y- · REL -yo	maziwa ist Kl.6 und heißt Milch und Seen	A1 SD1 K Kühlschrank
473	19	K	kulturell	0	Ich bin kulturell interessiert. Ich gehe oft ins Museum.	I am interested in culture. I often go to the museum.	Nina hamu ya kitamaduni. Naenda jumba la makumbusho mara nyingi.	ni-na hamu y-a ki-tamaduni na-end-a jumba l-a ma-kumbusho mara ny-ingi	1SG-haben KL9.Lust KL9-GEN KL7-kulturell 1SG.PRÄS.ALLG-gehen-IND KL5.Halle KL5-GEN KL6-Erinnerung KL9.Mal KL10-viele	1SG-have CL9.desire CL9-GEN CL7-cultural 1SG.PRS.GNRL-go-IND CL5.hall CL5-GEN CL6-memory CL9.time CL10-many	hamu ya kula Kl. 9 (Ø/n-), kein Numeruswechsel  [Genitivfuegung]	hamu ya kula class 9 (Ø/n-), no number change  [genitive construction]	Kl.9: SUBJ i- · ADJ Ø/n- · GEN ya · DEM hii/ile · POSS y- · REL -yo	class 9: SUBJ i- · ADJ Ø/n- · GEN ya · DEM hii/ile · POSS y- · REL -yo	ki- bildet Adjektive der Art: kitamaduni	A1 SD1 K kulturell
474	19	K	sich kümmern	0	Jede Mutter kümmert sich um ihre kleinen Kinder.	Every mother looks after her small children.	Kila mama anawajali watoto wake wadogo.	kila mama a-na-wa-jali watoto w-ake w-adogo	jede KL9/KL1.Mutter 3SG-PRÄS-OBJ2-sorgen KL2.Kind KL2-sein KL2-klein	every CL9/CL1.mother 3SG-PRS-OBJ2-care CL2.child CL2-be CL2-small	"mama Kl. 9/10 (Ø/n-) → mama  — Numerus nur an der Konkordanz  [Person: Form Kl. 9/10, Kongruenz Kl. 1/2] · mtoto Kl. 1/2 (m-/mw- › wa-) → watoto · mke Kl. 1/2 (m-/mw- › wa-) → wake  [Ehemann = ""mume"" Kl. 1/2]"	"mama class 9/10 (Ø/n-) → mama  — number shows only in the agreement  [person: form class 9/10, agreement class 1/2] · mtoto class 1/2 (m-/mw- › wa-) → watoto · mke class 1/2 (m-/mw- › wa-) → wake  [husband = ""mume"" class 1/2]"	Kl.1: SUBJ a- · ADJ m-/mw- · GEN wa · DEM huyu/yule · POSS w- · REL -ye	class 1: SUBJ a- · ADJ m-/mw- · GEN wa · DEM huyu/yule · POSS w- · REL -ye	kujali braucht kein Reflexivpronomen	A1 SD1 K sich_kümmern
475	19	K	der Kunde, -n	0	Einen Moment, bitte. Ich habe eine Kundin.	One moment, please. I have a customer.	Dakika moja, tafadhali. Nina mteja.	dakika moja tafadhali ni-na m-teja	KL9.Minute eins bitte 1SG-haben KL1-Kunde	CL9.minute one please 1SG-have CL1-customer	mteja Kl. 1/2 (m-/mw- › wa-) → wateja	mteja class 1/2 (m-/mw- › wa-) → wateja	Kl.1: SUBJ a- · ADJ m-/mw- · GEN wa · DEM huyu/yule · POSS w- · REL -ye	class 1: SUBJ a- · ADJ m-/mw- · GEN wa · DEM huyu/yule · POSS w- · REL -ye	mteja Kl.1, Plural wateja Kl.2	A1 SD1 K Kunde
476	19	K	der Kurs, -e	0	Der Deutschkurs geht bis zum Sommer.	The German course runs until the summer.	Kozi ya Kijerumani inaendelea hadi kiangazi.	kozi y-a Ki-jerumani i-na-endele-a hadi ki-angazi	KL9.Kurs KL9-GEN KL7-Deutsch KL9-PRÄS-weitergehen-IND bis KL7-Sommer	CL9.course CL9-GEN CL7-German CL9-PRS-continue-IND until CL7-summer	kozi Kl. 9/10 (Ø/n-) → kozi  — Numerus nur an der Konkordanz  [Lehnwort]	kozi class 9/10 (Ø/n-) → kozi  — number shows only in the agreement  [loanword]	Kl.9: SUBJ i- · ADJ Ø/n- · GEN ya · DEM hii/ile · POSS y- · REL -yo	class 9: SUBJ i- · ADJ Ø/n- · GEN ya · DEM hii/ile · POSS y- · REL -yo	Jahreszeiten tragen oft das ki- der Kl.7	A1 SD1 K Kurs
477	19	K	kurz	0	Ricardo hat kurzes Haar.	Ricardo has short hair.	Ricardo ana nywele fupi.	Ricardo a-na nywele fupi	Ricardo 3SG-haben KL10.Haar kurz	Ricardo 3SG-have CL10.hair short	"unywele Kl. 11/10 (u- › Ø/n-) → nywele  [meist Plural ""nywele""]"	"unywele class 11/10 (u- › Ø/n-) → nywele  [usually plural ""nywele""]"	Kl.11: SUBJ u- · ADJ m-/mw- · GEN wa · DEM huu/ule · POSS w- · REL -o	class 11: SUBJ u- · ADJ m-/mw- · GEN wa · DEM huu/ule · POSS w- · REL -o	fupi bleibt in Kl.10 ohne Präfix	A1 SD1 K kurz
478	19	L	lachen	0	Die Kinder lachen viel.	The children laugh a lot.	Watoto wanacheka sana.	watoto wa-na-chek-a sana	KL2.Kind KL2-PRÄS-lachen-IND sehr	CL2.child CL2-PRS-laugh-IND very	mtoto Kl. 1/2 (m-/mw- › wa-) → watoto	mtoto class 1/2 (m-/mw- › wa-) → watoto	Kl.1: SUBJ a- · ADJ m-/mw- · GEN wa · DEM huyu/yule · POSS w- · REL -ye	class 1: SUBJ a- · ADJ m-/mw- · GEN wa · DEM huyu/yule · POSS w- · REL -ye	sana verstärkt das Verb	A1 SD1 L lachen
479	19	L	der Laden, -ä	0	Im Buchladen können Sie Bücher kaufen.	At the bookshop you can buy books.	Kwenye duka la vitabu mnaweza kununua vitabu.	kwenye duka l-a vi-tabu m-na-wez-a ku-nunu-a vi-tabu	an KL5.Laden KL5-GEN KL8-Buch 2PL-PRÄS-können-IND KL15-kaufen-IND KL8-Buch	at CL5.shop CL5-GEN CL8-book 2PL-PRS-can-IND CL15-buy-IND CL8-book	duka Kl. 5/6 (ji-/Ø › ma-) → maduka · kitabu Kl. 7/8 (ki- › vi-) → vitabu	duka class 5/6 (ji-/Ø › ma-) → maduka · kitabu class 7/8 (ki- › vi-) → vitabu	Kl.5: SUBJ li- · ADJ ji-/Ø · GEN la · DEM hili/lile · POSS l- · REL -lo · Kl.7: SUBJ ki- · ADJ ki- · GEN cha · DEM hiki/kile · POSS ch- · REL -cho	class 5: SUBJ li- · ADJ ji-/Ø · GEN la · DEM hili/lile · POSS l- · REL -lo · class 7: SUBJ ki- · ADJ ki- · GEN cha · DEM hiki/kile · POSS ch- · REL -cho	"duka la vitabu heißt wörtlich ""Laden der Bücher"""	A1 SD1 L Laden
480	19	L	das Land, -ä, er	0	Italien ist ein schönes Land.	Italy is a beautiful country.	Italia ni nchi nzuri.	Italia ni nchi n-zuri	Italien KOP KL9.Land KL9-gut	Italy COP CL9.country CL9-good	nchi Kl. 9/10 (Ø/n-) → nchi  — Numerus nur an der Konkordanz	nchi class 9/10 (Ø/n-) → nchi  — number shows only in the agreement	Kl.9: SUBJ i- · ADJ Ø/n- · GEN ya · DEM hii/ile · POSS y- · REL -yo	class 9: SUBJ i- · ADJ Ø/n- · GEN ya · DEM hii/ile · POSS y- · REL -yo	nzuri mit Nasalpräfix der Kl.9	A1 SD1 L Land
481	19	L	lang	0	Die Jeans ist zu lang.	The jeans are too long.	Jinsi ni ndefu mno.	jinsi ni n-defu mno	KL10.Jeans KOP KL10-lang zu	CL10.jeans COP CL10-long to			Kl.10: SUBJ zi- · ADJ Ø/n- · GEN za · DEM hizi/zile · POSS z- · REL -zo	class 10: SUBJ zi- · ADJ Ø/n- · GEN za · DEM hizi/zile · POSS z- · REL -zo	"mno heißt ""allzu"", sana heißt ""sehr"""	A1 SD1 L lang
482	19	L	lange	0	Wie lange fährt der Zug von Hamburg nach Berlin?	How long does the train take from Hamburg to Berlin?	Treni inachukua muda gani kutoka Hamburg hadi Berlin?	treni i-na-chuku-a muda gani ku-tok-a Hamburg hadi Berlin	KL9.Zug KL9-PRÄS-nehmen-IND KL3.Zeit welche KL15-kommen-IND Hamburg bis Berlin	CL9.train CL9-PRS-take-IND CL3.time which CL15-come-IND Hamburg until Berlin	treni Kl. 9/10 (Ø/n-) → treni  — Numerus nur an der Konkordanz  [Lehnwort] · muda Kl. 3/10 (m-/mw- › Ø/n-) → nyakati  [Plural unregelmaessig]	treni class 9/10 (Ø/n-) → treni  — number shows only in the agreement  [loanword] · muda class 3/10 (m-/mw- › Ø/n-) → nyakati  [irregular plural]	Kl.9: SUBJ i- · ADJ Ø/n- · GEN ya · DEM hii/ile · POSS y- · REL -yo · Kl.3: SUBJ u- · ADJ m-/mw- · GEN wa · DEM huu/ule · POSS w- · REL -o	class 9: SUBJ i- · ADJ Ø/n- · GEN ya · DEM hii/ile · POSS y- · REL -yo · class 3: SUBJ u- · ADJ m-/mw- · GEN wa · DEM huu/ule · POSS w- · REL -o	Dauer wird mit kuchukua muda ausgedrückt	A1 SD1 L lange
483	19	L	langsam	0	Könnten Sie bitte etwas langsamer sprechen?	Could you please speak a little more slowly?	Mngeweza kusema polepole zaidi, tafadhali?	m-nge-wez-a ku-sem-a polepole zaidi tafadhali	2PL-IRR-können-IND KL15-sprechen-IND langsam mehr bitte	2PL-IRR-can-IND CL15-speak-IND slow more please			Kl.15: SUBJ ku- · ADJ ku- · GEN kwa · DEM huku/kule · POSS kw- · REL -ko	class 15: SUBJ ku- · ADJ ku- · GEN kwa · DEM huku/kule · POSS kw- · REL -ko	"-nge- bildet die Höflichkeitsform ""könnten Sie"""	A1 SD1 L langsam
484	19	L	laufen	0	Ich möchte nicht Auto fahren, ich möchte laufen.	I do not want to drive, I want to walk.	Sitaki kuendesha gari, nataka kutembea.	si-tak-i ku-endesh-a gari na-tak-a ku-tembe-a	1SG.NEG-wollen-NEG KL15-fahren-IND KL5.Auto 1SG.PRÄS.ALLG-wollen-IND KL15-gehen-IND	1SG.NEG-want-NEG CL15-drive-IND CL5.car 1SG.PRS.GNRL-want-IND CL15-go-IND	gari Kl. 5/6 (ji-/Ø › ma-) → magari	gari class 5/6 (ji-/Ø › ma-) → magari	Kl.5: SUBJ li- · ADJ ji-/Ø · GEN la · DEM hili/lile · POSS l- · REL -lo	class 5: SUBJ li- · ADJ ji-/Ø · GEN la · DEM hili/lile · POSS l- · REL -lo	kutembea heißt gehen, wandern und spazieren	A1 SD1 L laufen
485	19	L	laut	0	Nicht so laut! Das Baby schläft.	Not so loud! The baby is asleep.	Si kwa sauti kubwa hivyo! Mtoto mchanga analala.	si kwa sauti kubwa hivyo m-toto m-changa a-na-lal-a	NEG mit KL9.Stimme groß so KL1-Kind KL1-jung 3SG-PRÄS-schlafen-IND	NEG with CL9.voice big so CL1-child CL1-young 3SG-PRS-sleep-IND	mtoto Kl. 1/2 (m-/mw- › wa-) → watoto	mtoto class 1/2 (m-/mw- › wa-) → watoto	Kl.1: SUBJ a- · ADJ m-/mw- · GEN wa · DEM huyu/yule · POSS w- · REL -ye	class 1: SUBJ a- · ADJ m-/mw- · GEN wa · DEM huyu/yule · POSS w- · REL -ye	"laut = kwa sauti kubwa, ""mit großer Stimme"""	A1 SD1 L laut
486	19	L	leben	0	Sie lebt bei ihrer Schwester.	She lives with her sister.	Anakaa kwa dada yake.	a-na-ka-a kwa dada y-ake	3SG-PRÄS-wohnen-IND bei KL9/KL1.Schwester KL9-sein	3SG-PRS-live-IND at CL9/CL1.sister CL9-be	dada Kl. 9/10 (Ø/n-) → dada  — Numerus nur an der Konkordanz  [Person: Form Kl. 9/10, Kongruenz Kl. 1/2]	dada class 9/10 (Ø/n-) → dada  — number shows only in the agreement  [person: form class 9/10, agreement class 1/2]	Kl.1: SUBJ a- · ADJ m-/mw- · GEN wa · DEM huyu/yule · POSS w- · REL -ye	class 1: SUBJ a- · ADJ m-/mw- · GEN wa · DEM huyu/yule · POSS w- · REL -ye	kwa bezeichnet den Aufenthalt bei Personen	A1 SD1 L leben
487	19	L	leben	0	Ihre Eltern leben nicht mehr.	Her parents are no longer alive.	Wazazi wake hawapo tena hai.	wazazi w-ake hawa-po tena hai	KL2.Eltern KL2-sein 3PL.NEG-sein.da mehr lebendig	CL2.parents CL2-be 3PL.NEG-be.there more alive	"mzazi Kl. 1/2 (m-/mw- › wa-) → wazazi  [deutsch nur Plural] · mke Kl. 1/2 (m-/mw- › wa-) → wake  [Ehemann = ""mume"" Kl. 1/2]"	"mzazi class 1/2 (m-/mw- › wa-) → wazazi  [German has plural only] · mke class 1/2 (m-/mw- › wa-) → wake  [husband = ""mume"" class 1/2]"	Kl.1: SUBJ a- · ADJ m-/mw- · GEN wa · DEM huyu/yule · POSS w- · REL -ye	class 1: SUBJ a- · ADJ m-/mw- · GEN wa · DEM huyu/yule · POSS w- · REL -ye	hai bleibt unverändert	A1 SD1 L leben
488	19	L	das Leben	1	Das Leben in diesem Land ist teuer.	Life in this country is expensive.	Maisha katika nchi hii ni ghali.	maisha katika nchi hii ni ghali	KL6.Leben in KL9.Land KL9.DEM KOP teuer	CL6.life in CL9.country CL9.DEM COP expensive	maisha Kl. 6 (ma-), kein Numeruswechsel  [nur Plural] · nchi Kl. 9/10 (Ø/n-) → nchi  — Numerus nur an der Konkordanz	maisha class 6 (ma-), no number change  [plural only] · nchi class 9/10 (Ø/n-) → nchi  — number shows only in the agreement	Kl.6: SUBJ ya- · ADJ ma- · GEN ya · DEM haya/yale · POSS y- · REL -yo · Kl.9: SUBJ i- · ADJ Ø/n- · GEN ya · DEM hii/ile · POSS y- · REL -yo	class 6: SUBJ ya- · ADJ ma- · GEN ya · DEM haya/yale · POSS y- · REL -yo · class 9: SUBJ i- · ADJ Ø/n- · GEN ya · DEM hii/ile · POSS y- · REL -yo	maisha ist Kl.6 und hat keinen Singular	A1 SD1 L Leben
489	19	L	die Lebensmittel (pl.)	0	Lebensmittel bekommen Sie im Supermarkt.	You can get groceries at the supermarket.	Chakula mnapata kwenye duka kuu.	chakula m-na-pat-a kwenye duka kuu	KL7.Essen 2PL-PRÄS-bekommen-IND an KL5.Laden groß	CL7.food 2PL-PRS-get-IND at CL5.shop big	chakula Kl. 7/8 (ki- › vi-) → vyakula · duka Kl. 5/6 (ji-/Ø › ma-) → maduka	chakula class 7/8 (ki- › vi-) → vyakula · duka class 5/6 (ji-/Ø › ma-) → maduka	Kl.7: SUBJ ki- · ADJ ki- · GEN cha · DEM hiki/kile · POSS ch- · REL -cho · Kl.5: SUBJ li- · ADJ ji-/Ø · GEN la · DEM hili/lile · POSS l- · REL -lo	class 7: SUBJ ki- · ADJ ki- · GEN cha · DEM hiki/kile · POSS ch- · REL -cho · class 5: SUBJ li- · ADJ ji-/Ø · GEN la · DEM hili/lile · POSS l- · REL -lo	Supermarkt als duka kuu	A1 SD1 L Lebensmittel__pl__
490	19	L	ledig	0	Sind Sie verheiratet? – Nein. Ledig.	Are you married? - No. Single.	Mmeoa? - Hapana. Sijaoa.	m-me-o-a hapana si-ja-o-a	2PL-PERF-heiraten-IND nein 1SG.NEG-PERF.NEG-heiraten-IND	2PL-PRF-marry-IND no 1SG.NEG-PRF.NEG-marry-IND					"ledig wörtlich ""ich habe noch nicht geheiratet"""	A1 SD1 L ledig
491	19	L	legen	0	Legen Sie das Buch auf den Tisch.	Put the book on the table.	Wekeni kitabu mezani.	wek-eni ki-tabu meza-ni	legen-IMP.PL KL7-Buch KL9.Tisch-LOK	lay-IMP.PL CL7-book CL9.table-LOC	kitabu Kl. 7/8 (ki- › vi-) → vitabu	kitabu class 7/8 (ki- › vi-) → vitabu	Kl.7: SUBJ ki- · ADJ ki- · GEN cha · DEM hiki/kile · POSS ch- · REL -cho	class 7: SUBJ ki- · ADJ ki- · GEN cha · DEM hiki/kile · POSS ch- · REL -cho	Ortssuffix -ni ersetzt die Präposition auf	A1 SD1 L legen
492	19	L	der Lehrer, –	0	Unsere Deutschlehrerin heißt Frau Müller.	Our German teacher is called Mrs Müller.	Mwalimu wetu wa Kijerumani anaitwa Bibi Müller.	mw-alimu w-etu w-a Ki-jerumani a-na-it-w-a bibi Müller	KL1-Lehrerin KL1-unser KL1-GEN KL7-Deutsch 3SG-PRÄS-nennen-PASS-IND KL5/KL1.Frau Müller	CL1-teacher CL1-our CL1-GEN CL7-German 3SG-PRS-call-PASS-IND CL5/CL1.woman Müller	mwalimu Kl. 1/2 (m-/mw- › wa-) → walimu  [Musterwort fuer Kl. 1/2] · bibi Kl. 5/6 (ji-/Ø › ma-) → mabibi  [Person: Form Kl. 5/6, Kongruenz Kl. 1/2]	mwalimu class 1/2 (m-/mw- › wa-) → walimu  [model word for class 1/2] · bibi class 5/6 (ji-/Ø › ma-) → mabibi  [person: form class 5/6, agreement class 1/2]	Kl.1: SUBJ a- · ADJ m-/mw- · GEN wa · DEM huyu/yule · POSS w- · REL -ye	class 1: SUBJ a- · ADJ m-/mw- · GEN wa · DEM huyu/yule · POSS w- · REL -ye	mwalimu Kl.1, Plural walimu Kl.2	A1 SD1 L Lehrer
493	19	L	leicht	0	Der Koffer ist leicht.	The suitcase is light.	Sanduku ni jepesi.	sanduku ni je-pesi	KL5.Koffer KOP KL5-leicht	CL5.suitcase COP CL5-light	sanduku Kl. 5/6 (ji-/Ø › ma-) → masanduku	sanduku class 5/6 (ji-/Ø › ma-) → masanduku	Kl.5: SUBJ li- · ADJ ji-/Ø · GEN la · DEM hili/lile · POSS l- · REL -lo	class 5: SUBJ li- · ADJ ji-/Ø · GEN la · DEM hili/lile · POSS l- · REL -lo	jepesi mit ji-Präfix der Kl.5	A1 SD1 L leicht
494	19	L	leicht	0	Deutsch ist nicht leicht.	German is not easy.	Kijerumani si rahisi.	Ki-jerumani si rahisi	KL7-Deutsch NEG.KOP einfach	CL7-German NEG.COP easy			Kl.7: SUBJ ki- · ADJ ki- · GEN cha · DEM hiki/kile · POSS ch- · REL -cho	class 7: SUBJ ki- · ADJ ki- · GEN cha · DEM hiki/kile · POSS ch- · REL -cho	rahisi heißt einfach und billig	A1 SD1 L leicht
495	19	L	leider	0	Leider kann ich nicht kommen. Ich muss zum Arzt.	Unfortunately I cannot come. I have to go to the doctor.	Kwa bahati mbaya siwezi kuja. Lazima niende kwa daktari.	kwa bahati m-baya si-wez-i ku-j-a lazima ni-end-e kwa daktari	für KL9.Glück KL9-schlecht 1SG.NEG-können-NEG KL15-kommen-IND muss 1SG-gehen-KONJ zu KL5/KL1.Arzt	for CL9.luck CL9-bad 1SG.NEG-can-NEG CL15-come-IND must 1SG-go-SBJV to CL5/CL1.doctor	bahati Kl. 9/10 (Ø/n-) → bahati  — Numerus nur an der Konkordanz · daktari Kl. 5/6 (ji-/Ø › ma-) → madaktari  [Person: Form Kl. 5/6, Kongruenz Kl. 1/2]	bahati class 9/10 (Ø/n-) → bahati  — number shows only in the agreement · daktari class 5/6 (ji-/Ø › ma-) → madaktari  [person: form class 5/6, agreement class 1/2]	Kl.9: SUBJ i- · ADJ Ø/n- · GEN ya · DEM hii/ile · POSS y- · REL -yo · Kl.1: SUBJ a- · ADJ m-/mw- · GEN wa · DEM huyu/yule · POSS w- · REL -ye	class 9: SUBJ i- · ADJ Ø/n- · GEN ya · DEM hii/ile · POSS y- · REL -yo · class 1: SUBJ a- · ADJ m-/mw- · GEN wa · DEM huyu/yule · POSS w- · REL -ye	kwa bahati mbaya ist die feste Wendung für leider	A1 SD1 L leider
496	19	L	leise	0	Seid leise. Die anderen schlafen schon.	Be quiet. The others are already asleep.	Kuwa watulivu. Wengine wanalala tayari.	ku-w-a wa-tulivu w-engine wa-na-lal-a tayari	KL15-sein-IND KL2-ruhig KL2-andere KL2-PRÄS-schlafen-IND schon	CL15-be-IND CL2-quiet CL2-other CL2-PRS-sleep-IND already			Kl.15: SUBJ ku- · ADJ ku- · GEN kwa · DEM huku/kule · POSS kw- · REL -ko · Kl.2: SUBJ wa- · ADJ wa- · GEN wa · DEM hawa/wale · POSS w- · REL -o	class 15: SUBJ ku- · ADJ ku- · GEN kwa · DEM huku/kule · POSS kw- · REL -ko · class 2: SUBJ wa- · ADJ wa- · GEN wa · DEM hawa/wale · POSS w- · REL -o	Infinitiv dient als höflicher Imperativ	A1 SD1 L leise
497	19	L	lernen	0	Wie lange lernen Sie schon Deutsch?	How long have you been learning German?	Mnasoma Kijerumani kwa muda gani tayari?	m-na-som-a Ki-jerumani kwa muda gani tayari	2PL-PRÄS-lernen-IND KL7-Deutsch für KL3.Zeit welche schon	2PL-PRS-learn-IND CL7-German for CL3.time which already	muda Kl. 3/10 (m-/mw- › Ø/n-) → nyakati  [Plural unregelmaessig]	muda class 3/10 (m-/mw- › Ø/n-) → nyakati  [irregular plural]	Kl.3: SUBJ u- · ADJ m-/mw- · GEN wa · DEM huu/ule · POSS w- · REL -o	class 3: SUBJ u- · ADJ m-/mw- · GEN wa · DEM huu/ule · POSS w- · REL -o	kusoma heißt lesen, lernen und studieren	A1 SD1 L lernen
498	19	L	lesen	0	Ich lese ein Buch von García Márquez.	I am reading a book by García Márquez.	Nasoma kitabu cha García Márquez.	na-som-a ki-tabu ch-a García Márquez	1SG.PRÄS.ALLG-lesen-IND KL7-Buch KL7-GEN García Márquez	1SG.PRS.GNRL-read-IND CL7-book CL7-GEN García Márquez	kitabu Kl. 7/8 (ki- › vi-) → vitabu	kitabu class 7/8 (ki- › vi-) → vitabu	Kl.7: SUBJ ki- · ADJ ki- · GEN cha · DEM hiki/kile · POSS ch- · REL -cho	class 7: SUBJ ki- · ADJ ki- · GEN cha · DEM hiki/kile · POSS ch- · REL -cho	Genitiv cha nach kitabu Kl.7	A1 SD1 L lesen
499	19	L	letzt-	0	Morgen ist der letzte Kurstag.	Tomorrow is the last day of the course.	Kesho ni siku ya mwisho ya kozi.	kesho ni siku y-a mwisho y-a kozi	morgen KOP KL9.Tag KL9-GEN KL3.Ende KL9-GEN KL9.Kurs	tomorrow COP CL9.day CL9-GEN CL3.end CL9-GEN CL9.course	siku ya kuzaliwa Kl. 9/10 (Ø/n-) → siku za kuzaliwa  [Genitiv kongruiert mit dem Kopfnomen] · mwisho Kl. 3/4 (m-/mw- › mi-) → miisho · kozi Kl. 9/10 (Ø/n-) → kozi  — Numerus nur an der Konkordanz  [Lehnwort]	siku ya kuzaliwa class 9/10 (Ø/n-) → siku za kuzaliwa  [genitive agrees with the head noun] · mwisho class 3/4 (m-/mw- › mi-) → miisho · kozi class 9/10 (Ø/n-) → kozi  — number shows only in the agreement  [loanword]	Kl.9: SUBJ i- · ADJ Ø/n- · GEN ya · DEM hii/ile · POSS y- · REL -yo · Kl.3: SUBJ u- · ADJ m-/mw- · GEN wa · DEM huu/ule · POSS w- · REL -o	class 9: SUBJ i- · ADJ Ø/n- · GEN ya · DEM hii/ile · POSS y- · REL -yo · class 3: SUBJ u- · ADJ m-/mw- · GEN wa · DEM huu/ule · POSS w- · REL -o	Zwei Genitive ya hintereinander	A1 SD1 L letzt
500	19	L	die Leute (pl.)	0	In der Disko sind viele Leute.	There are a lot of people at the disco.	Diskoni kuna watu wengi.	disko-ni ku-na watu w-engi	KL9.Disco-LOK KL17-mit KL2.Leute KL2-viele	CL9.disco-LOC CL17-with CL2.people CL2-many	mtu Kl. 1/2 (m-/mw- › wa-) → watu  [Musterwort fuer Kl. 1/2]	mtu class 1/2 (m-/mw- › wa-) → watu  [model word for class 1/2]	Kl.1: SUBJ a- · ADJ m-/mw- · GEN wa · DEM huyu/yule · POSS w- · REL -ye	class 1: SUBJ a- · ADJ m-/mw- · GEN wa · DEM huyu/yule · POSS w- · REL -ye	kuna nimmt die Ortsklasse 17	A1 SD1 L Leute__pl__
501	19	L	das Licht	0	Wo macht man hier das Licht an?	Where do you turn on the light here?	Taa inawashwa wapi hapa?	taa i-na-wash-w-a wapi hapa	KL9.Lampe KL9-PRÄS-anmachen-PASS-IND wo hier	CL9.lamp CL9-PRS-switch.on-PASS-IND where here			Kl.9: SUBJ i- · ADJ Ø/n- · GEN ya · DEM hii/ile · POSS y- · REL -yo	class 9: SUBJ i- · ADJ Ø/n- · GEN ya · DEM hii/ile · POSS y- · REL -yo	"Unpersönliches ""man"" wird durch das Passiv ersetzt"	A1 SD1 L Licht
502	19	L	lieb-	0	Liebe Susanne, lieber Hans,	Dear Susanne, dear Hans,	Susanne mpendwa, Hans mpendwa,	Susanne m-pendwa Hans m-pendwa	Susanne KL1-lieb Hans KL1-lieb	Susanne CL1-dear Hans CL1-dear			Kl.1: SUBJ a- · ADJ m-/mw- · GEN wa · DEM huyu/yule · POSS w- · REL -ye	class 1: SUBJ a- · ADJ m-/mw- · GEN wa · DEM huyu/yule · POSS w- · REL -ye	mpendwa ist ein Passivpartizip: der Geliebte	A1 SD1 L lieb
503	19	L	lieben	1	Ich liebe dich!	I love you!	Nakupenda!	na-ku-pend-a	1SG.PRÄS.ALLG-OBJ2SG-lieben-IND	1SG.PRS.GNRL-OBJ2SG-love-IND					Objektpräfix -ku- für dich	A1 SD1 L lieben
504	19	L	lieber	1	Sie fährt lieber mit der Bahn.	She prefers to travel by train.	Anapenda kusafiri kwa treni zaidi.	a-na-pend-a ku-safiri kwa treni zaidi	3SG-PRÄS-mögen-IND KL15-reisen mit KL9.Zug mehr	3SG-PRS-like-IND CL15-travel with CL9.train more	treni Kl. 9/10 (Ø/n-) → treni  — Numerus nur an der Konkordanz  [Lehnwort]	treni class 9/10 (Ø/n-) → treni  — number shows only in the agreement  [loanword]	Kl.9: SUBJ i- · ADJ Ø/n- · GEN ya · DEM hii/ile · POSS y- · REL -yo	class 9: SUBJ i- · ADJ Ø/n- · GEN ya · DEM hii/ile · POSS y- · REL -yo	lieber = kupenda zaidi	A1 SD1 L lieber
505	19	L	Lieblings-	0	Mein Lieblingsfilm ist „Schwarze Augen“.	"My favourite film is ""Dark Eyes""."	"Filamu nipendayo zaidi ni ""Macho Meusi""."	filamu ni-pend-a-yo zaidi ni macho m-eusi	KL9.Film 1SG-mögen-IND-REL9 mehr KOP KL6.Auge KL6-schwarz	CL9.film 1SG-like-IND-REL9 more COP CL6.eye CL6-black	filamu Kl. 9/10 (Ø/n-) → filamu  — Numerus nur an der Konkordanz  [Lehnwort] · jicho Kl. 5/6 (ji-/Ø › ma-) → macho  [Nullpraefix im Singular]	filamu class 9/10 (Ø/n-) → filamu  — number shows only in the agreement  [loanword] · jicho class 5/6 (ji-/Ø › ma-) → macho  [zero prefix in the singular]	Kl.9: SUBJ i- · ADJ Ø/n- · GEN ya · DEM hii/ile · POSS y- · REL -yo · Kl.5: SUBJ li- · ADJ ji-/Ø · GEN la · DEM hili/lile · POSS l- · REL -lo	class 9: SUBJ i- · ADJ Ø/n- · GEN ya · DEM hii/ile · POSS y- · REL -yo · class 5: SUBJ li- · ADJ ji-/Ø · GEN la · DEM hili/lile · POSS l- · REL -lo	Relativsuffix -yo am Verbende, Klasse 9	A1 SD1 L Lieblings
506	19	L	das Lied, -er	0	Welches ist dein Lieblingslied?	Which is your favourite song?	Wimbo upi ni unaoupenda zaidi?	wimbo upi ni u-na-o-u-pend-a zaidi	KL11.Lied KL11.welche KOP KL11-PRÄS-REL11-OBJ11-mögen-IND mehr	CL11.song CL11.which COP CL11-PRS-REL11-OBJ11-like-IND more	wimbo Kl. 11/10 (u- › Ø/n-) → nyimbo	wimbo class 11/10 (u- › Ø/n-) → nyimbo	Kl.11: SUBJ u- · ADJ m-/mw- · GEN wa · DEM huu/ule · POSS w- · REL -o	class 11: SUBJ u- · ADJ m-/mw- · GEN wa · DEM huu/ule · POSS w- · REL -o	Relativ -o- und Objekt -u- beide für Kl.11	A1 SD1 L Lied
507	19	L	liegen	0	Um neun Uhr liegt Judith noch im Bett.	At nine o'clock Judith is still in bed.	Saa tatu Judith angali kitandani.	saa tatu Judith a-ngali ki-tanda-ni	KL9.Stunde drei Judith 3SG-noch.sein KL7-Bett-LOK	CL9.hour three Judith 3SG-still.be CL7-bed-LOC	"saa Kl. 9/10 (Ø/n-) → saa  — Numerus nur an der Konkordanz  [auch ""Uhr""]"	"saa class 9/10 (Ø/n-) → saa  — number shows only in the agreement  [also ""clock""]"	Kl.9: SUBJ i- · ADJ Ø/n- · GEN ya · DEM hii/ile · POSS y- · REL -yo	class 9: SUBJ i- · ADJ Ø/n- · GEN ya · DEM hii/ile · POSS y- · REL -yo	saa tatu = 9 Uhr, dritte Stunde nach Sonnenaufgang	A1 SD1 L liegen
508	19	L	liegen	0	Frankfurt liegt am Main.	Frankfurt is on the Main.	Frankfurt iko kwenye mto Main.	Frankfurt i-ko kwenye mto Main	Frankfurt KL9-sein.da an KL3.Fluss Main	Frankfurt CL9-be.there at CL3.river Main			Kl.9: SUBJ i- · ADJ Ø/n- · GEN ya · DEM hii/ile · POSS y- · REL -yo · Kl.3: SUBJ u- · ADJ m-/mw- · GEN wa · DEM huu/ule · POSS w- · REL -o	class 9: SUBJ i- · ADJ Ø/n- · GEN ya · DEM hii/ile · POSS y- · REL -yo · class 3: SUBJ u- · ADJ m-/mw- · GEN wa · DEM huu/ule · POSS w- · REL -o	iko gibt die Lage an, ni die Identität	A1 SD1 L liegen
509	19	L	links	0	Gehen Sie die nächste Straße links.	Take the next street on the left.	Nendeni barabara inayofuata kushoto.	nend-eni barabara i-na-yo-fuat-a ku-shoto	gehen-IMP.PL KL9.Straße KL9-PRÄS-REL9-folgen-IND KL17-links	go-IMP.PL CL9.street CL9-PRS-REL9-follow-IND CL17-left	barabara Kl. 9/10 (Ø/n-) → barabara  — Numerus nur an der Konkordanz	barabara class 9/10 (Ø/n-) → barabara  — number shows only in the agreement	Kl.9: SUBJ i- · ADJ Ø/n- · GEN ya · DEM hii/ile · POSS y- · REL -yo	class 9: SUBJ i- · ADJ Ø/n- · GEN ya · DEM hii/ile · POSS y- · REL -yo	kushoto und kulia sind Ortswörter der Kl.17	A1 SD1 L links
510	19	L	der Lkw, -s	0	Dieser Lastkraftwagen ist sehr groß.	This lorry is very big.	Lori hili ni kubwa sana.	lori hili ni kubwa sana	KL5.Lkw KL5.DEM KOP groß sehr	CL5.lorry CL5.DEM COP big very	lori Kl. 5/6 (ji-/Ø › ma-) → malori	lori class 5/6 (ji-/Ø › ma-) → malori	Kl.5: SUBJ li- · ADJ ji-/Ø · GEN la · DEM hili/lile · POSS l- · REL -lo	class 5: SUBJ li- · ADJ ji-/Ø · GEN la · DEM hili/lile · POSS l- · REL -lo	kubwa bleibt in Kl.5 ohne Präfix	A1 SD1 L Lkw
511	19	L	das Lokal	0	In unserer Straße gibt es ein neues Lokal.	There is a new pub in our street.	Katika barabara yetu kuna baa mpya.	katika barabara y-etu ku-na baa m-pya	in KL9.Straße KL9-unser KL17-mit KL9.Lokal KL9-neu	in CL9.street CL9-our CL17-with CL9.pub CL9-new	barabara Kl. 9/10 (Ø/n-) → barabara  — Numerus nur an der Konkordanz · baa Kl. 9/10 (Ø/n-) → baa  — Numerus nur an der Konkordanz  [Lehnwort]	barabara class 9/10 (Ø/n-) → barabara  — number shows only in the agreement · baa class 9/10 (Ø/n-) → baa  — number shows only in the agreement  [loanword]	Kl.9: SUBJ i- · ADJ Ø/n- · GEN ya · DEM hii/ile · POSS y- · REL -yo	class 9: SUBJ i- · ADJ Ø/n- · GEN ya · DEM hii/ile · POSS y- · REL -yo	kuna steht unabhängig von der Klasse des Nomens	A1 SD1 L Lokal
512	19	L	die Lösung, -en	0	Die Lösung ist ganz einfach.	The solution is quite simple.	Suluhisho ni rahisi kabisa.	suluhisho ni rahisi kabisa	KL5.Lösung KOP einfach ganz	CL5.solution COP easy quite			Kl.5: SUBJ li- · ADJ ji-/Ø · GEN la · DEM hili/lile · POSS l- · REL -lo	class 5: SUBJ li- · ADJ ji-/Ø · GEN la · DEM hili/lile · POSS l- · REL -lo	suluhisho Kl.5, Plural masuluhisho Kl.6	A1 SD1 L Lösung
513	19	L	lustig	0	Frau Mertens ist lustig. Sie lacht immer.	Mrs Mertens is funny. She is always laughing.	Bibi Mertens ni mchekeshaji. Anacheka kila mara.	bibi Mertens ni m-chekeshaji a-na-chek-a kila mara	KL5/KL1.Frau Mertens KOP KL1-Spaßmacherin 3SG-PRÄS-lachen-IND jede KL9.Mal	CL5/CL1.woman Mertens COP CL1-joker 3SG-PRS-laugh-IND every CL9.time	bibi Kl. 5/6 (ji-/Ø › ma-) → mabibi  [Person: Form Kl. 5/6, Kongruenz Kl. 1/2]	bibi class 5/6 (ji-/Ø › ma-) → mabibi  [person: form class 5/6, agreement class 1/2]	Kl.1: SUBJ a- · ADJ m-/mw- · GEN wa · DEM huyu/yule · POSS w- · REL -ye	class 1: SUBJ a- · ADJ m-/mw- · GEN wa · DEM huyu/yule · POSS w- · REL -ye	"Kausativ -esh- bildet aus lachen ""lachen machen"""	A1 SD1 L lustig
514	19	M	machen	0	Was machst du heute Abend?	What are you doing this evening?	Unafanya nini leo jioni?	u-na-fany-a nini leo jioni	2SG-PRÄS-tun-IND was heute KL9.Abend	2SG-PRS-do-IND what today CL9.evening			Kl.9: SUBJ i- · ADJ Ø/n- · GEN ya · DEM hii/ile · POSS y- · REL -yo	class 9: SUBJ i- · ADJ Ø/n- · GEN ya · DEM hii/ile · POSS y- · REL -yo	kufanya für Tätigkeiten allgemein	A1 SD1 M machen
515	19	M	machen	0	Ich muss jetzt das Essen machen.	I have to make the food now.	Sasa lazima nipike chakula.	sasa lazima ni-pik-e chakula	jetzt muss 1SG-kochen-KONJ KL7.Essen	now must 1SG-cook-SBJV CL7.food	chakula Kl. 7/8 (ki- › vi-) → vyakula	chakula class 7/8 (ki- › vi-) → vyakula	Kl.7: SUBJ ki- · ADJ ki- · GEN cha · DEM hiki/kile · POSS ch- · REL -cho	class 7: SUBJ ki- · ADJ ki- · GEN cha · DEM hiki/kile · POSS ch- · REL -cho	Essen machen heißt kupika, nicht kufanya	A1 SD1 M machen
516	20	M	machen	0	Das macht 5 Euro 95.	That comes to 5 euros 95.	Hiyo ni Euro tano na senti tisini na tano.	hiyo ni Euro tano na senti tisini na tano	KL9.DEM KOP Euro fünf und KL9.Cent neunzig und fünf	CL9.DEM COP euro five and CL9.cent ninety and five			Kl.9: SUBJ i- · ADJ Ø/n- · GEN ya · DEM hii/ile · POSS y- · REL -yo	class 9: SUBJ i- · ADJ Ø/n- · GEN ya · DEM hii/ile · POSS y- · REL -yo	fünfundneunzig = tisini na tano	A1 SD1 M machen
517	20	M	machen	0	Das macht nichts.	That does not matter.	Haidhuru.	hai-dhuru	KL9.NEG-schaden	CL9.NEG-harm			Kl.9: SUBJ i- · ADJ Ø/n- · GEN ya · DEM hii/ile · POSS y- · REL -yo	class 9: SUBJ i- · ADJ Ø/n- · GEN ya · DEM hii/ile · POSS y- · REL -yo	"wörtlich ""es schadet nicht"""	A1 SD1 M machen
518	20	M	das Mädchen, –	0	Familie Kurz bekommt ein Baby. – Junge oder Mädchen?	The Kurz family is having a baby. - Boy or girl?	Familia Kurz inapata mtoto. - Mvulana au msichana?	familia Kurz i-na-pat-a m-toto m-vulana au m-sichana	KL9.Familie Kurz KL9-PRÄS-bekommen-IND KL1-Kind KL1-Junge oder KL1-Mädchen	CL9.family Kurz CL9-PRS-get-IND CL1-child CL1-boy or CL1-girl	familia Kl. 9/10 (Ø/n-) → familia  — Numerus nur an der Konkordanz  [Lehnwort] · mtoto Kl. 1/2 (m-/mw- › wa-) → watoto · mvulana Kl. 1/2 (m-/mw- › wa-) → wavulana · msichana Kl. 1/2 (m-/mw- › wa-) → wasichana	familia class 9/10 (Ø/n-) → familia  — number shows only in the agreement  [loanword] · mtoto class 1/2 (m-/mw- › wa-) → watoto · mvulana class 1/2 (m-/mw- › wa-) → wavulana · msichana class 1/2 (m-/mw- › wa-) → wasichana	Kl.9: SUBJ i- · ADJ Ø/n- · GEN ya · DEM hii/ile · POSS y- · REL -yo · Kl.1: SUBJ a- · ADJ m-/mw- · GEN wa · DEM huyu/yule · POSS w- · REL -ye	class 9: SUBJ i- · ADJ Ø/n- · GEN ya · DEM hii/ile · POSS y- · REL -yo · class 1: SUBJ a- · ADJ m-/mw- · GEN wa · DEM huyu/yule · POSS w- · REL -ye	Alle drei Personenwörter tragen das m- der Kl.1	A1 SD1 M Mädchen
519	20	M	man	0	Hier darf man nicht rauchen.	Smoking is not allowed here.	Hapa hairuhusiwi kuvuta sigara.	hapa hai-ruhus-iw-i ku-vut-a sigara	hier KL9.NEG-erlauben-PASS-NEG KL15-ziehen-IND KL9.Zigarette	here CL9.NEG-allow-PASS-NEG CL15-pull-IND CL9.cigarette	sigara Kl. 9/10 (Ø/n-) → sigara  — Numerus nur an der Konkordanz  [Lehnwort]	sigara class 9/10 (Ø/n-) → sigara  — number shows only in the agreement  [loanword]	Kl.9: SUBJ i- · ADJ Ø/n- · GEN ya · DEM hii/ile · POSS y- · REL -yo	class 9: SUBJ i- · ADJ Ø/n- · GEN ya · DEM hii/ile · POSS y- · REL -yo	"Unpersönliches ""man"" wird zum Passiv der Kl.9"	A1 SD1 M man
520	20	M	der Mann, -ä, er	0	Mein Mann arbeitet bei der Polizei.	My husband works for the police.	Mume wangu anafanya kazi kwenye polisi.	mume w-angu a-na-fany-a kazi kwenye polisi	KL1.Ehemann KL1-mein 3SG-PRÄS-tun-IND KL9.Arbeit bei KL9.Polizei	CL1.husband CL1-my 3SG-PRS-do-IND CL9.work at CL9.police	kazi Kl. 9/10 (Ø/n-) → kazi  — Numerus nur an der Konkordanz · polisi Kl. 9/10 (Ø/n-) → polisi  — Numerus nur an der Konkordanz  [Kongruenz Kl. 1/2 bei Personen]	kazi class 9/10 (Ø/n-) → kazi  — number shows only in the agreement · polisi class 9/10 (Ø/n-) → polisi  — number shows only in the agreement  [agreement class 1/2 for people]	Kl.9: SUBJ i- · ADJ Ø/n- · GEN ya · DEM hii/ile · POSS y- · REL -yo	class 9: SUBJ i- · ADJ Ø/n- · GEN ya · DEM hii/ile · POSS y- · REL -yo	mume Kl.1, Plural waume Kl.2	A1 SD1 M Mann
521	20	M	männlich	1	Kreuzen Sie bitte an: „weiblich“ oder „männlich“.	"Please tick: ""female"" or ""male""."	"Tafadhali tieni alama: ""mwanamke"" au ""mwanamume""."	tafadhali ti-eni alama mw-anamke au mw-anamume	bitte setzen-IMP.PL KL9.Zeichen KL1-Frau oder KL1-Mann	please put-IMP.PL CL9.mark CL1-woman or CL1-man	alama Kl. 9/10 (Ø/n-) → alama  — Numerus nur an der Konkordanz · mwanamke Kl. 1/2 (m-/mw- › wa-) → wanawake · mwanamume Kl. 1/2 (m-/mw- › wa-) → wanaume	alama class 9/10 (Ø/n-) → alama  — number shows only in the agreement · mwanamke class 1/2 (m-/mw- › wa-) → wanawake · mwanamume class 1/2 (m-/mw- › wa-) → wanaume	Kl.9: SUBJ i- · ADJ Ø/n- · GEN ya · DEM hii/ile · POSS y- · REL -yo · Kl.1: SUBJ a- · ADJ m-/mw- · GEN wa · DEM huyu/yule · POSS w- · REL -ye	class 9: SUBJ i- · ADJ Ø/n- · GEN ya · DEM hii/ile · POSS y- · REL -yo · class 1: SUBJ a- · ADJ m-/mw- · GEN wa · DEM huyu/yule · POSS w- · REL -ye	Geschlecht als Nomen, nicht als Adjektiv	A1 SD1 M männlich
522	20	M	die Maschine, -n	0	Die Waschmaschine ist günstig.	The washing machine is good value.	Mashine ya kufua ni nafuu.	mashine y-a ku-fu-a ni nafuu	KL9.Maschine KL9-GEN KL15-waschen-IND KOP günstig	CL9.machine CL9-GEN CL15-wash-IND COP good.value	mashine Kl. 9/10 (Ø/n-) → mashine  — Numerus nur an der Konkordanz	mashine class 9/10 (Ø/n-) → mashine  — number shows only in the agreement	Kl.9: SUBJ i- · ADJ Ø/n- · GEN ya · DEM hii/ile · POSS y- · REL -yo	class 9: SUBJ i- · ADJ Ø/n- · GEN ya · DEM hii/ile · POSS y- · REL -yo	"Waschmaschine wörtlich ""Maschine des Waschens"""	A1 SD1 M Maschine
523	20	M	das Meer	0	Wir machen Urlaub am Meer.	We are holidaying at the seaside.	Tunafanya likizo baharini.	tu-na-fany-a likizo bahari-ni	1PL-PRÄS-tun-IND KL9.Urlaub KL9.Meer-LOK	1PL-PRS-do-IND CL9.holiday CL9.sea-LOC	likizo Kl. 9/10 (Ø/n-) → likizo  — Numerus nur an der Konkordanz	likizo class 9/10 (Ø/n-) → likizo  — number shows only in the agreement	Kl.9: SUBJ i- · ADJ Ø/n- · GEN ya · DEM hii/ile · POSS y- · REL -yo	class 9: SUBJ i- · ADJ Ø/n- · GEN ya · DEM hii/ile · POSS y- · REL -yo	Ortssuffix -ni an bahari Kl.9	A1 SD1 M Meer
524	20	M	mehr	0	Dieses Auto kostet 1.000 Euro mehr als das andere.	This car costs 1,000 euros more than the other one.	Gari hili linagharimu Euro elfu moja zaidi ya lile lingine.	gari hili li-na-gharimu Euro elfu moja zaidi y-a lile li-ngine	KL5.Auto KL5.DEM KL5-PRÄS-kosten Euro KL9.Tausend eins mehr KL9-GEN KL5.DEM.fern KL5-andere	CL5.car CL5.DEM CL5-PRS-cost euro CL9.thousand one more CL9-GEN CL5.DEM.dist CL5-other	gari Kl. 5/6 (ji-/Ø › ma-) → magari	gari class 5/6 (ji-/Ø › ma-) → magari	Kl.5: SUBJ li- · ADJ ji-/Ø · GEN la · DEM hili/lile · POSS l- · REL -lo	class 5: SUBJ li- · ADJ ji-/Ø · GEN la · DEM hili/lile · POSS l- · REL -lo	zaidi ya bildet den Vergleich	A1 SD1 M mehr
525	20	M	mein	0	Mein Vater ist Arzt.	My father is a doctor.	Baba yangu ni daktari.	baba y-angu ni daktari	KL9/KL1.Vater KL9-mein KOP KL5/KL1.Arzt	CL9/CL1.father CL9-my COP CL5/CL1.doctor	baba Kl. 9/10 (Ø/n-) → baba  — Numerus nur an der Konkordanz  [Person: Form Kl. 9/10, Kongruenz Kl. 1/2] · daktari Kl. 5/6 (ji-/Ø › ma-) → madaktari  [Person: Form Kl. 5/6, Kongruenz Kl. 1/2]	baba class 9/10 (Ø/n-) → baba  — number shows only in the agreement  [person: form class 9/10, agreement class 1/2] · daktari class 5/6 (ji-/Ø › ma-) → madaktari  [person: form class 5/6, agreement class 1/2]	Kl.1: SUBJ a- · ADJ m-/mw- · GEN wa · DEM huyu/yule · POSS w- · REL -ye	class 1: SUBJ a- · ADJ m-/mw- · GEN wa · DEM huyu/yule · POSS w- · REL -ye	Zwei Wörter mit Formklasse 9 bzw. 5, Kongruenz Kl.1	A1 SD1 M mein
526	20	M	meist-	0	Die meisten Norddeutschen sind sehr groß.	Most north Germans are very tall.	Wajerumani wengi wa kaskazini ni warefu sana.	Wa-jerumani w-engi w-a kaskazini ni wa-refu sana	KL2-Deutsche KL2-viele KL2-GEN KL9.Norden KOP KL2-groß sehr	CL2-German CL2-many CL2-GEN CL9.north COP CL2-big very			Kl.2: SUBJ wa- · ADJ wa- · GEN wa · DEM hawa/wale · POSS w- · REL -o · Kl.9: SUBJ i- · ADJ Ø/n- · GEN ya · DEM hii/ile · POSS y- · REL -yo	class 2: SUBJ wa- · ADJ wa- · GEN wa · DEM hawa/wale · POSS w- · REL -o · class 9: SUBJ i- · ADJ Ø/n- · GEN ya · DEM hii/ile · POSS y- · REL -yo	Vierfache Kl.2-Kongruenz in einem Satz	A1 SD1 M meist
527	20	M	der Mensch, -en	0	Die Menschen sind hier anders als bei uns.	The people here are different from where we come from.	Watu hapa ni tofauti kuliko kwetu.	watu hapa ni tofauti kuliko kwetu	KL2.Mensch hier KOP verschieden als bei.uns	CL2.person here COP different than at.our.place	mtu Kl. 1/2 (m-/mw- › wa-) → watu  [Musterwort fuer Kl. 1/2]	mtu class 1/2 (m-/mw- › wa-) → watu  [model word for class 1/2]	Kl.1: SUBJ a- · ADJ m-/mw- · GEN wa · DEM huyu/yule · POSS w- · REL -ye	class 1: SUBJ a- · ADJ m-/mw- · GEN wa · DEM huyu/yule · POSS w- · REL -ye	"kuliko für den Vergleich ""als"""	A1 SD1 M Mensch
528	20	M	mieten	0	Ich möchte ein Auto mieten.	I would like to hire a car.	Ningependa kupanga gari.	ni-nge-pend-a ku-pang-a gari	1SG-IRR-mögen-IND KL15-mieten-IND KL5.Auto	1SG-IRR-like-IND CL15-rent-IND CL5.car	gari Kl. 5/6 (ji-/Ø › ma-) → magari	gari class 5/6 (ji-/Ø › ma-) → magari	Kl.5: SUBJ li- · ADJ ji-/Ø · GEN la · DEM hili/lile · POSS l- · REL -lo	class 5: SUBJ li- · ADJ ji-/Ø · GEN la · DEM hili/lile · POSS l- · REL -lo	kupanga heißt mieten und ordnen	A1 SD1 M mieten
529	20	M	die Miete	1	Die Miete für diese Wohnung ist 600 Euro.	The rent for this flat is 600 euros.	Kodi ya nyumba hii ni Euro mia sita.	kodi y-a nyumba hii ni Euro mia sita	KL9.Miete KL9-GEN KL9.Haus KL9.DEM KOP Euro KL9.Hundert sechs	CL9.rent CL9-GEN CL9.house CL9.DEM COP euro CL9.hundred six	kodi Kl. 9/10 (Ø/n-) → kodi  — Numerus nur an der Konkordanz · nyumba Kl. 9/10 (Ø/n-) → nyumba  — Numerus nur an der Konkordanz	kodi class 9/10 (Ø/n-) → kodi  — number shows only in the agreement · nyumba class 9/10 (Ø/n-) → nyumba  — number shows only in the agreement	Kl.9: SUBJ i- · ADJ Ø/n- · GEN ya · DEM hii/ile · POSS y- · REL -yo	class 9: SUBJ i- · ADJ Ø/n- · GEN ya · DEM hii/ile · POSS y- · REL -yo	sechshundert = mia sita	A1 SD1 M Miete
530	20	M	die Milch	0	Die Milch steht im Kühlschrank.	The milk is in the fridge.	Maziwa yako kwenye friji.	maziwa ya-ko kwenye friji	KL6.Milch KL6-sein.da an KL9.Kühlschrank	CL6.milk CL6-be.there at CL9.fridge	maziwa Kl. 6 (ma-), kein Numeruswechsel  [nur Plural] · friji Kl. 9/10 (Ø/n-) → friji  — Numerus nur an der Konkordanz  [Lehnwort]	maziwa class 6 (ma-), no number change  [plural only] · friji class 9/10 (Ø/n-) → friji  — number shows only in the agreement  [loanword]	Kl.6: SUBJ ya- · ADJ ma- · GEN ya · DEM haya/yale · POSS y- · REL -yo · Kl.9: SUBJ i- · ADJ Ø/n- · GEN ya · DEM hii/ile · POSS y- · REL -yo	class 6: SUBJ ya- · ADJ ma- · GEN ya · DEM haya/yale · POSS y- · REL -yo · class 9: SUBJ i- · ADJ Ø/n- · GEN ya · DEM hii/ile · POSS y- · REL -yo	maziwa Kl.6 nimmt das Subjektpräfix ya-	A1 SD1 M Milch
531	20	M	mit	0	Trinken Sie den Kaffee mit Milch?	Do you take milk in your coffee?	Mnanywa kahawa na maziwa?	m-na-nyw-a kahawa na maziwa	2PL-PRÄS-trinken-IND KL9.Kaffee mit KL6.Milch	2PL-PRS-drink-IND CL9.coffee with CL6.milk	kahawa Kl. 9/10 (Ø/n-) → kahawa  — Numerus nur an der Konkordanz · maziwa Kl. 6 (ma-), kein Numeruswechsel  [nur Plural]	kahawa class 9/10 (Ø/n-) → kahawa  — number shows only in the agreement · maziwa class 6 (ma-), no number change  [plural only]	Kl.9: SUBJ i- · ADJ Ø/n- · GEN ya · DEM hii/ile · POSS y- · REL -yo · Kl.6: SUBJ ya- · ADJ ma- · GEN ya · DEM haya/yale · POSS y- · REL -yo	class 9: SUBJ i- · ADJ Ø/n- · GEN ya · DEM hii/ile · POSS y- · REL -yo · class 6: SUBJ ya- · ADJ ma- · GEN ya · DEM haya/yale · POSS y- · REL -yo	"na dient als ""mit"" und als ""und"""	A1 SD1 M mit
532	20	M	mitbringen	0	Ich gehe einkaufen. Soll ich dir was mitbringen?	I am going shopping. Shall I bring you something?	Naenda kununua vitu. Nikuletee kitu?	na-end-a ku-nunu-a vi-tu ni-ku-let-e-e ki-tu	1SG.PRÄS.ALLG-gehen-IND KL15-kaufen-IND KL8-Ding 1SG-OBJ2SG-bringen-APPL-KONJ KL7-Ding	1SG.PRS.GNRL-go-IND CL15-buy-IND CL8-thing 1SG-OBJ2SG-bring-APPL-SBJV CL7-thing			Kl.15: SUBJ ku- · ADJ ku- · GEN kwa · DEM huku/kule · POSS kw- · REL -ko · Kl.8: SUBJ vi- · ADJ vi- · GEN vya · DEM hivi/vile · POSS vy- · REL -vyo	class 15: SUBJ ku- · ADJ ku- · GEN kwa · DEM huku/kule · POSS kw- · REL -ko · class 8: SUBJ vi- · ADJ vi- · GEN vya · DEM hivi/vile · POSS vy- · REL -vyo	Applikativ plus Konjunktiv für ein Angebot	A1 SD1 M mitbringen
533	20	M	mitkommen	0	Ich gehe ins Kino. Kommst du mit?	I am going to the cinema. Are you coming along?	Naenda sinemani. Unakuja pamoja?	na-end-a sinema-ni u-na-kuj-a pamoja	1SG.PRÄS.ALLG-gehen-IND KL9.Kino-LOK 2SG-PRÄS-kommen-IND zusammen	1SG.PRS.GNRL-go-IND CL9.cinema-LOC 2SG-PRS-come-IND together			Kl.9: SUBJ i- · ADJ Ø/n- · GEN ya · DEM hii/ile · POSS y- · REL -yo	class 9: SUBJ i- · ADJ Ø/n- · GEN ya · DEM hii/ile · POSS y- · REL -yo	mitkommen = kuja pamoja	A1 SD1 M mitkommen
534	20	M	mitmachen	0	Warum macht ihr nicht mit?	Why are you not joining in?	Kwa nini hamshiriki?	kwa nini ham-shiriki	für was 2PL.NEG-teilnehmen	for what 2PL.NEG-take.part					kushiriki ist arabisches Lehnverb auf -i	A1 SD1 M mitmachen
535	20	M	mitnehmen	0	Nehmen wir meine Schwester ins Kino mit?	Shall we take my sister along to the cinema?	Tumchukue dada yangu pamoja sinemani?	tu-m-chuku-e dada y-angu pamoja sinema-ni	1PL-OBJ1-nehmen-KONJ KL9/KL1.Schwester KL9-mein zusammen KL9.Kino-LOK	1PL-OBJ1-take-SBJV CL9/CL1.sister CL9-my together CL9.cinema-LOC	dada Kl. 9/10 (Ø/n-) → dada  — Numerus nur an der Konkordanz  [Person: Form Kl. 9/10, Kongruenz Kl. 1/2]	dada class 9/10 (Ø/n-) → dada  — number shows only in the agreement  [person: form class 9/10, agreement class 1/2]	Kl.1: SUBJ a- · ADJ m-/mw- · GEN wa · DEM huyu/yule · POSS w- · REL -ye	class 1: SUBJ a- · ADJ m-/mw- · GEN wa · DEM huyu/yule · POSS w- · REL -ye	Objektpräfix -m- Kl.1, Possessiv yangu Kl.9	A1 SD1 M mitnehmen
536	20	M	die Mitte	0	Der Lehrer steht in der Mitte des Klassenzimmers.	The teacher stands in the middle of the classroom.	Mwalimu anasimama katikati ya darasa.	mw-alimu a-na-simam-a katikati y-a darasa	KL1-Lehrer 3SG-PRÄS-stehen-IND Mitte KL9-GEN KL5.Klassenzimmer	CL1-teacher 3SG-PRS-stand-IND middle CL9-GEN CL5.classroom	mwalimu Kl. 1/2 (m-/mw- › wa-) → walimu  [Musterwort fuer Kl. 1/2] · darasa Kl. 5/6 (ji-/Ø › ma-) → madarasa	mwalimu class 1/2 (m-/mw- › wa-) → walimu  [model word for class 1/2] · darasa class 5/6 (ji-/Ø › ma-) → madarasa	Kl.1: SUBJ a- · ADJ m-/mw- · GEN wa · DEM huyu/yule · POSS w- · REL -ye · Kl.5: SUBJ li- · ADJ ji-/Ø · GEN la · DEM hili/lile · POSS l- · REL -lo	class 1: SUBJ a- · ADJ m-/mw- · GEN wa · DEM huyu/yule · POSS w- · REL -ye · class 5: SUBJ li- · ADJ ji-/Ø · GEN la · DEM hili/lile · POSS l- · REL -lo	katikati ya verlangt den Genitiv	A1 SD1 M Mitte
537	20	M	die Möbel (pl.)	0	Sind die Möbel neu?	Is the furniture new?	Samani ni mpya?	samani ni m-pya	KL10.Möbel KOP KL10-neu	CL10.furniture COP CL10-new	samani Kl. 9/10 (Ø/n-) → samani  — Numerus nur an der Konkordanz  [deutsch nur Plural]	samani class 9/10 (Ø/n-) → samani  — number shows only in the agreement  [German has plural only]	Kl.9: SUBJ i- · ADJ Ø/n- · GEN ya · DEM hii/ile · POSS y- · REL -yo	class 9: SUBJ i- · ADJ Ø/n- · GEN ya · DEM hii/ile · POSS y- · REL -yo	samani ist Kl.9 und Kl.10 gleich	A1 SD1 M Möbel__pl__
538	20	M	möchten	0	Was möchten Sie trinken?	What would you like to drink?	Mnataka kunywa nini?	m-na-tak-a ku-nyw-a nini	2PL-PRÄS-wollen-IND KL15-trinken-IND was	2PL-PRS-want-IND CL15-drink-IND what			Kl.15: SUBJ ku- · ADJ ku- · GEN kwa · DEM huku/kule · POSS kw- · REL -ko	class 15: SUBJ ku- · ADJ ku- · GEN kwa · DEM huku/kule · POSS kw- · REL -ko	kutaka deckt wollen und möchten ab	A1 SD1 M möchten
539	20	M	mögen	0	Magst du Kaffee oder Tee?	Do you like coffee or tea?	Unapenda kahawa au chai?	u-na-pend-a kahawa au chai	2SG-PRÄS-mögen-IND KL9.Kaffee oder KL9.Tee	2SG-PRS-like-IND CL9.coffee or CL9.tea	kahawa Kl. 9/10 (Ø/n-) → kahawa  — Numerus nur an der Konkordanz · chai Kl. 9/10 (Ø/n-) → chai  — Numerus nur an der Konkordanz	kahawa class 9/10 (Ø/n-) → kahawa  — number shows only in the agreement · chai class 9/10 (Ø/n-) → chai  — number shows only in the agreement	Kl.9: SUBJ i- · ADJ Ø/n- · GEN ya · DEM hii/ile · POSS y- · REL -yo	class 9: SUBJ i- · ADJ Ø/n- · GEN ya · DEM hii/ile · POSS y- · REL -yo	kupenda für mögen und lieben	A1 SD1 M mögen
540	20	M	möglich	0	Mit dieser Fahrkarte ist die Fahrt ab 9 Uhr möglich.	With this ticket the journey is possible from 9.00.	Kwa tiketi hii safari inawezekana kuanzia saa tatu.	kwa tiketi hii safari i-na-wezekan-a ku-anz-i-a saa tatu	mit KL9.Fahrkarte KL9.DEM KL9.Reise KL9-PRÄS-möglich.sein-IND KL15-anfangen-APPL-IND KL9.Stunde drei	with CL9.ticket CL9.DEM CL9.journey CL9-PRS-be.possible-IND CL15-begin-APPL-IND CL9.hour three	"tiketi Kl. 9/10 (Ø/n-) → tiketi  — Numerus nur an der Konkordanz  [Lehnwort] · safari Kl. 9/10 (Ø/n-) → safari  — Numerus nur an der Konkordanz · saa Kl. 9/10 (Ø/n-) → saa  — Numerus nur an der Konkordanz  [auch ""Uhr""]"	"tiketi class 9/10 (Ø/n-) → tiketi  — number shows only in the agreement  [loanword] · safari class 9/10 (Ø/n-) → safari  — number shows only in the agreement · saa class 9/10 (Ø/n-) → saa  — number shows only in the agreement  [also ""clock""]"	Kl.9: SUBJ i- · ADJ Ø/n- · GEN ya · DEM hii/ile · POSS y- · REL -yo	class 9: SUBJ i- · ADJ Ø/n- · GEN ya · DEM hii/ile · POSS y- · REL -yo	saa tatu = 9 Uhr, dritte Stunde nach Sonnenaufgang	A1 SD1 M möglich
541	20	M	der Moment	0	Moment mal bitte!	Just a moment, please!	Dakika moja tafadhali!	dakika moja tafadhali	KL9.Minute eins bitte	CL9.minute one please			Kl.9: SUBJ i- · ADJ Ø/n- · GEN ya · DEM hii/ile · POSS y- · REL -yo	class 9: SUBJ i- · ADJ Ø/n- · GEN ya · DEM hii/ile · POSS y- · REL -yo	"Moment wird als ""eine Minute"" ausgedrückt"	A1 SD1 M Moment
542	20	M	der Moment	0	Einen Moment bitte.	One moment, please.	Dakika moja tafadhali.	dakika moja tafadhali	KL9.Minute eins bitte	CL9.minute one please			Kl.9: SUBJ i- · ADJ Ø/n- · GEN ya · DEM hii/ile · POSS y- · REL -yo	class 9: SUBJ i- · ADJ Ø/n- · GEN ya · DEM hii/ile · POSS y- · REL -yo	dakika ist Kl.9 und Kl.10 gleich	A1 SD1 M Moment
543	20	M	morgen	0	Morgen beginnt die Schule um 10 Uhr.	Tomorrow school starts at 10.00.	Kesho shule inaanza saa nne.	kesho shule i-na-anz-a saa nne	morgen KL9.Schule KL9-PRÄS-anfangen-IND KL9.Stunde vier	tomorrow CL9.school CL9-PRS-begin-IND CL9.hour four	"shule Kl. 9/10 (Ø/n-) → shule  — Numerus nur an der Konkordanz · saa Kl. 9/10 (Ø/n-) → saa  — Numerus nur an der Konkordanz  [auch ""Uhr""]"	"shule class 9/10 (Ø/n-) → shule  — number shows only in the agreement · saa class 9/10 (Ø/n-) → saa  — number shows only in the agreement  [also ""clock""]"	Kl.9: SUBJ i- · ADJ Ø/n- · GEN ya · DEM hii/ile · POSS y- · REL -yo	class 9: SUBJ i- · ADJ Ø/n- · GEN ya · DEM hii/ile · POSS y- · REL -yo	saa nne = 10 Uhr, vierte Stunde nach Sonnenaufgang	A1 SD1 M morgen
544	20	M	müde	0	Ich bin müde. Ich gehe schlafen.	I am tired. I am going to bed.	Nina uchovu. Naenda kulala.	ni-na uchovu na-end-a ku-lal-a	1SG-haben KL14.Müdigkeit 1SG.PRÄS.ALLG-gehen-IND KL15-schlafen-IND	1SG-have CL14.tiredness 1SG.PRS.GNRL-go-IND CL15-sleep-IND			Kl.14: SUBJ u- · ADJ m-/mw- · GEN wa · DEM huu/ule · POSS w- · REL -o · Kl.15: SUBJ ku- · ADJ ku- · GEN kwa · DEM huku/kule · POSS kw- · REL -ko	class 14: SUBJ u- · ADJ m-/mw- · GEN wa · DEM huu/ule · POSS w- · REL -o · class 15: SUBJ ku- · ADJ ku- · GEN kwa · DEM huku/kule · POSS kw- · REL -ko	Müdigkeit haben statt müde sein	A1 SD1 M müde
545	20	M	der Mund	0	Öffnen Sie den Mund.	Open your mouth.	Fungueni mdomo.	fungu-eni m-domo	öffnen-IMP.PL KL3-Mund	open-IMP.PL CL3-mouth	mdomo Kl. 3/4 (m-/mw- › mi-) → midomo	mdomo class 3/4 (m-/mw- › mi-) → midomo	Kl.3: SUBJ u- · ADJ m-/mw- · GEN wa · DEM huu/ule · POSS w- · REL -o	class 3: SUBJ u- · ADJ m-/mw- · GEN wa · DEM huu/ule · POSS w- · REL -o	mdomo Kl.3, Plural midomo Kl.4	A1 SD1 M Mund
546	20	M	müssen	0	Ich muss jeden Tag von 8 Uhr bis 18 Uhr arbeiten.	I have to work every day from 8.00 to 18.00.	Lazima nifanye kazi kila siku kuanzia saa mbili hadi saa kumi na mbili.	lazima ni-fany-e kazi kila siku ku-anz-i-a saa mbili hadi saa kumi na mbili	muss 1SG-tun-KONJ KL9.Arbeit jede KL9.Tag KL15-anfangen-APPL-IND KL9.Stunde zwei bis KL9.Stunde zehn und zwei	must 1SG-do-SBJV CL9.work every CL9.day CL15-begin-APPL-IND CL9.hour two until CL9.hour ten and two	"kazi Kl. 9/10 (Ø/n-) → kazi  — Numerus nur an der Konkordanz · siku ya kuzaliwa Kl. 9/10 (Ø/n-) → siku za kuzaliwa  [Genitiv kongruiert mit dem Kopfnomen] · saa Kl. 9/10 (Ø/n-) → saa  — Numerus nur an der Konkordanz  [auch ""Uhr""]"	"kazi class 9/10 (Ø/n-) → kazi  — number shows only in the agreement · siku ya kuzaliwa class 9/10 (Ø/n-) → siku za kuzaliwa  [genitive agrees with the head noun] · saa class 9/10 (Ø/n-) → saa  — number shows only in the agreement  [also ""clock""]"	Kl.9: SUBJ i- · ADJ Ø/n- · GEN ya · DEM hii/ile · POSS y- · REL -yo	class 9: SUBJ i- · ADJ Ø/n- · GEN ya · DEM hii/ile · POSS y- · REL -yo	saa mbili = 8 Uhr, saa kumi na mbili = 18 Uhr	A1 SD1 M müssen
547	20	M	die Mutter, -ü	0	Frau Berghäuser ist die Mutter von Michaela.	Mrs Berghäuser is Michaela's mother.	Bibi Berghäuser ni mama wa Michaela.	bibi Berghäuser ni mama w-a Michaela	KL5/KL1.Frau Berghäuser KOP KL9/KL1.Mutter KL1-GEN Michaela	CL5/CL1.woman Berghäuser COP CL9/CL1.mother CL1-GEN Michaela	bibi Kl. 5/6 (ji-/Ø › ma-) → mabibi  [Person: Form Kl. 5/6, Kongruenz Kl. 1/2] · mama Kl. 9/10 (Ø/n-) → mama  — Numerus nur an der Konkordanz  [Person: Form Kl. 9/10, Kongruenz Kl. 1/2]	bibi class 5/6 (ji-/Ø › ma-) → mabibi  [person: form class 5/6, agreement class 1/2] · mama class 9/10 (Ø/n-) → mama  — number shows only in the agreement  [person: form class 9/10, agreement class 1/2]	Kl.1: SUBJ a- · ADJ m-/mw- · GEN wa · DEM huyu/yule · POSS w- · REL -ye	class 1: SUBJ a- · ADJ m-/mw- · GEN wa · DEM huyu/yule · POSS w- · REL -ye	mama nimmt den Genitiv wa der Kl.1	A1 SD1 M Mutter
548	20	N	nach	0	Ich gehe jetzt nach Hause.	I am going home now.	Sasa naenda nyumbani.	sasa na-end-a nyumbani	jetzt 1SG.PRÄS.ALLG-gehen-IND KL9.Haus.LOK	now 1SG.PRS.GNRL-go-IND CL9.house.LOC			Kl.9: SUBJ i- · ADJ Ø/n- · GEN ya · DEM hii/ile · POSS y- · REL -yo	class 9: SUBJ i- · ADJ Ø/n- · GEN ya · DEM hii/ile · POSS y- · REL -yo	nyumbani braucht keine Präposition	A1 SD1 N nach
549	20	N	nach	0	Ich fliege nach München.	I am flying to Munich.	Nasafiri kwa ndege kwenda München.	na-safiri kwa ndege kw-end-a München	1SG.PRÄS.ALLG-reisen mit KL9.Flugzeug KL15-gehen-IND München	1SG.PRS.GNRL-travel with CL9.plane CL15-go-IND Munich	"ndege Kl. 9/10 (Ø/n-) → ndege  — Numerus nur an der Konkordanz  [auch ""Vogel""]"	"ndege class 9/10 (Ø/n-) → ndege  — number shows only in the agreement  [also ""bird""]"	Kl.9: SUBJ i- · ADJ Ø/n- · GEN ya · DEM hii/ile · POSS y- · REL -yo	class 9: SUBJ i- · ADJ Ø/n- · GEN ya · DEM hii/ile · POSS y- · REL -yo	Richtung durch den Infinitiv kwenda	A1 SD1 N nach
550	20	N	nach	0	Es ist schon 5 nach 12.	It is already 5 past 12.	Ni saa sita na dakika tano tayari.	ni saa sita na dakika tano tayari	KOP KL9.Stunde sechs und KL9.Minute fünf schon	COP CL9.hour six and CL9.minute five already	"saa Kl. 9/10 (Ø/n-) → saa  — Numerus nur an der Konkordanz  [auch ""Uhr""]"	"saa class 9/10 (Ø/n-) → saa  — number shows only in the agreement  [also ""clock""]"	Kl.9: SUBJ i- · ADJ Ø/n- · GEN ya · DEM hii/ile · POSS y- · REL -yo	class 9: SUBJ i- · ADJ Ø/n- · GEN ya · DEM hii/ile · POSS y- · REL -yo	saa sita = 12 Uhr, nicht 6 Uhr	A1 SD1 N nach
551	20	N	nächst-	0	Sehen wir uns nächste Woche?	Shall we see each other next week?	Tutaonana wiki ijayo?	tu-ta-on-an-a wiki i-ja-yo	1PL-FUT-sehen-REZ-IND KL9.Woche KL9-kommen-REL9	1PL-FUT-see-RECP-IND CL9.week CL9-come-REL9			Kl.9: SUBJ i- · ADJ Ø/n- · GEN ya · DEM hii/ile · POSS y- · REL -yo	class 9: SUBJ i- · ADJ Ø/n- · GEN ya · DEM hii/ile · POSS y- · REL -yo	Reziprok -an-: einander sehen	A1 SD1 N nächst
552	20	N	der Name, -n	0	Mein Name ist Thomas Schmidt.	My name is Thomas Schmidt.	Jina langu ni Thomas Schmidt.	jina l-angu ni Thomas Schmidt	KL5.Name KL5-mein KOP Thomas Schmidt	CL5.name CL5-my COP Thomas Schmidt	jina Kl. 5/6 (ji-/Ø › ma-) → majina	jina class 5/6 (ji-/Ø › ma-) → majina	Kl.5: SUBJ li- · ADJ ji-/Ø · GEN la · DEM hili/lile · POSS l- · REL -lo	class 5: SUBJ li- · ADJ ji-/Ø · GEN la · DEM hili/lile · POSS l- · REL -lo	jina Kl.5 nimmt langu	A1 SD1 N Name
553	20	N	der Name, -n	0	Mein Vorname ist Thomas; Schmidt ist der Familienname.	My first name is Thomas; Schmidt is the surname.	Jina langu la kwanza ni Thomas; Schmidt ni jina la familia.	jina l-angu l-a kwanza ni Thomas Schmidt ni jina l-a familia	KL5.Name KL5-mein KL5-GEN erste KOP Thomas Schmidt KOP KL5.Name KL5-GEN KL9.Familie	CL5.name CL5-my CL5-GEN first COP Thomas Schmidt COP CL5.name CL5-GEN CL9.family	jina Kl. 5/6 (ji-/Ø › ma-) → majina · familia Kl. 9/10 (Ø/n-) → familia  — Numerus nur an der Konkordanz  [Lehnwort]	jina class 5/6 (ji-/Ø › ma-) → majina · familia class 9/10 (Ø/n-) → familia  — number shows only in the agreement  [loanword]	Kl.5: SUBJ li- · ADJ ji-/Ø · GEN la · DEM hili/lile · POSS l- · REL -lo · Kl.9: SUBJ i- · ADJ Ø/n- · GEN ya · DEM hii/ile · POSS y- · REL -yo	class 5: SUBJ li- · ADJ ji-/Ø · GEN la · DEM hili/lile · POSS l- · REL -lo · class 9: SUBJ i- · ADJ Ø/n- · GEN ya · DEM hii/ile · POSS y- · REL -yo	Dreimal die Kl.5-Konkordanz l-	A1 SD1 N Name
554	20	N	nehmen	0	Heute gibt es Hähnchen. Das nehme ich.	Today there is chicken. I will have that.	Leo kuna kuku. Hiyo nachukua.	leo ku-na kuku hiyo na-chuku-a	heute KL17-mit KL9.Hähnchen KL9.DEM 1SG.PRÄS.ALLG-nehmen-IND	today CL17-with CL9.chicken CL9.DEM 1SG.PRS.GNRL-take-IND	kuku Kl. 9/10 (Ø/n-) → kuku  — Numerus nur an der Konkordanz	kuku class 9/10 (Ø/n-) → kuku  — number shows only in the agreement	Kl.9: SUBJ i- · ADJ Ø/n- · GEN ya · DEM hii/ile · POSS y- · REL -yo	class 9: SUBJ i- · ADJ Ø/n- · GEN ya · DEM hii/ile · POSS y- · REL -yo	Vorangestelltes Objekt betont die Wahl	A1 SD1 N nehmen
555	20	N	nehmen	0	Ich nehme den Bus.	I will take the bus.	Nachukua basi.	na-chuku-a basi	1SG.PRÄS.ALLG-nehmen-IND KL5.Bus	1SG.PRS.GNRL-take-IND CL5.bus	basi Kl. 5/6 (ji-/Ø › ma-) → mabasi	basi class 5/6 (ji-/Ø › ma-) → mabasi	Kl.5: SUBJ li- · ADJ ji-/Ø · GEN la · DEM hili/lile · POSS l- · REL -lo	class 5: SUBJ li- · ADJ ji-/Ø · GEN la · DEM hili/lile · POSS l- · REL -lo	basi Kl.5, Plural mabasi Kl.6	A1 SD1 N nehmen
556	20	N	nein	0	Fährst du auch nach München? – Nein, ich habe keine Zeit.	Are you going to Munich too? - No, I have no time.	Unasafiri München pia? - Hapana, sina wakati.	u-na-safiri München pia hapana si-na wakati	2SG-PRÄS-reisen München auch nein 1SG.NEG-haben KL11.Zeit	2SG-PRS-travel Munich also no 1SG.NEG-have CL11.time	wakati Kl. 11/10 (u- › Ø/n-) → nyakati	wakati class 11/10 (u- › Ø/n-) → nyakati	Kl.11: SUBJ u- · ADJ m-/mw- · GEN wa · DEM huu/ule · POSS w- · REL -o	class 11: SUBJ u- · ADJ m-/mw- · GEN wa · DEM huu/ule · POSS w- · REL -o	sina ist die 1SG-Negation von nina	A1 SD1 N nein
557	20	N	neu	0	Ich bin der neue Kollege.	I am the new colleague.	Mimi ni mwenzi mpya.	mimi ni mw-enzi m-pya	ich KOP KL1-Kollege KL1-neu	I COP CL1-colleague CL1-new	mwenzi Kl. 1/2 (m-/mw- › wa-) → wenzi	mwenzi class 1/2 (m-/mw- › wa-) → wenzi	Kl.1: SUBJ a- · ADJ m-/mw- · GEN wa · DEM huyu/yule · POSS w- · REL -ye	class 1: SUBJ a- · ADJ m-/mw- · GEN wa · DEM huyu/yule · POSS w- · REL -ye	mpya kongruiert mit mwenzi Kl.1	A1 SD1 N neu
558	20	N	neu	0	Wir haben eine neue Wohnung.	We have a new flat.	Tuna nyumba mpya.	tu-na nyumba m-pya	1PL-haben KL9.Haus KL9-neu	1PL-have CL9.house CL9-new	nyumba Kl. 9/10 (Ø/n-) → nyumba  — Numerus nur an der Konkordanz	nyumba class 9/10 (Ø/n-) → nyumba  — number shows only in the agreement	Kl.9: SUBJ i- · ADJ Ø/n- · GEN ya · DEM hii/ile · POSS y- · REL -yo	class 9: SUBJ i- · ADJ Ø/n- · GEN ya · DEM hii/ile · POSS y- · REL -yo	mpya bleibt in Kl.9 gleich geschrieben	A1 SD1 N neu
559	20	N	nicht	0	Das stimmt nicht.	That is not right.	Hiyo si sahihi.	hiyo si sahihi	KL9.DEM NEG.KOP richtig	CL9.DEM NEG.COP correct	sahihi Kl. 9/10 (Ø/n-) → sahihi  — Numerus nur an der Konkordanz	sahihi class 9/10 (Ø/n-) → sahihi  — number shows only in the agreement	Kl.9: SUBJ i- · ADJ Ø/n- · GEN ya · DEM hii/ile · POSS y- · REL -yo	class 9: SUBJ i- · ADJ Ø/n- · GEN ya · DEM hii/ile · POSS y- · REL -yo	si verneint die Kopula ni	A1 SD1 N nicht
560	20	N	nicht	0	Das ist doch schön, nicht?	That is nice, is not it?	Hiyo ni nzuri, sivyo?	hiyo ni n-zuri si-vyo	KL9.DEM KOP KL9-gut NEG-KL8	CL9.DEM COP CL9-good NEG-CL8			Kl.9: SUBJ i- · ADJ Ø/n- · GEN ya · DEM hii/ile · POSS y- · REL -yo · Kl.8: SUBJ vi- · ADJ vi- · GEN vya · DEM hivi/vile · POSS vy- · REL -vyo	class 9: SUBJ i- · ADJ Ø/n- · GEN ya · DEM hii/ile · POSS y- · REL -yo · class 8: SUBJ vi- · ADJ vi- · GEN vya · DEM hivi/vile · POSS vy- · REL -vyo	"sivyo ist die feste Rückfrage ""nicht wahr"""	A1 SD1 N nicht
561	20	N	nichts	0	Das macht nichts.	That does not matter.	Haidhuru.	hai-dhuru	KL9.NEG-schaden	CL9.NEG-harm			Kl.9: SUBJ i- · ADJ Ø/n- · GEN ya · DEM hii/ile · POSS y- · REL -yo	class 9: SUBJ i- · ADJ Ø/n- · GEN ya · DEM hii/ile · POSS y- · REL -yo	haidhuru verneint das Schaden	A1 SD1 N nichts
562	20	N	nichts	0	Hier kaufe ich nichts. Der Laden gefällt mir nicht.	I am not buying anything here. I do not like the shop.	Hapa sinunui kitu. Duka halinipendezi.	hapa si-nunu-i ki-tu duka hali-ni-pendez-i	hier 1SG.NEG-kaufen-NEG KL7-Ding KL5.Laden KL5.NEG-OBJ1SG-gefallen-NEG	here 1SG.NEG-buy-NEG CL7-thing CL5.shop CL5.NEG-OBJ1SG-please-NEG	duka Kl. 5/6 (ji-/Ø › ma-) → maduka	duka class 5/6 (ji-/Ø › ma-) → maduka	Kl.5: SUBJ li- · ADJ ji-/Ø · GEN la · DEM hili/lile · POSS l- · REL -lo	class 5: SUBJ li- · ADJ ji-/Ø · GEN la · DEM hili/lile · POSS l- · REL -lo	Zwei Negationen mit unterschiedlichen Präfixen	A1 SD1 N nichts
563	20	N	nie	0	Er kommt nie pünktlich.	He is never on time.	Hafiki kwa wakati kamwe.	ha-fik-i kwa wakati kamwe	3SG.NEG-ankommen-NEG zu KL11.Zeit nie	3SG.NEG-arrive-NEG to CL11.time never	wakati Kl. 11/10 (u- › Ø/n-) → nyakati	wakati class 11/10 (u- › Ø/n-) → nyakati	Kl.11: SUBJ u- · ADJ m-/mw- · GEN wa · DEM huu/ule · POSS w- · REL -o	class 11: SUBJ u- · ADJ m-/mw- · GEN wa · DEM huu/ule · POSS w- · REL -o	"kamwe verstärkt die Negation zu ""nie"""	A1 SD1 N nie
564	21	N	noch	0	Vielleicht kommt er noch.	Perhaps he is still coming.	Labda bado anakuja.	labda bado a-na-kuj-a	vielleicht noch 3SG-PRÄS-kommen-IND	perhaps still 3SG-PRS-come-IND					bado heißt noch und noch nicht	A1 SD1 N noch
565	21	N	noch	0	Wir warten noch fünf Minuten.	We will wait another five minutes.	Tunasubiri dakika tano bado.	tu-na-subiri dakika tano bado	1PL-PRÄS-warten KL9.Minute fünf noch	1PL-PRS-wait CL9.minute five still			Kl.9: SUBJ i- · ADJ Ø/n- · GEN ya · DEM hii/ile · POSS y- · REL -yo	class 9: SUBJ i- · ADJ Ø/n- · GEN ya · DEM hii/ile · POSS y- · REL -yo	kusubiri ist arabisches Lehnverb auf -i	A1 SD1 N noch
566	21	N	noch	0	Ich habe noch 20 Euro.	I still have 20 euros.	Nina Euro ishirini bado.	ni-na Euro ishirini bado	1SG-haben Euro zwanzig noch	1SG-have euro twenty still					bado steht meist am Satzende	A1 SD1 N noch
567	21	N	normal	0	75 kg. Sein Gewicht ist normal.	75 kg. His weight is normal.	Kilo sabini na tano. Uzito wake ni wa kawaida.	kilo sabini na tano uzito w-ake ni w-a kawaida	KL9.Kilo siebzig und fünf KL14.Gewicht KL14-sein KOP KL14-GEN KL9.Gewohnheit	CL9.kilo seventy and five CL14.weight CL14-be COP CL14-GEN CL9.habit	"uzito Kl. 14 (u-), kein Numeruswechsel  [Abstraktum] · mke Kl. 1/2 (m-/mw- › wa-) → wake  [Ehemann = ""mume"" Kl. 1/2]"	"uzito class 14 (u-), no number change  [abstract noun] · mke class 1/2 (m-/mw- › wa-) → wake  [husband = ""mume"" class 1/2]"	Kl.14: SUBJ u- · ADJ m-/mw- · GEN wa · DEM huu/ule · POSS w- · REL -o · Kl.1: SUBJ a- · ADJ m-/mw- · GEN wa · DEM huyu/yule · POSS w- · REL -ye	class 14: SUBJ u- · ADJ m-/mw- · GEN wa · DEM huu/ule · POSS w- · REL -o · class 1: SUBJ a- · ADJ m-/mw- · GEN wa · DEM huyu/yule · POSS w- · REL -ye	"normal = wa kawaida, ""des Gewöhnlichen"""	A1 SD1 N normal
568	21	N	die Nummer, -n	0	Sie haben Zimmer Nummer zwölf.	You have room number twelve.	Mnayo chumba namba kumi na mbili.	m-na-yo ki-umba namba kumi na mbili	2PL-haben-REL9 KL7-Zimmer KL9.Nummer zehn und zwei	2PL-have-REL9 CL7-room CL9.number ten and two	chumba Kl. 7/8 (ki- › vi-) → vyumba · namba Kl. 9/10 (Ø/n-) → namba  — Numerus nur an der Konkordanz  [Lehnwort]	chumba class 7/8 (ki- › vi-) → vyumba · namba class 9/10 (Ø/n-) → namba  — number shows only in the agreement  [loanword]	Kl.7: SUBJ ki- · ADJ ki- · GEN cha · DEM hiki/kile · POSS ch- · REL -cho · Kl.9: SUBJ i- · ADJ Ø/n- · GEN ya · DEM hii/ile · POSS y- · REL -yo	class 7: SUBJ ki- · ADJ ki- · GEN cha · DEM hiki/kile · POSS ch- · REL -cho · class 9: SUBJ i- · ADJ Ø/n- · GEN ya · DEM hii/ile · POSS y- · REL -yo	zwölf = kumi na mbili	A1 SD1 N Nummer
569	21	N	die Nummer, -n	0	Welche Hausnummer haben Sie?	What is your house number?	Mnayo namba ipi ya nyumba?	m-na-yo namba ipi y-a nyumba	2PL-haben-REL9 KL9.Nummer KL9.welche KL9-GEN KL9.Haus	2PL-have-REL9 CL9.number CL9.which CL9-GEN CL9.house	namba Kl. 9/10 (Ø/n-) → namba  — Numerus nur an der Konkordanz  [Lehnwort] · nyumba Kl. 9/10 (Ø/n-) → nyumba  — Numerus nur an der Konkordanz	namba class 9/10 (Ø/n-) → namba  — number shows only in the agreement  [loanword] · nyumba class 9/10 (Ø/n-) → nyumba  — number shows only in the agreement	Kl.9: SUBJ i- · ADJ Ø/n- · GEN ya · DEM hii/ile · POSS y- · REL -yo	class 9: SUBJ i- · ADJ Ø/n- · GEN ya · DEM hii/ile · POSS y- · REL -yo	ipi kongruiert mit namba Kl.9	A1 SD1 N Nummer
570	21	N	die Nummer, -n	0	Können Sie mir Ihre Nummer geben?	Can you give me your number?	Mnaweza kunipa namba yenu?	m-na-wez-a ku-ni-p-a namba y-enu	2PL-PRÄS-können-IND KL15-OBJ1SG-geben-IND KL9.Nummer KL9-euer	2PL-PRS-can-IND CL15-OBJ1SG-give-IND CL9.number CL9-your	namba Kl. 9/10 (Ø/n-) → namba  — Numerus nur an der Konkordanz  [Lehnwort]	namba class 9/10 (Ø/n-) → namba  — number shows only in the agreement  [loanword]	Kl.9: SUBJ i- · ADJ Ø/n- · GEN ya · DEM hii/ile · POSS y- · REL -yo	class 9: SUBJ i- · ADJ Ø/n- · GEN ya · DEM hii/ile · POSS y- · REL -yo	yenu ist der Possessiv für höfliches Sie	A1 SD1 N Nummer
571	21	N	nur	0	Ich möchte nur ein Glas Wasser.	I would just like a glass of water.	Nataka glasi moja ya maji tu.	na-tak-a glasi moja y-a maji tu	1SG.PRÄS.ALLG-wollen-IND KL9.Glas eins KL9-GEN KL6.Wasser nur	1SG.PRS.GNRL-want-IND CL9.glass one CL9-GEN CL6.water only	glasi Kl. 9/10 (Ø/n-) → glasi  — Numerus nur an der Konkordanz  [Lehnwort] · maji Kl. 6 (ma-), kein Numeruswechsel  [nur Plural]	glasi class 9/10 (Ø/n-) → glasi  — number shows only in the agreement  [loanword] · maji class 6 (ma-), no number change  [plural only]	Kl.9: SUBJ i- · ADJ Ø/n- · GEN ya · DEM hii/ile · POSS y- · REL -yo · Kl.6: SUBJ ya- · ADJ ma- · GEN ya · DEM haya/yale · POSS y- · REL -yo	class 9: SUBJ i- · ADJ Ø/n- · GEN ya · DEM hii/ile · POSS y- · REL -yo · class 6: SUBJ ya- · ADJ ma- · GEN ya · DEM haya/yale · POSS y- · REL -yo	"tu am Satzende heißt ""nur"""	A1 SD1 N nur
572	21	O	oben	0	Ich wohne oben.	I live upstairs.	Nakaa juu.	na-ka-a juu	1SG.PRÄS.ALLG-wohnen-IND oben	1SG.PRS.GNRL-live-IND above					juu und chini sind unveränderlich	A1 SD1 O oben
573	21	O	das Obst	0	Im Sommer ist das Obst billig.	In summer fruit is cheap.	Kiangazi matunda ni rahisi.	ki-angazi ma-tunda ni rahisi	KL7-Sommer KL6-Obst KOP billig	CL7-summer CL6-fruit COP cheap	tunda Kl. 5/6 (ji-/Ø › ma-) → matunda  [meist Plural]	tunda class 5/6 (ji-/Ø › ma-) → matunda  [usually plural]	Kl.5: SUBJ li- · ADJ ji-/Ø · GEN la · DEM hili/lile · POSS l- · REL -lo	class 5: SUBJ li- · ADJ ji-/Ø · GEN la · DEM hili/lile · POSS l- · REL -lo	rahisi heißt billig und einfach	A1 SD1 O Obst
574	21	O	oder	0	Wann können Sie kommen – heute oder morgen?	When can you come - today or tomorrow?	Mnaweza kuja lini - leo au kesho?	m-na-wez-a ku-j-a lini leo au kesho	2PL-PRÄS-können-IND KL15-kommen-IND wann heute oder morgen	2PL-PRS-can-IND CL15-come-IND when today or tomorrow			Kl.15: SUBJ ku- · ADJ ku- · GEN kwa · DEM huku/kule · POSS kw- · REL -ko	class 15: SUBJ ku- · ADJ ku- · GEN kwa · DEM huku/kule · POSS kw- · REL -ko	au verbindet Alternativen	A1 SD1 O oder
575	21	O	öffnen	0	Ich öffne die Tür.	I am opening the door.	Nafungua mlango.	na-fungu-a m-lango	1SG.PRÄS.ALLG-öffnen-IND KL3-Tür	1SG.PRS.GNRL-open-IND CL3-door			Kl.3: SUBJ u- · ADJ m-/mw- · GEN wa · DEM huu/ule · POSS w- · REL -o	class 3: SUBJ u- · ADJ m-/mw- · GEN wa · DEM huu/ule · POSS w- · REL -o	mlango Kl.3, Plural milango Kl.4	A1 SD1 O öffnen
576	21	O	geöffnet	1	Der Laden ist samstags bis 16.00 Uhr geöffnet.	The shop is open until 16.00 on Saturdays.	Duka limefunguliwa Jumamosi hadi saa kumi.	duka li-me-fungu-liw-a Jumamosi hadi saa kumi	KL5.Laden KL5-PERF-öffnen-PASS-IND KL9.Samstag bis KL9.Stunde zehn	CL5.shop CL5-PRF-open-PASS-IND CL9.Saturday until CL9.hour ten	"duka Kl. 5/6 (ji-/Ø › ma-) → maduka · saa Kl. 9/10 (Ø/n-) → saa  — Numerus nur an der Konkordanz  [auch ""Uhr""]"	"duka class 5/6 (ji-/Ø › ma-) → maduka · saa class 9/10 (Ø/n-) → saa  — number shows only in the agreement  [also ""clock""]"	Kl.5: SUBJ li- · ADJ ji-/Ø · GEN la · DEM hili/lile · POSS l- · REL -lo · Kl.9: SUBJ i- · ADJ Ø/n- · GEN ya · DEM hii/ile · POSS y- · REL -yo	class 5: SUBJ li- · ADJ ji-/Ø · GEN la · DEM hili/lile · POSS l- · REL -lo · class 9: SUBJ i- · ADJ Ø/n- · GEN ya · DEM hii/ile · POSS y- · REL -yo	"Jumamosi heißt wörtlich ""erster Tag"""	A1 SD1 O geöffnet
577	21	O	oft	0	Petra treffe ich oft.	I often meet Petra.	Petra namkuta mara nyingi.	Petra na-m-kut-a mara ny-ingi	Petra 1SG.PRÄS.ALLG-OBJ1-treffen-IND KL9.Mal KL10-viele	Petra 1SG.PRS.GNRL-OBJ1-meet-IND CL9.time CL10-many			Kl.9: SUBJ i- · ADJ Ø/n- · GEN ya · DEM hii/ile · POSS y- · REL -yo · Kl.10: SUBJ zi- · ADJ Ø/n- · GEN za · DEM hizi/zile · POSS z- · REL -zo	class 9: SUBJ i- · ADJ Ø/n- · GEN ya · DEM hii/ile · POSS y- · REL -yo · class 10: SUBJ zi- · ADJ Ø/n- · GEN za · DEM hizi/zile · POSS z- · REL -zo	Objektpräfix -m- auch bei vorangestelltem Namen	A1 SD1 O oft
578	21	O	ohne	0	Ohne Geld kann er nichts kaufen.	Without money he cannot buy anything.	Bila pesa hawezi kununua kitu.	bila pesa ha-wez-i ku-nunu-a ki-tu	ohne KL10.Geld 3SG.NEG-können-NEG KL15-kaufen-IND KL7-Ding	without CL10.money 3SG.NEG-can-NEG CL15-buy-IND CL7-thing	pesa Kl. 9/10 (Ø/n-) → pesa  — Numerus nur an der Konkordanz	pesa class 9/10 (Ø/n-) → pesa  — number shows only in the agreement	Kl.9: SUBJ i- · ADJ Ø/n- · GEN ya · DEM hii/ile · POSS y- · REL -yo	class 9: SUBJ i- · ADJ Ø/n- · GEN ya · DEM hii/ile · POSS y- · REL -yo	bila verlangt kein Konkordanzelement	A1 SD1 O ohne
579	21	O	das Öl	0	Den Salat machen wir ohne Öl.	We will make the salad without oil.	Saladi tunaifanya bila mafuta.	saladi tu-na-i-fany-a bila ma-futa	KL9.Salat 1PL-PRÄS-OBJ9-tun-IND ohne KL6-Öl	CL9.salad 1PL-PRS-OBJ9-do-IND without CL6-oil	saladi Kl. 9/10 (Ø/n-) → saladi  — Numerus nur an der Konkordanz  [Lehnwort] · mafuta Kl. 6 (ma-), kein Numeruswechsel  [nur Plural]	saladi class 9/10 (Ø/n-) → saladi  — number shows only in the agreement  [loanword] · mafuta class 6 (ma-), no number change  [plural only]	Kl.9: SUBJ i- · ADJ Ø/n- · GEN ya · DEM hii/ile · POSS y- · REL -yo · Kl.6: SUBJ ya- · ADJ ma- · GEN ya · DEM haya/yale · POSS y- · REL -yo	class 9: SUBJ i- · ADJ Ø/n- · GEN ya · DEM hii/ile · POSS y- · REL -yo · class 6: SUBJ ya- · ADJ ma- · GEN ya · DEM haya/yale · POSS y- · REL -yo	mafuta ist Kl.6 und heißt Öl und Fett	A1 SD1 O Öl
580	21	O	die Oma, -s	0	Meine Oma ist schon tot.	My grandmother has already died.	Bibi yangu amekwisha kufariki.	bibi y-angu a-me-kwish-a ku-fariki	KL9/KL1.Großmutter KL9-mein 3SG-PERF-beenden-IND KL15-sterben	CL9/CL1.grandmother CL9-my 3SG-PRF-finish-IND CL15-die	bibi Kl. 5/6 (ji-/Ø › ma-) → mabibi  [Person: Form Kl. 5/6, Kongruenz Kl. 1/2]	bibi class 5/6 (ji-/Ø › ma-) → mabibi  [person: form class 5/6, agreement class 1/2]	Kl.1: SUBJ a- · ADJ m-/mw- · GEN wa · DEM huyu/yule · POSS w- · REL -ye	class 1: SUBJ a- · ADJ m-/mw- · GEN wa · DEM huyu/yule · POSS w- · REL -ye	"kwisha plus Infinitiv heißt ""schon"""	A1 SD1 O Oma
581	21	O	der Opa, -s	0	Mein Opa heißt Hans.	My grandfather is called Hans.	Babu yangu anaitwa Hans.	babu y-angu a-na-it-w-a Hans	KL9/KL1.Großvater KL9-mein 3SG-PRÄS-nennen-PASS-IND Hans	CL9/CL1.grandfather CL9-my 3SG-PRS-call-PASS-IND Hans	babu Kl. 9/10 (Ø/n-) → babu  — Numerus nur an der Konkordanz  [Person: Form Kl. 9/10, Kongruenz Kl. 1/2]	babu class 9/10 (Ø/n-) → babu  — number shows only in the agreement  [person: form class 9/10, agreement class 1/2]	Kl.1: SUBJ a- · ADJ m-/mw- · GEN wa · DEM huyu/yule · POSS w- · REL -ye	class 1: SUBJ a- · ADJ m-/mw- · GEN wa · DEM huyu/yule · POSS w- · REL -ye	yangu Kl.9, Verbkongruenz Kl.1	A1 SD1 O Opa
582	21	O	die Ordnung	0	Das ist in Ordnung.	That is all right.	Hiyo ni sawa.	hiyo ni sawa	KL9.DEM KOP in.Ordnung	CL9.DEM COP all.right			Kl.9: SUBJ i- · ADJ Ø/n- · GEN ya · DEM hii/ile · POSS y- · REL -yo	class 9: SUBJ i- · ADJ Ø/n- · GEN ya · DEM hii/ile · POSS y- · REL -yo	sawa deckt gleich und in Ordnung ab	A1 SD1 O Ordnung
583	21	O	der Ort, -e	0	Der Ort liegt am Meer.	The place is by the sea.	Mahali hapa pako baharini.	mahali hapa pa-ko bahari-ni	KL16.Ort KL16.DEM KL16-sein.da KL9.Meer-LOK	CL16.place CL16.DEM CL16-be.there CL9.sea-LOC	mahali Kl. 16 (pa-), kein Numeruswechsel  [Ortsklasse]	mahali class 16 (pa-), no number change  [locative class]	Kl.16: SUBJ pa- · ADJ pa- · GEN pa · DEM hapa/pale · POSS p- · REL -po	class 16: SUBJ pa- · ADJ pa- · GEN pa · DEM hapa/pale · POSS p- · REL -po	Ortsklasse 16 hat die Konkordanz p-	A1 SD1 O Ort
584	21	P	das Papier	0	Hier sind Papier und Bleistift.	Here are paper and pencil.	Hapa kuna karatasi na kalamu ya risasi.	hapa ku-na karatasi na kalamu y-a risasi	hier KL17-mit KL9.Papier und KL9.Stift KL9-GEN KL9.Blei	here CL17-with CL9.paper and CL9.pen CL9-GEN CL9.lead	karatasi Kl. 9/10 (Ø/n-) → karatasi  — Numerus nur an der Konkordanz · kalamu Kl. 9/10 (Ø/n-) → kalamu  — Numerus nur an der Konkordanz	karatasi class 9/10 (Ø/n-) → karatasi  — number shows only in the agreement · kalamu class 9/10 (Ø/n-) → kalamu  — number shows only in the agreement	Kl.9: SUBJ i- · ADJ Ø/n- · GEN ya · DEM hii/ile · POSS y- · REL -yo	class 9: SUBJ i- · ADJ Ø/n- · GEN ya · DEM hii/ile · POSS y- · REL -yo	kuna gilt für Singular und Plural	A1 SD1 P Papier
585	21	P	die Papiere (pl.)	0	Haben Sie Ihre Papiere dabei?	Do you have your documents with you?	Mnayo hati zenu?	m-na-yo hati z-enu	2PL-haben-REL9 KL10.Papier KL10-euer	2PL-have-REL9 CL10.paper CL10-your	hati Kl. 9/10 (Ø/n-) → hati  — Numerus nur an der Konkordanz  [deutsch nur Plural]	hati class 9/10 (Ø/n-) → hati  — number shows only in the agreement  [German has plural only]	Kl.9: SUBJ i- · ADJ Ø/n- · GEN ya · DEM hii/ile · POSS y- · REL -yo	class 9: SUBJ i- · ADJ Ø/n- · GEN ya · DEM hii/ile · POSS y- · REL -yo	hati ist Kl.9 und Kl.10 gleich	A1 SD1 P Papiere__pl__
586	21	P	der Partner, -/die Partnerin, -nen	0	Sie ist meine Partnerin.	She is my partner.	Yeye ni mwenzi wangu.	yeye ni mw-enzi w-angu	sie KOP KL1-Partnerin KL1-mein	she COP CL1-partner CL1-my	mwenzi Kl. 1/2 (m-/mw- › wa-) → wenzi	mwenzi class 1/2 (m-/mw- › wa-) → wenzi	Kl.1: SUBJ a- · ADJ m-/mw- · GEN wa · DEM huyu/yule · POSS w- · REL -ye	class 1: SUBJ a- · ADJ m-/mw- · GEN wa · DEM huyu/yule · POSS w- · REL -ye	mwenzi gilt für beide Geschlechter	A1 SD1 P Partner
587	21	P	die Party	0	Heute Abend machen wir eine Party.	This evening we are having a party.	Leo jioni tunafanya sherehe.	leo jioni tu-na-fany-a sherehe	heute KL9.Abend 1PL-PRÄS-tun-IND KL9.Party	today CL9.evening 1PL-PRS-do-IND CL9.party	sherehe Kl. 9/10 (Ø/n-) → sherehe  — Numerus nur an der Konkordanz	sherehe class 9/10 (Ø/n-) → sherehe  — number shows only in the agreement	Kl.9: SUBJ i- · ADJ Ø/n- · GEN ya · DEM hii/ile · POSS y- · REL -yo	class 9: SUBJ i- · ADJ Ø/n- · GEN ya · DEM hii/ile · POSS y- · REL -yo	sherehe deckt Fest und Party ab	A1 SD1 P Party
588	21	P	der Pass, -ä, e	0	Im Hotel brauchst du deinen Pass.	At the hotel you need your passport.	Hotelini unahitaji pasipoti yako.	hoteli-ni u-na-hitaji pasipoti y-ako	KL9.Hotel-LOK 2SG-PRÄS-brauchen KL9.Pass KL9-dein	CL9.hotel-LOC 2SG-PRS-need CL9.passport CL9-your	pasipoti Kl. 9/10 (Ø/n-) → pasipoti  — Numerus nur an der Konkordanz  [Lehnwort]	pasipoti class 9/10 (Ø/n-) → pasipoti  — number shows only in the agreement  [loanword]	Kl.9: SUBJ i- · ADJ Ø/n- · GEN ya · DEM hii/ile · POSS y- · REL -yo	class 9: SUBJ i- · ADJ Ø/n- · GEN ya · DEM hii/ile · POSS y- · REL -yo	Ortssuffix -ni an hoteli Kl.9	A1 SD1 P Pass
589	21	P	die Pause, -n	0	Von 12.00 bis 12.30 Uhr haben wir Mittagspause.	We have a lunch break from 12.00 to 12.30.	Kuanzia saa sita hadi saa sita na nusu tuna mapumziko ya mchana.	ku-anz-i-a saa sita hadi saa sita na nusu tu-na ma-pumziko y-a m-chana	KL15-anfangen-APPL-IND KL9.Stunde sechs bis KL9.Stunde sechs und KL9.Hälfte 1PL-haben KL6-Pause KL6-GEN KL3-Mittag	CL15-begin-APPL-IND CL9.hour six until CL9.hour six and CL9.half 1PL-have CL6-break CL6-GEN CL3-midday	"saa Kl. 9/10 (Ø/n-) → saa  — Numerus nur an der Konkordanz  [auch ""Uhr""] · mapumziko Kl. 6 (ma-), kein Numeruswechsel  [nur Plural]"	"saa class 9/10 (Ø/n-) → saa  — number shows only in the agreement  [also ""clock""] · mapumziko class 6 (ma-), no number change  [plural only]"	Kl.9: SUBJ i- · ADJ Ø/n- · GEN ya · DEM hii/ile · POSS y- · REL -yo · Kl.6: SUBJ ya- · ADJ ma- · GEN ya · DEM haya/yale · POSS y- · REL -yo	class 9: SUBJ i- · ADJ Ø/n- · GEN ya · DEM hii/ile · POSS y- · REL -yo · class 6: SUBJ ya- · ADJ ma- · GEN ya · DEM haya/yale · POSS y- · REL -yo	saa sita = 12 Uhr, na nusu = und halb	A1 SD1 P Pause
590	21	P	der Plan, -ä, e	0	Ich kaufe mir einen Stadtplan.	I will buy myself a street map.	Najinunulia mpango wa mji.	na-ji-nunu-li-a m-pango w-a m-ji	1SG.PRÄS.ALLG-REFL-kaufen-APPL-IND KL3-Plan KL3-GEN KL3-Stadt	1SG.PRS.GNRL-REFL-buy-APPL-IND CL3-plan CL3-GEN CL3-town	mpango Kl. 3/4 (m-/mw- › mi-) → mipango · mji Kl. 3/4 (m-/mw- › mi-) → miji	mpango class 3/4 (m-/mw- › mi-) → mipango · mji class 3/4 (m-/mw- › mi-) → miji	Kl.3: SUBJ u- · ADJ m-/mw- · GEN wa · DEM huu/ule · POSS w- · REL -o	class 3: SUBJ u- · ADJ m-/mw- · GEN wa · DEM huu/ule · POSS w- · REL -o	Reflexiv -ji- plus Applikativ: für sich kaufen	A1 SD1 P Plan
591	21	P	der Platz, -ä, e	0	Tut mir leid, der Platz ist besetzt.	I am sorry, the seat is taken.	Pole, nafasi imechukuliwa.	pole nafasi i-me-chuku-liw-a	Mitgefühl KL9.Platz KL9-PERF-nehmen-PASS-IND	sympathy CL9.place CL9-PRF-take-PASS-IND	"nafasi Kl. 9/10 (Ø/n-) → nafasi  — Numerus nur an der Konkordanz  [Sitzplatz; Ort = ""mahali"" Kl. 16]"	"nafasi class 9/10 (Ø/n-) → nafasi  — number shows only in the agreement  [seat; place = ""mahali"" class 16]"	Kl.9: SUBJ i- · ADJ Ø/n- · GEN ya · DEM hii/ile · POSS y- · REL -yo	class 9: SUBJ i- · ADJ Ø/n- · GEN ya · DEM hii/ile · POSS y- · REL -yo	pole drückt Mitgefühl aus, nicht Entschuldigung	A1 SD1 P Platz
592	21	P	der Platz, -ä, e	0	Bitte nehmen Sie Platz!	Please take a seat!	Tafadhali kaeni!	tafadhali ka-eni	bitte sitzen-IMP.PL	please sit-IMP.PL					Platz nehmen ist einfach kukaa	A1 SD1 P Platz
593	21	P	der Platz, -ä, e	0	Ich wohne Messeplatz 5.	I live at Messeplatz 5.	Nakaa Messeplatz tano.	na-ka-a Messeplatz tano	1SG.PRÄS.ALLG-wohnen-IND Messeplatz fünf	1SG.PRS.GNRL-live-IND Messeplatz five					Adressen bleiben ohne Präposition	A1 SD1 P Platz
594	21	P	die Polizei	0	Holen Sie die Polizei!	Call the police!	Iteni polisi!	it-eni polisi	rufen-IMP.PL KL9.Polizei	call-IMP.PL CL9.police	polisi Kl. 9/10 (Ø/n-) → polisi  — Numerus nur an der Konkordanz  [Kongruenz Kl. 1/2 bei Personen]	polisi class 9/10 (Ø/n-) → polisi  — number shows only in the agreement  [agreement class 1/2 for people]	Kl.9: SUBJ i- · ADJ Ø/n- · GEN ya · DEM hii/ile · POSS y- · REL -yo	class 9: SUBJ i- · ADJ Ø/n- · GEN ya · DEM hii/ile · POSS y- · REL -yo	kuita ruft, kupiga simu telefoniert	A1 SD1 P Polizei
595	21	P	die Pommes frites (pl.)	0	Die Kinder essen Hähnchen mit Pommes frites.	The children are eating chicken and chips.	Watoto wanakula kuku na chipsi.	watoto wa-na-kul-a kuku na chipsi	KL2.Kind KL2-PRÄS-essen-IND KL9.Hähnchen mit KL10.Pommes	CL2.child CL2-PRS-eat-IND CL9.chicken with CL10.chips	mtoto Kl. 1/2 (m-/mw- › wa-) → watoto · kuku Kl. 9/10 (Ø/n-) → kuku  — Numerus nur an der Konkordanz · chipsi Kl. 10 (Ø/n-), kein Numeruswechsel  [nur Plural, Lehnwort]	mtoto class 1/2 (m-/mw- › wa-) → watoto · kuku class 9/10 (Ø/n-) → kuku  — number shows only in the agreement · chipsi class 10 (Ø/n-), no number change  [plural only, loanword]	Kl.1: SUBJ a- · ADJ m-/mw- · GEN wa · DEM huyu/yule · POSS w- · REL -ye · Kl.9: SUBJ i- · ADJ Ø/n- · GEN ya · DEM hii/ile · POSS y- · REL -yo	class 1: SUBJ a- · ADJ m-/mw- · GEN wa · DEM huyu/yule · POSS w- · REL -ye · class 9: SUBJ i- · ADJ Ø/n- · GEN ya · DEM hii/ile · POSS y- · REL -yo	Bei kula bleibt das ku- des Stammes erhalten	A1 SD1 P Pommes_frites__pl__
596	21	P	die Post	0	Wo ist die Post, bitte?	Where is the post office, please?	Posta iko wapi, tafadhali?	posta i-ko wapi tafadhali	KL9.Post KL9-sein.da wo bitte	CL9.post CL9-be.there where please	posta Kl. 9/10 (Ø/n-) → posta  — Numerus nur an der Konkordanz  [Lehnwort]	posta class 9/10 (Ø/n-) → posta  — number shows only in the agreement  [loanword]	Kl.9: SUBJ i- · ADJ Ø/n- · GEN ya · DEM hii/ile · POSS y- · REL -yo	class 9: SUBJ i- · ADJ Ø/n- · GEN ya · DEM hii/ile · POSS y- · REL -yo	iko fragt nach dem Ort	A1 SD1 P Post
597	21	P	die Post	0	Ist Post da?	Is there any post?	Kuna barua?	ku-na barua	KL17-mit KL9.Brief	CL17-with CL9.letter	barua Kl. 9/10 (Ø/n-) → barua  — Numerus nur an der Konkordanz  [Numerus nur an der Konkordanz]	barua class 9/10 (Ø/n-) → barua  — number shows only in the agreement  [number shows only in the agreement]	Kl.9: SUBJ i- · ADJ Ø/n- · GEN ya · DEM hii/ile · POSS y- · REL -yo	class 9: SUBJ i- · ADJ Ø/n- · GEN ya · DEM hii/ile · POSS y- · REL -yo	kuna fragt nach dem Vorhandensein	A1 SD1 P Post
598	21	P	die Postleitzahl	0	Wie ist Ihre Postleitzahl?	What is your postcode?	Namba yenu ya posta ni ipi?	namba y-enu y-a posta ni ipi	KL9.Nummer KL9-euer KL9-GEN KL9.Post KOP KL9.welche	CL9.number CL9-your CL9-GEN CL9.post COP CL9.which	namba Kl. 9/10 (Ø/n-) → namba  — Numerus nur an der Konkordanz  [Lehnwort] · posta Kl. 9/10 (Ø/n-) → posta  — Numerus nur an der Konkordanz  [Lehnwort]	namba class 9/10 (Ø/n-) → namba  — number shows only in the agreement  [loanword] · posta class 9/10 (Ø/n-) → posta  — number shows only in the agreement  [loanword]	Kl.9: SUBJ i- · ADJ Ø/n- · GEN ya · DEM hii/ile · POSS y- · REL -yo	class 9: SUBJ i- · ADJ Ø/n- · GEN ya · DEM hii/ile · POSS y- · REL -yo	Dreifache Kl.9-Kongruenz: yenu, ya, ipi	A1 SD1 P Postleitzahl
599	21	P	das Praktikum	0	Ich mache ein Praktikum bei Siemens.	I am doing a work placement at Siemens.	Nafanya mafunzo kwa vitendo kwenye Siemens.	na-fany-a ma-funzo kwa vi-tendo kwenye Siemens	1SG.PRÄS.ALLG-tun-IND KL6-Ausbildung für KL8-Tat an Siemens	1SG.PRS.GNRL-do-IND CL6-training for CL8-deed at Siemens	mafunzo kwa vitendo Kl. 6 (ma-), kein Numeruswechsel  [nur Plural]	mafunzo kwa vitendo class 6 (ma-), no number change  [plural only]	Kl.6: SUBJ ya- · ADJ ma- · GEN ya · DEM haya/yale · POSS y- · REL -yo	class 6: SUBJ ya- · ADJ ma- · GEN ya · DEM haya/yale · POSS y- · REL -yo	"Praktikum wörtlich ""Ausbildung durch Taten"""	A1 SD1 P Praktikum
600	21	P	die Praxis	0	Die Praxis ist ab acht Uhr geöffnet.	The surgery is open from eight o'clock.	Kliniki imefunguliwa kuanzia saa mbili.	kliniki i-me-fungu-liw-a ku-anz-i-a saa mbili	KL9.Praxis KL9-PERF-öffnen-PASS-IND KL15-anfangen-APPL-IND KL9.Stunde zwei	CL9.surgery CL9-PRF-open-PASS-IND CL15-begin-APPL-IND CL9.hour two	"kliniki Kl. 9/10 (Ø/n-) → kliniki  — Numerus nur an der Konkordanz  [Lehnwort] · saa Kl. 9/10 (Ø/n-) → saa  — Numerus nur an der Konkordanz  [auch ""Uhr""]"	"kliniki class 9/10 (Ø/n-) → kliniki  — number shows only in the agreement  [loanword] · saa class 9/10 (Ø/n-) → saa  — number shows only in the agreement  [also ""clock""]"	Kl.9: SUBJ i- · ADJ Ø/n- · GEN ya · DEM hii/ile · POSS y- · REL -yo	class 9: SUBJ i- · ADJ Ø/n- · GEN ya · DEM hii/ile · POSS y- · REL -yo	saa mbili = 8 Uhr, zweite Stunde nach Sonnenaufgang	A1 SD1 P Praxis
601	21	P	der Preis, -e	0	Die Preise sind hoch.	Prices are high.	Bei ni juu.	bei ni juu	KL10.Preis KOP oben	CL10.price COP above	bei Kl. 9/10 (Ø/n-) → bei  — Numerus nur an der Konkordanz	bei class 9/10 (Ø/n-) → bei  — number shows only in the agreement	Kl.9: SUBJ i- · ADJ Ø/n- · GEN ya · DEM hii/ile · POSS y- · REL -yo	class 9: SUBJ i- · ADJ Ø/n- · GEN ya · DEM hii/ile · POSS y- · REL -yo	hoch bei Preisen ist juu	A1 SD1 P Preis
602	21	P	das Problem, -e	0	Mein Problem ist die Sprache.	My problem is the language.	Tatizo langu ni lugha.	tatizo l-angu ni lugha	KL5.Problem KL5-mein KOP KL9.Sprache	CL5.problem CL5-my COP CL9.language	tatizo Kl. 5/6 (ji-/Ø › ma-) → matatizo · lugha Kl. 9/10 (Ø/n-) → lugha  — Numerus nur an der Konkordanz	tatizo class 5/6 (ji-/Ø › ma-) → matatizo · lugha class 9/10 (Ø/n-) → lugha  — number shows only in the agreement	Kl.5: SUBJ li- · ADJ ji-/Ø · GEN la · DEM hili/lile · POSS l- · REL -lo · Kl.9: SUBJ i- · ADJ Ø/n- · GEN ya · DEM hii/ile · POSS y- · REL -yo	class 5: SUBJ li- · ADJ ji-/Ø · GEN la · DEM hili/lile · POSS l- · REL -lo · class 9: SUBJ i- · ADJ Ø/n- · GEN ya · DEM hii/ile · POSS y- · REL -yo	tatizo Kl.5, Plural matatizo Kl.6	A1 SD1 P Problem
603	21	P	der Prospekt, -e	0	Bitte schicken Sie mir einen Prospekt von Ihrem Hotel.	Please send me a brochure about your hotel.	Tafadhali nitumieni kijitabu cha hoteli yenu.	tafadhali ni-tumi-eni ki-jitabu ch-a hoteli y-enu	bitte OBJ1SG-schicken-IMP.PL KL7-Prospekt KL7-GEN KL9.Hotel KL9-euer	please OBJ1SG-send-IMP.PL CL7-brochure CL7-GEN CL9.hotel CL9-your	"kijitabu Kl. 7/8 (ki- › vi-) → vijitabu  [Diminutiv von ""kitabu""] · hoteli Kl. 9/10 (Ø/n-) → hoteli  — Numerus nur an der Konkordanz  [Lehnwort]"	"kijitabu class 7/8 (ki- › vi-) → vijitabu  [diminutive of ""kitabu""] · hoteli class 9/10 (Ø/n-) → hoteli  — number shows only in the agreement  [loanword]"	Kl.7: SUBJ ki- · ADJ ki- · GEN cha · DEM hiki/kile · POSS ch- · REL -cho · Kl.9: SUBJ i- · ADJ Ø/n- · GEN ya · DEM hii/ile · POSS y- · REL -yo	class 7: SUBJ ki- · ADJ ki- · GEN cha · DEM hiki/kile · POSS ch- · REL -cho · class 9: SUBJ i- · ADJ Ø/n- · GEN ya · DEM hii/ile · POSS y- · REL -yo	kijitabu ist der Diminutiv von kitabu	A1 SD1 P Prospekt
604	21	P	die Prüfung	0	Die Prüfung ist am Montag um 8.00 Uhr.	The exam is on Monday at 8.00.	Mtihani ni Jumatatu saa mbili.	m-tihani ni Jumatatu saa mbili	KL3-Prüfung KOP KL9.Montag KL9.Stunde zwei	CL3-exam COP CL9.Monday CL9.hour two	"mtihani Kl. 3/4 (m-/mw- › mi-) → mitihani · saa Kl. 9/10 (Ø/n-) → saa  — Numerus nur an der Konkordanz  [auch ""Uhr""]"	"mtihani class 3/4 (m-/mw- › mi-) → mitihani · saa class 9/10 (Ø/n-) → saa  — number shows only in the agreement  [also ""clock""]"	Kl.3: SUBJ u- · ADJ m-/mw- · GEN wa · DEM huu/ule · POSS w- · REL -o · Kl.9: SUBJ i- · ADJ Ø/n- · GEN ya · DEM hii/ile · POSS y- · REL -yo	class 3: SUBJ u- · ADJ m-/mw- · GEN wa · DEM huu/ule · POSS w- · REL -o · class 9: SUBJ i- · ADJ Ø/n- · GEN ya · DEM hii/ile · POSS y- · REL -yo	saa mbili = 8 Uhr morgens	A1 SD1 P Prüfung
605	21	P	pünktlich	0	Der Bus fährt pünktlich um acht Uhr.	The bus leaves punctually at eight o'clock.	Basi linaondoka kwa wakati saa mbili.	basi li-na-ondok-a kwa wakati saa mbili	KL5.Bus KL5-PRÄS-abfahren-IND zu KL11.Zeit KL9.Stunde zwei	CL5.bus CL5-PRS-depart-IND to CL11.time CL9.hour two	"basi Kl. 5/6 (ji-/Ø › ma-) → mabasi · wakati Kl. 11/10 (u- › Ø/n-) → nyakati · saa Kl. 9/10 (Ø/n-) → saa  — Numerus nur an der Konkordanz  [auch ""Uhr""]"	"basi class 5/6 (ji-/Ø › ma-) → mabasi · wakati class 11/10 (u- › Ø/n-) → nyakati · saa class 9/10 (Ø/n-) → saa  — number shows only in the agreement  [also ""clock""]"	Kl.5: SUBJ li- · ADJ ji-/Ø · GEN la · DEM hili/lile · POSS l- · REL -lo · Kl.11: SUBJ u- · ADJ m-/mw- · GEN wa · DEM huu/ule · POSS w- · REL -o	class 5: SUBJ li- · ADJ ji-/Ø · GEN la · DEM hili/lile · POSS l- · REL -lo · class 11: SUBJ u- · ADJ m-/mw- · GEN wa · DEM huu/ule · POSS w- · REL -o	"pünktlich = kwa wakati, ""zur Zeit"""	A1 SD1 P pünktlich
606	21	P	pünktlich	0	Herr Müller ist immer pünktlich.	Mr Müller is always punctual.	Bwana Müller ni wa wakati kila mara.	bwana Müller ni w-a wakati kila mara	KL5/KL1.Herr Müller KOP KL1-GEN KL11.Zeit jede KL9.Mal	CL5/CL1.mister Müller COP CL1-GEN CL11.time every CL9.time	bwana Kl. 5/6 (ji-/Ø › ma-) → mabwana  [Person: Form Kl. 5/6, Kongruenz Kl. 1/2] · wakati Kl. 11/10 (u- › Ø/n-) → nyakati	bwana class 5/6 (ji-/Ø › ma-) → mabwana  [person: form class 5/6, agreement class 1/2] · wakati class 11/10 (u- › Ø/n-) → nyakati	Kl.1: SUBJ a- · ADJ m-/mw- · GEN wa · DEM huyu/yule · POSS w- · REL -ye · Kl.11: SUBJ u- · ADJ m-/mw- · GEN wa · DEM huu/ule · POSS w- · REL -o	class 1: SUBJ a- · ADJ m-/mw- · GEN wa · DEM huyu/yule · POSS w- · REL -ye · class 11: SUBJ u- · ADJ m-/mw- · GEN wa · DEM huu/ule · POSS w- · REL -o	wa wakati beschreibt die Eigenschaft	A1 SD1 P pünktlich
607	22	R	Rad fahren	0	Das Kind kann schon Rad fahren.	The child can already ride a bike.	Mtoto anaweza kuendesha baiskeli tayari.	m-toto a-na-wez-a ku-endesh-a baiskeli tayari	KL1-Kind 3SG-PRÄS-können-IND KL15-fahren-IND KL9.Fahrrad schon	CL1-child 3SG-PRS-can-IND CL15-drive-IND CL9.bicycle already	mtoto Kl. 1/2 (m-/mw- › wa-) → watoto · baiskeli Kl. 9/10 (Ø/n-) → baiskeli  — Numerus nur an der Konkordanz  [Lehnwort]	mtoto class 1/2 (m-/mw- › wa-) → watoto · baiskeli class 9/10 (Ø/n-) → baiskeli  — number shows only in the agreement  [loanword]	Kl.1: SUBJ a- · ADJ m-/mw- · GEN wa · DEM huyu/yule · POSS w- · REL -ye · Kl.9: SUBJ i- · ADJ Ø/n- · GEN ya · DEM hii/ile · POSS y- · REL -yo	class 1: SUBJ a- · ADJ m-/mw- · GEN wa · DEM huyu/yule · POSS w- · REL -ye · class 9: SUBJ i- · ADJ Ø/n- · GEN ya · DEM hii/ile · POSS y- · REL -yo	kuendesha ist der Kausativ zu kwenda	A1 SD1 R Rad_fahren
608	22	R	rauchen	0	Ich rauche nicht.	I do not smoke.	Sivuti sigara.	si-vut-i sigara	1SG.NEG-ziehen-NEG KL9.Zigarette	1SG.NEG-pull-NEG CL9.cigarette	sigara Kl. 9/10 (Ø/n-) → sigara  — Numerus nur an der Konkordanz  [Lehnwort]	sigara class 9/10 (Ø/n-) → sigara  — number shows only in the agreement  [loanword]	Kl.9: SUBJ i- · ADJ Ø/n- · GEN ya · DEM hii/ile · POSS y- · REL -yo	class 9: SUBJ i- · ADJ Ø/n- · GEN ya · DEM hii/ile · POSS y- · REL -yo	rauchen = kuvuta sigara	A1 SD1 R rauchen
609	22	R	der Raum, -ä, e	0	Der Unterricht ist in Raum 332.	The lesson is in room 332.	Masomo yako kwenye chumba namba mia tatu thelathini na mbili.	ma-somo ya-ko kwenye ki-umba namba mia tatu thelathini na mbili	KL6-Unterricht KL6-sein.da an KL7-Raum KL9.Nummer KL9.Hundert drei dreißig und zwei	CL6-lessons CL6-be.there at CL7-room CL9.number CL9.hundred three thirty and two	masomo Kl. 6 (ma-), kein Numeruswechsel  [nur Plural] · chumba Kl. 7/8 (ki- › vi-) → vyumba · namba Kl. 9/10 (Ø/n-) → namba  — Numerus nur an der Konkordanz  [Lehnwort]	masomo class 6 (ma-), no number change  [plural only] · chumba class 7/8 (ki- › vi-) → vyumba · namba class 9/10 (Ø/n-) → namba  — number shows only in the agreement  [loanword]	Kl.6: SUBJ ya- · ADJ ma- · GEN ya · DEM haya/yale · POSS y- · REL -yo · Kl.7: SUBJ ki- · ADJ ki- · GEN cha · DEM hiki/kile · POSS ch- · REL -cho	class 6: SUBJ ya- · ADJ ma- · GEN ya · DEM haya/yale · POSS y- · REL -yo · class 7: SUBJ ki- · ADJ ki- · GEN cha · DEM hiki/kile · POSS ch- · REL -cho	332 = mia tatu thelathini na mbili	A1 SD1 R Raum
610	22	R	die Rechnung, -en	0	Die Rechnung, bitte.	The bill, please.	Bili, tafadhali.	bili tafadhali	KL9.Rechnung bitte	CL9.bill please	bili Kl. 9/10 (Ø/n-) → bili  — Numerus nur an der Konkordanz  [Lehnwort]	bili class 9/10 (Ø/n-) → bili  — number shows only in the agreement  [loanword]	Kl.9: SUBJ i- · ADJ Ø/n- · GEN ya · DEM hii/ile · POSS y- · REL -yo	class 9: SUBJ i- · ADJ Ø/n- · GEN ya · DEM hii/ile · POSS y- · REL -yo	bili ist Kl.9 und Kl.10 gleich	A1 SD1 R Rechnung
611	22	R	rechts	0	Die Schillerstraße ist hier rechts.	Schillerstraße is here on the right.	Schillerstraße iko hapa kulia.	Schillerstraße i-ko hapa ku-lia	Schillerstraße KL9-sein.da hier KL17-rechts	Schillerstraße CL9-be.there here CL17-right			Kl.9: SUBJ i- · ADJ Ø/n- · GEN ya · DEM hii/ile · POSS y- · REL -yo · Kl.17: SUBJ ku- · ADJ ku- · GEN kwa · DEM huku/kule · POSS kw- · REL -ko	class 9: SUBJ i- · ADJ Ø/n- · GEN ya · DEM hii/ile · POSS y- · REL -yo · class 17: SUBJ ku- · ADJ ku- · GEN kwa · DEM huku/kule · POSS kw- · REL -ko	kulia ist ein Ortswort der Kl.17	A1 SD1 R rechts
612	22	R	regnen	0	Heute regnet es.	It is raining today.	Leo inanyesha.	leo i-na-nyesh-a	heute KL9-PRÄS-regnen-IND	today CL9-PRS-rain-IND			Kl.9: SUBJ i- · ADJ Ø/n- · GEN ya · DEM hii/ile · POSS y- · REL -yo	class 9: SUBJ i- · ADJ Ø/n- · GEN ya · DEM hii/ile · POSS y- · REL -yo	Wetterverben nehmen das Subjektpräfix der Kl.9	A1 SD1 R regnen
613	22	R	der Regen	1	Bei diesem Regen gehe ich nicht raus.	In this rain I am not going out.	Kwa mvua hii sitatoka nje.	kwa mvua hii si-ta-tok-a nje	bei KL9.Regen KL9.DEM 1SG.NEG-FUT-hinausgehen-IND draußen	at CL9.rain CL9.DEM 1SG.NEG-FUT-go.out-IND outside	mvua Kl. 9/10 (Ø/n-) → mvua  — Numerus nur an der Konkordanz	mvua class 9/10 (Ø/n-) → mvua  — number shows only in the agreement	Kl.9: SUBJ i- · ADJ Ø/n- · GEN ya · DEM hii/ile · POSS y- · REL -yo	class 9: SUBJ i- · ADJ Ø/n- · GEN ya · DEM hii/ile · POSS y- · REL -yo	Negatives Futur behält -ta-	A1 SD1 R Regen
614	22	R	der Reis	0	Ich esse gern Reis.	I like eating rice.	Napenda kula mchele.	na-pend-a ku-kul-a m-chele	1SG.PRÄS.ALLG-mögen-IND KL15-essen-IND KL3-Reis	1SG.PRS.GNRL-like-IND CL15-eat-IND CL3-rice	"mchele Kl. 3/4 (m-/mw- › mi-) → michele  [gekocht = ""wali"" Kl. 11]"	"mchele class 3/4 (m-/mw- › mi-) → michele  [cooked = ""wali"" class 11]"	Kl.3: SUBJ u- · ADJ m-/mw- · GEN wa · DEM huu/ule · POSS w- · REL -o	class 3: SUBJ u- · ADJ m-/mw- · GEN wa · DEM huu/ule · POSS w- · REL -o	mchele ist roher Reis, wali gekochter	A1 SD1 R Reis
615	22	R	reisen	0	Ich reise gern.	I like travelling.	Napenda kusafiri.	na-pend-a ku-safiri	1SG.PRÄS.ALLG-mögen-IND KL15-reisen	1SG.PRS.GNRL-like-IND CL15-travel			Kl.15: SUBJ ku- · ADJ ku- · GEN kwa · DEM huku/kule · POSS kw- · REL -ko	class 15: SUBJ ku- · ADJ ku- · GEN kwa · DEM huku/kule · POSS kw- · REL -ko	kusafiri ist arabisches Lehnverb auf -i	A1 SD1 R reisen
616	22	R	die Reise	1	Wir machen eine Reise nach Österreich.	We are taking a trip to Austria.	Tunafanya safari kwenda Austria.	tu-na-fany-a safari kw-end-a Austria	1PL-PRÄS-tun-IND KL9.Reise KL15-gehen-IND Österreich	1PL-PRS-do-IND CL9.journey CL15-go-IND Austria	safari Kl. 9/10 (Ø/n-) → safari  — Numerus nur an der Konkordanz	safari class 9/10 (Ø/n-) → safari  — number shows only in the agreement	Kl.9: SUBJ i- · ADJ Ø/n- · GEN ya · DEM hii/ile · POSS y- · REL -yo	class 9: SUBJ i- · ADJ Ø/n- · GEN ya · DEM hii/ile · POSS y- · REL -yo	Richtung durch den Infinitiv kwenda	A1 SD1 R Reise
617	22	R	das Reisebüro, -s	1	Mein Mann arbeitet im Reisebüro.	My husband works at a travel agency.	Mume wangu anafanya kazi kwenye ofisi ya safari.	mume w-angu a-na-fany-a kazi kwenye ofisi y-a safari	KL1.Ehemann KL1-mein 3SG-PRÄS-tun-IND KL9.Arbeit an KL9.Büro KL9-GEN KL9.Reise	CL1.husband CL1-my 3SG-PRS-do-IND CL9.work at CL9.office CL9-GEN CL9.journey	kazi Kl. 9/10 (Ø/n-) → kazi  — Numerus nur an der Konkordanz · ofisi ya safari Kl. 9/10 (Ø/n-) → ofisi za safari  [Genitiv kongruiert mit dem Kopfnomen] · safari Kl. 9/10 (Ø/n-) → safari  — Numerus nur an der Konkordanz	kazi class 9/10 (Ø/n-) → kazi  — number shows only in the agreement · ofisi ya safari class 9/10 (Ø/n-) → ofisi za safari  [genitive agrees with the head noun] · safari class 9/10 (Ø/n-) → safari  — number shows only in the agreement	Kl.9: SUBJ i- · ADJ Ø/n- · GEN ya · DEM hii/ile · POSS y- · REL -yo	class 9: SUBJ i- · ADJ Ø/n- · GEN ya · DEM hii/ile · POSS y- · REL -yo	Reisebüro als ofisi ya safari	A1 SD1 R Reisebüro
618	22	R	der Reiseführer	1	Ich kaufe mir einen Reiseführer von Berlin.	I am buying myself a guidebook to Berlin.	Najinunulia kitabu cha mwongozo cha Berlin.	na-ji-nunu-li-a ki-tabu ch-a mw-ongozo ch-a Berlin	1SG.PRÄS.ALLG-REFL-kaufen-APPL-IND KL7-Buch KL7-GEN KL3-Führung KL7-GEN Berlin	1SG.PRS.GNRL-REFL-buy-APPL-IND CL7-book CL7-GEN CL3-guided.tour CL7-GEN Berlin	kitabu Kl. 7/8 (ki- › vi-) → vitabu	kitabu class 7/8 (ki- › vi-) → vitabu	Kl.7: SUBJ ki- · ADJ ki- · GEN cha · DEM hiki/kile · POSS ch- · REL -cho	class 7: SUBJ ki- · ADJ ki- · GEN cha · DEM hiki/kile · POSS ch- · REL -cho	Zwei Genitive cha, beide nach kitabu Kl.7	A1 SD1 R Reiseführer
619	22	R	der Reiseführer	1	Unser Reiseführer heißt Peter.	Our tour guide is called Peter.	Kiongozi wetu anaitwa Peter.	ki-ongozi w-etu a-na-it-w-a Peter	KL7-Reiseführer KL1-unser 3SG-PRÄS-nennen-PASS-IND Peter	CL7-guidebook CL1-our 3SG-PRS-call-PASS-IND Peter			Kl.7: SUBJ ki- · ADJ ki- · GEN cha · DEM hiki/kile · POSS ch- · REL -cho · Kl.1: SUBJ a- · ADJ m-/mw- · GEN wa · DEM huyu/yule · POSS w- · REL -ye	class 7: SUBJ ki- · ADJ ki- · GEN cha · DEM hiki/kile · POSS ch- · REL -cho · class 1: SUBJ a- · ADJ m-/mw- · GEN wa · DEM huyu/yule · POSS w- · REL -ye	kiongozi ist Kl.7, kongruiert als Person Kl.1	A1 SD1 R Reiseführer
620	22	R	reparieren	0	Er hat das Fahrrad repariert.	He has repaired the bicycle.	Amekwisha kutengeneza baiskeli.	a-me-kwish-a ku-tengenez-a baiskeli	3SG-PERF-beenden-IND KL15-reparieren-IND KL9.Fahrrad	3SG-PRF-finish-IND CL15-repair-IND CL9.bicycle	baiskeli Kl. 9/10 (Ø/n-) → baiskeli  — Numerus nur an der Konkordanz  [Lehnwort]	baiskeli class 9/10 (Ø/n-) → baiskeli  — number shows only in the agreement  [loanword]	Kl.9: SUBJ i- · ADJ Ø/n- · GEN ya · DEM hii/ile · POSS y- · REL -yo	class 9: SUBJ i- · ADJ Ø/n- · GEN ya · DEM hii/ile · POSS y- · REL -yo	kwisha plus Infinitiv für die abgeschlossene Tat	A1 SD1 R reparieren
621	22	R	die Reparatur	1	Die Reparatur ist sehr teuer.	The repair is very expensive.	Ukarabati ni ghali sana.	ukarabati ni ghali sana	KL14.Reparatur KOP teuer sehr	CL14.repair COP expensive very	ukarabati Kl. 14 (u-), kein Numeruswechsel  [Abstraktum]	ukarabati class 14 (u-), no number change  [abstract noun]	Kl.14: SUBJ u- · ADJ m-/mw- · GEN wa · DEM huu/ule · POSS w- · REL -o	class 14: SUBJ u- · ADJ m-/mw- · GEN wa · DEM huu/ule · POSS w- · REL -o	ukarabati Kl.14 hat keinen Plural	A1 SD1 R Reparatur
622	22	R	das Restaurant, -s	0	Wir essen heute in einem Restaurant.	Today we are eating at a restaurant.	Leo tunakula kwenye mkahawa.	leo tu-na-kul-a kwenye m-kahawa	heute 1PL-PRÄS-essen-IND an KL3-Restaurant	today 1PL-PRS-eat-IND at CL3-restaurant	mkahawa Kl. 3/4 (m-/mw- › mi-) → mikahawa	mkahawa class 3/4 (m-/mw- › mi-) → mikahawa	Kl.3: SUBJ u- · ADJ m-/mw- · GEN wa · DEM huu/ule · POSS w- · REL -o	class 3: SUBJ u- · ADJ m-/mw- · GEN wa · DEM huu/ule · POSS w- · REL -o	mkahawa deckt Café und Restaurant ab	A1 SD1 R Restaurant
623	22	R	die Rezeption	0	Fragen Sie bitte im Hotel an der Rezeption.	Please ask at reception in the hotel.	Tafadhali ulizeni hotelini kwenye mapokezi.	tafadhali uliz-eni hoteli-ni kwenye ma-pokezi	bitte fragen-IMP.PL KL9.Hotel-LOK an KL6-Rezeption	please ask-IMP.PL CL9.hotel-LOC at CL6-reception	mapokezi Kl. 6 (ma-), kein Numeruswechsel  [nur Plural]	mapokezi class 6 (ma-), no number change  [plural only]	Kl.6: SUBJ ya- · ADJ ma- · GEN ya · DEM haya/yale · POSS y- · REL -yo	class 6: SUBJ ya- · ADJ ma- · GEN ya · DEM haya/yale · POSS y- · REL -yo	mapokezi ist Kl.6 und hat keinen Singular	A1 SD1 R Rezeption
624	22	R	richtig	0	Habe ich das richtig verstanden?	Have I understood that correctly?	Nimeelewa hii sawasawa?	ni-me-elew-a hii sawasawa	1SG-PERF-verstehen-IND KL9.DEM richtig	1SG-PRF-understand-IND CL9.DEM correct			Kl.9: SUBJ i- · ADJ Ø/n- · GEN ya · DEM hii/ile · POSS y- · REL -yo	class 9: SUBJ i- · ADJ Ø/n- · GEN ya · DEM hii/ile · POSS y- · REL -yo	sawasawa ist die Verdoppelung von sawa	A1 SD1 R richtig
625	22	R	richtig	0	Das ist richtig.	That is correct.	Hiyo ni sahihi.	hiyo ni sahihi	KL9.DEM KOP richtig	CL9.DEM COP correct	sahihi Kl. 9/10 (Ø/n-) → sahihi  — Numerus nur an der Konkordanz	sahihi class 9/10 (Ø/n-) → sahihi  — number shows only in the agreement	Kl.9: SUBJ i- · ADJ Ø/n- · GEN ya · DEM hii/ile · POSS y- · REL -yo	class 9: SUBJ i- · ADJ Ø/n- · GEN ya · DEM hii/ile · POSS y- · REL -yo	sahihi heißt richtig und Unterschrift	A1 SD1 R richtig
626	22	R	riechen	0	Dieser Wein riecht gut.	This wine smells good.	Mvinyo huu unanukia vizuri.	m-vinyo huu u-na-nuki-a vi-zuri	KL3-Wein KL3.DEM KL3-PRÄS-riechen-IND KL8-gut	CL3-wine CL3.DEM CL3-PRS-smell-IND CL8-good	mvinyo Kl. 3/4 (m-/mw- › mi-) → mivinyo	mvinyo class 3/4 (m-/mw- › mi-) → mivinyo	Kl.3: SUBJ u- · ADJ m-/mw- · GEN wa · DEM huu/ule · POSS w- · REL -o	class 3: SUBJ u- · ADJ m-/mw- · GEN wa · DEM huu/ule · POSS w- · REL -o	kunukia riecht gut, kunuka riecht schlecht	A1 SD1 R riechen
627	22	R	ruhig	0	Ich möchte ein ruhiges Zimmer.	I would like a quiet room.	Nataka chumba tulivu.	na-tak-a ki-umba tulivu	1SG.PRÄS.ALLG-wollen-IND KL7-Zimmer ruhig	1SG.PRS.GNRL-want-IND CL7-room quiet	chumba Kl. 7/8 (ki- › vi-) → vyumba	chumba class 7/8 (ki- › vi-) → vyumba	Kl.7: SUBJ ki- · ADJ ki- · GEN cha · DEM hiki/kile · POSS ch- · REL -cho	class 7: SUBJ ki- · ADJ ki- · GEN cha · DEM hiki/kile · POSS ch- · REL -cho	tulivu bleibt in Kl.7 ohne Präfix	A1 SD1 R ruhig
628	22	S	der Saft	0	Möchtest du einen Apfelsaft?	Would you like an apple juice?	Unataka juisi ya tofaa?	u-na-tak-a juisi y-a tofaa	2SG-PRÄS-wollen-IND KL9.Saft KL9-GEN KL5.Apfel	2SG-PRS-want-IND CL9.juice CL9-GEN CL5.apple	juisi Kl. 9/10 (Ø/n-) → juisi  — Numerus nur an der Konkordanz  [Lehnwort] · tofaa Kl. 5/6 (ji-/Ø › ma-) → matofaa	juisi class 9/10 (Ø/n-) → juisi  — number shows only in the agreement  [loanword] · tofaa class 5/6 (ji-/Ø › ma-) → matofaa	Kl.9: SUBJ i- · ADJ Ø/n- · GEN ya · DEM hii/ile · POSS y- · REL -yo · Kl.5: SUBJ li- · ADJ ji-/Ø · GEN la · DEM hili/lile · POSS l- · REL -lo	class 9: SUBJ i- · ADJ Ø/n- · GEN ya · DEM hii/ile · POSS y- · REL -yo · class 5: SUBJ li- · ADJ ji-/Ø · GEN la · DEM hili/lile · POSS l- · REL -lo	Genitiv ya nach juisi Kl.9	A1 SD1 S Saft
629	22	S	sagen	0	Sag mal, wie geht es dir denn?	Tell me, how are you then?	Niambie, habari zako?	ni-ambi-e habari z-ako	OBJ1SG-sagen-KONJ KL10.Nachricht KL10-dein	OBJ1SG-say-SBJV CL10.news CL10-your			Kl.10: SUBJ zi- · ADJ Ø/n- · GEN za · DEM hizi/zile · POSS z- · REL -zo	class 10: SUBJ zi- · ADJ Ø/n- · GEN za · DEM hizi/zile · POSS z- · REL -zo	Befinden wird mit habari erfragt	A1 SD1 S sagen
630	22	S	der Salat	0	Wie schmeckt dir der Salat?	How do you like the salad?	Saladi inakupendeza vipi?	saladi i-na-ku-pendez-a vipi	KL9.Salat KL9-PRÄS-OBJ2SG-gefallen-IND wie	CL9.salad CL9-PRS-OBJ2SG-please-IND how	saladi Kl. 9/10 (Ø/n-) → saladi  — Numerus nur an der Konkordanz  [Lehnwort]	saladi class 9/10 (Ø/n-) → saladi  — number shows only in the agreement  [loanword]	Kl.9: SUBJ i- · ADJ Ø/n- · GEN ya · DEM hii/ile · POSS y- · REL -yo	class 9: SUBJ i- · ADJ Ø/n- · GEN ya · DEM hii/ile · POSS y- · REL -yo	schmecken wird mit kupendeza ausgedrückt	A1 SD1 S Salat
631	22	S	das Salz	0	Herr Ober, kann ich bitte Salz haben?	Waiter, could I have some salt, please?	Bwana mhudumu, naweza kupata chumvi tafadhali?	bwana m-hudumu na-wez-a ku-pat-a chumvi tafadhali	KL5/KL1.Herr KL1-Kellner 1SG.PRÄS.ALLG-können-IND KL15-bekommen-IND KL9.Salz bitte	CL5/CL1.mister CL1-waiter 1SG.PRS.GNRL-can-IND CL15-get-IND CL9.salt please	bwana Kl. 5/6 (ji-/Ø › ma-) → mabwana  [Person: Form Kl. 5/6, Kongruenz Kl. 1/2] · chumvi Kl. 9/10 (Ø/n-) → chumvi  — Numerus nur an der Konkordanz	bwana class 5/6 (ji-/Ø › ma-) → mabwana  [person: form class 5/6, agreement class 1/2] · chumvi class 9/10 (Ø/n-) → chumvi  — number shows only in the agreement	Kl.1: SUBJ a- · ADJ m-/mw- · GEN wa · DEM huyu/yule · POSS w- · REL -ye · Kl.9: SUBJ i- · ADJ Ø/n- · GEN ya · DEM hii/ile · POSS y- · REL -yo	class 1: SUBJ a- · ADJ m-/mw- · GEN wa · DEM huyu/yule · POSS w- · REL -ye · class 9: SUBJ i- · ADJ Ø/n- · GEN ya · DEM hii/ile · POSS y- · REL -yo	mhudumu Kl.1, Plural wahudumu Kl.2	A1 SD1 S Salz
632	22	S	Satz, -ä, e	0	Dieser Satz ist sehr einfach.	This sentence is very simple.	Sentensi hii ni rahisi sana.	sentensi hii ni rahisi sana	KL9.Satz KL9.DEM KOP einfach sehr	CL9.sentence CL9.DEM COP easy very			Kl.9: SUBJ i- · ADJ Ø/n- · GEN ya · DEM hii/ile · POSS y- · REL -yo	class 9: SUBJ i- · ADJ Ø/n- · GEN ya · DEM hii/ile · POSS y- · REL -yo	sentensi ist Kl.9 und Kl.10 gleich	A1 SD1 S Satz
633	22	S	die S-Bahn	0	Ich nehme lieber die S-Bahn.	I would rather take the city train.	Napenda kuchukua treni ya mjini zaidi.	na-pend-a ku-chuku-a treni y-a m-ji-ni zaidi	1SG.PRÄS.ALLG-mögen-IND KL15-nehmen-IND KL9.Bahn KL9-GEN KL3-Stadt-LOK mehr	1SG.PRS.GNRL-like-IND CL15-take-IND CL9.railway CL9-GEN CL3-town-LOC more	treni Kl. 9/10 (Ø/n-) → treni  — Numerus nur an der Konkordanz  [Lehnwort]	treni class 9/10 (Ø/n-) → treni  — number shows only in the agreement  [loanword]	Kl.9: SUBJ i- · ADJ Ø/n- · GEN ya · DEM hii/ile · POSS y- · REL -yo	class 9: SUBJ i- · ADJ Ø/n- · GEN ya · DEM hii/ile · POSS y- · REL -yo	S-Bahn als treni ya mjini	A1 SD1 S S
634	22	S	der Schalter	0	Gehen Sie bitte zum Schalter drei!	Please go to counter three!	Tafadhali nendeni kwenye kaunta namba tatu!	tafadhali nend-eni kwenye kaunta namba tatu	bitte gehen-IMP.PL an KL9.Schalter KL9.Nummer drei	please go-IMP.PL at CL9.counter CL9.number three	kaunta Kl. 9/10 (Ø/n-) → kaunta  — Numerus nur an der Konkordanz  [Lehnwort] · namba Kl. 9/10 (Ø/n-) → namba  — Numerus nur an der Konkordanz  [Lehnwort]	kaunta class 9/10 (Ø/n-) → kaunta  — number shows only in the agreement  [loanword] · namba class 9/10 (Ø/n-) → namba  — number shows only in the agreement  [loanword]	Kl.9: SUBJ i- · ADJ Ø/n- · GEN ya · DEM hii/ile · POSS y- · REL -yo	class 9: SUBJ i- · ADJ Ø/n- · GEN ya · DEM hii/ile · POSS y- · REL -yo	kaunta deckt Schalter und Kasse ab	A1 SD1 S Schalter
635	22	S	scheinen	0	Die Sonne scheint.	The sun is shining.	Jua linawaka.	jua li-na-wak-a	KL5.Sonne KL5-PRÄS-leuchten-IND	CL5.sun CL5-PRS-shine-IND	jua Kl. 5/6 (ji-/Ø › ma-) → majua  [meist Singular]	jua class 5/6 (ji-/Ø › ma-) → majua  [usually singular]	Kl.5: SUBJ li- · ADJ ji-/Ø · GEN la · DEM hili/lile · POSS l- · REL -lo	class 5: SUBJ li- · ADJ ji-/Ø · GEN la · DEM hili/lile · POSS l- · REL -lo	kuwaka gilt für Sonne, Licht und Feuer	A1 SD1 S scheinen
636	22	S	schicken	0	Bitte schicken Sie mir eine E-Mail.	Please send me an email.	Tafadhali nitumieni barua pepe.	tafadhali ni-tumi-eni barua pepe	bitte OBJ1SG-schicken-IMP.PL KL9.Brief Wind	please OBJ1SG-send-IMP.PL CL9.letter wind	barua Kl. 9/10 (Ø/n-) → barua  — Numerus nur an der Konkordanz  [Numerus nur an der Konkordanz]	barua class 9/10 (Ø/n-) → barua  — number shows only in the agreement  [number shows only in the agreement]	Kl.9: SUBJ i- · ADJ Ø/n- · GEN ya · DEM hii/ile · POSS y- · REL -yo	class 9: SUBJ i- · ADJ Ø/n- · GEN ya · DEM hii/ile · POSS y- · REL -yo	Objektpräfix ni- vor dem Imperativ Plural	A1 SD1 S schicken
637	22	S	das Schild, -er	0	Haben Sie nicht das Schild gesehen?	Did you not see the sign?	Hamkuona alama?	ham-ku-on-a alama	2PL.NEG-PRÄT.NEG-sehen-IND KL9.Zeichen	2PL.NEG-PST.NEG-see-IND CL9.mark	alama Kl. 9/10 (Ø/n-) → alama  — Numerus nur an der Konkordanz	alama class 9/10 (Ø/n-) → alama  — number shows only in the agreement	Kl.9: SUBJ i- · ADJ Ø/n- · GEN ya · DEM hii/ile · POSS y- · REL -yo	class 9: SUBJ i- · ADJ Ø/n- · GEN ya · DEM hii/ile · POSS y- · REL -yo	-ku- bildet die negative Vergangenheit	A1 SD1 S Schild
638	22	S	der Schinken, –	0	Ich möchte gern ein Schinkenbrot.	I would like a ham sandwich.	Ningependa mkate na nyama ya nguruwe.	ni-nge-pend-a m-kate na nyama y-a nguruwe	1SG-IRR-mögen-IND KL3-Brot mit KL9.Fleisch KL9-GEN KL9.Schwein	1SG-IRR-like-IND CL3-bread with CL9.meat CL9-GEN CL9.pig	mkate Kl. 3/4 (m-/mw- › mi-) → mikate · nyama Kl. 9/10 (Ø/n-) → nyama  — Numerus nur an der Konkordanz	mkate class 3/4 (m-/mw- › mi-) → mikate · nyama class 9/10 (Ø/n-) → nyama  — number shows only in the agreement	Kl.3: SUBJ u- · ADJ m-/mw- · GEN wa · DEM huu/ule · POSS w- · REL -o · Kl.9: SUBJ i- · ADJ Ø/n- · GEN ya · DEM hii/ile · POSS y- · REL -yo	class 3: SUBJ u- · ADJ m-/mw- · GEN wa · DEM huu/ule · POSS w- · REL -o · class 9: SUBJ i- · ADJ Ø/n- · GEN ya · DEM hii/ile · POSS y- · REL -yo	Schinken als nyama ya nguruwe	A1 SD1 S Schinken
639	22	S	schlafen	0	Ich schlafe meistens acht Stunden.	I usually sleep eight hours.	Nalala saa nane kwa kawaida.	na-lal-a saa nane kwa kawaida	1SG.PRÄS.ALLG-schlafen-IND KL9.Stunde acht für KL9.Gewohnheit	1SG.PRS.GNRL-sleep-IND CL9.hour eight for CL9.habit	"saa Kl. 9/10 (Ø/n-) → saa  — Numerus nur an der Konkordanz  [auch ""Uhr""]"	"saa class 9/10 (Ø/n-) → saa  — number shows only in the agreement  [also ""clock""]"	Kl.9: SUBJ i- · ADJ Ø/n- · GEN ya · DEM hii/ile · POSS y- · REL -yo	class 9: SUBJ i- · ADJ Ø/n- · GEN ya · DEM hii/ile · POSS y- · REL -yo	kwa kawaida heißt gewöhnlich, meistens	A1 SD1 S schlafen
640	22	S	schlecht	0	Mir ist schlecht!	I feel sick!	Nahisi vibaya!	na-hisi vi-baya	1SG.PRÄS.ALLG-fühlen KL8-schlecht	1SG.PRS.GNRL-feel CL8-bad			Kl.8: SUBJ vi- · ADJ vi- · GEN vya · DEM hivi/vile · POSS vy- · REL -vyo	class 8: SUBJ vi- · ADJ vi- · GEN vya · DEM hivi/vile · POSS vy- · REL -vyo	vibaya ist das Adverb mit Kl.8-Präfix	A1 SD1 S schlecht
641	22	S	schlecht	0	Sie sehen schlecht aus.	You look unwell.	Mnaonekana vibaya.	m-na-onekan-a vi-baya	2PL-PRÄS-aussehen-IND KL8-schlecht	2PL-PRS-look-IND CL8-bad			Kl.8: SUBJ vi- · ADJ vi- · GEN vya · DEM hivi/vile · POSS vy- · REL -vyo	class 8: SUBJ vi- · ADJ vi- · GEN vya · DEM hivi/vile · POSS vy- · REL -vyo	kuonekana ist der Stativ zu kuona	A1 SD1 S schlecht
642	22	S	schlecht	0	Wir haben schlechtes Wetter.	We are having bad weather.	Tuna hali ya hewa mbaya.	tu-na hali y-a hewa m-baya	1PL-haben KL9.Lage KL9-GEN KL9.Luft KL9-schlecht	1PL-have CL9.state CL9-GEN CL9.air CL9-bad	hali ya hewa Kl. 9 (Ø/n-), kein Numeruswechsel  [Genitivfuegung, kein Plural]	hali ya hewa class 9 (Ø/n-), no number change  [genitive construction, no plural]	Kl.9: SUBJ i- · ADJ Ø/n- · GEN ya · DEM hii/ile · POSS y- · REL -yo	class 9: SUBJ i- · ADJ Ø/n- · GEN ya · DEM hii/ile · POSS y- · REL -yo	"Wetter als hali ya hewa, ""Zustand der Luft"""	A1 SD1 S schlecht
643	22	S	schließen	0	Bitte, schließen Sie die Tür.	Please close the door.	Tafadhali, fungeni mlango.	tafadhali fung-eni m-lango	bitte schließen-IMP.PL KL3-Tür	please close-IMP.PL CL3-door			Kl.3: SUBJ u- · ADJ m-/mw- · GEN wa · DEM huu/ule · POSS w- · REL -o	class 3: SUBJ u- · ADJ m-/mw- · GEN wa · DEM huu/ule · POSS w- · REL -o	kufunga schließt, kufungua öffnet	A1 SD1 S schließen
644	22	S	geschlossen	1	Die Bank hat am Samstag geschlossen.	The bank is closed on Saturdays.	Benki imefungwa Jumamosi.	benki i-me-fung-w-a Jumamosi	KL9.Bank KL9-PERF-schließen-PASS-IND KL9.Samstag	CL9.bank CL9-PRF-close-PASS-IND CL9.Saturday	"benki Kl. 9/10 (Ø/n-) → benki  — Numerus nur an der Konkordanz  [Geldinstitut; Sitzbank = ""benchi""]"	"benki class 9/10 (Ø/n-) → benki  — number shows only in the agreement  [financial institution; bench = ""benchi""]"	Kl.9: SUBJ i- · ADJ Ø/n- · GEN ya · DEM hii/ile · POSS y- · REL -yo	class 9: SUBJ i- · ADJ Ø/n- · GEN ya · DEM hii/ile · POSS y- · REL -yo	Passiv Perfekt für den Zustand	A1 SD1 S geschlossen
645	22	S	der Schluss	0	Ich muss jetzt Schluss machen.	I have to finish now.	Sasa lazima nimalize.	sasa lazima ni-maliz-e	jetzt muss 1SG-beenden-KONJ	now must 1SG-finish-SBJV					kumaliza heißt beenden und fertig werden	A1 SD1 S Schluss
646	22	S	der Schluss	0	Zum Schluss gibt er uns allen die Hand.	At the end he shakes hands with us all.	Mwishoni anatupa mkono sote.	mwisho-ni a-na-tu-p-a m-kono s-ote	KL3.Ende-LOK 3SG-PRÄS-OBJ1PL-geben-IND KL3-Hand 1PL-alle	CL3.end-LOC 3SG-PRS-OBJ1PL-give-IND CL3-hand 1PL-all	mkono Kl. 3/4 (m-/mw- › mi-) → mikono	mkono class 3/4 (m-/mw- › mi-) → mikono	Kl.3: SUBJ u- · ADJ m-/mw- · GEN wa · DEM huu/ule · POSS w- · REL -o	class 3: SUBJ u- · ADJ m-/mw- · GEN wa · DEM huu/ule · POSS w- · REL -o	sote ist die 1PL-Form von -ote	A1 SD1 S Schluss
647	22	S	der Schlüssel, –	0	Ich gebe Ihnen noch den Zimmerschlüssel.	I will also give you the room key.	Nakupa ufunguo wa chumba bado.	na-ku-p-a ufunguo w-a ki-umba bado	1SG.PRÄS.ALLG-OBJ2SG-geben-IND KL11.Schlüssel KL11-GEN KL7-Zimmer noch	1SG.PRS.GNRL-OBJ2SG-give-IND CL11.key CL11-GEN CL7-room still	ufunguo Kl. 11/10 (u- › Ø/n-) → funguo · chumba Kl. 7/8 (ki- › vi-) → vyumba	ufunguo class 11/10 (u- › Ø/n-) → funguo · chumba class 7/8 (ki- › vi-) → vyumba	Kl.11: SUBJ u- · ADJ m-/mw- · GEN wa · DEM huu/ule · POSS w- · REL -o · Kl.7: SUBJ ki- · ADJ ki- · GEN cha · DEM hiki/kile · POSS ch- · REL -cho	class 11: SUBJ u- · ADJ m-/mw- · GEN wa · DEM huu/ule · POSS w- · REL -o · class 7: SUBJ ki- · ADJ ki- · GEN cha · DEM hiki/kile · POSS ch- · REL -cho	ufunguo Kl.11 nimmt den Genitiv wa	A1 SD1 S Schlüssel
648	22	S	schmecken	0	Schmeckt das gut?	Does that taste good?	Hii inapendeza?	hii i-na-pendez-a	KL9.DEM KL9-PRÄS-gefallen-IND	CL9.DEM CL9-PRS-please-IND			Kl.9: SUBJ i- · ADJ Ø/n- · GEN ya · DEM hii/ile · POSS y- · REL -yo	class 9: SUBJ i- · ADJ Ø/n- · GEN ya · DEM hii/ile · POSS y- · REL -yo	kupendeza gilt für Geschmack und Gefallen	A1 SD1 S schmecken
649	22	S	schnell	0	Er fährt schnell.	He drives fast.	Anaendesha kwa kasi.	a-na-endesh-a kwa kasi	3SG-PRÄS-fahren-IND mit KL9.Geschwindigkeit	3SG-PRS-drive-IND with CL9.speed			Kl.9: SUBJ i- · ADJ Ø/n- · GEN ya · DEM hii/ile · POSS y- · REL -yo	class 9: SUBJ i- · ADJ Ø/n- · GEN ya · DEM hii/ile · POSS y- · REL -yo	"schnell = kwa kasi, ""mit Geschwindigkeit"""	A1 SD1 S schnell
650	22	S	schon	0	Ist das Essen schon fertig?	Is the food ready yet?	Chakula ni tayari?	chakula ni tayari	KL7.Essen KOP fertig	CL7.food COP ready	chakula Kl. 7/8 (ki- › vi-) → vyakula	chakula class 7/8 (ki- › vi-) → vyakula	Kl.7: SUBJ ki- · ADJ ki- · GEN cha · DEM hiki/kile · POSS ch- · REL -cho	class 7: SUBJ ki- · ADJ ki- · GEN cha · DEM hiki/kile · POSS ch- · REL -cho	tayari heißt schon und fertig	A1 SD1 S schon
651	22	S	schön	0	Schönen Urlaub!	Have a nice holiday!	Likizo njema!	likizo n-jema	KL9.Urlaub KL9-gut	CL9.holiday CL9-good	likizo Kl. 9/10 (Ø/n-) → likizo  — Numerus nur an der Konkordanz	likizo class 9/10 (Ø/n-) → likizo  — number shows only in the agreement	Kl.9: SUBJ i- · ADJ Ø/n- · GEN ya · DEM hii/ile · POSS y- · REL -yo	class 9: SUBJ i- · ADJ Ø/n- · GEN ya · DEM hii/ile · POSS y- · REL -yo	njema mit Nasalpräfix der Kl.9	A1 SD1 S schön
652	22	S	schön	0	Das ist sehr schön.	That is very nice.	Hiyo ni nzuri sana.	hiyo ni n-zuri sana	KL9.DEM KOP KL9-schön sehr	CL9.DEM COP CL9-beautiful very			Kl.9: SUBJ i- · ADJ Ø/n- · GEN ya · DEM hii/ile · POSS y- · REL -yo	class 9: SUBJ i- · ADJ Ø/n- · GEN ya · DEM hii/ile · POSS y- · REL -yo	nzuri deckt schön und gut ab	A1 SD1 S schön
653	22	S	der Schrank, -ä, e	0	Die Gläser stehen im Schrank.	The glasses are in the cupboard.	Glasi ziko kwenye kabati.	glasi zi-ko kwenye kabati	KL10.Glas KL10-sein.da an KL5.Schrank	CL10.glass CL10-be.there at CL5.cupboard	glasi Kl. 9/10 (Ø/n-) → glasi  — Numerus nur an der Konkordanz  [Lehnwort] · kabati Kl. 5/6 (ji-/Ø › ma-) → makabati	glasi class 9/10 (Ø/n-) → glasi  — number shows only in the agreement  [loanword] · kabati class 5/6 (ji-/Ø › ma-) → makabati	Kl.9: SUBJ i- · ADJ Ø/n- · GEN ya · DEM hii/ile · POSS y- · REL -yo · Kl.5: SUBJ li- · ADJ ji-/Ø · GEN la · DEM hili/lile · POSS l- · REL -lo	class 9: SUBJ i- · ADJ Ø/n- · GEN ya · DEM hii/ile · POSS y- · REL -yo · class 5: SUBJ li- · ADJ ji-/Ø · GEN la · DEM hili/lile · POSS l- · REL -lo	ziko ist das Subjektpräfix der Kl.10 plus -ko	A1 SD1 S Schrank
654	22	S	schreiben	0	Er schreibt jeden Tag fünfzig E-Mails.	He writes fifty emails every day.	Anaandika barua pepe hamsini kila siku.	a-na-andik-a barua pepe hamsini kila siku	3SG-PRÄS-schreiben-IND KL9.Brief Wind fünfzig jede KL9.Tag	3SG-PRS-write-IND CL9.letter wind fifty every CL9.day	barua Kl. 9/10 (Ø/n-) → barua  — Numerus nur an der Konkordanz  [Numerus nur an der Konkordanz] · siku ya kuzaliwa Kl. 9/10 (Ø/n-) → siku za kuzaliwa  [Genitiv kongruiert mit dem Kopfnomen]	barua class 9/10 (Ø/n-) → barua  — number shows only in the agreement  [number shows only in the agreement] · siku ya kuzaliwa class 9/10 (Ø/n-) → siku za kuzaliwa  [genitive agrees with the head noun]	Kl.9: SUBJ i- · ADJ Ø/n- · GEN ya · DEM hii/ile · POSS y- · REL -yo	class 9: SUBJ i- · ADJ Ø/n- · GEN ya · DEM hii/ile · POSS y- · REL -yo	barua pepe bleibt im Plural gleich	A1 SD1 S schreiben
655	23	S	der Schuh, -e	0	Zieh die Schuhe aus!	Take your shoes off!	Vua viatu!	vu-a vi-atu	ausziehen-IMP KL8-Schuh	take.off-IMP CL8-shoe	kiatu Kl. 7/8 (ki- › vi-) → viatu	kiatu class 7/8 (ki- › vi-) → viatu	Kl.7: SUBJ ki- · ADJ ki- · GEN cha · DEM hiki/kile · POSS ch- · REL -cho	class 7: SUBJ ki- · ADJ ki- · GEN cha · DEM hiki/kile · POSS ch- · REL -cho	kuvua zieht aus, kuvaa zieht an	A1 SD1 S Schuh
656	23	S	die Schule	0	Meine Tochter geht schon in die Schule.	My daughter already goes to school.	Binti yangu anaenda shule tayari.	binti y-angu a-na-end-a shule tayari	KL5/KL1.Tochter KL9-mein 3SG-PRÄS-gehen-IND KL9.Schule schon	CL5/CL1.daughter CL9-my 3SG-PRS-go-IND CL9.school already	binti Kl. 5/6 (ji-/Ø › ma-) → mabinti  [Person: Form Kl. 5/6, Kongruenz Kl. 1/2] · shule Kl. 9/10 (Ø/n-) → shule  — Numerus nur an der Konkordanz	binti class 5/6 (ji-/Ø › ma-) → mabinti  [person: form class 5/6, agreement class 1/2] · shule class 9/10 (Ø/n-) → shule  — number shows only in the agreement	Kl.1: SUBJ a- · ADJ m-/mw- · GEN wa · DEM huyu/yule · POSS w- · REL -ye · Kl.9: SUBJ i- · ADJ Ø/n- · GEN ya · DEM hii/ile · POSS y- · REL -yo	class 1: SUBJ a- · ADJ m-/mw- · GEN wa · DEM huyu/yule · POSS w- · REL -ye · class 9: SUBJ i- · ADJ Ø/n- · GEN ya · DEM hii/ile · POSS y- · REL -yo	binti nimmt yangu Kl.9, kongruiert als Person	A1 SD1 S Schule
657	23	S	die Schule	0	Die Schule ist gleich hier um die Ecke.	The school is just here round the corner.	Shule iko hapa kwenye kona.	shule i-ko hapa kwenye kona	KL9.Schule KL9-sein.da hier an KL9.Ecke	CL9.school CL9-be.there here at CL9.corner	shule Kl. 9/10 (Ø/n-) → shule  — Numerus nur an der Konkordanz · kona Kl. 9/10 (Ø/n-) → kona  — Numerus nur an der Konkordanz  [Lehnwort]	shule class 9/10 (Ø/n-) → shule  — number shows only in the agreement · kona class 9/10 (Ø/n-) → kona  — number shows only in the agreement  [loanword]	Kl.9: SUBJ i- · ADJ Ø/n- · GEN ya · DEM hii/ile · POSS y- · REL -yo	class 9: SUBJ i- · ADJ Ø/n- · GEN ya · DEM hii/ile · POSS y- · REL -yo	iko gibt die Lage an	A1 SD1 S Schule
658	23	S	der Schüler, –	1	In meinem Kurs sind acht Schülerinnen und fünf Schüler.	There are eight female and five male pupils in my class.	Katika kozi yangu kuna wanafunzi wanawake nane na wanaume watano.	katika kozi y-angu ku-na wanafunzi wanawake nane na wanaume wa-tano	in KL9.Kurs KL9-mein KL17-mit KL2.Schüler KL2.Frau acht und KL2.Mann KL2-fünf	in CL9.course CL9-my CL17-with CL2.pupil CL2.woman eight and CL2.man CL2-five	kozi Kl. 9/10 (Ø/n-) → kozi  — Numerus nur an der Konkordanz  [Lehnwort] · mwanafunzi Kl. 1/2 (m-/mw- › wa-) → wanafunzi · mwanamke Kl. 1/2 (m-/mw- › wa-) → wanawake · mwanamume Kl. 1/2 (m-/mw- › wa-) → wanaume	kozi class 9/10 (Ø/n-) → kozi  — number shows only in the agreement  [loanword] · mwanafunzi class 1/2 (m-/mw- › wa-) → wanafunzi · mwanamke class 1/2 (m-/mw- › wa-) → wanawake · mwanamume class 1/2 (m-/mw- › wa-) → wanaume	Kl.9: SUBJ i- · ADJ Ø/n- · GEN ya · DEM hii/ile · POSS y- · REL -yo · Kl.1: SUBJ a- · ADJ m-/mw- · GEN wa · DEM huyu/yule · POSS w- · REL -ye	class 9: SUBJ i- · ADJ Ø/n- · GEN ya · DEM hii/ile · POSS y- · REL -yo · class 1: SUBJ a- · ADJ m-/mw- · GEN wa · DEM huyu/yule · POSS w- · REL -ye	Geschlecht nachgestellt, Zahl mit Kl.2-Präfix	A1 SD1 S Schüler
659	23	S	schwer	0	Ist Ihr Gepäck sehr schwer?	Is your luggage very heavy?	Mizigo yenu ni mizito sana?	mi-zigo y-enu ni mi-zito sana	KL4-Gepäck KL4-euer KOP KL4-schwer sehr	CL4-luggage CL4-your COP CL4-heavy very	"mzigo Kl. 3/4 (m-/mw- › mi-) → mizigo  [meist Plural ""mizigo""]"	"mzigo class 3/4 (m-/mw- › mi-) → mizigo  [usually plural ""mizigo""]"	Kl.3: SUBJ u- · ADJ m-/mw- · GEN wa · DEM huu/ule · POSS w- · REL -o	class 3: SUBJ u- · ADJ m-/mw- · GEN wa · DEM huu/ule · POSS w- · REL -o	Dreifache Kl.4-Kongruenz: yenu, mizito, mizigo	A1 SD1 S schwer
660	23	S	schwer	0	Das ist eine schwere Arbeit.	That is hard work.	Hii ni kazi ngumu.	hii ni kazi n-gumu	KL9.DEM KOP KL9.Arbeit KL9-schwer	CL9.DEM COP CL9.work CL9-heavy	kazi Kl. 9/10 (Ø/n-) → kazi  — Numerus nur an der Konkordanz	kazi class 9/10 (Ø/n-) → kazi  — number shows only in the agreement	Kl.9: SUBJ i- · ADJ Ø/n- · GEN ya · DEM hii/ile · POSS y- · REL -yo	class 9: SUBJ i- · ADJ Ø/n- · GEN ya · DEM hii/ile · POSS y- · REL -yo	ngumu für schwierig, mzito für gewichtig	A1 SD1 S schwer
661	23	S	die Schwester, -n	0	Meine Schwester kommt am Dienstag.	My sister is coming on Tuesday.	Dada yangu anakuja Jumanne.	dada y-angu a-na-kuj-a Jumanne	KL9/KL1.Schwester KL9-mein 3SG-PRÄS-kommen-IND KL9.Dienstag	CL9/CL1.sister CL9-my 3SG-PRS-come-IND CL9.Tuesday	dada Kl. 9/10 (Ø/n-) → dada  — Numerus nur an der Konkordanz  [Person: Form Kl. 9/10, Kongruenz Kl. 1/2]	dada class 9/10 (Ø/n-) → dada  — number shows only in the agreement  [person: form class 9/10, agreement class 1/2]	Kl.1: SUBJ a- · ADJ m-/mw- · GEN wa · DEM huyu/yule · POSS w- · REL -ye	class 1: SUBJ a- · ADJ m-/mw- · GEN wa · DEM huyu/yule · POSS w- · REL -ye	"Jumanne heißt wörtlich ""vierter Tag"""	A1 SD1 S Schwester
662	23	S	schwimmen	0	Ich schwimme jeden Tag einen Kilometer.	I swim a kilometre every day.	Naogelea kilomita moja kila siku.	na-ogele-a kilomita moja kila siku	1SG.PRÄS.ALLG-schwimmen-IND KL9.Kilometer eins jede KL9.Tag	1SG.PRS.GNRL-swim-IND CL9.kilometre one every CL9.day	siku ya kuzaliwa Kl. 9/10 (Ø/n-) → siku za kuzaliwa  [Genitiv kongruiert mit dem Kopfnomen]	siku ya kuzaliwa class 9/10 (Ø/n-) → siku za kuzaliwa  [genitive agrees with the head noun]	Kl.9: SUBJ i- · ADJ Ø/n- · GEN ya · DEM hii/ile · POSS y- · REL -yo	class 9: SUBJ i- · ADJ Ø/n- · GEN ya · DEM hii/ile · POSS y- · REL -yo	kila verlangt den Singular	A1 SD1 S schwimmen
663	23	S	das Schwimmbad	1	Kommst du mit ins Schwimmbad?	Are you coming to the swimming pool?	Unakuja pamoja bwawani la kuogelea?	u-na-kuj-a pamoja bwawa-ni l-a ku-ogele-a	2SG-PRÄS-kommen-IND zusammen KL5.Becken-LOK KL5-GEN KL15-schwimmen-IND	2SG-PRS-come-IND together CL5.pool-LOC CL5-GEN CL15-swim-IND			Kl.5: SUBJ li- · ADJ ji-/Ø · GEN la · DEM hili/lile · POSS l- · REL -lo · Kl.15: SUBJ ku- · ADJ ku- · GEN kwa · DEM huku/kule · POSS kw- · REL -ko	class 5: SUBJ li- · ADJ ji-/Ø · GEN la · DEM hili/lile · POSS l- · REL -lo · class 15: SUBJ ku- · ADJ ku- · GEN kwa · DEM huku/kule · POSS kw- · REL -ko	Schwimmbad als bwawa la kuogelea	A1 SD1 S Schwimmbad
664	23	S	der See	0	Komm, wir fahren zum Starnberger See.	Come on, let us drive to Lake Starnberg.	Njoo, tunasafiri hadi ziwa la Starnberg.	njoo tu-na-safiri hadi ziwa l-a Starnberg	komm 1PL-PRÄS-reisen bis KL5.See KL5-GEN Starnberg	come 1PL-PRS-travel until CL5.lake CL5-GEN Starnberg	ziwa Kl. 5/6 (ji-/Ø › ma-) → maziwa	ziwa class 5/6 (ji-/Ø › ma-) → maziwa	Kl.5: SUBJ li- · ADJ ji-/Ø · GEN la · DEM hili/lile · POSS l- · REL -lo	class 5: SUBJ li- · ADJ ji-/Ø · GEN la · DEM hili/lile · POSS l- · REL -lo	ziwa Kl.5, Plural maziwa Kl.6	A1 SD1 S See
665	23	S	sehen	0	Ich kann dich nicht sehen.	I cannot see you.	Siwezi kukuona.	si-wez-i ku-ku-on-a	1SG.NEG-können-NEG KL15-OBJ2SG-sehen-IND	1SG.NEG-can-NEG CL15-OBJ2SG-see-IND			Kl.15: SUBJ ku- · ADJ ku- · GEN kwa · DEM huku/kule · POSS kw- · REL -ko	class 15: SUBJ ku- · ADJ ku- · GEN kwa · DEM huku/kule · POSS kw- · REL -ko	Objektpräfix -ku- zwischen ku- und Wurzel	A1 SD1 S sehen
666	23	S	sehen	0	Ich habe diesen Jungen schon einmal gesehen.	I have seen this boy before.	Nimekwisha kumwona mvulana huyu mara moja.	ni-me-kwish-a ku-mw-on-a m-vulana huyu mara moja	1SG-PERF-beenden-IND KL15-OBJ1-sehen-IND KL1-Junge KL1.DEM KL9.Mal eins	1SG-PRF-finish-IND CL15-OBJ1-see-IND CL1-boy CL1.DEM CL9.time one	mvulana Kl. 1/2 (m-/mw- › wa-) → wavulana	mvulana class 1/2 (m-/mw- › wa-) → wavulana	Kl.1: SUBJ a- · ADJ m-/mw- · GEN wa · DEM huyu/yule · POSS w- · REL -ye	class 1: SUBJ a- · ADJ m-/mw- · GEN wa · DEM huyu/yule · POSS w- · REL -ye	Objektpräfix -m- wird vor Vokal zu -mw-	A1 SD1 S sehen
667	23	S	die Sehenswürdigkeit, -en	0	Welche Sehenswürdigkeiten gibt es in Frankfurt?	What sights are there in Frankfurt?	Vivutio vipi vipo Frankfurt?	vi-vutio vipi vi-po Frankfurt	KL8-Sehenswürdigkeit KL8.welche KL8-sein.da Frankfurt	CL8-sight CL8.which CL8-be.there Frankfurt	kivutio Kl. 7/8 (ki- › vi-) → vivutio	kivutio class 7/8 (ki- › vi-) → vivutio	Kl.7: SUBJ ki- · ADJ ki- · GEN cha · DEM hiki/kile · POSS ch- · REL -cho	class 7: SUBJ ki- · ADJ ki- · GEN cha · DEM hiki/kile · POSS ch- · REL -cho	Dreifache Kl.8-Kongruenz: vivutio, vipi, vipo	A1 SD1 S Sehenswürdigkeit
668	23	S	sehr	0	Danke sehr!	Many thanks!	Asante sana!	asante sana	danke sehr	thanks very					sana verstärkt stets das Vorangehende	A1 SD1 S sehr
669	23	S	sehr	0	Das ist sehr schwer.	That is very difficult.	Hiyo ni ngumu sana.	hiyo ni n-gumu sana	KL9.DEM KOP KL9-schwer sehr	CL9.DEM COP CL9-heavy very			Kl.9: SUBJ i- · ADJ Ø/n- · GEN ya · DEM hii/ile · POSS y- · REL -yo	class 9: SUBJ i- · ADJ Ø/n- · GEN ya · DEM hii/ile · POSS y- · REL -yo	ngumu mit Nasalpräfix der Kl.9	A1 SD1 S sehr
670	23	S	sein	0	Herr Müller ist in seinem Zimmer.	Mr Müller is in his room.	Bwana Müller yuko kwenye chumba chake.	bwana Müller yu-ko kwenye ki-umba ch-ake	KL5/KL1.Herr Müller 3SG-sein.da an KL7-Zimmer KL7-sein	CL5/CL1.mister Müller 3SG-be.there at CL7-room CL7-be	bwana Kl. 5/6 (ji-/Ø › ma-) → mabwana  [Person: Form Kl. 5/6, Kongruenz Kl. 1/2] · chumba Kl. 7/8 (ki- › vi-) → vyumba	bwana class 5/6 (ji-/Ø › ma-) → mabwana  [person: form class 5/6, agreement class 1/2] · chumba class 7/8 (ki- › vi-) → vyumba	Kl.1: SUBJ a- · ADJ m-/mw- · GEN wa · DEM huyu/yule · POSS w- · REL -ye · Kl.7: SUBJ ki- · ADJ ki- · GEN cha · DEM hiki/kile · POSS ch- · REL -cho	class 1: SUBJ a- · ADJ m-/mw- · GEN wa · DEM huyu/yule · POSS w- · REL -ye · class 7: SUBJ ki- · ADJ ki- · GEN cha · DEM hiki/kile · POSS ch- · REL -cho	yuko für Personen, chake für das Zimmer Kl.7	A1 SD1 S sein
671	23	S	sein	0	Mir ist kalt.	I am cold.	Ninahisi baridi.	ni-na-hisi baridi	1SG-PRÄS-fühlen KL9.Kälte	1SG-PRS-feel CL9.cold			Kl.9: SUBJ i- · ADJ Ø/n- · GEN ya · DEM hii/ile · POSS y- · REL -yo	class 9: SUBJ i- · ADJ Ø/n- · GEN ya · DEM hii/ile · POSS y- · REL -yo	Kälte fühlen statt kalt sein	A1 SD1 S sein
672	23	S	sein	0	Ich bin dreiundzwanzig.	I am twenty-three.	Nina miaka ishirini na tatu.	ni-na mi-aka ishirini na tatu	1SG-haben KL4-Jahr zwanzig und drei	1SG-have CL4-year twenty and three	mwaka wa kuzaliwa Kl. 3/4 (m-/mw- › mi-) → miaka ya kuzaliwa  [Genitiv kongruiert mit dem Kopfnomen]	mwaka wa kuzaliwa class 3/4 (m-/mw- › mi-) → miaka ya kuzaliwa  [genitive agrees with the head noun]	Kl.3: SUBJ u- · ADJ m-/mw- · GEN wa · DEM huu/ule · POSS w- · REL -o	class 3: SUBJ u- · ADJ m-/mw- · GEN wa · DEM huu/ule · POSS w- · REL -o	dreiundzwanzig = ishirini na tatu	A1 SD1 S sein
673	23	S	an sein	1	Das Licht ist noch an.	The light is still on.	Taa ingali imewashwa.	taa i-ngali i-me-wash-w-a	KL9.Lampe KL9-noch.sein KL9-PERF-anmachen-PASS-IND	CL9.lamp CL9-still.be CL9-PRF-switch.on-PASS-IND			Kl.9: SUBJ i- · ADJ Ø/n- · GEN ya · DEM hii/ile · POSS y- · REL -yo	class 9: SUBJ i- · ADJ Ø/n- · GEN ya · DEM hii/ile · POSS y- · REL -yo	"ingali plus Perfekt heißt ""ist noch"""	A1 SD1 S an_sein
674	23	S	auf sein	1	Das Fenster ist noch auf.	The window is still open.	Dirisha lingali limefunguliwa.	dirisha li-ngali li-me-fungu-liw-a	KL5.Fenster KL5-noch.sein KL5-PERF-öffnen-PASS-IND	CL5.window CL5-still.be CL5-PRF-open-PASS-IND			Kl.5: SUBJ li- · ADJ ji-/Ø · GEN la · DEM hili/lile · POSS l- · REL -lo	class 5: SUBJ li- · ADJ ji-/Ø · GEN la · DEM hili/lile · POSS l- · REL -lo	Zweifache Kl.5-Kongruenz: lingali und limefunguliwa	A1 SD1 S auf_sein
675	23	S	weg sein	1	Herr Meier ist schon weg.	Mr Meier has already left.	Bwana Meier amekwisha kwenda.	bwana Meier a-me-kwish-a kw-end-a	KL5/KL1.Herr Meier 3SG-PERF-beenden-IND KL15-gehen-IND	CL5/CL1.mister Meier 3SG-PRF-finish-IND CL15-go-IND	bwana Kl. 5/6 (ji-/Ø › ma-) → mabwana  [Person: Form Kl. 5/6, Kongruenz Kl. 1/2]	bwana class 5/6 (ji-/Ø › ma-) → mabwana  [person: form class 5/6, agreement class 1/2]	Kl.1: SUBJ a- · ADJ m-/mw- · GEN wa · DEM huyu/yule · POSS w- · REL -ye	class 1: SUBJ a- · ADJ m-/mw- · GEN wa · DEM huyu/yule · POSS w- · REL -ye	"weg sein wird als ""schon gegangen"" ausgedrückt"	A1 SD1 S weg_sein
676	23	S	zu sein	1	Die Tür ist zu.	The door is shut.	Mlango umefungwa.	m-lango u-me-fung-w-a	KL3-Tür KL3-PERF-schließen-PASS-IND	CL3-door CL3-PRF-close-PASS-IND			Kl.3: SUBJ u- · ADJ m-/mw- · GEN wa · DEM huu/ule · POSS w- · REL -o	class 3: SUBJ u- · ADJ m-/mw- · GEN wa · DEM huu/ule · POSS w- · REL -o	Passiv Perfekt für den erreichten Zustand	A1 SD1 S zu_sein
677	23	S	seit	0	Ich wohne seit drei Jahren in Köln.	I have lived in Cologne for three years.	Nakaa Köln tangu miaka mitatu.	na-ka-a Köln tangu mi-aka mi-tatu	1SG.PRÄS.ALLG-wohnen-IND Köln seit KL4-Jahr KL4-drei	1SG.PRS.GNRL-live-IND Cologne since CL4-year CL4-three	mwaka wa kuzaliwa Kl. 3/4 (m-/mw- › mi-) → miaka ya kuzaliwa  [Genitiv kongruiert mit dem Kopfnomen]	mwaka wa kuzaliwa class 3/4 (m-/mw- › mi-) → miaka ya kuzaliwa  [genitive agrees with the head noun]	Kl.3: SUBJ u- · ADJ m-/mw- · GEN wa · DEM huu/ule · POSS w- · REL -o	class 3: SUBJ u- · ADJ m-/mw- · GEN wa · DEM huu/ule · POSS w- · REL -o	Zahlwort mitatu trägt das Kl.4-Präfix	A1 SD1 S seit
678	23	S	selbstständig	0	Er ist selbstständig.	He is self-employed.	Anajitegemea.	a-na-ji-tegeme-a	3SG-PRÄS-REFL-verlassen-IND	3SG-PRS-REFL-rely-IND					Reflexiv -ji-: sich auf sich selbst stützen	A1 SD1 S selbstständig
679	23	S	sich	0	Sie müssen sich erst anmelden.	You have to register first.	Kwanza lazima mjiandikishe.	kwanza lazima m-ji-andikish-e	zuerst muss 2PL-REFL-einschreiben-KONJ	first must 2PL-REFL-register-SBJV					Reflexiv -ji- ersetzt das deutsche sich	A1 SD1 S sich
680	23	S	sie	0	Wie heißt sie?	What is her name?	Anaitwa nani?	a-na-it-w-a nani	3SG-PRÄS-nennen-PASS-IND wer	3SG-PRS-call-PASS-IND who					Swahili unterscheidet nicht er und sie	A1 SD1 S sie
681	23	S	Sie	0	Wie heißen Sie, bitte?	What is your name, please?	Mnaitwa nani, tafadhali?	m-na-it-w-a nani tafadhali	2PL-PRÄS-nennen-PASS-IND wer bitte	2PL-PRS-call-PASS-IND who please					Höfliches Sie wird 2PL	A1 SD1 S Sie
682	23	S	sitzen	0	Wo sitzen Sie?	Where are you sitting?	Mnakaa wapi?	m-na-ka-a wapi	2PL-PRÄS-sitzen-IND wo	2PL-PRS-sit-IND where					kukaa heißt sitzen, wohnen und bleiben	A1 SD1 S sitzen
683	23	S	so	0	Sie müssen das so machen!	You have to do it like this!	Lazima mfanye hivi!	lazima m-fany-e hivi	muss 2PL-tun-KONJ so	must 2PL-do-SBJV so					hivi zeigt auf die Art und Weise	A1 SD1 S so
684	23	S	so	0	Fahren Sie bitte nicht so schnell!	Please do not drive so fast!	Tafadhali msiendeshe kwa kasi hivyo!	tafadhali m-si-endesh-e kwa kasi hivyo	bitte 2PL-NEG-fahren-KONJ mit KL9.Geschwindigkeit so	please 2PL-NEG-drive-SBJV with CL9.speed so			Kl.9: SUBJ i- · ADJ Ø/n- · GEN ya · DEM hii/ile · POSS y- · REL -yo	class 9: SUBJ i- · ADJ Ø/n- · GEN ya · DEM hii/ile · POSS y- · REL -yo	Verbot mit -si- und Konjunktiv	A1 SD1 S so
685	23	S	so	0	Meine Frau ist so groß wie ich.	My wife is as tall as I am.	Mke wangu ni mrefu kama mimi.	mke w-angu ni m-refu kama mimi	KL1.Ehefrau KL1-mein KOP KL1-groß wie ich	CL1.wife CL1-my COP CL1-big how I	"mke Kl. 1/2 (m-/mw- › wa-) → wake  [Ehemann = ""mume"" Kl. 1/2]"	"mke class 1/2 (m-/mw- › wa-) → wake  [husband = ""mume"" class 1/2]"	Kl.1: SUBJ a- · ADJ m-/mw- · GEN wa · DEM huyu/yule · POSS w- · REL -ye	class 1: SUBJ a- · ADJ m-/mw- · GEN wa · DEM huyu/yule · POSS w- · REL -ye	kama bildet den Gleichheitsvergleich	A1 SD1 S so
686	23	S	so	0	So, das war‘s/wär‘s!	Well, that is that!	Basi, hiyo ni yote!	basi hiyo ni y-ote	also KL9.DEM KOP KL9-alle	so CL9.DEM COP CL9-all	basi Kl. 5/6 (ji-/Ø › ma-) → mabasi	basi class 5/6 (ji-/Ø › ma-) → mabasi	Kl.5: SUBJ li- · ADJ ji-/Ø · GEN la · DEM hili/lile · POSS l- · REL -lo	class 5: SUBJ li- · ADJ ji-/Ø · GEN la · DEM hili/lile · POSS l- · REL -lo	yote kongruiert mit hiyo Kl.9	A1 SD1 S so
687	23	S	das Sofa	0	Das Sofa ist neu.	The sofa is new.	Sofa ni mpya.	sofa ni m-pya	KL9.Sofa KOP KL9-neu	CL9.sofa COP CL9-new	sofa Kl. 9/10 (Ø/n-) → sofa  — Numerus nur an der Konkordanz  [Lehnwort]	sofa class 9/10 (Ø/n-) → sofa  — number shows only in the agreement  [loanword]	Kl.9: SUBJ i- · ADJ Ø/n- · GEN ya · DEM hii/ile · POSS y- · REL -yo	class 9: SUBJ i- · ADJ Ø/n- · GEN ya · DEM hii/ile · POSS y- · REL -yo	sofa ist Kl.9 und Kl.10 gleich	A1 SD1 S Sofa
688	23	S	sofort	0	Bitte antworten Sie sofort.	Please reply immediately.	Tafadhali jibuni mara moja.	tafadhali jibu-ni mara moja	bitte antworten-IMP.PL KL9.Mal eins	please answer-IMP.PL CL9.time one			Kl.9: SUBJ i- · ADJ Ø/n- · GEN ya · DEM hii/ile · POSS y- · REL -yo	class 9: SUBJ i- · ADJ Ø/n- · GEN ya · DEM hii/ile · POSS y- · REL -yo	"sofort = mara moja, ""auf einmal"""	A1 SD1 S sofort
689	23	S	der Sohn, -ö, e	0	Das ist Hans, mein Sohn.	This is Hans, my son.	Huyu ni Hans, mwana wangu.	huyu ni Hans mw-ana w-angu	KL1.DEM KOP Hans KL1-Sohn KL1-mein	CL1.DEM COP Hans CL1-son CL1-my	mwana Kl. 1/2 (m-/mw- › wa-) → wana	mwana class 1/2 (m-/mw- › wa-) → wana	Kl.1: SUBJ a- · ADJ m-/mw- · GEN wa · DEM huyu/yule · POSS w- · REL -ye	class 1: SUBJ a- · ADJ m-/mw- · GEN wa · DEM huyu/yule · POSS w- · REL -ye	mwana Kl.1, Plural wana Kl.2	A1 SD1 S Sohn
690	23	S	sollen	0	Soll ich kommen?	Shall I come?	Nije?	ni-j-e	1SG-kommen-KONJ	1SG-come-SBJV					Konjunktiv allein bildet die Frage nach dem Sollen	A1 SD1 S sollen
691	23	S	sollen	0	Was soll ich mitbringen?	What shall I bring?	Nilete nini?	ni-let-e nini	1SG-bringen-KONJ was	1SG-bring-SBJV what					Konjunktiv ohne lazima für Angebote	A1 SD1 S sollen
692	23	S	die Sonne	0	Die Sonne scheint.	The sun is shining.	Jua linawaka.	jua li-na-wak-a	KL5.Sonne KL5-PRÄS-leuchten-IND	CL5.sun CL5-PRS-shine-IND	jua Kl. 5/6 (ji-/Ø › ma-) → majua  [meist Singular]	jua class 5/6 (ji-/Ø › ma-) → majua  [usually singular]	Kl.5: SUBJ li- · ADJ ji-/Ø · GEN la · DEM hili/lile · POSS l- · REL -lo	class 5: SUBJ li- · ADJ ji-/Ø · GEN la · DEM hili/lile · POSS l- · REL -lo	jua Kl.5 nimmt das Subjektpräfix li-	A1 SD1 S Sonne
693	23	S	spät	0	Es ist schon spät, ich muss gehen.	It is late already, I have to go.	Ni kuchelewa tayari, lazima niende.	ni ku-chelew-a tayari lazima ni-end-e	KOP KL15-sich.verspäten-IND schon muss 1SG-gehen-KONJ	COP CL15-be.late-IND already must 1SG-go-SBJV			Kl.15: SUBJ ku- · ADJ ku- · GEN kwa · DEM huku/kule · POSS kw- · REL -ko	class 15: SUBJ ku- · ADJ ku- · GEN kwa · DEM huku/kule · POSS kw- · REL -ko	spät als Verbalnomen der Kl.15	A1 SD1 S spät
694	23	S	später	0	Das können wir später machen.	We can do that later.	Hii tunaweza kuifanya baadaye.	hii tu-na-wez-a ku-i-fany-a baadaye	KL9.DEM 1PL-PRÄS-können-IND KL15-OBJ9-tun-IND später	CL9.DEM 1PL-PRS-can-IND CL15-OBJ9-do-IND later			Kl.9: SUBJ i- · ADJ Ø/n- · GEN ya · DEM hii/ile · POSS y- · REL -yo · Kl.15: SUBJ ku- · ADJ ku- · GEN kwa · DEM huku/kule · POSS kw- · REL -ko	class 9: SUBJ i- · ADJ Ø/n- · GEN ya · DEM hii/ile · POSS y- · REL -yo · class 15: SUBJ ku- · ADJ ku- · GEN kwa · DEM huku/kule · POSS kw- · REL -ko	Objektpräfix -i- greift hii Kl.9 auf	A1 SD1 S später
695	23	S	die Speisekarte	0	Bringen Sie mir die Speisekarte, bitte.	Bring me the menu, please.	Tafadhali niletee menyu.	tafadhali ni-let-e-e menyu	bitte OBJ1SG-bringen-APPL-KONJ KL9.Speisekarte	please OBJ1SG-bring-APPL-SBJV CL9.menu	menyu Kl. 9/10 (Ø/n-) → menyu  — Numerus nur an der Konkordanz  [Lehnwort]	menyu class 9/10 (Ø/n-) → menyu  — number shows only in the agreement  [loanword]	Kl.9: SUBJ i- · ADJ Ø/n- · GEN ya · DEM hii/ile · POSS y- · REL -yo	class 9: SUBJ i- · ADJ Ø/n- · GEN ya · DEM hii/ile · POSS y- · REL -yo	Applikativ plus Konjunktiv als höfliche Bitte	A1 SD1 S Speisekarte
696	23	S	spielen	0	Die Kinder spielen draußen.	The children are playing outside.	Watoto wanachezea nje.	watoto wa-na-chez-e-a nje	KL2.Kind KL2-PRÄS-spielen-APPL-IND draußen	CL2.child CL2-PRS-play-APPL-IND outside	mtoto Kl. 1/2 (m-/mw- › wa-) → watoto	mtoto class 1/2 (m-/mw- › wa-) → watoto	Kl.1: SUBJ a- · ADJ m-/mw- · GEN wa · DEM huyu/yule · POSS w- · REL -ye	class 1: SUBJ a- · ADJ m-/mw- · GEN wa · DEM huyu/yule · POSS w- · REL -ye	Applikativ -e- verlangt die Ortsangabe	A1 SD1 S spielen
697	23	S	spielen	0	Spielen Sie Karten?	Do you play cards?	Mnacheza karata?	m-na-chez-a karata	2PL-PRÄS-spielen-IND KL10.Spielkarte	2PL-PRS-play-IND CL10.playing.card			Kl.10: SUBJ zi- · ADJ Ø/n- · GEN za · DEM hizi/zile · POSS z- · REL -zo	class 10: SUBJ zi- · ADJ Ø/n- · GEN za · DEM hizi/zile · POSS z- · REL -zo	karata ist die Spielkarte, kadi die Postkarte	A1 SD1 S spielen
698	23	S	der Sport	0	Ich mache viel Sport.	I do a lot of sport.	Nafanya michezo mingi.	na-fany-a mi-chezo mi-ngi	1SG.PRÄS.ALLG-tun-IND KL4-Sport KL4-viel	1SG.PRS.GNRL-do-IND CL4-sport CL4-much	mchezo Kl. 3/4 (m-/mw- › mi-) → michezo	mchezo class 3/4 (m-/mw- › mi-) → michezo	Kl.3: SUBJ u- · ADJ m-/mw- · GEN wa · DEM huu/ule · POSS w- · REL -o	class 3: SUBJ u- · ADJ m-/mw- · GEN wa · DEM huu/ule · POSS w- · REL -o	mingi kongruiert mit michezo Kl.4	A1 SD1 S Sport
699	23	S	die Sprache, -n	0	Welche Sprachen sprichst du?	What languages do you speak?	Unasema lugha zipi?	u-na-sem-a lugha zipi	2SG-PRÄS-sprechen-IND KL10.Sprache KL10.welche	2SG-PRS-speak-IND CL10.language CL10.which	lugha Kl. 9/10 (Ø/n-) → lugha  — Numerus nur an der Konkordanz	lugha class 9/10 (Ø/n-) → lugha  — number shows only in the agreement	Kl.9: SUBJ i- · ADJ Ø/n- · GEN ya · DEM hii/ile · POSS y- · REL -yo	class 9: SUBJ i- · ADJ Ø/n- · GEN ya · DEM hii/ile · POSS y- · REL -yo	zipi ist das Fragewort der Kl.10	A1 SD1 S Sprache
700	23	S	sprechen	0	Kann ich (mit) Herrn Klein sprechen?	Can I speak to Mr Klein?	Naweza kuzungumza na Bwana Klein?	na-wez-a ku-zungumz-a na bwana Klein	1SG.PRÄS.ALLG-können-IND KL15-sprechen-IND mit KL5/KL1.Herr Klein	1SG.PRS.GNRL-can-IND CL15-speak-IND with CL5/CL1.mister Klein	bwana Kl. 5/6 (ji-/Ø › ma-) → mabwana  [Person: Form Kl. 5/6, Kongruenz Kl. 1/2]	bwana class 5/6 (ji-/Ø › ma-) → mabwana  [person: form class 5/6, agreement class 1/2]	Kl.1: SUBJ a- · ADJ m-/mw- · GEN wa · DEM huyu/yule · POSS w- · REL -ye	class 1: SUBJ a- · ADJ m-/mw- · GEN wa · DEM huyu/yule · POSS w- · REL -ye	kuzungumza na für ein Gespräch mit jemandem	A1 SD1 S sprechen
701	23	S	die Stadt, -ä, e	0	Heidelberg ist eine alte Stadt.	Heidelberg is an old city.	Heidelberg ni mji wa kale.	Heidelberg ni m-ji w-a kale	Heidelberg KOP KL3-Stadt KL3-GEN Altertum	Heidelberg COP CL3-town CL3-GEN antiquity	mji Kl. 3/4 (m-/mw- › mi-) → miji	mji class 3/4 (m-/mw- › mi-) → miji	Kl.3: SUBJ u- · ADJ m-/mw- · GEN wa · DEM huu/ule · POSS w- · REL -o	class 3: SUBJ u- · ADJ m-/mw- · GEN wa · DEM huu/ule · POSS w- · REL -o	"wa kale heißt ""des Altertums"""	A1 SD1 S Stadt
702	23	S	stehen	0	Ich glaube es nicht, aber es steht in der Zeitung.	I do not believe it, but it is in the paper.	Siamini, lakini imeandikwa kwenye gazeti.	si-amini lakini i-me-andik-w-a kwenye gazeti	1SG.NEG-glauben aber KL9-PERF-schreiben-PASS-IND an KL5.Zeitung	1SG.NEG-believe but CL9-PRF-write-PASS-IND at CL5.newspaper	gazeti Kl. 5/6 (ji-/Ø › ma-) → magazeti	gazeti class 5/6 (ji-/Ø › ma-) → magazeti	Kl.5: SUBJ li- · ADJ ji-/Ø · GEN la · DEM hili/lile · POSS l- · REL -lo	class 5: SUBJ li- · ADJ ji-/Ø · GEN la · DEM hili/lile · POSS l- · REL -lo	stehen in der Zeitung = geschrieben sein	A1 SD1 S stehen
703	23	S	stehen	0	Der Bus steht schon an der Haltestelle.	The bus is already at the stop.	Basi limesimama kituoni tayari.	basi li-me-simam-a kituo-ni tayari	KL5.Bus KL5-PERF-halten-IND KL7.Haltestelle-LOK schon	CL5.bus CL5-PRF-stop-IND CL7.stop-LOC already	basi Kl. 5/6 (ji-/Ø › ma-) → mabasi	basi class 5/6 (ji-/Ø › ma-) → mabasi	Kl.5: SUBJ li- · ADJ ji-/Ø · GEN la · DEM hili/lile · POSS l- · REL -lo	class 5: SUBJ li- · ADJ ji-/Ø · GEN la · DEM hili/lile · POSS l- · REL -lo	Ortssuffix -ni an kituo Kl.7	A1 SD1 S stehen
704	23	S	die Stelle, -n	0	Ich habe eine neue Stelle.	I have a new job.	Nina nafasi mpya.	ni-na nafasi m-pya	1SG-haben KL9.Stelle KL9-neu	1SG-have CL9.position CL9-new	"nafasi Kl. 9/10 (Ø/n-) → nafasi  — Numerus nur an der Konkordanz  [Sitzplatz; Ort = ""mahali"" Kl. 16]"	"nafasi class 9/10 (Ø/n-) → nafasi  — number shows only in the agreement  [seat; place = ""mahali"" class 16]"	Kl.9: SUBJ i- · ADJ Ø/n- · GEN ya · DEM hii/ile · POSS y- · REL -yo	class 9: SUBJ i- · ADJ Ø/n- · GEN ya · DEM hii/ile · POSS y- · REL -yo	nafasi deckt Platz, Stelle und Gelegenheit ab	A1 SD1 S Stelle
705	24	S	stellen	0	Stell die Tasche rechts in die Ecke!	Put the bag in the right-hand corner!	Weka mfuko kwenye kona ya kulia!	wek-a m-fuko kwenye kona y-a ku-lia	stellen-IMP KL3-Tasche an KL9.Ecke KL9-GEN KL17-rechts	place-IMP CL3-bag at CL9.corner CL9-GEN CL17-right	mfuko Kl. 3/4 (m-/mw- › mi-) → mifuko · kona Kl. 9/10 (Ø/n-) → kona  — Numerus nur an der Konkordanz  [Lehnwort]	mfuko class 3/4 (m-/mw- › mi-) → mifuko · kona class 9/10 (Ø/n-) → kona  — number shows only in the agreement  [loanword]	Kl.3: SUBJ u- · ADJ m-/mw- · GEN wa · DEM huu/ule · POSS w- · REL -o · Kl.9: SUBJ i- · ADJ Ø/n- · GEN ya · DEM hii/ile · POSS y- · REL -yo	class 3: SUBJ u- · ADJ m-/mw- · GEN wa · DEM huu/ule · POSS w- · REL -o · class 9: SUBJ i- · ADJ Ø/n- · GEN ya · DEM hii/ile · POSS y- · REL -yo	kuweka stellt, kusimama steht	A1 SD1 S stellen
706	24	S	der Stock	0	Unsere Wohnung liegt im ersten Stock.	Our flat is on the first floor.	Nyumba yetu iko ghorofa ya kwanza.	nyumba y-etu i-ko ghorofa y-a kwanza	KL9.Haus KL9-unser KL9-sein.da KL9.Stock KL9-GEN erste	CL9.house CL9-our CL9-be.there CL9.floor CL9-GEN first	nyumba Kl. 9/10 (Ø/n-) → nyumba  — Numerus nur an der Konkordanz · ghorofa Kl. 9/10 (Ø/n-) → ghorofa  — Numerus nur an der Konkordanz  [Etage]	nyumba class 9/10 (Ø/n-) → nyumba  — number shows only in the agreement · ghorofa class 9/10 (Ø/n-) → ghorofa  — number shows only in the agreement  [storey]	Kl.9: SUBJ i- · ADJ Ø/n- · GEN ya · DEM hii/ile · POSS y- · REL -yo	class 9: SUBJ i- · ADJ Ø/n- · GEN ya · DEM hii/ile · POSS y- · REL -yo	ghorofa bezeichnet Etage und Hochhaus	A1 SD1 S Stock
707	24	S	die Straße, -n	0	In welcher Straße wohnen Sie?	Which street do you live in?	Mnakaa barabara ipi?	m-na-ka-a barabara ipi	2PL-PRÄS-wohnen-IND KL9.Straße KL9.welche	2PL-PRS-live-IND CL9.street CL9.which	barabara Kl. 9/10 (Ø/n-) → barabara  — Numerus nur an der Konkordanz	barabara class 9/10 (Ø/n-) → barabara  — number shows only in the agreement	Kl.9: SUBJ i- · ADJ Ø/n- · GEN ya · DEM hii/ile · POSS y- · REL -yo	class 9: SUBJ i- · ADJ Ø/n- · GEN ya · DEM hii/ile · POSS y- · REL -yo	ipi kongruiert mit barabara Kl.9	A1 SD1 S Straße
708	24	S	die Straßenbahn	0	Wo fährt die Straßenbahn ab?	Where does the tram leave from?	Tramu inaondoka wapi?	tramu i-na-ondok-a wapi	KL9.Straßenbahn KL9-PRÄS-abfahren-IND wo	CL9.tram CL9-PRS-depart-IND where	tramu Kl. 9/10 (Ø/n-) → tramu  — Numerus nur an der Konkordanz  [Lehnwort]	tramu class 9/10 (Ø/n-) → tramu  — number shows only in the agreement  [loanword]	Kl.9: SUBJ i- · ADJ Ø/n- · GEN ya · DEM hii/ile · POSS y- · REL -yo	class 9: SUBJ i- · ADJ Ø/n- · GEN ya · DEM hii/ile · POSS y- · REL -yo	tramu ist Kl.9 und Kl.10 gleich	A1 SD1 S Straßenbahn
709	24	S	studieren	0	Ich studiere in Mainz.	I study in Mainz.	Nasoma Mainz.	na-som-a Mainz	1SG.PRÄS.ALLG-studieren-IND Mainz	1SG.PRS.GNRL-study-IND Mainz					kusoma heißt lesen, lernen und studieren	A1 SD1 S studieren
710	24	S	das Studium	0	Das Studium beginnt im Oktober.	The course starts in October.	Masomo yanaanza Oktoba.	ma-somo ya-na-anz-a Oktoba	KL6-Studium KL6-PRÄS-anfangen-IND Oktober	CL6-studies CL6-PRS-begin-IND October	masomo Kl. 6 (ma-), kein Numeruswechsel  [nur Plural]	masomo class 6 (ma-), no number change  [plural only]	Kl.6: SUBJ ya- · ADJ ma- · GEN ya · DEM haya/yale · POSS y- · REL -yo	class 6: SUBJ ya- · ADJ ma- · GEN ya · DEM haya/yale · POSS y- · REL -yo	masomo ist Kl.6 und hat keinen Singular	A1 SD1 S Studium
711	24	S	der Student, -en	1	Ich bin Studentin.	I am a student.	Mimi ni mwanafunzi.	mimi ni mw-anafunzi	ich KOP KL1-Studentin	I COP CL1-student	mwanafunzi Kl. 1/2 (m-/mw- › wa-) → wanafunzi	mwanafunzi class 1/2 (m-/mw- › wa-) → wanafunzi	Kl.1: SUBJ a- · ADJ m-/mw- · GEN wa · DEM huyu/yule · POSS w- · REL -ye	class 1: SUBJ a- · ADJ m-/mw- · GEN wa · DEM huyu/yule · POSS w- · REL -ye	mwanafunzi gilt für Schüler und Studenten	A1 SD1 S Student
712	24	S	die Stunde, -n	0	Ich bin in einer Stunde zurück.	I will be back in an hour.	Nitarudi baada ya saa moja.	ni-ta-rudi baada y-a saa moja	1SG-FUT-zurückkehren nach KL9-GEN KL9.Stunde eins	1SG-FUT-return after CL9-GEN CL9.hour one	"saa Kl. 9/10 (Ø/n-) → saa  — Numerus nur an der Konkordanz  [auch ""Uhr""]"	"saa class 9/10 (Ø/n-) → saa  — number shows only in the agreement  [also ""clock""]"	Kl.9: SUBJ i- · ADJ Ø/n- · GEN ya · DEM hii/ile · POSS y- · REL -yo	class 9: SUBJ i- · ADJ Ø/n- · GEN ya · DEM hii/ile · POSS y- · REL -yo	"saa moja heißt hier ""eine Stunde"", nicht 7 Uhr"	A1 SD1 S Stunde
713	24	S	suchen	0	Suchst du etwas?	Are you looking for something?	Unatafuta kitu?	u-na-tafut-a ki-tu	2SG-PRÄS-suchen-IND KL7-Ding	2SG-PRS-search-IND CL7-thing			Kl.7: SUBJ ki- · ADJ ki- · GEN cha · DEM hiki/kile · POSS ch- · REL -cho	class 7: SUBJ ki- · ADJ ki- · GEN cha · DEM hiki/kile · POSS ch- · REL -cho	"kitu dient als unbestimmtes ""etwas"""	A1 SD1 S suchen
714	24	T	tanzen	0	Tanzen Sie gern?	Do you like dancing?	Mnapenda kucheza?	m-na-pend-a ku-chez-a	2PL-PRÄS-mögen-IND KL15-tanzen-IND	2PL-PRS-like-IND CL15-dance-IND			Kl.15: SUBJ ku- · ADJ ku- · GEN kwa · DEM huku/kule · POSS kw- · REL -ko	class 15: SUBJ ku- · ADJ ku- · GEN kwa · DEM huku/kule · POSS kw- · REL -ko	kucheza heißt spielen und tanzen	A1 SD1 T tanzen
715	24	T	die Tasche, -n	0	Ich habe die Schlüssel in der Tasche.	I have the keys in my bag.	Nina funguo kwenye mfuko.	ni-na funguo kwenye m-fuko	1SG-haben KL10.Schlüssel an KL3-Tasche	1SG-have CL10.key at CL3-bag	ufunguo Kl. 11/10 (u- › Ø/n-) → funguo · mfuko Kl. 3/4 (m-/mw- › mi-) → mifuko	ufunguo class 11/10 (u- › Ø/n-) → funguo · mfuko class 3/4 (m-/mw- › mi-) → mifuko	Kl.11: SUBJ u- · ADJ m-/mw- · GEN wa · DEM huu/ule · POSS w- · REL -o · Kl.3: SUBJ u- · ADJ m-/mw- · GEN wa · DEM huu/ule · POSS w- · REL -o	class 11: SUBJ u- · ADJ m-/mw- · GEN wa · DEM huu/ule · POSS w- · REL -o · class 3: SUBJ u- · ADJ m-/mw- · GEN wa · DEM huu/ule · POSS w- · REL -o	funguo Kl.10, Singular ufunguo Kl.11	A1 SD1 T Tasche
716	24	T	das Taxi, -s	0	Es gibt heute keinen Bus mehr. Er fährt mit dem Taxi.	There is no bus today. He is going by taxi.	Leo hakuna basi tena. Anasafiri kwa teksi.	leo haku-na basi tena a-na-safiri kwa teksi	heute KL17.NEG-mit KL5.Bus mehr 3SG-PRÄS-reisen mit KL9.Taxi	today CL17.NEG-with CL5.bus more 3SG-PRS-travel with CL9.taxi	basi Kl. 5/6 (ji-/Ø › ma-) → mabasi · teksi Kl. 9/10 (Ø/n-) → teksi  — Numerus nur an der Konkordanz  [Lehnwort]	basi class 5/6 (ji-/Ø › ma-) → mabasi · teksi class 9/10 (Ø/n-) → teksi  — number shows only in the agreement  [loanword]	Kl.5: SUBJ li- · ADJ ji-/Ø · GEN la · DEM hili/lile · POSS l- · REL -lo · Kl.9: SUBJ i- · ADJ Ø/n- · GEN ya · DEM hii/ile · POSS y- · REL -yo	class 5: SUBJ li- · ADJ ji-/Ø · GEN la · DEM hili/lile · POSS l- · REL -lo · class 9: SUBJ i- · ADJ Ø/n- · GEN ya · DEM hii/ile · POSS y- · REL -yo	hakuna verneint das Vorhandensein	A1 SD1 T Taxi
717	24	T	der Tee	0	Ich trinke morgens immer Tee.	I always drink tea in the morning.	Asubuhi nanywa chai kila mara.	asubuhi na-nyw-a chai kila mara	KL9.Morgen 1SG.PRÄS.ALLG-trinken-IND KL9.Tee jede KL9.Mal	CL9.morning 1SG.PRS.GNRL-drink-IND CL9.tea every CL9.time	chai Kl. 9/10 (Ø/n-) → chai  — Numerus nur an der Konkordanz	chai class 9/10 (Ø/n-) → chai  — number shows only in the agreement	Kl.9: SUBJ i- · ADJ Ø/n- · GEN ya · DEM hii/ile · POSS y- · REL -yo	class 9: SUBJ i- · ADJ Ø/n- · GEN ya · DEM hii/ile · POSS y- · REL -yo	kunywa hat den unregelmäßigen Stamm nyw-	A1 SD1 T Tee
718	24	T	der Teil, -e	0	Lies bitte auch den zweiten Teil.	Please read the second part too.	Tafadhali soma pia sehemu ya pili.	tafadhali som-a pia sehemu y-a pili	bitte lesen-IMP auch KL9.Teil KL9-GEN zweite	please read-IMP also CL9.part CL9-GEN second	sehemu Kl. 9/10 (Ø/n-) → sehemu  — Numerus nur an der Konkordanz	sehemu class 9/10 (Ø/n-) → sehemu  — number shows only in the agreement	Kl.9: SUBJ i- · ADJ Ø/n- · GEN ya · DEM hii/ile · POSS y- · REL -yo	class 9: SUBJ i- · ADJ Ø/n- · GEN ya · DEM hii/ile · POSS y- · REL -yo	Ordnungszahlen stehen hinter dem Genitiv	A1 SD1 T Teil
719	24	T	telefonieren	0	Darf ich mal telefonieren?	May I make a phone call?	Naweza kupiga simu?	na-wez-a ku-pig-a simu	1SG.PRÄS.ALLG-können-IND KL15-schlagen-IND KL9.Telefon	1SG.PRS.GNRL-can-IND CL15-hit-IND CL9.phone	simu Kl. 9/10 (Ø/n-) → simu  — Numerus nur an der Konkordanz	simu class 9/10 (Ø/n-) → simu  — number shows only in the agreement	Kl.9: SUBJ i- · ADJ Ø/n- · GEN ya · DEM hii/ile · POSS y- · REL -yo	class 9: SUBJ i- · ADJ Ø/n- · GEN ya · DEM hii/ile · POSS y- · REL -yo	telefonieren = kupiga simu	A1 SD1 T telefonieren
720	24	T	das Telefon	1	Haben Sie Telefon?	Do you have a telephone?	Mnayo simu?	m-na-yo simu	2PL-haben-REL9 KL9.Telefon	2PL-have-REL9 CL9.phone	simu Kl. 9/10 (Ø/n-) → simu  — Numerus nur an der Konkordanz	simu class 9/10 (Ø/n-) → simu  — number shows only in the agreement	Kl.9: SUBJ i- · ADJ Ø/n- · GEN ya · DEM hii/ile · POSS y- · REL -yo	class 9: SUBJ i- · ADJ Ø/n- · GEN ya · DEM hii/ile · POSS y- · REL -yo	simu heißt Telefon und Anruf	A1 SD1 T Telefon
721	24	T	der Termin, -e	0	Am besten machen wir sofort einen Termin.	It is best if we make an appointment right away.	Ni bora tufanye miadi mara moja.	ni bora tu-fany-e miadi mara moja	KOP besser 1PL-tun-KONJ KL9.Termin KL9.Mal eins	COP better 1PL-do-SBJV CL9.appointment CL9.time one	miadi Kl. 9/10 (Ø/n-) → miadi  — Numerus nur an der Konkordanz	miadi class 9/10 (Ø/n-) → miadi  — number shows only in the agreement	Kl.9: SUBJ i- · ADJ Ø/n- · GEN ya · DEM hii/ile · POSS y- · REL -yo	class 9: SUBJ i- · ADJ Ø/n- · GEN ya · DEM hii/ile · POSS y- · REL -yo	ni bora plus Konjunktiv für einen Vorschlag	A1 SD1 T Termin
722	24	T	der Test	0	Der Test war einfach.	The test was easy.	Mtihani ulikuwa rahisi.	m-tihani u-li-kuw-a rahisi	KL3-Test KL3-PRÄT-sein-IND einfach	CL3-test CL3-PST-be-IND easy	mtihani Kl. 3/4 (m-/mw- › mi-) → mitihani	mtihani class 3/4 (m-/mw- › mi-) → mitihani	Kl.3: SUBJ u- · ADJ m-/mw- · GEN wa · DEM huu/ule · POSS w- · REL -o	class 3: SUBJ u- · ADJ m-/mw- · GEN wa · DEM huu/ule · POSS w- · REL -o	Vergangenheit mit -li- plus kuwa	A1 SD1 T Test
723	24	T	teuer	0	Das ist mir zu teuer.	That is too expensive for me.	Hiyo ni ghali mno kwangu.	hiyo ni ghali mno kw-angu	KL9.DEM KOP teuer zu KL17-mein	CL9.DEM COP expensive to CL17-my			Kl.9: SUBJ i- · ADJ Ø/n- · GEN ya · DEM hii/ile · POSS y- · REL -yo · Kl.17: SUBJ ku- · ADJ ku- · GEN kwa · DEM huku/kule · POSS kw- · REL -ko	class 9: SUBJ i- · ADJ Ø/n- · GEN ya · DEM hii/ile · POSS y- · REL -yo · class 17: SUBJ ku- · ADJ ku- · GEN kwa · DEM huku/kule · POSS kw- · REL -ko	"mno heißt ""allzu"", kwangu ""für mich"""	A1 SD1 T teuer
724	24	T	der Text, -e	0	Lesen Sie bitte diesen Text.	Please read this text.	Tafadhali someni maandishi haya.	tafadhali som-eni ma-andishi haya	bitte lesen-IMP.PL KL6-Text KL6.DEM	please read-IMP.PL CL6-text CL6.DEM	maandishi Kl. 6 (ma-), kein Numeruswechsel  [nur Plural]	maandishi class 6 (ma-), no number change  [plural only]	Kl.6: SUBJ ya- · ADJ ma- · GEN ya · DEM haya/yale · POSS y- · REL -yo	class 6: SUBJ ya- · ADJ ma- · GEN ya · DEM haya/yale · POSS y- · REL -yo	maandishi ist Kl.6 und hat keinen Singular	A1 SD1 T Text
725	24	T	das Thema	0	Wir sprechen heute über das Thema „Essen und Trinken“.	"Today we are talking about the topic ""Eating and Drinking""."	"Leo tunazungumza kuhusu mada ""Kula na Kunywa""."	leo tu-na-zungumz-a kuhusu mada ku-l-a na ku-nyw-a	heute 1PL-PRÄS-sprechen-IND über KL9.Thema KL15-essen-IND und KL15-trinken-IND	today 1PL-PRS-speak-IND over CL9.topic CL15-eat-IND and CL15-drink-IND	mada Kl. 9/10 (Ø/n-) → mada  — Numerus nur an der Konkordanz	mada class 9/10 (Ø/n-) → mada  — number shows only in the agreement	Kl.9: SUBJ i- · ADJ Ø/n- · GEN ya · DEM hii/ile · POSS y- · REL -yo	class 9: SUBJ i- · ADJ Ø/n- · GEN ya · DEM hii/ile · POSS y- · REL -yo	Verbalnomen der Kl.15 dienen als Titel	A1 SD1 T Thema
726	24	T	das Ticket, -s	0	Wie viel kostet das Ticket?	How much does the ticket cost?	Tiketi inagharimu kiasi gani?	tiketi i-na-gharimu kiasi gani	KL9.Fahrkarte KL9-PRÄS-kosten KL9.Menge welche	CL9.ticket CL9-PRS-cost CL9.amount which	tiketi Kl. 9/10 (Ø/n-) → tiketi  — Numerus nur an der Konkordanz  [Lehnwort]	tiketi class 9/10 (Ø/n-) → tiketi  — number shows only in the agreement  [loanword]	Kl.9: SUBJ i- · ADJ Ø/n- · GEN ya · DEM hii/ile · POSS y- · REL -yo	class 9: SUBJ i- · ADJ Ø/n- · GEN ya · DEM hii/ile · POSS y- · REL -yo	kiasi gani fragt nach der Menge	A1 SD1 T Ticket
727	24	T	der Tisch, -e	0	Die Fotos liegen auf dem Tisch.	The photos are on the table.	Picha ziko mezani.	picha zi-ko meza-ni	KL10.Foto KL10-sein.da KL9.Tisch-LOK	CL10.photo CL10-be.there CL9.table-LOC	picha Kl. 9/10 (Ø/n-) → picha  — Numerus nur an der Konkordanz  [Lehnwort]	picha class 9/10 (Ø/n-) → picha  — number shows only in the agreement  [loanword]	Kl.9: SUBJ i- · ADJ Ø/n- · GEN ya · DEM hii/ile · POSS y- · REL -yo	class 9: SUBJ i- · ADJ Ø/n- · GEN ya · DEM hii/ile · POSS y- · REL -yo	ziko ist die Kl.10-Form von -ko	A1 SD1 T Tisch
728	24	T	die Tochter, -ö	0	Das ist meine Tochter Katharina.	This is my daughter Katharina.	Huyu ni binti yangu Katharina.	huyu ni binti y-angu Katharina	KL1.DEM KOP KL5/KL1.Tochter KL9-mein Katharina	CL1.DEM COP CL5/CL1.daughter CL9-my Katharina	binti Kl. 5/6 (ji-/Ø › ma-) → mabinti  [Person: Form Kl. 5/6, Kongruenz Kl. 1/2]	binti class 5/6 (ji-/Ø › ma-) → mabinti  [person: form class 5/6, agreement class 1/2]	Kl.1: SUBJ a- · ADJ m-/mw- · GEN wa · DEM huyu/yule · POSS w- · REL -ye	class 1: SUBJ a- · ADJ m-/mw- · GEN wa · DEM huyu/yule · POSS w- · REL -ye	huyu Kl.1, yangu aber Kl.9	A1 SD1 T Tochter
729	24	T	die Toilette, -en	0	Wo ist die Toilette, bitte?	Where is the toilet, please?	Choo kiko wapi, tafadhali?	choo ki-ko wapi tafadhali	KL7.Toilette KL7-sein.da wo bitte	CL7.toilet CL7-be.there where please	choo Kl. 7/8 (ki- › vi-) → vyoo	choo class 7/8 (ki- › vi-) → vyoo	Kl.7: SUBJ ki- · ADJ ki- · GEN cha · DEM hiki/kile · POSS ch- · REL -cho	class 7: SUBJ ki- · ADJ ki- · GEN cha · DEM hiki/kile · POSS ch- · REL -cho	choo Kl.7, Plural vyoo Kl.8	A1 SD1 T Toilette
730	24	T	die Tomate, -n	0	Die Tomate ist noch grün.	The tomato is still green.	Nyanya ingali ni ya kijani.	nyanya i-ngali ni y-a ki-jani	KL9.Tomate KL9-noch.sein KOP KL9-GEN KL7-Blatt	CL9.tomato CL9-still.be COP CL9-GEN CL7-leaf	nyanya Kl. 9/10 (Ø/n-) → nyanya  — Numerus nur an der Konkordanz	nyanya class 9/10 (Ø/n-) → nyanya  — number shows only in the agreement	Kl.9: SUBJ i- · ADJ Ø/n- · GEN ya · DEM hii/ile · POSS y- · REL -yo	class 9: SUBJ i- · ADJ Ø/n- · GEN ya · DEM hii/ile · POSS y- · REL -yo	Farben werden mit ya plus Nomen gebildet	A1 SD1 T Tomate
731	24	T	tot	0	Sein Vater ist schon lange tot.	His father died a long time ago.	Baba yake amefariki tangu muda mrefu.	baba y-ake a-me-fariki tangu muda m-refu	KL9/KL1.Vater KL9-sein 3SG-PERF-sterben seit KL3.Zeit KL3-lang	CL9/CL1.father CL9-be 3SG-PRF-die since CL3.time CL3-long	baba Kl. 9/10 (Ø/n-) → baba  — Numerus nur an der Konkordanz  [Person: Form Kl. 9/10, Kongruenz Kl. 1/2] · muda Kl. 3/10 (m-/mw- › Ø/n-) → nyakati  [Plural unregelmaessig]	baba class 9/10 (Ø/n-) → baba  — number shows only in the agreement  [person: form class 9/10, agreement class 1/2] · muda class 3/10 (m-/mw- › Ø/n-) → nyakati  [irregular plural]	Kl.1: SUBJ a- · ADJ m-/mw- · GEN wa · DEM huyu/yule · POSS w- · REL -ye · Kl.3: SUBJ u- · ADJ m-/mw- · GEN wa · DEM huu/ule · POSS w- · REL -o	class 1: SUBJ a- · ADJ m-/mw- · GEN wa · DEM huyu/yule · POSS w- · REL -ye · class 3: SUBJ u- · ADJ m-/mw- · GEN wa · DEM huu/ule · POSS w- · REL -o	tot sein wird als Perfekt von sterben gesagt	A1 SD1 T tot
732	24	T	(sich) treffen	0	Ich treffe in der Stadt einen Kollegen.	I am meeting a colleague in town.	Namkuta mwenzi mjini.	na-m-kut-a mw-enzi m-ji-ni	1SG.PRÄS.ALLG-OBJ1-treffen-IND KL1-Kollege KL3-Stadt-LOK	1SG.PRS.GNRL-OBJ1-meet-IND CL1-colleague CL3-town-LOC	mwenzi Kl. 1/2 (m-/mw- › wa-) → wenzi	mwenzi class 1/2 (m-/mw- › wa-) → wenzi	Kl.1: SUBJ a- · ADJ m-/mw- · GEN wa · DEM huyu/yule · POSS w- · REL -ye	class 1: SUBJ a- · ADJ m-/mw- · GEN wa · DEM huyu/yule · POSS w- · REL -ye	Objektpräfix -m- für Personen der Kl.1	A1 SD1 T treffen
733	24	T	(sich) treffen	0	Wir treffen uns immer freitags.	We always meet on Fridays.	Tunakutana Ijumaa kila mara.	tu-na-kut-an-a Ijumaa kila mara	1PL-PRÄS-treffen-REZ-IND KL9.Freitag jede KL9.Mal	1PL-PRS-meet-RECP-IND CL9.Friday every CL9.time			Kl.9: SUBJ i- · ADJ Ø/n- · GEN ya · DEM hii/ile · POSS y- · REL -yo	class 9: SUBJ i- · ADJ Ø/n- · GEN ya · DEM hii/ile · POSS y- · REL -yo	Reziprok -an-: einander treffen	A1 SD1 T treffen
734	24	T	die Treppe, -n	0	Die Toilette? Die Treppe hoch und dann links.	The toilet? Up the stairs and then on the left.	Choo? Ngazi juu na kisha kushoto.	choo ngazi juu na kisha ku-shoto	KL7.Toilette KL10.Treppe oben und dann KL17-links	CL7.toilet CL10.stairs above and then CL17-left	choo Kl. 7/8 (ki- › vi-) → vyoo · ngazi Kl. 9/10 (Ø/n-) → ngazi  — Numerus nur an der Konkordanz	choo class 7/8 (ki- › vi-) → vyoo · ngazi class 9/10 (Ø/n-) → ngazi  — number shows only in the agreement	Kl.7: SUBJ ki- · ADJ ki- · GEN cha · DEM hiki/kile · POSS ch- · REL -cho · Kl.9: SUBJ i- · ADJ Ø/n- · GEN ya · DEM hii/ile · POSS y- · REL -yo	class 7: SUBJ ki- · ADJ ki- · GEN cha · DEM hiki/kile · POSS ch- · REL -cho · class 9: SUBJ i- · ADJ Ø/n- · GEN ya · DEM hii/ile · POSS y- · REL -yo	ngazi ist Kl.9 und Kl.10 gleich	A1 SD1 T Treppe
735	24	T	trinken	0	Möchtest du etwas trinken?	Would you like something to drink?	Unataka kunywa kitu?	u-na-tak-a ku-nyw-a ki-tu	2SG-PRÄS-wollen-IND KL15-trinken-IND KL7-Ding	2SG-PRS-want-IND CL15-drink-IND CL7-thing			Kl.15: SUBJ ku- · ADJ ku- · GEN kwa · DEM huku/kule · POSS kw- · REL -ko · Kl.7: SUBJ ki- · ADJ ki- · GEN cha · DEM hiki/kile · POSS ch- · REL -cho	class 15: SUBJ ku- · ADJ ku- · GEN kwa · DEM huku/kule · POSS kw- · REL -ko · class 7: SUBJ ki- · ADJ ki- · GEN cha · DEM hiki/kile · POSS ch- · REL -cho	"kitu dient als unbestimmtes ""etwas"""	A1 SD1 T trinken
736	24	T	tschüss	0	Junge Leute sagen meistens „tschüss!“ und nicht „auf Wiedersehen“.	"Young people usually say ""see you"" and not ""goodbye""."	"Vijana wanasema ""tutaonana"" kwa kawaida na si ""kwaheri""."	vi-jana wa-na-sem-a tu-ta-on-an-a kwa kawaida na si kwaheri	KL8-Jugendliche KL2-PRÄS-sagen-IND 1PL-FUT-sehen-REZ-IND für KL9.Gewohnheit und NEG.KOP auf.Wiedersehen	CL8-young.person CL2-PRS-say-IND 1PL-FUT-see-RECP-IND for CL9.habit and NEG.COP goodbye	kijana Kl. 7/8 (ki- › vi-) → vijana  [Person: Form Kl. 7/8, Kongruenz Kl. 1/2]	kijana class 7/8 (ki- › vi-) → vijana  [person: form class 7/8, agreement class 1/2]	Kl.1: SUBJ a- · ADJ m-/mw- · GEN wa · DEM huyu/yule · POSS w- · REL -ye	class 1: SUBJ a- · ADJ m-/mw- · GEN wa · DEM huyu/yule · POSS w- · REL -ye	vijana Kl.8, Kongruenz aber Kl.2	A1 SD1 T tschüss
737	24	T	tun	0	Ich habe noch etwas zu tun.	I still have something to do.	Nina kitu cha kufanya bado.	ni-na ki-tu ch-a ku-fany-a bado	1SG-haben KL7-Ding KL7-GEN KL15-tun-IND noch	1SG-have CL7-thing CL7-GEN CL15-do-IND still			Kl.7: SUBJ ki- · ADJ ki- · GEN cha · DEM hiki/kile · POSS ch- · REL -cho · Kl.15: SUBJ ku- · ADJ ku- · GEN kwa · DEM huku/kule · POSS kw- · REL -ko	class 7: SUBJ ki- · ADJ ki- · GEN cha · DEM hiki/kile · POSS ch- · REL -cho · class 15: SUBJ ku- · ADJ ku- · GEN kwa · DEM huku/kule · POSS kw- · REL -ko	"Genitiv cha plus Infinitiv für ""zu tun"""	A1 SD1 T tun
738	24	T	tun	0	Was tut Ihr Mann?	What does your husband do?	Mume wenu anafanya nini?	mume w-enu a-na-fany-a nini	KL1.Ehemann KL1-euer 3SG-PRÄS-tun-IND was	CL1.husband CL1-your 3SG-PRS-do-IND what			Kl.1: SUBJ a- · ADJ m-/mw- · GEN wa · DEM huyu/yule · POSS w- · REL -ye	class 1: SUBJ a- · ADJ m-/mw- · GEN wa · DEM huyu/yule · POSS w- · REL -ye	wenu ist der Possessiv für höfliches Sie	A1 SD1 T tun
739	24	U	über	0	Gehen Sie hier über die Straße.	Cross the road here.	Vukeni barabara hapa.	vuk-eni barabara hapa	überqueren-IMP.PL KL9.Straße hier	cross-IMP.PL CL9.street here	barabara Kl. 9/10 (Ø/n-) → barabara  — Numerus nur an der Konkordanz	barabara class 9/10 (Ø/n-) → barabara  — number shows only in the agreement	Kl.9: SUBJ i- · ADJ Ø/n- · GEN ya · DEM hii/ile · POSS y- · REL -yo	class 9: SUBJ i- · ADJ Ø/n- · GEN ya · DEM hii/ile · POSS y- · REL -yo	kuvuka ist das eigene Verb für überqueren	A1 SD1 U über
740	24	U	über	0	Er wohnt im zweiten Stock über Familie Meier.	He lives on the second floor above the Meier family.	Anakaa ghorofa ya pili juu ya familia Meier.	a-na-ka-a ghorofa y-a pili juu y-a familia Meier	3SG-PRÄS-wohnen-IND KL9.Stock KL9-GEN zweite oben KL9-GEN KL9.Familie Meier	3SG-PRS-live-IND CL9.floor CL9-GEN second above CL9-GEN CL9.family Meier	ghorofa Kl. 9/10 (Ø/n-) → ghorofa  — Numerus nur an der Konkordanz  [Etage] · familia Kl. 9/10 (Ø/n-) → familia  — Numerus nur an der Konkordanz  [Lehnwort]	ghorofa class 9/10 (Ø/n-) → ghorofa  — number shows only in the agreement  [storey] · familia class 9/10 (Ø/n-) → familia  — number shows only in the agreement  [loanword]	Kl.9: SUBJ i- · ADJ Ø/n- · GEN ya · DEM hii/ile · POSS y- · REL -yo	class 9: SUBJ i- · ADJ Ø/n- · GEN ya · DEM hii/ile · POSS y- · REL -yo	"juu ya heißt ""oberhalb von"""	A1 SD1 U über
741	24	U	über	0	Sind Sie über 18?	Are you over 18?	Mna zaidi ya miaka kumi na minane?	m-na zaidi y-a mi-aka kumi na mi-nane	2PL-haben mehr KL9-GEN KL4-Jahr zehn und KL4-acht	2PL-have more CL9-GEN CL4-year ten and CL4-eight	mwaka wa kuzaliwa Kl. 3/4 (m-/mw- › mi-) → miaka ya kuzaliwa  [Genitiv kongruiert mit dem Kopfnomen]	mwaka wa kuzaliwa class 3/4 (m-/mw- › mi-) → miaka ya kuzaliwa  [genitive agrees with the head noun]	Kl.3: SUBJ u- · ADJ m-/mw- · GEN wa · DEM huu/ule · POSS w- · REL -o	class 3: SUBJ u- · ADJ m-/mw- · GEN wa · DEM huu/ule · POSS w- · REL -o	achtzehn = kumi na minane, Zahl mit Kl.4-Präfix	A1 SD1 U über
742	24	U	übernachten	0	Du kannst bei mir übernachten.	You can stay the night at my place.	Unaweza kulala kwangu.	u-na-wez-a ku-lal-a kw-angu	2SG-PRÄS-können-IND KL15-schlafen-IND KL17-mein	2SG-PRS-can-IND CL15-sleep-IND CL17-my			Kl.15: SUBJ ku- · ADJ ku- · GEN kwa · DEM huku/kule · POSS kw- · REL -ko · Kl.17: SUBJ ku- · ADJ ku- · GEN kwa · DEM huku/kule · POSS kw- · REL -ko	class 15: SUBJ ku- · ADJ ku- · GEN kwa · DEM huku/kule · POSS kw- · REL -ko · class 17: SUBJ ku- · ADJ ku- · GEN kwa · DEM huku/kule · POSS kw- · REL -ko	"kwangu heißt ""bei mir"" mit Ortsklasse 17"	A1 SD1 U übernachten
743	24	U	überweisen	0	Sie können das Geld auch überweisen.	You can also transfer the money.	Mnaweza kutuma pesa pia.	m-na-wez-a ku-tum-a pesa pia	2PL-PRÄS-können-IND KL15-schicken-IND KL10.Geld auch	2PL-PRS-can-IND CL15-send-IND CL10.money also	pesa Kl. 9/10 (Ø/n-) → pesa  — Numerus nur an der Konkordanz	pesa class 9/10 (Ø/n-) → pesa  — number shows only in the agreement	Kl.9: SUBJ i- · ADJ Ø/n- · GEN ya · DEM hii/ile · POSS y- · REL -yo	class 9: SUBJ i- · ADJ Ø/n- · GEN ya · DEM hii/ile · POSS y- · REL -yo	kutuma schickt Geld und Nachrichten	A1 SD1 U überweisen
744	24	U	die Uhr	0	Es ist vier Uhr.	It is four o'clock.	Ni saa kumi.	ni saa kumi	KOP KL9.Stunde zehn	COP CL9.hour ten	"saa Kl. 9/10 (Ø/n-) → saa  — Numerus nur an der Konkordanz  [auch ""Uhr""]"	"saa class 9/10 (Ø/n-) → saa  — number shows only in the agreement  [also ""clock""]"	Kl.9: SUBJ i- · ADJ Ø/n- · GEN ya · DEM hii/ile · POSS y- · REL -yo	class 9: SUBJ i- · ADJ Ø/n- · GEN ya · DEM hii/ile · POSS y- · REL -yo	saa kumi = 4 Uhr, zehnte Stunde nach Sonnenaufgang	A1 SD1 U Uhr
745	24	U	um	0	Er kommt um sieben Uhr.	He is coming at seven o'clock.	Anakuja saa moja.	a-na-kuj-a saa moja	3SG-PRÄS-kommen-IND KL9.Stunde eins	3SG-PRS-come-IND CL9.hour one	"saa Kl. 9/10 (Ø/n-) → saa  — Numerus nur an der Konkordanz  [auch ""Uhr""]"	"saa class 9/10 (Ø/n-) → saa  — number shows only in the agreement  [also ""clock""]"	Kl.9: SUBJ i- · ADJ Ø/n- · GEN ya · DEM hii/ile · POSS y- · REL -yo	class 9: SUBJ i- · ADJ Ø/n- · GEN ya · DEM hii/ile · POSS y- · REL -yo	saa moja = 7 Uhr, erste Stunde nach Sonnenaufgang	A1 SD1 U um
746	24	U	um	0	Da kommt er gerade um die Ecke.	There he comes round the corner.	Tazama, anakuja kwenye kona hivi sasa.	tazam-a a-na-kuj-a kwenye kona hivi sasa	schauen-IMP 3SG-PRÄS-kommen-IND an KL9.Ecke gleich jetzt	look-IMP 3SG-PRS-come-IND at CL9.corner same now	kona Kl. 9/10 (Ø/n-) → kona  — Numerus nur an der Konkordanz  [Lehnwort]	kona class 9/10 (Ø/n-) → kona  — number shows only in the agreement  [loanword]	Kl.9: SUBJ i- · ADJ Ø/n- · GEN ya · DEM hii/ile · POSS y- · REL -yo	class 9: SUBJ i- · ADJ Ø/n- · GEN ya · DEM hii/ile · POSS y- · REL -yo	"hivi sasa heißt ""eben jetzt"""	A1 SD1 U um
747	24	U	umziehen	0	Nächsten Monat ziehen wir um.	We are moving house next month.	Mwezi ujao tunahama.	mw-ezi u-ja-o tu-na-ham-a	KL3-Monat KL3-kommen-REL3 1PL-PRÄS-umziehen-IND	CL3-month CL3-come-REL3 1PL-PRS-move.house-IND			Kl.3: SUBJ u- · ADJ m-/mw- · GEN wa · DEM huu/ule · POSS w- · REL -o	class 3: SUBJ u- · ADJ m-/mw- · GEN wa · DEM huu/ule · POSS w- · REL -o	"Relativform ujao heißt ""der kommende"""	A1 SD1 U umziehen
748	24	U	und	0	Peter und Helmut sind meine Söhne.	Peter and Helmut are my sons.	Peter na Helmut ni wana wangu.	Peter na Helmut ni wana w-angu	Peter und Helmut KOP KL2.Sohn KL2-mein	Peter and Helmut COP CL2.son CL2-my	mwana Kl. 1/2 (m-/mw- › wa-) → wana	mwana class 1/2 (m-/mw- › wa-) → wana	Kl.1: SUBJ a- · ADJ m-/mw- · GEN wa · DEM huyu/yule · POSS w- · REL -ye	class 1: SUBJ a- · ADJ m-/mw- · GEN wa · DEM huyu/yule · POSS w- · REL -ye	wana Kl.2, Singular mwana Kl.1	A1 SD1 U und
749	25	U	unser-	0	Das ist unsere Lehrerin.	That is our teacher.	Huyu ni mwalimu wetu.	huyu ni mw-alimu w-etu	KL1.DEM KOP KL1-Lehrerin KL1-unser	CL1.DEM COP CL1-teacher CL1-our	mwalimu Kl. 1/2 (m-/mw- › wa-) → walimu  [Musterwort fuer Kl. 1/2]	mwalimu class 1/2 (m-/mw- › wa-) → walimu  [model word for class 1/2]	Kl.1: SUBJ a- · ADJ m-/mw- · GEN wa · DEM huyu/yule · POSS w- · REL -ye	class 1: SUBJ a- · ADJ m-/mw- · GEN wa · DEM huyu/yule · POSS w- · REL -ye	wetu ist der Possessiv für 1PL	A1 SD1 U unser
750	25	U	unten	0	Er wohnt ganz unten im Haus.	He lives right at the bottom of the house.	Anakaa chini kabisa kwenye nyumba.	a-na-ka-a chini kabisa kwenye nyumba	3SG-PRÄS-wohnen-IND unten ganz an KL9.Haus	3SG-PRS-live-IND below quite at CL9.house	nyumba Kl. 9/10 (Ø/n-) → nyumba  — Numerus nur an der Konkordanz	nyumba class 9/10 (Ø/n-) → nyumba  — number shows only in the agreement	Kl.9: SUBJ i- · ADJ Ø/n- · GEN ya · DEM hii/ile · POSS y- · REL -yo	class 9: SUBJ i- · ADJ Ø/n- · GEN ya · DEM hii/ile · POSS y- · REL -yo	chini und juu bleiben unverändert	A1 SD1 U unten
751	25	U	unter	0	Unter uns wohnt eine Familie mit drei Kindern.	Below us lives a family with three children.	Chini yetu inakaa familia na watoto watatu.	chini y-etu i-na-ka-a familia na watoto wa-tatu	unten KL9-unser KL9-PRÄS-wohnen-IND KL9.Familie mit KL2.Kind KL2-drei	below CL9-our CL9-PRS-live-IND CL9.family with CL2.child CL2-three	familia Kl. 9/10 (Ø/n-) → familia  — Numerus nur an der Konkordanz  [Lehnwort] · mtoto Kl. 1/2 (m-/mw- › wa-) → watoto	familia class 9/10 (Ø/n-) → familia  — number shows only in the agreement  [loanword] · mtoto class 1/2 (m-/mw- › wa-) → watoto	Kl.9: SUBJ i- · ADJ Ø/n- · GEN ya · DEM hii/ile · POSS y- · REL -yo · Kl.1: SUBJ a- · ADJ m-/mw- · GEN wa · DEM huyu/yule · POSS w- · REL -ye	class 9: SUBJ i- · ADJ Ø/n- · GEN ya · DEM hii/ile · POSS y- · REL -yo · class 1: SUBJ a- · ADJ m-/mw- · GEN wa · DEM huyu/yule · POSS w- · REL -ye	"chini ya heißt ""unterhalb von"""	A1 SD1 U unter
752	25	U	der Unterricht	0	Wir haben Unterricht von 8.00 bis 12.00 Uhr.	We have lessons from 8.00 to 12.00.	Tuna masomo kuanzia saa mbili hadi saa sita.	tu-na ma-somo ku-anz-i-a saa mbili hadi saa sita	1PL-haben KL6-Unterricht KL15-anfangen-APPL-IND KL9.Stunde zwei bis KL9.Stunde sechs	1PL-have CL6-lessons CL15-begin-APPL-IND CL9.hour two until CL9.hour six	"masomo Kl. 6 (ma-), kein Numeruswechsel  [nur Plural] · saa Kl. 9/10 (Ø/n-) → saa  — Numerus nur an der Konkordanz  [auch ""Uhr""]"	"masomo class 6 (ma-), no number change  [plural only] · saa class 9/10 (Ø/n-) → saa  — number shows only in the agreement  [also ""clock""]"	Kl.6: SUBJ ya- · ADJ ma- · GEN ya · DEM haya/yale · POSS y- · REL -yo · Kl.9: SUBJ i- · ADJ Ø/n- · GEN ya · DEM hii/ile · POSS y- · REL -yo	class 6: SUBJ ya- · ADJ ma- · GEN ya · DEM haya/yale · POSS y- · REL -yo · class 9: SUBJ i- · ADJ Ø/n- · GEN ya · DEM hii/ile · POSS y- · REL -yo	saa mbili = 8 Uhr, saa sita = 12 Uhr	A1 SD1 U Unterricht
753	25	U	unterschreiben	0	Wo muss ich unterschreiben?	Where do I have to sign?	Lazima nitie sahihi wapi?	lazima ni-ti-e sahihi wapi	muss 1SG-setzen-KONJ KL9.Unterschrift wo	must 1SG-put-SBJV CL9.signature where	sahihi Kl. 9/10 (Ø/n-) → sahihi  — Numerus nur an der Konkordanz	sahihi class 9/10 (Ø/n-) → sahihi  — number shows only in the agreement	Kl.9: SUBJ i- · ADJ Ø/n- · GEN ya · DEM hii/ile · POSS y- · REL -yo	class 9: SUBJ i- · ADJ Ø/n- · GEN ya · DEM hii/ile · POSS y- · REL -yo	"unterschreiben = kutia sahihi, ""Unterschrift setzen"""	A1 SD1 U unterschreiben
754	25	U	die Unterschrift	1	Hier fehlt noch Ihre Unterschrift.	Your signature is still missing here.	Hapa sahihi yenu inakosekana bado.	hapa sahihi y-enu i-na-kosekan-a bado	hier KL9.Unterschrift KL9-euer KL9-PRÄS-fehlen-IND noch	here CL9.signature CL9-your CL9-PRS-be.missing-IND still	sahihi Kl. 9/10 (Ø/n-) → sahihi  — Numerus nur an der Konkordanz	sahihi class 9/10 (Ø/n-) → sahihi  — number shows only in the agreement	Kl.9: SUBJ i- · ADJ Ø/n- · GEN ya · DEM hii/ile · POSS y- · REL -yo	class 9: SUBJ i- · ADJ Ø/n- · GEN ya · DEM hii/ile · POSS y- · REL -yo	"Stativ -ekan- macht aus fehlen ""abwesend sein"""	A1 SD1 U Unterschrift
755	25	U	der Urlaub	0	Ich nehme im September Urlaub.	I am taking holiday in September.	Nachukua likizo Septemba.	na-chuku-a likizo Septemba	1SG.PRÄS.ALLG-nehmen-IND KL9.Urlaub September	1SG.PRS.GNRL-take-IND CL9.holiday September	likizo Kl. 9/10 (Ø/n-) → likizo  — Numerus nur an der Konkordanz	likizo class 9/10 (Ø/n-) → likizo  — number shows only in the agreement	Kl.9: SUBJ i- · ADJ Ø/n- · GEN ya · DEM hii/ile · POSS y- · REL -yo	class 9: SUBJ i- · ADJ Ø/n- · GEN ya · DEM hii/ile · POSS y- · REL -yo	Monatsnamen brauchen keine Präposition	A1 SD1 U Urlaub
756	25	V	der Vater, -ä	0	Mein Vater ist Arbeiter.	My father is a worker.	Baba yangu ni mfanyakazi.	baba y-angu ni m-fanyakazi	KL9/KL1.Vater KL9-mein KOP KL1-Arbeiter	CL9/CL1.father CL9-my COP CL1-worker	baba Kl. 9/10 (Ø/n-) → baba  — Numerus nur an der Konkordanz  [Person: Form Kl. 9/10, Kongruenz Kl. 1/2]	baba class 9/10 (Ø/n-) → baba  — number shows only in the agreement  [person: form class 9/10, agreement class 1/2]	Kl.1: SUBJ a- · ADJ m-/mw- · GEN wa · DEM huyu/yule · POSS w- · REL -ye	class 1: SUBJ a- · ADJ m-/mw- · GEN wa · DEM huyu/yule · POSS w- · REL -ye	"mfanyakazi wörtlich ""Arbeit-Tuer"""	A1 SD1 V Vater
757	25	V	verboten	0	Hier ist Rauchen verboten.	Smoking is forbidden here.	Hapa kuvuta sigara ni haramu.	hapa ku-vut-a sigara ni haramu	hier KL15-ziehen-IND KL9.Zigarette KOP verboten	here CL15-pull-IND CL9.cigarette COP forbidden	sigara Kl. 9/10 (Ø/n-) → sigara  — Numerus nur an der Konkordanz  [Lehnwort]	sigara class 9/10 (Ø/n-) → sigara  — number shows only in the agreement  [loanword]	Kl.9: SUBJ i- · ADJ Ø/n- · GEN ya · DEM hii/ile · POSS y- · REL -yo	class 9: SUBJ i- · ADJ Ø/n- · GEN ya · DEM hii/ile · POSS y- · REL -yo	haramu ist arabisch und bleibt unverändert	A1 SD1 V verboten
758	25	V	verdienen	0	Ich verdiene 1.500 Euro im Monat.	I earn 1,500 euros a month.	Napata Euro elfu moja mia tano kwa mwezi.	na-pat-a Euro elfu moja mia tano kwa mw-ezi	1SG.PRÄS.ALLG-verdienen-IND Euro KL9.Tausend eins KL9.Hundert fünf pro KL3-Monat	1SG.PRS.GNRL-earn-IND euro CL9.thousand one CL9.hundred five per CL3-month			Kl.9: SUBJ i- · ADJ Ø/n- · GEN ya · DEM hii/ile · POSS y- · REL -yo · Kl.3: SUBJ u- · ADJ m-/mw- · GEN wa · DEM huu/ule · POSS w- · REL -o	class 9: SUBJ i- · ADJ Ø/n- · GEN ya · DEM hii/ile · POSS y- · REL -yo · class 3: SUBJ u- · ADJ m-/mw- · GEN wa · DEM huu/ule · POSS w- · REL -o	1500 = elfu moja mia tano	A1 SD1 V verdienen
759	25	V	der Verein	0	Es gibt einen neuen Sportverein in der Stadt.	There is a new sports club in town.	Kuna chama kipya cha michezo mjini.	ku-na chama ki-pya ch-a mi-chezo m-ji-ni	KL17-mit KL7.Verein KL7-neu KL7-GEN KL4-Sport KL3-Stadt-LOK	CL17-with CL7.club CL7-new CL7-GEN CL4-sport CL3-town-LOC	chama Kl. 7/8 (ki- › vi-) → vyama · mchezo Kl. 3/4 (m-/mw- › mi-) → michezo	chama class 7/8 (ki- › vi-) → vyama · mchezo class 3/4 (m-/mw- › mi-) → michezo	Kl.7: SUBJ ki- · ADJ ki- · GEN cha · DEM hiki/kile · POSS ch- · REL -cho · Kl.3: SUBJ u- · ADJ m-/mw- · GEN wa · DEM huu/ule · POSS w- · REL -o	class 7: SUBJ ki- · ADJ ki- · GEN cha · DEM hiki/kile · POSS ch- · REL -cho · class 3: SUBJ u- · ADJ m-/mw- · GEN wa · DEM huu/ule · POSS w- · REL -o	Dreifache Kl.7-Kongruenz: chama, kipya, cha	A1 SD1 V Verein
760	25	V	verheiratet	0	Ich bin verheiratet und habe drei Kinder.	I am married and have three children.	Nimeoa na nina watoto watatu.	ni-me-o-a na ni-na watoto wa-tatu	1SG-PERF-heiraten-IND und 1SG-haben KL2.Kind KL2-drei	1SG-PRF-marry-IND and 1SG-have CL2.child CL2-three	mtoto Kl. 1/2 (m-/mw- › wa-) → watoto	mtoto class 1/2 (m-/mw- › wa-) → watoto	Kl.1: SUBJ a- · ADJ m-/mw- · GEN wa · DEM huyu/yule · POSS w- · REL -ye	class 1: SUBJ a- · ADJ m-/mw- · GEN wa · DEM huyu/yule · POSS w- · REL -ye	verheiratet sein ist das Perfekt von heiraten	A1 SD1 V verheiratet
761	25	V	verkaufen	0	Er verkauft sein altes Auto.	He is selling his old car.	Anauza gari lake kuukuu.	a-na-uz-a gari l-ake kuukuu	3SG-PRÄS-verkaufen-IND KL5.Auto KL5-sein alt	3SG-PRS-sell-IND CL5.car CL5-be old	gari Kl. 5/6 (ji-/Ø › ma-) → magari	gari class 5/6 (ji-/Ø › ma-) → magari	Kl.5: SUBJ li- · ADJ ji-/Ø · GEN la · DEM hili/lile · POSS l- · REL -lo	class 5: SUBJ li- · ADJ ji-/Ø · GEN la · DEM hili/lile · POSS l- · REL -lo	kuukuu nur für Sachen, mzee für Menschen	A1 SD1 V verkaufen
762	25	V	der Verkäufer, –	1	Meine Mutter ist Verkäuferin im Kaufhaus.	My mother is a sales assistant in a department store.	Mama yangu ni muuzaji kwenye duka kuu.	mama y-angu ni mu-uzaji kwenye duka kuu	KL9/KL1.Mutter KL9-mein KOP KL1-Verkäuferin an KL5.Laden groß	CL9/CL1.mother CL9-my COP CL1-sales.assistant at CL5.shop big	mama Kl. 9/10 (Ø/n-) → mama  — Numerus nur an der Konkordanz  [Person: Form Kl. 9/10, Kongruenz Kl. 1/2] · muuzaji Kl. 1/2 (m-/mw- › wa-) → wauzaji · duka Kl. 5/6 (ji-/Ø › ma-) → maduka	mama class 9/10 (Ø/n-) → mama  — number shows only in the agreement  [person: form class 9/10, agreement class 1/2] · muuzaji class 1/2 (m-/mw- › wa-) → wauzaji · duka class 5/6 (ji-/Ø › ma-) → maduka	Kl.1: SUBJ a- · ADJ m-/mw- · GEN wa · DEM huyu/yule · POSS w- · REL -ye · Kl.5: SUBJ li- · ADJ ji-/Ø · GEN la · DEM hili/lile · POSS l- · REL -lo	class 1: SUBJ a- · ADJ m-/mw- · GEN wa · DEM huyu/yule · POSS w- · REL -ye · class 5: SUBJ li- · ADJ ji-/Ø · GEN la · DEM hili/lile · POSS l- · REL -lo	muuzaji Kl.1, Plural wauzaji Kl.2	A1 SD1 V Verkäufer
763	25	V	vermieten	0	Die Wohnung ist schon vermietet.	The flat has already been let.	Nyumba imepangishwa tayari.	nyumba i-me-pangish-w-a tayari	KL9.Haus KL9-PERF-vermieten-PASS-IND schon	CL9.house CL9-PRF-let-PASS-IND already	nyumba Kl. 9/10 (Ø/n-) → nyumba  — Numerus nur an der Konkordanz	nyumba class 9/10 (Ø/n-) → nyumba  — number shows only in the agreement	Kl.9: SUBJ i- · ADJ Ø/n- · GEN ya · DEM hii/ile · POSS y- · REL -yo	class 9: SUBJ i- · ADJ Ø/n- · GEN ya · DEM hii/ile · POSS y- · REL -yo	Kausativ -ish- plus Passiv: vermietet werden	A1 SD1 V vermieten
764	25	V	der Vermieter	1	Unser Vermieter heißt Huber. Er wohnt auch hier.	Our landlord is called Huber. He lives here too.	Mwenye nyumba wetu anaitwa Huber. Anakaa hapa pia.	mw-enye nyumba w-etu a-na-it-w-a Huber a-na-ka-a hapa pia	KL1-Besitzer KL9.Haus KL1-unser 3SG-PRÄS-nennen-PASS-IND Huber 3SG-PRÄS-wohnen-IND hier auch	CL1-owner CL9.house CL1-our 3SG-PRS-call-PASS-IND Huber 3SG-PRS-live-IND here also	mwenye nyumba Kl. 1/2 (m-/mw- › wa-) → wenye nyumba · nyumba Kl. 9/10 (Ø/n-) → nyumba  — Numerus nur an der Konkordanz	mwenye nyumba class 1/2 (m-/mw- › wa-) → wenye nyumba · nyumba class 9/10 (Ø/n-) → nyumba  — number shows only in the agreement	Kl.1: SUBJ a- · ADJ m-/mw- · GEN wa · DEM huyu/yule · POSS w- · REL -ye · Kl.9: SUBJ i- · ADJ Ø/n- · GEN ya · DEM hii/ile · POSS y- · REL -yo	class 1: SUBJ a- · ADJ m-/mw- · GEN wa · DEM huyu/yule · POSS w- · REL -ye · class 9: SUBJ i- · ADJ Ø/n- · GEN ya · DEM hii/ile · POSS y- · REL -yo	"mwenye heißt ""der mit"", bildet Besitzerwörter"	A1 SD1 V Vermieter
765	25	V	verstehen	0	Können Sie mich verstehen?	Can you understand me?	Mnaweza kunielewa?	m-na-wez-a ku-ni-elew-a	2PL-PRÄS-können-IND KL15-OBJ1SG-verstehen-IND	2PL-PRS-can-IND CL15-OBJ1SG-understand-IND			Kl.15: SUBJ ku- · ADJ ku- · GEN kwa · DEM huku/kule · POSS kw- · REL -ko	class 15: SUBJ ku- · ADJ ku- · GEN kwa · DEM huku/kule · POSS kw- · REL -ko	Objektpräfix -ni- zwischen ku- und Wurzel	A1 SD1 V verstehen
766	25	V	der Verwandte, -n	0	Peter besucht seine Verwandten in Polen.	Peter is visiting his relatives in Poland.	Peter anawatembelea ndugu zake Polandi.	Peter a-na-wa-tembel-e-a ndugu z-ake Polandi	Peter 3SG-PRÄS-OBJ2-besuchen-APPL-IND KL9/KL2.Verwandte KL10-sein Polen	Peter 3SG-PRS-OBJ2-visit-APPL-IND CL9/CL2.relative CL10-be Poland	ndugu Kl. 9/10 (Ø/n-) → ndugu  — Numerus nur an der Konkordanz  [Person: Form Kl. 9/10, Kongruenz Kl. 1/2]	ndugu class 9/10 (Ø/n-) → ndugu  — number shows only in the agreement  [person: form class 9/10, agreement class 1/2]	Kl.1: SUBJ a- · ADJ m-/mw- · GEN wa · DEM huyu/yule · POSS w- · REL -ye	class 1: SUBJ a- · ADJ m-/mw- · GEN wa · DEM huyu/yule · POSS w- · REL -ye	Objekt Kl.2, Possessiv zake aber Kl.10	A1 SD1 V Verwandte
767	25	V	viel	0	Hier regnet es viel.	It rains a lot here.	Hapa inanyesha sana.	hapa i-na-nyesh-a sana	hier KL9-PRÄS-regnen-IND sehr	here CL9-PRS-rain-IND very			Kl.9: SUBJ i- · ADJ Ø/n- · GEN ya · DEM hii/ile · POSS y- · REL -yo	class 9: SUBJ i- · ADJ Ø/n- · GEN ya · DEM hii/ile · POSS y- · REL -yo	sana vertritt hier das deutsche viel	A1 SD1 V viel
768	25	V	vielleicht	0	Ich komme vielleicht mit dem Bus.	Perhaps I will come by bus.	Labda nakuja kwa basi.	labda na-kuj-a kwa basi	vielleicht 1SG.PRÄS.ALLG-kommen-IND mit KL5.Bus	perhaps 1SG.PRS.GNRL-come-IND with CL5.bus	basi Kl. 5/6 (ji-/Ø › ma-) → mabasi	basi class 5/6 (ji-/Ø › ma-) → mabasi	Kl.5: SUBJ li- · ADJ ji-/Ø · GEN la · DEM hili/lile · POSS l- · REL -lo	class 5: SUBJ li- · ADJ ji-/Ø · GEN la · DEM hili/lile · POSS l- · REL -lo	labda steht am Satzanfang	A1 SD1 V vielleicht
769	25	V	von	0	Das Auto von Felix ist kaputt.	Felix's car is broken.	Gari la Felix limeharibika.	gari l-a Felix li-me-haribik-a	KL5.Auto KL5-GEN Felix KL5-PERF-kaputt.gehen-IND	CL5.car CL5-GEN Felix CL5-PRF-break-IND	gari Kl. 5/6 (ji-/Ø › ma-) → magari	gari class 5/6 (ji-/Ø › ma-) → magari	Kl.5: SUBJ li- · ADJ ji-/Ø · GEN la · DEM hili/lile · POSS l- · REL -lo	class 5: SUBJ li- · ADJ ji-/Ø · GEN la · DEM hili/lile · POSS l- · REL -lo	Besitz wird mit dem Genitiv la ausgedrückt	A1 SD1 V von
770	25	V	von	0	Er kommt gerade von Köln/von zu Hause.	He has just come from Cologne/from home.	Anakuja kutoka Köln/kutoka nyumbani hivi sasa.	a-na-kuj-a ku-tok-a Köln ku-tok-a nyumbani hivi sasa	3SG-PRÄS-kommen-IND KL15-kommen-IND Köln KL15-kommen-IND KL9.Haus.LOK gleich jetzt	3SG-PRS-come-IND CL15-come-IND Cologne CL15-come-IND CL9.house.LOC same now			Kl.15: SUBJ ku- · ADJ ku- · GEN kwa · DEM huku/kule · POSS kw- · REL -ko · Kl.9: SUBJ i- · ADJ Ø/n- · GEN ya · DEM hii/ile · POSS y- · REL -yo	class 15: SUBJ ku- · ADJ ku- · GEN kwa · DEM huku/kule · POSS kw- · REL -ko · class 9: SUBJ i- · ADJ Ø/n- · GEN ya · DEM hii/ile · POSS y- · REL -yo	"kutoka dient als Präposition ""von"""	A1 SD1 V von
771	25	V	vor	0	Der Termin war vor einer Stunde.	The appointment was an hour ago.	Miadi ilikuwa saa moja iliyopita.	miadi i-li-kuw-a saa moja i-li-yo-pit-a	KL9.Termin KL9-PRÄT-sein-IND KL9.Stunde eins KL9-PRÄT-REL9-vergehen-IND	CL9.appointment CL9-PST-be-IND CL9.hour one CL9-PST-REL9-pass-IND	"miadi Kl. 9/10 (Ø/n-) → miadi  — Numerus nur an der Konkordanz · saa Kl. 9/10 (Ø/n-) → saa  — Numerus nur an der Konkordanz  [auch ""Uhr""]"	"miadi class 9/10 (Ø/n-) → miadi  — number shows only in the agreement · saa class 9/10 (Ø/n-) → saa  — number shows only in the agreement  [also ""clock""]"	Kl.9: SUBJ i- · ADJ Ø/n- · GEN ya · DEM hii/ile · POSS y- · REL -yo	class 9: SUBJ i- · ADJ Ø/n- · GEN ya · DEM hii/ile · POSS y- · REL -yo	"iliyopita heißt ""die vergangene"""	A1 SD1 V vor
772	25	V	vor	0	Das Auto steht vor der Tür.	The car is parked in front of the door.	Gari limesimama mbele ya mlango.	gari li-me-simam-a mbele y-a m-lango	KL5.Auto KL5-PERF-stehen-IND vor KL9-GEN KL3-Tür	CL5.car CL5-PRF-stand-IND before CL9-GEN CL3-door	gari Kl. 5/6 (ji-/Ø › ma-) → magari	gari class 5/6 (ji-/Ø › ma-) → magari	Kl.5: SUBJ li- · ADJ ji-/Ø · GEN la · DEM hili/lile · POSS l- · REL -lo	class 5: SUBJ li- · ADJ ji-/Ø · GEN la · DEM hili/lile · POSS l- · REL -lo	mbele ya verlangt den Genitiv	A1 SD1 V vor
773	25	V	der Vorname, -n	0	Ich heiße Müller, mein Vorname ist Eva.	My name is Müller, my first name is Eva.	Naitwa Müller, jina langu la kwanza ni Eva.	na-it-w-a Müller jina l-angu l-a kwanza ni Eva	1SG.PRÄS.ALLG-nennen-PASS-IND Müller KL5.Name KL5-mein KL5-GEN erste KOP Eva	1SG.PRS.GNRL-call-PASS-IND Müller CL5.name CL5-my CL5-GEN first COP Eva	jina Kl. 5/6 (ji-/Ø › ma-) → majina	jina class 5/6 (ji-/Ø › ma-) → majina	Kl.5: SUBJ li- · ADJ ji-/Ø · GEN la · DEM hili/lile · POSS l- · REL -lo	class 5: SUBJ li- · ADJ ji-/Ø · GEN la · DEM hili/lile · POSS l- · REL -lo	Zweifache Kl.5-Kongruenz: langu und la	A1 SD1 V Vorname
774	25	V	die Vorsicht	0	Vorsicht! Da kommt ein Auto.	Careful! There is a car coming.	Tahadhari! Gari linakuja.	tahadhari gari li-na-kuj-a	KL9.Vorsicht KL5.Auto KL5-PRÄS-kommen-IND	CL9.caution CL5.car CL5-PRS-come-IND	gari Kl. 5/6 (ji-/Ø › ma-) → magari	gari class 5/6 (ji-/Ø › ma-) → magari	Kl.5: SUBJ li- · ADJ ji-/Ø · GEN la · DEM hili/lile · POSS l- · REL -lo	class 5: SUBJ li- · ADJ ji-/Ø · GEN la · DEM hili/lile · POSS l- · REL -lo	tahadhari warnt, uangalifu ist die Eigenschaft	A1 SD1 V Vorsicht
775	25	V	(sich) vorstellen	0	Wir wollen uns kennenlernen. Können Sie sich bitte vorstellen?	We want to get to know each other. Could you introduce yourself?	Tunataka kufahamiana. Mnaweza kujitambulisha tafadhali?	tu-na-tak-a ku-fahami-an-a m-na-wez-a ku-ji-tambulish-a tafadhali	1PL-PRÄS-wollen-IND KL15-kennen-REZ-IND 2PL-PRÄS-können-IND KL15-REFL-vorstellen-IND bitte	1PL-PRS-want-IND CL15-know-RECP-IND 2PL-PRS-can-IND CL15-REFL-introduce-IND please			Kl.15: SUBJ ku- · ADJ ku- · GEN kwa · DEM huku/kule · POSS kw- · REL -ko	class 15: SUBJ ku- · ADJ ku- · GEN kwa · DEM huku/kule · POSS kw- · REL -ko	Reziprok -an- und Reflexiv -ji- in einem Satz	A1 SD1 V vorstellen
776	25	V	die Vorwahl	0	Wie ist die Vorwahl von München?	What is the dialling code for Munich?	Namba ya mkoa ya München ni ipi?	namba y-a mkoa y-a München ni ipi	KL9.Nummer KL9-GEN KL3.Bezirk KL9-GEN München KOP KL9.welche	CL9.number CL9-GEN CL3.district CL9-GEN Munich COP CL9.which	namba Kl. 9/10 (Ø/n-) → namba  — Numerus nur an der Konkordanz  [Lehnwort]	namba class 9/10 (Ø/n-) → namba  — number shows only in the agreement  [loanword]	Kl.9: SUBJ i- · ADJ Ø/n- · GEN ya · DEM hii/ile · POSS y- · REL -yo	class 9: SUBJ i- · ADJ Ø/n- · GEN ya · DEM hii/ile · POSS y- · REL -yo	Vorwahl als namba ya mkoa	A1 SD1 V Vorwahl
777	25	W	wandern	0	Wir wandern um den Chiemsee.	We are hiking around Lake Chiemsee.	Tunatembea kuzunguka ziwa la Chiemsee.	tu-na-tembe-a kuzunguka ziwa l-a Chiemsee	1PL-PRÄS-wandern-IND um KL5.See KL5-GEN Chiemsee	1PL-PRS-hike-IND around CL5.lake CL5-GEN Chiemsee	ziwa Kl. 5/6 (ji-/Ø › ma-) → maziwa	ziwa class 5/6 (ji-/Ø › ma-) → maziwa	Kl.5: SUBJ li- · ADJ ji-/Ø · GEN la · DEM hili/lile · POSS l- · REL -lo	class 5: SUBJ li- · ADJ ji-/Ø · GEN la · DEM hili/lile · POSS l- · REL -lo	"kuzunguka dient als Präposition ""um"""	A1 SD1 W wandern
778	25	W	wann	0	Wann bist du fertig?	When will you be ready?	Utamaliza lini?	u-ta-maliz-a lini	2SG-FUT-fertig.werden-IND wann	2SG-FUT-be.ready-IND when					lini steht am Satzende	A1 SD1 W wann
779	25	W	wann	0	Wann kann ich Sie anrufen?	When can I call you?	Naweza kuwapigia simu lini?	na-wez-a ku-wa-pig-i-a simu lini	1SG.PRÄS.ALLG-können-IND KL15-OBJ2PL-schlagen-APPL-IND KL9.Telefon wann	1SG.PRS.GNRL-can-IND CL15-OBJ2PL-hit-APPL-IND CL9.phone when	simu Kl. 9/10 (Ø/n-) → simu  — Numerus nur an der Konkordanz	simu class 9/10 (Ø/n-) → simu  — number shows only in the agreement	Kl.9: SUBJ i- · ADJ Ø/n- · GEN ya · DEM hii/ile · POSS y- · REL -yo	class 9: SUBJ i- · ADJ Ø/n- · GEN ya · DEM hii/ile · POSS y- · REL -yo	"Applikativ -i- plus Objekt -wa- für ""euch anrufen"""	A1 SD1 W wann
780	25	W	wann	0	Wann sind Sie geboren?	When were you born?	Mlizaliwa lini?	m-li-zali-w-a lini	2PL-PRÄT-gebären-PASS-IND wann	2PL-PST-bear-PASS-IND when					Passiv Vergangenheit für die Geburt	A1 SD1 W wann
781	25	W	warten	0	Können Sie ein paar Minuten warten?	Could you wait a few minutes?	Mnaweza kusubiri dakika kadhaa?	m-na-wez-a ku-subiri dakika kadhaa	2PL-PRÄS-können-IND KL15-warten KL9.Minute mehrere	2PL-PRS-can-IND CL15-wait CL9.minute several			Kl.15: SUBJ ku- · ADJ ku- · GEN kwa · DEM huku/kule · POSS kw- · REL -ko · Kl.9: SUBJ i- · ADJ Ø/n- · GEN ya · DEM hii/ile · POSS y- · REL -yo	class 15: SUBJ ku- · ADJ ku- · GEN kwa · DEM huku/kule · POSS kw- · REL -ko · class 9: SUBJ i- · ADJ Ø/n- · GEN ya · DEM hii/ile · POSS y- · REL -yo	kadhaa heißt mehrere, einige	A1 SD1 W warten
782	25	W	warten	0	Auf wen warten Sie?	Who are you waiting for?	Mnamsubiri nani?	m-na-m-subiri nani	2PL-PRÄS-OBJ1-warten wer	2PL-PRS-OBJ1-wait who					Swahili braucht keine Präposition bei kusubiri	A1 SD1 W warten
783	25	W	warum	0	Warum kommt er nicht?	Why is he not coming?	Kwa nini hakuji?	kwa nini ha-kuj-i	für was 3SG.NEG-kommen-NEG	for what 3SG.NEG-come-NEG					"kwa nini heißt wörtlich ""für was"""	A1 SD1 W warum
784	25	W	was	0	Was ist das?	What is that?	Hii ni nini?	hii ni nini	KL9.DEM KOP was	CL9.DEM COP what			Kl.9: SUBJ i- · ADJ Ø/n- · GEN ya · DEM hii/ile · POSS y- · REL -yo	class 9: SUBJ i- · ADJ Ø/n- · GEN ya · DEM hii/ile · POSS y- · REL -yo	nini fragt nach Sachen, nani nach Personen	A1 SD1 W was
785	25	W	was	0	Was möchten Sie?	What would you like?	Mnataka nini?	m-na-tak-a nini	2PL-PRÄS-wollen-IND was	2PL-PRS-want-IND what					kutaka deckt wollen und möchten ab	A1 SD1 W was
786	25	W	was für ein	0	Was für eine Farbe möchten Sie?	What colour would you like?	Mnataka rangi gani?	m-na-tak-a rangi gani	2PL-PRÄS-wollen-IND KL9.Farbe welche	2PL-PRS-want-IND CL9.colour which	rangi Kl. 9/10 (Ø/n-) → rangi  — Numerus nur an der Konkordanz	rangi class 9/10 (Ø/n-) → rangi  — number shows only in the agreement	Kl.9: SUBJ i- · ADJ Ø/n- · GEN ya · DEM hii/ile · POSS y- · REL -yo	class 9: SUBJ i- · ADJ Ø/n- · GEN ya · DEM hii/ile · POSS y- · REL -yo	gani fragt nach der Art, ipi nach der Auswahl	A1 SD1 W was_für_ein
787	25	W	(sich) waschen	0	Wo kann ich mir die Hände waschen?	Where can I wash my hands?	Naweza kunawa mikono wapi?	na-wez-a ku-naw-a mi-kono wapi	1SG.PRÄS.ALLG-können-IND KL15-waschen-IND KL4-Hand wo	1SG.PRS.GNRL-can-IND CL15-wash-IND CL4-hand where	mkono Kl. 3/4 (m-/mw- › mi-) → mikono	mkono class 3/4 (m-/mw- › mi-) → mikono	Kl.3: SUBJ u- · ADJ m-/mw- · GEN wa · DEM huu/ule · POSS w- · REL -o	class 3: SUBJ u- · ADJ m-/mw- · GEN wa · DEM huu/ule · POSS w- · REL -o	kunawa wäscht Hände, kuosha Geschirr	A1 SD1 W waschen
788	25	W	(sich) waschen	0	Ich muss morgen waschen.	Tomorrow I have to do the washing.	Kesho lazima nifue.	kesho lazima ni-fu-e	morgen muss 1SG-waschen-KONJ	tomorrow must 1SG-wash-SBJV					kufua wäscht Wäsche	A1 SD1 W waschen
789	25	W	das Wasser	0	Ein Glas Wasser, bitte.	A glass of water, please.	Glasi moja ya maji, tafadhali.	glasi moja y-a maji tafadhali	KL9.Glas eins KL9-GEN KL6.Wasser bitte	CL9.glass one CL9-GEN CL6.water please	glasi Kl. 9/10 (Ø/n-) → glasi  — Numerus nur an der Konkordanz  [Lehnwort] · maji Kl. 6 (ma-), kein Numeruswechsel  [nur Plural]	glasi class 9/10 (Ø/n-) → glasi  — number shows only in the agreement  [loanword] · maji class 6 (ma-), no number change  [plural only]	Kl.9: SUBJ i- · ADJ Ø/n- · GEN ya · DEM hii/ile · POSS y- · REL -yo · Kl.6: SUBJ ya- · ADJ ma- · GEN ya · DEM haya/yale · POSS y- · REL -yo	class 9: SUBJ i- · ADJ Ø/n- · GEN ya · DEM hii/ile · POSS y- · REL -yo · class 6: SUBJ ya- · ADJ ma- · GEN ya · DEM haya/yale · POSS y- · REL -yo	maji ist Kl.6 und hat keinen Singular	A1 SD1 W Wasser
790	25	W	weh tun	0	Ich muss zum Arzt. Mein Bein tut weh.	I have to go to the doctor. My leg hurts.	Lazima niende kwa daktari. Mguu wangu unaniuma.	lazima ni-end-e kwa daktari m-guu w-angu u-na-ni-um-a	muss 1SG-gehen-KONJ zu KL5/KL1.Arzt KL3-Bein KL3-mein KL3-PRÄS-OBJ1SG-schmerzen-IND	must 1SG-go-SBJV to CL5/CL1.doctor CL3-leg CL3-my CL3-PRS-OBJ1SG-hurt-IND	daktari Kl. 5/6 (ji-/Ø › ma-) → madaktari  [Person: Form Kl. 5/6, Kongruenz Kl. 1/2] · mguu Kl. 3/4 (m-/mw- › mi-) → miguu	daktari class 5/6 (ji-/Ø › ma-) → madaktari  [person: form class 5/6, agreement class 1/2] · mguu class 3/4 (m-/mw- › mi-) → miguu	Kl.1: SUBJ a- · ADJ m-/mw- · GEN wa · DEM huyu/yule · POSS w- · REL -ye · Kl.3: SUBJ u- · ADJ m-/mw- · GEN wa · DEM huu/ule · POSS w- · REL -o	class 1: SUBJ a- · ADJ m-/mw- · GEN wa · DEM huyu/yule · POSS w- · REL -ye · class 3: SUBJ u- · ADJ m-/mw- · GEN wa · DEM huu/ule · POSS w- · REL -o	Das Bein schmerzt mich: Objektpräfix -ni-	A1 SD1 W weh_tun
791	25	W	weiblich	0	Kreuzen Sie bitte an: „weiblich“ oder „männlich“.	"Please tick: ""female"" or ""male""."	"Tafadhali tieni alama: ""mwanamke"" au ""mwanamume""."	tafadhali ti-eni alama mw-anamke au mw-anamume	bitte setzen-IMP.PL KL9.Zeichen KL1-Frau oder KL1-Mann	please put-IMP.PL CL9.mark CL1-woman or CL1-man	alama Kl. 9/10 (Ø/n-) → alama  — Numerus nur an der Konkordanz · mwanamke Kl. 1/2 (m-/mw- › wa-) → wanawake · mwanamume Kl. 1/2 (m-/mw- › wa-) → wanaume	alama class 9/10 (Ø/n-) → alama  — number shows only in the agreement · mwanamke class 1/2 (m-/mw- › wa-) → wanawake · mwanamume class 1/2 (m-/mw- › wa-) → wanaume	Kl.9: SUBJ i- · ADJ Ø/n- · GEN ya · DEM hii/ile · POSS y- · REL -yo · Kl.1: SUBJ a- · ADJ m-/mw- · GEN wa · DEM huyu/yule · POSS w- · REL -ye	class 9: SUBJ i- · ADJ Ø/n- · GEN ya · DEM hii/ile · POSS y- · REL -yo · class 1: SUBJ a- · ADJ m-/mw- · GEN wa · DEM huyu/yule · POSS w- · REL -ye	Geschlecht wird als Nomen angegeben	A1 SD1 W weiblich
792	25	W	der Wein	0	Nein danke, ich möchte keinen Wein.	No thank you, I do not want any wine.	Hapana asante, sitaki mvinyo.	hapana asante si-tak-i m-vinyo	nein danke 1SG.NEG-wollen-NEG KL3-Wein	no thanks 1SG.NEG-want-NEG CL3-wine	mvinyo Kl. 3/4 (m-/mw- › mi-) → mivinyo	mvinyo class 3/4 (m-/mw- › mi-) → mivinyo	Kl.3: SUBJ u- · ADJ m-/mw- · GEN wa · DEM huu/ule · POSS w- · REL -o	class 3: SUBJ u- · ADJ m-/mw- · GEN wa · DEM huu/ule · POSS w- · REL -o	"Swahili hat kein eigenes Wort für ""kein"""	A1 SD1 W Wein
793	25	W	weit	0	Zum Bahnhof ist es nicht weit.	It is not far to the station.	Hadi stesheni si mbali.	hadi stesheni si mbali	bis KL9.Bahnhof NEG.KOP weit	until CL9.station NEG.COP far	stesheni Kl. 9/10 (Ø/n-) → stesheni  — Numerus nur an der Konkordanz  [Lehnwort]	stesheni class 9/10 (Ø/n-) → stesheni  — number shows only in the agreement  [loanword]	Kl.9: SUBJ i- · ADJ Ø/n- · GEN ya · DEM hii/ile · POSS y- · REL -yo	class 9: SUBJ i- · ADJ Ø/n- · GEN ya · DEM hii/ile · POSS y- · REL -yo	si verneint die Kopula ni	A1 SD1 W weit
794	26	W	weiter	0	Der Bus fährt nicht weiter.	The bus does not go any further.	Basi haliendelei.	basi hali-endele-i	KL5.Bus KL5.NEG-weitergehen-NEG	CL5.bus CL5.NEG-continue-NEG	basi Kl. 5/6 (ji-/Ø › ma-) → mabasi	basi class 5/6 (ji-/Ø › ma-) → mabasi	Kl.5: SUBJ li- · ADJ ji-/Ø · GEN la · DEM hili/lile · POSS l- · REL -lo	class 5: SUBJ li- · ADJ ji-/Ø · GEN la · DEM hili/lile · POSS l- · REL -lo	Negatives Subjektpräfix der Kl.5 lautet hali-	A1 SD1 W weiter
795	26	W	welch-	0	Welches Buch möchtest du?	Which book would you like?	Unataka kitabu kipi?	u-na-tak-a ki-tabu kipi	2SG-PRÄS-wollen-IND KL7-Buch KL7.welche	2SG-PRS-want-IND CL7-book CL7.which	kitabu Kl. 7/8 (ki- › vi-) → vitabu	kitabu class 7/8 (ki- › vi-) → vitabu	Kl.7: SUBJ ki- · ADJ ki- · GEN cha · DEM hiki/kile · POSS ch- · REL -cho	class 7: SUBJ ki- · ADJ ki- · GEN cha · DEM hiki/kile · POSS ch- · REL -cho	kipi kongruiert mit kitabu Kl.7	A1 SD1 W welch
796	26	W	die Welt	0	Es gibt viele Probleme auf der Welt.	There are many problems in the world.	Kuna matatizo mengi duniani.	ku-na ma-tatizo m-engi dunia-ni	KL17-mit KL6-Problem KL6-viele KL9.Welt-LOK	CL17-with CL6-problem CL6-many CL9.world-LOC	tatizo Kl. 5/6 (ji-/Ø › ma-) → matatizo	tatizo class 5/6 (ji-/Ø › ma-) → matatizo	Kl.5: SUBJ li- · ADJ ji-/Ø · GEN la · DEM hili/lile · POSS l- · REL -lo	class 5: SUBJ li- · ADJ ji-/Ø · GEN la · DEM hili/lile · POSS l- · REL -lo	Ortssuffix -ni an dunia Kl.9	A1 SD1 W Welt
797	26	W	wenig	0	Ich habe leider nur wenig verstanden.	Unfortunately I only understood a little.	Kwa bahati mbaya nimeelewa kidogo tu.	kwa bahati m-baya ni-me-elew-a ki-dogo tu	für KL9.Glück KL9-schlecht 1SG-PERF-verstehen-IND KL7-klein nur	for CL9.luck CL9-bad 1SG-PRF-understand-IND CL7-small only	bahati Kl. 9/10 (Ø/n-) → bahati  — Numerus nur an der Konkordanz	bahati class 9/10 (Ø/n-) → bahati  — number shows only in the agreement	Kl.9: SUBJ i- · ADJ Ø/n- · GEN ya · DEM hii/ile · POSS y- · REL -yo	class 9: SUBJ i- · ADJ Ø/n- · GEN ya · DEM hii/ile · POSS y- · REL -yo	"kidogo dient als Adverb ""wenig"""	A1 SD1 W wenig
798	26	W	wenig	0	Er verdient wenig.	He earns little.	Anapata kidogo.	a-na-pat-a ki-dogo	3SG-PRÄS-verdienen-IND KL7-klein	3SG-PRS-earn-IND CL7-small			Kl.7: SUBJ ki- · ADJ ki- · GEN cha · DEM hiki/kile · POSS ch- · REL -cho	class 7: SUBJ ki- · ADJ ki- · GEN cha · DEM hiki/kile · POSS ch- · REL -cho	kupata heißt bekommen und verdienen	A1 SD1 W wenig
799	26	W	wer	0	Wer ist das?	Who is that?	Huyu ni nani?	huyu ni nani	KL1.DEM KOP wer	CL1.DEM COP who			Kl.1: SUBJ a- · ADJ m-/mw- · GEN wa · DEM huyu/yule · POSS w- · REL -ye	class 1: SUBJ a- · ADJ m-/mw- · GEN wa · DEM huyu/yule · POSS w- · REL -ye	huyu für Personen, hii für Sachen der Kl.9	A1 SD1 W wer
800	26	W	werden	0	Mein Sohn will Arzt werden.	My son wants to become a doctor.	Mwana wangu anataka kuwa daktari.	mw-ana w-angu a-na-tak-a ku-w-a daktari	KL1-Sohn KL1-mein 3SG-PRÄS-wollen-IND KL15-werden-IND KL5/KL1.Arzt	CL1-son CL1-my 3SG-PRS-want-IND CL15-become-IND CL5/CL1.doctor	mwana Kl. 1/2 (m-/mw- › wa-) → wana · daktari Kl. 5/6 (ji-/Ø › ma-) → madaktari  [Person: Form Kl. 5/6, Kongruenz Kl. 1/2]	mwana class 1/2 (m-/mw- › wa-) → wana · daktari class 5/6 (ji-/Ø › ma-) → madaktari  [person: form class 5/6, agreement class 1/2]	Kl.1: SUBJ a- · ADJ m-/mw- · GEN wa · DEM huyu/yule · POSS w- · REL -ye	class 1: SUBJ a- · ADJ m-/mw- · GEN wa · DEM huyu/yule · POSS w- · REL -ye	kuwa heißt sein und werden	A1 SD1 W werden
801	26	W	das Wetter	0	Wir hatten schlechtes Wetter.	We had bad weather.	Tulikuwa na hali ya hewa mbaya.	tu-li-kuw-a na hali y-a hewa m-baya	1PL-PRÄT-sein-IND mit KL9.Lage KL9-GEN KL9.Luft KL9-schlecht	1PL-PST-be-IND with CL9.state CL9-GEN CL9.air CL9-bad	hali ya hewa Kl. 9 (Ø/n-), kein Numeruswechsel  [Genitivfuegung, kein Plural]	hali ya hewa class 9 (Ø/n-), no number change  [genitive construction, no plural]	Kl.9: SUBJ i- · ADJ Ø/n- · GEN ya · DEM hii/ile · POSS y- · REL -yo	class 9: SUBJ i- · ADJ Ø/n- · GEN ya · DEM hii/ile · POSS y- · REL -yo	Vergangenheit von haben ist kuwa na mit -li-	A1 SD1 W Wetter
802	26	W	wichtig	0	Dieses Formular ist sehr wichtig.	This form is very important.	Fomu hii ni muhimu sana.	fomu hii ni muhimu sana	KL9.Formular KL9.DEM KOP wichtig sehr	CL9.form CL9.DEM COP important very	fomu Kl. 9/10 (Ø/n-) → fomu  — Numerus nur an der Konkordanz  [Lehnwort]	fomu class 9/10 (Ø/n-) → fomu  — number shows only in the agreement  [loanword]	Kl.9: SUBJ i- · ADJ Ø/n- · GEN ya · DEM hii/ile · POSS y- · REL -yo	class 9: SUBJ i- · ADJ Ø/n- · GEN ya · DEM hii/ile · POSS y- · REL -yo	muhimu bleibt unverändert	A1 SD1 W wichtig
803	26	W	wie	0	Wie heißt du?	What is your name?	Unaitwa nani?	u-na-it-w-a nani	2SG-PRÄS-nennen-PASS-IND wer	2SG-PRS-call-PASS-IND who					heißen steht stets im Passiv	A1 SD1 W wie
804	26	W	wie	0	Er schreibt wie ein Kind.	He writes like a child.	Anaandika kama mtoto.	a-na-andik-a kama m-toto	3SG-PRÄS-schreiben-IND wie KL1-Kind	3SG-PRS-write-IND how CL1-child	mtoto Kl. 1/2 (m-/mw- › wa-) → watoto	mtoto class 1/2 (m-/mw- › wa-) → watoto	Kl.1: SUBJ a- · ADJ m-/mw- · GEN wa · DEM huyu/yule · POSS w- · REL -ye	class 1: SUBJ a- · ADJ m-/mw- · GEN wa · DEM huyu/yule · POSS w- · REL -ye	kama bildet den Vergleich	A1 SD1 W wie
805	26	W	wie	0	Meine Frau ist so groß wie ich.	My wife is as tall as I am.	Mke wangu ni mrefu kama mimi.	mke w-angu ni m-refu kama mimi	KL1.Ehefrau KL1-mein KOP KL1-groß wie ich	CL1.wife CL1-my COP CL1-big how I	"mke Kl. 1/2 (m-/mw- › wa-) → wake  [Ehemann = ""mume"" Kl. 1/2]"	"mke class 1/2 (m-/mw- › wa-) → wake  [husband = ""mume"" class 1/2]"	Kl.1: SUBJ a- · ADJ m-/mw- · GEN wa · DEM huyu/yule · POSS w- · REL -ye	class 1: SUBJ a- · ADJ m-/mw- · GEN wa · DEM huyu/yule · POSS w- · REL -ye	kama dient dem Gleichheitsvergleich	A1 SD1 W wie
806	26	W	wie	0	Wie soll ich das machen?	How am I supposed to do that?	Nifanye hii vipi?	ni-fany-e hii vipi	1SG-tun-KONJ KL9.DEM wie	1SG-do-SBJV CL9.DEM how			Kl.9: SUBJ i- · ADJ Ø/n- · GEN ya · DEM hii/ile · POSS y- · REL -yo	class 9: SUBJ i- · ADJ Ø/n- · GEN ya · DEM hii/ile · POSS y- · REL -yo	vipi fragt nach der Art und Weise	A1 SD1 W wie
807	26	W	wie	0	Wie groß ist die Wohnung?	How big is the flat?	Nyumba ina ukubwa gani?	nyumba i-na ukubwa gani	KL9.Haus KL9-haben KL14.Größe welche	CL9.house CL9-have CL14.size which	nyumba Kl. 9/10 (Ø/n-) → nyumba  — Numerus nur an der Konkordanz · ukubwa Kl. 14 (u-), kein Numeruswechsel  [Abstraktum]	nyumba class 9/10 (Ø/n-) → nyumba  — number shows only in the agreement · ukubwa class 14 (u-), no number change  [abstract noun]	Kl.9: SUBJ i- · ADJ Ø/n- · GEN ya · DEM hii/ile · POSS y- · REL -yo · Kl.14: SUBJ u- · ADJ m-/mw- · GEN wa · DEM huu/ule · POSS w- · REL -o	class 9: SUBJ i- · ADJ Ø/n- · GEN ya · DEM hii/ile · POSS y- · REL -yo · class 14: SUBJ u- · ADJ m-/mw- · GEN wa · DEM huu/ule · POSS w- · REL -o	Größe haben statt groß sein	A1 SD1 W wie
808	26	W	wie	0	Wie bitte?	Sorry, what did you say?	Samahani, vipi?	samahani vipi	KL9.Entschuldigung wie	CL9.apology how			Kl.9: SUBJ i- · ADJ Ø/n- · GEN ya · DEM hii/ile · POSS y- · REL -yo	class 9: SUBJ i- · ADJ Ø/n- · GEN ya · DEM hii/ile · POSS y- · REL -yo	vipi fragt auch nach dem Gesagten	A1 SD1 W wie
809	26	W	wie	0	Wie lange bist du schon hier?	How long have you been here?	Uko hapa kwa muda gani tayari?	u-ko hapa kwa muda gani tayari	2SG-sein.da hier für KL3.Zeit welche schon	2SG-be.there here for CL3.time which already	muda Kl. 3/10 (m-/mw- › Ø/n-) → nyakati  [Plural unregelmaessig]	muda class 3/10 (m-/mw- › Ø/n-) → nyakati  [irregular plural]	Kl.3: SUBJ u- · ADJ m-/mw- · GEN wa · DEM huu/ule · POSS w- · REL -o	class 3: SUBJ u- · ADJ m-/mw- · GEN wa · DEM huu/ule · POSS w- · REL -o	muda gani fragt nach der Dauer	A1 SD1 W wie
810	26	W	wiederholen	0	Können Sie das bitte wiederholen?	Could you repeat that, please?	Mnaweza kurudia hii tafadhali?	m-na-wez-a ku-rudi-a hii tafadhali	2PL-PRÄS-können-IND KL15-wiederholen-IND KL9.DEM bitte	2PL-PRS-can-IND CL15-repeat-IND CL9.DEM please			Kl.15: SUBJ ku- · ADJ ku- · GEN kwa · DEM huku/kule · POSS kw- · REL -ko · Kl.9: SUBJ i- · ADJ Ø/n- · GEN ya · DEM hii/ile · POSS y- · REL -yo	class 15: SUBJ ku- · ADJ ku- · GEN kwa · DEM huku/kule · POSS kw- · REL -ko · class 9: SUBJ i- · ADJ Ø/n- · GEN ya · DEM hii/ile · POSS y- · REL -yo	kurudia ist kurudi plus Applikativ	A1 SD1 W wiederholen
811	26	W	das Wiederhören	0	Wir müssen jetzt Schluss machen.	We have to finish now.	Sasa lazima tumalize.	sasa lazima tu-maliz-e	jetzt muss 1PL-beenden-KONJ	now must 1PL-finish-SBJV					"Deutsches ""wir"" verlangt tu-, nicht ni-"	A1 SD1 W Wiederhören
812	26	W	das Wiederhören	0	Also auf Wiederhören!	Well, goodbye then!	Basi, kwaheri!	basi kwaheri	also auf.Wiederhören	so goodbye	basi Kl. 5/6 (ji-/Ø › ma-) → mabasi	basi class 5/6 (ji-/Ø › ma-) → mabasi	Kl.5: SUBJ li- · ADJ ji-/Ø · GEN la · DEM hili/lile · POSS l- · REL -lo	class 5: SUBJ li- · ADJ ji-/Ø · GEN la · DEM hili/lile · POSS l- · REL -lo	kwaheri gilt am Telefon und beim Abschied	A1 SD1 W Wiederhören
813	26	W	das Wiedersehen	0	Auf Wiedersehen!	Goodbye!	Kwaheri!	kwaheri	auf.Wiedersehen	goodbye					kwaheri ist unveränderlich	A1 SD1 W Wiedersehen
814	26	W	wie viel	0	Wie viel Milch nehmen Sie?	How much milk do you take?	Mnachukua maziwa kiasi gani?	m-na-chuku-a maziwa kiasi gani	2PL-PRÄS-nehmen-IND KL6.Milch KL9.Menge welche	2PL-PRS-take-IND CL6.milk CL9.amount which	maziwa Kl. 6 (ma-), kein Numeruswechsel  [nur Plural]	maziwa class 6 (ma-), no number change  [plural only]	Kl.6: SUBJ ya- · ADJ ma- · GEN ya · DEM haya/yale · POSS y- · REL -yo	class 6: SUBJ ya- · ADJ ma- · GEN ya · DEM haya/yale · POSS y- · REL -yo	kiasi gani fragt nach der Menge	A1 SD1 W wie_viel
815	26	W	willkommen	0	Herzlich willkommen!	A warm welcome!	Karibu sana!	karibu sana	willkommen sehr	welcome very					karibu heißt willkommen und nahe	A1 SD1 W willkommen
816	26	W	der Wind	0	Der Wind kommt aus Osten.	The wind comes from the east.	Upepo unatoka mashariki.	upepo u-na-tok-a mashariki	KL11.Wind KL11-PRÄS-kommen-IND KL9.Osten	CL11.wind CL11-PRS-come-IND CL9.east	upepo Kl. 11/10 (u- › Ø/n-) → pepo	upepo class 11/10 (u- › Ø/n-) → pepo	Kl.11: SUBJ u- · ADJ m-/mw- · GEN wa · DEM huu/ule · POSS w- · REL -o	class 11: SUBJ u- · ADJ m-/mw- · GEN wa · DEM huu/ule · POSS w- · REL -o	upepo Kl.11, Plural pepo Kl.10	A1 SD1 W Wind
817	26	W	wir	0	Wir lernen Deutsch.	We are learning German.	Tunasoma Kijerumani.	tu-na-som-a Ki-jerumani	1PL-PRÄS-lernen-IND KL7-Deutsch	1PL-PRS-learn-IND CL7-German			Kl.7: SUBJ ki- · ADJ ki- · GEN cha · DEM hiki/kile · POSS ch- · REL -cho	class 7: SUBJ ki- · ADJ ki- · GEN cha · DEM hiki/kile · POSS ch- · REL -cho	Sprachen tragen das ki- der Kl.7	A1 SD1 W wir
818	26	W	wissen	0	Weißt du, wie er heißt?	Do you know what he is called?	Unajua anaitwa nani?	u-na-ju-a a-na-it-w-a nani	2SG-PRÄS-wissen-IND 3SG-PRÄS-nennen-PASS-IND wer	2SG-PRS-know-IND 3SG-PRS-call-PASS-IND who					Indirekte Frage ohne Einleitewort	A1 SD1 W wissen
819	26	W	wo	0	Wo waren Sie im Urlaub?	Where were you on holiday?	Mlikuwa wapi likizoni?	m-li-kuw-a wapi likizo-ni	2PL-PRÄT-sein-IND wo KL9.Urlaub-LOK	2PL-PST-be-IND where CL9.holiday-LOC			Kl.9: SUBJ i- · ADJ Ø/n- · GEN ya · DEM hii/ile · POSS y- · REL -yo	class 9: SUBJ i- · ADJ Ø/n- · GEN ya · DEM hii/ile · POSS y- · REL -yo	Ortssuffix -ni an likizo Kl.9	A1 SD1 W wo
820	26	W	wo	0	Wo ist die Post?	Where is the post office?	Posta iko wapi?	posta i-ko wapi	KL9.Post KL9-sein.da wo	CL9.post CL9-be.there where	posta Kl. 9/10 (Ø/n-) → posta  — Numerus nur an der Konkordanz  [Lehnwort]	posta class 9/10 (Ø/n-) → posta  — number shows only in the agreement  [loanword]	Kl.9: SUBJ i- · ADJ Ø/n- · GEN ya · DEM hii/ile · POSS y- · REL -yo	class 9: SUBJ i- · ADJ Ø/n- · GEN ya · DEM hii/ile · POSS y- · REL -yo	iko fragt nach dem Ort einer Sache	A1 SD1 W wo
821	26	W	wo	0	Wo sind Sie geboren?	Where were you born?	Mlizaliwa wapi?	m-li-zali-w-a wapi	2PL-PRÄT-gebären-PASS-IND wo	2PL-PST-bear-PASS-IND where					Passiv Vergangenheit für die Geburt	A1 SD1 W wo
822	26	W	woher	0	Woher kommen Sie?	Where do you come from?	Mnatoka wapi?	m-na-tok-a wapi	2PL-PRÄS-kommen-IND wo	2PL-PRS-come-IND where					wapi fragt nach Ort und Herkunft	A1 SD1 W woher
823	26	W	wohin	0	Wohin fährt dieser Bus?	Where does this bus go?	Basi hili linakwenda wapi?	basi hili li-na-kwend-a wapi	KL5.Bus KL5.DEM KL5-PRÄS-gehen-IND wo	CL5.bus CL5.DEM CL5-PRS-go-IND where	basi Kl. 5/6 (ji-/Ø › ma-) → mabasi	basi class 5/6 (ji-/Ø › ma-) → mabasi	Kl.5: SUBJ li- · ADJ ji-/Ø · GEN la · DEM hili/lile · POSS l- · REL -lo	class 5: SUBJ li- · ADJ ji-/Ø · GEN la · DEM hili/lile · POSS l- · REL -lo	Bei kwenda bleibt das ku- im Stamm	A1 SD1 W wohin
824	26	W	wohin	0	Wohin wollen Sie am Wochenende?	Where do you want to go at the weekend?	Mnataka kwenda wapi mwishoni wa wiki?	m-na-tak-a kw-end-a wapi mwisho-ni w-a wiki	2PL-PRÄS-wollen-IND KL15-gehen-IND wo KL3.Ende-LOK KL3-GEN KL9.Woche	2PL-PRS-want-IND CL15-go-IND where CL3.end-LOC CL3-GEN CL9.week			Kl.15: SUBJ ku- · ADJ ku- · GEN kwa · DEM huku/kule · POSS kw- · REL -ko · Kl.3: SUBJ u- · ADJ m-/mw- · GEN wa · DEM huu/ule · POSS w- · REL -o	class 15: SUBJ ku- · ADJ ku- · GEN kwa · DEM huku/kule · POSS kw- · REL -ko · class 3: SUBJ u- · ADJ m-/mw- · GEN wa · DEM huu/ule · POSS w- · REL -o	Wochenende als mwishoni wa wiki	A1 SD1 W wohin
825	26	W	wohnen	0	Ich wohne in München.	I live in Munich.	Nakaa München.	na-ka-a München	1SG.PRÄS.ALLG-wohnen-IND München	1SG.PRS.GNRL-live-IND Munich					Ortsnamen brauchen keine Präposition	A1 SD1 W wohnen
826	26	W	die Wohnung, -en	1	Seit wann haben Sie diese Wohnung?	Since when have you had this flat?	Mnayo nyumba hii tangu lini?	m-na-yo nyumba hii tangu lini	2PL-haben-REL9 KL9.Haus KL9.DEM seit wann	2PL-have-REL9 CL9.house CL9.DEM since when	nyumba Kl. 9/10 (Ø/n-) → nyumba  — Numerus nur an der Konkordanz	nyumba class 9/10 (Ø/n-) → nyumba  — number shows only in the agreement	Kl.9: SUBJ i- · ADJ Ø/n- · GEN ya · DEM hii/ile · POSS y- · REL -yo	class 9: SUBJ i- · ADJ Ø/n- · GEN ya · DEM hii/ile · POSS y- · REL -yo	tangu lini fragt nach dem Beginn	A1 SD1 W Wohnung
827	26	W	wollen	0	Wollen Sie einen Kaffee trinken?	Would you like to drink a coffee?	Mnataka kunywa kahawa?	m-na-tak-a ku-nyw-a kahawa	2PL-PRÄS-wollen-IND KL15-trinken-IND KL9.Kaffee	2PL-PRS-want-IND CL15-drink-IND CL9.coffee	kahawa Kl. 9/10 (Ø/n-) → kahawa  — Numerus nur an der Konkordanz	kahawa class 9/10 (Ø/n-) → kahawa  — number shows only in the agreement	Kl.9: SUBJ i- · ADJ Ø/n- · GEN ya · DEM hii/ile · POSS y- · REL -yo	class 9: SUBJ i- · ADJ Ø/n- · GEN ya · DEM hii/ile · POSS y- · REL -yo	kunywa hat den unregelmäßigen Stamm nyw-	A1 SD1 W wollen
828	26	W	das Wort, -ö, er/-e	0	Ich kenne das Wort nicht.	I do not know the word.	Sijui neno hilo.	si-ju-i neno hilo	1SG.NEG-wissen-NEG KL5.Wort KL5.DEM	1SG.NEG-know-NEG CL5.word CL5.DEM	neno Kl. 5/6 (ji-/Ø › ma-) → maneno	neno class 5/6 (ji-/Ø › ma-) → maneno	Kl.5: SUBJ li- · ADJ ji-/Ø · GEN la · DEM hili/lile · POSS l- · REL -lo	class 5: SUBJ li- · ADJ ji-/Ø · GEN la · DEM hili/lile · POSS l- · REL -lo	hilo ist das Demonstrativ der Kl.5	A1 SD1 W Wort
829	26	W	wunderbar	0	Das Essen schmeckt wunderbar.	The food tastes wonderful.	Chakula kinapendeza vizuri ajabu.	chakula ki-na-pendez-a vi-zuri ajabu	KL7.Essen KL7-PRÄS-gefallen-IND KL8-gut KL9.Wunder	CL7.food CL7-PRS-please-IND CL8-good CL9.wonder	chakula Kl. 7/8 (ki- › vi-) → vyakula	chakula class 7/8 (ki- › vi-) → vyakula	Kl.7: SUBJ ki- · ADJ ki- · GEN cha · DEM hiki/kile · POSS ch- · REL -cho	class 7: SUBJ ki- · ADJ ki- · GEN cha · DEM hiki/kile · POSS ch- · REL -cho	"ajabu verstärkt zu ""wunderbar"""	A1 SD1 W wunderbar
830	26	Z	zahlen	0	Zahlen, bitte!	The bill, please!	Kulipa, tafadhali!	ku-lip-a tafadhali	KL15-zahlen-IND bitte	CL15-pay-IND please			Kl.15: SUBJ ku- · ADJ ku- · GEN kwa · DEM huku/kule · POSS kw- · REL -ko	class 15: SUBJ ku- · ADJ ku- · GEN kwa · DEM huku/kule · POSS kw- · REL -ko	Infinitiv dient als höfliche Aufforderung	A1 SD1 Z zahlen
831	26	Z	die Zeit	0	Ich habe heute keine Zeit.	I have no time today.	Leo sina wakati.	leo si-na wakati	heute 1SG.NEG-haben KL11.Zeit	today 1SG.NEG-have CL11.time	wakati Kl. 11/10 (u- › Ø/n-) → nyakati	wakati class 11/10 (u- › Ø/n-) → nyakati	Kl.11: SUBJ u- · ADJ m-/mw- · GEN wa · DEM huu/ule · POSS w- · REL -o	class 11: SUBJ u- · ADJ m-/mw- · GEN wa · DEM huu/ule · POSS w- · REL -o	sina ist die 1SG-Negation von nina	A1 SD1 Z Zeit
832	26	Z	zurzeit	1	Zurzeit habe ich sehr viel zu tun.	At the moment I have a great deal to do.	Kwa sasa nina mengi ya kufanya.	kwa sasa ni-na m-engi y-a ku-fany-a	für jetzt 1SG-haben KL6-viel KL6-GEN KL15-tun-IND	for now 1SG-have CL6-much CL6-GEN CL15-do-IND			Kl.6: SUBJ ya- · ADJ ma- · GEN ya · DEM haya/yale · POSS y- · REL -yo · Kl.15: SUBJ ku- · ADJ ku- · GEN kwa · DEM huku/kule · POSS kw- · REL -ko	class 6: SUBJ ya- · ADJ ma- · GEN ya · DEM haya/yale · POSS y- · REL -yo · class 15: SUBJ ku- · ADJ ku- · GEN kwa · DEM huku/kule · POSS kw- · REL -ko	"mengi ist Kl.6 und steht für ""vieles"""	A1 SD1 Z zurzeit
833	26	Z	die Zeitung, -en	0	Ich lese gern Zeitung.	I like reading the newspaper.	Napenda kusoma gazeti.	na-pend-a ku-som-a gazeti	1SG.PRÄS.ALLG-mögen-IND KL15-lesen-IND KL5.Zeitung	1SG.PRS.GNRL-like-IND CL15-read-IND CL5.newspaper	gazeti Kl. 5/6 (ji-/Ø › ma-) → magazeti	gazeti class 5/6 (ji-/Ø › ma-) → magazeti	Kl.5: SUBJ li- · ADJ ji-/Ø · GEN la · DEM hili/lile · POSS l- · REL -lo	class 5: SUBJ li- · ADJ ji-/Ø · GEN la · DEM hili/lile · POSS l- · REL -lo	gazeti Kl.5, Plural magazeti Kl.6	A1 SD1 Z Zeitung
834	26	Z	die Zigarette, -n	0	Wie teuer sind die Zigaretten?	How expensive are the cigarettes?	Sigara ni ghali kiasi gani?	sigara ni ghali kiasi gani	KL10.Zigarette KOP teuer KL9.Menge welche	CL10.cigarette COP expensive CL9.amount which	sigara Kl. 9/10 (Ø/n-) → sigara  — Numerus nur an der Konkordanz  [Lehnwort]	sigara class 9/10 (Ø/n-) → sigara  — number shows only in the agreement  [loanword]	Kl.9: SUBJ i- · ADJ Ø/n- · GEN ya · DEM hii/ile · POSS y- · REL -yo	class 9: SUBJ i- · ADJ Ø/n- · GEN ya · DEM hii/ile · POSS y- · REL -yo	sigara ist Kl.9 und Kl.10 gleich	A1 SD1 Z Zigarette
835	26	Z	das Zimmer, –	0	Das Zimmer ist groß.	The room is big.	Chumba ni kikubwa.	ki-umba ni ki-kubwa	KL7-Zimmer KOP KL7-groß	CL7-room COP CL7-big	chumba Kl. 7/8 (ki- › vi-) → vyumba	chumba class 7/8 (ki- › vi-) → vyumba	Kl.7: SUBJ ki- · ADJ ki- · GEN cha · DEM hiki/kile · POSS ch- · REL -cho	class 7: SUBJ ki- · ADJ ki- · GEN cha · DEM hiki/kile · POSS ch- · REL -cho	kikubwa kongruiert mit chumba Kl.7	A1 SD1 Z Zimmer
836	26	Z	das Zimmer, –	0	Öffne im Schlafzimmer das Fenster, bitte!	Please open the window in the bedroom!	Tafadhali fungua dirisha kwenye chumba cha kulala!	tafadhali fungu-a dirisha kwenye ki-umba ch-a ku-lal-a	bitte öffnen-IMP KL5.Fenster an KL7-Zimmer KL7-GEN KL15-schlafen-IND	please open-IMP CL5.window at CL7-room CL7-GEN CL15-sleep-IND	chumba Kl. 7/8 (ki- › vi-) → vyumba	chumba class 7/8 (ki- › vi-) → vyumba	Kl.7: SUBJ ki- · ADJ ki- · GEN cha · DEM hiki/kile · POSS ch- · REL -cho	class 7: SUBJ ki- · ADJ ki- · GEN cha · DEM hiki/kile · POSS ch- · REL -cho	Schlafzimmer als chumba cha kulala	A1 SD1 Z Zimmer
837	26	Z	das Zimmer, –	0	Die Wohnung hat drei Zimmer.	The flat has three rooms.	Nyumba ina vyumba vitatu.	nyumba i-na vy-umba vi-tatu	KL9.Haus KL9-haben KL8-Zimmer KL8-drei	CL9.house CL9-have CL8-room CL8-three	nyumba Kl. 9/10 (Ø/n-) → nyumba  — Numerus nur an der Konkordanz · chumba Kl. 7/8 (ki- › vi-) → vyumba	nyumba class 9/10 (Ø/n-) → nyumba  — number shows only in the agreement · chumba class 7/8 (ki- › vi-) → vyumba	Kl.9: SUBJ i- · ADJ Ø/n- · GEN ya · DEM hii/ile · POSS y- · REL -yo · Kl.7: SUBJ ki- · ADJ ki- · GEN cha · DEM hiki/kile · POSS ch- · REL -cho	class 9: SUBJ i- · ADJ Ø/n- · GEN ya · DEM hii/ile · POSS y- · REL -yo · class 7: SUBJ ki- · ADJ ki- · GEN cha · DEM hiki/kile · POSS ch- · REL -cho	vitatu trägt das Kl.8-Präfix	A1 SD1 Z Zimmer
838	26	Z	das Zimmer, –	0	Ich habe ein Zimmer bestellt.	I have booked a room.	Nimeagiza chumba.	ni-me-agiz-a ki-umba	1SG-PERF-bestellen-IND KL7-Zimmer	1SG-PRF-order-IND CL7-room	chumba Kl. 7/8 (ki- › vi-) → vyumba	chumba class 7/8 (ki- › vi-) → vyumba	Kl.7: SUBJ ki- · ADJ ki- · GEN cha · DEM hiki/kile · POSS ch- · REL -cho	class 7: SUBJ ki- · ADJ ki- · GEN cha · DEM hiki/kile · POSS ch- · REL -cho	kuagiza bestellt Waren und Zimmer	A1 SD1 Z Zimmer
839	26	Z	der Zoll	0	Wir müssen noch durch den Zoll.	We still have to go through customs.	Lazima tupite forodha bado.	lazima tu-pit-e forodha bado	muss 1PL-gehen-KONJ KL9.Zoll noch	must 1PL-go-SBJV CL9.customs still	forodha Kl. 9/10 (Ø/n-) → forodha  — Numerus nur an der Konkordanz	forodha class 9/10 (Ø/n-) → forodha  — number shows only in the agreement	Kl.9: SUBJ i- · ADJ Ø/n- · GEN ya · DEM hii/ile · POSS y- · REL -yo	class 9: SUBJ i- · ADJ Ø/n- · GEN ya · DEM hii/ile · POSS y- · REL -yo	kupita geht durch, kuvuka überquert	A1 SD1 Z Zoll
840	26	Z	zu	0	Der Bus fährt zum Bahnhof.	The bus goes to the station.	Basi linakwenda stesheni.	basi li-na-kwend-a stesheni	KL5.Bus KL5-PRÄS-gehen-IND KL9.Bahnhof	CL5.bus CL5-PRS-go-IND CL9.station	basi Kl. 5/6 (ji-/Ø › ma-) → mabasi · stesheni Kl. 9/10 (Ø/n-) → stesheni  — Numerus nur an der Konkordanz  [Lehnwort]	basi class 5/6 (ji-/Ø › ma-) → mabasi · stesheni class 9/10 (Ø/n-) → stesheni  — number shows only in the agreement  [loanword]	Kl.5: SUBJ li- · ADJ ji-/Ø · GEN la · DEM hili/lile · POSS l- · REL -lo · Kl.9: SUBJ i- · ADJ Ø/n- · GEN ya · DEM hii/ile · POSS y- · REL -yo	class 5: SUBJ li- · ADJ ji-/Ø · GEN la · DEM hili/lile · POSS l- · REL -lo · class 9: SUBJ i- · ADJ Ø/n- · GEN ya · DEM hii/ile · POSS y- · REL -yo	Ziel ohne Präposition nach kwenda	A1 SD1 Z zu
841	26	Z	zu	0	Ich gehe zu Fuß.	I am going on foot.	Naenda kwa miguu.	na-end-a kwa mi-guu	1SG.PRÄS.ALLG-gehen-IND mit KL4-Fuß	1SG.PRS.GNRL-go-IND with CL4-foot	mguu Kl. 3/4 (m-/mw- › mi-) → miguu	mguu class 3/4 (m-/mw- › mi-) → miguu	Kl.3: SUBJ u- · ADJ m-/mw- · GEN wa · DEM huu/ule · POSS w- · REL -o	class 3: SUBJ u- · ADJ m-/mw- · GEN wa · DEM huu/ule · POSS w- · REL -o	"zu Fuß = kwa miguu, ""mit den Füßen"""	A1 SD1 Z zu
842	26	Z	zu	0	Ich bin zu Hause.	I am at home.	Niko nyumbani.	ni-ko nyumbani	1SG-sein.da KL9.Haus.LOK	1SG-be.there CL9.house.LOC			Kl.9: SUBJ i- · ADJ Ø/n- · GEN ya · DEM hii/ile · POSS y- · REL -yo	class 9: SUBJ i- · ADJ Ø/n- · GEN ya · DEM hii/ile · POSS y- · REL -yo	"nyumbani deckt ""zu Hause"" und ""nach Hause"" ab"	A1 SD1 Z zu
843	27	Z	zufrieden	0	Ich bin mit der Wohnung zufrieden.	I am satisfied with the flat.	Nimeridhika na nyumba.	ni-me-ridhik-a na nyumba	1SG-PERF-zufrieden.sein-IND mit KL9.Haus	1SG-PRF-be.satisfied-IND with CL9.house	nyumba Kl. 9/10 (Ø/n-) → nyumba  — Numerus nur an der Konkordanz	nyumba class 9/10 (Ø/n-) → nyumba  — number shows only in the agreement	Kl.9: SUBJ i- · ADJ Ø/n- · GEN ya · DEM hii/ile · POSS y- · REL -yo	class 9: SUBJ i- · ADJ Ø/n- · GEN ya · DEM hii/ile · POSS y- · REL -yo	Stativ -ik- plus Perfekt für einen Zustand	A1 SD1 Z zufrieden
844	27	Z	der Zug, -ü, e	0	Ich fahre gern mit dem Zug.	I like travelling by train.	Napenda kusafiri kwa treni.	na-pend-a ku-safiri kwa treni	1SG.PRÄS.ALLG-mögen-IND KL15-reisen mit KL9.Zug	1SG.PRS.GNRL-like-IND CL15-travel with CL9.train	treni Kl. 9/10 (Ø/n-) → treni  — Numerus nur an der Konkordanz  [Lehnwort]	treni class 9/10 (Ø/n-) → treni  — number shows only in the agreement  [loanword]	Kl.9: SUBJ i- · ADJ Ø/n- · GEN ya · DEM hii/ile · POSS y- · REL -yo	class 9: SUBJ i- · ADJ Ø/n- · GEN ya · DEM hii/ile · POSS y- · REL -yo	kwa bezeichnet das Verkehrsmittel	A1 SD1 Z Zug
845	27	Z	zurück	0	Einmal Frankfurt und zurück.	A return to Frankfurt, once.	Frankfurt kwenda na kurudi, mara moja.	Frankfurt kw-end-a na ku-rudi mara moja	Frankfurt KL15-gehen-IND und KL15-zurückkehren KL9.Mal eins	Frankfurt CL15-go-IND and CL15-return CL9.time one			Kl.15: SUBJ ku- · ADJ ku- · GEN kwa · DEM huku/kule · POSS kw- · REL -ko · Kl.9: SUBJ i- · ADJ Ø/n- · GEN ya · DEM hii/ile · POSS y- · REL -yo	class 15: SUBJ ku- · ADJ ku- · GEN kwa · DEM huku/kule · POSS kw- · REL -ko · class 9: SUBJ i- · ADJ Ø/n- · GEN ya · DEM hii/ile · POSS y- · REL -yo	Hin und zurück als kwenda na kurudi	A1 SD1 Z zurück
846	27	Z	zurück	0	Wann kommst du zurück?	When are you coming back?	Unarudi lini?	u-na-rudi lini	2SG-PRÄS-zurückkehren wann	2SG-PRS-return when					kurudi ist arabisches Lehnverb auf -i	A1 SD1 Z zurück
847	27	Z	zusammen	0	Sollen wir zusammen essen gehen?	Shall we go and eat together?	Tuende kula pamoja?	tu-end-e ku-kul-a pamoja	1PL-gehen-KONJ KL15-essen-IND zusammen	1PL-go-SBJV CL15-eat-IND together			Kl.15: SUBJ ku- · ADJ ku- · GEN kwa · DEM huku/kule · POSS kw- · REL -ko	class 15: SUBJ ku- · ADJ ku- · GEN kwa · DEM huku/kule · POSS kw- · REL -ko	Konjunktiv plus Infinitiv als Vorschlag	A1 SD1 Z zusammen
848	27	Z	zusammen	0	Das macht zusammen 2 Euro 80.	That comes to 2 euros 80 altogether.	Hiyo ni Euro mbili na senti themanini kwa pamoja.	hiyo ni Euro mbili na senti themanini kwa pamoja	KL9.DEM KOP Euro zwei und KL9.Cent achtzig für zusammen	CL9.DEM COP euro two and CL9.cent eighty for together			Kl.9: SUBJ i- · ADJ Ø/n- · GEN ya · DEM hii/ile · POSS y- · REL -yo	class 9: SUBJ i- · ADJ Ø/n- · GEN ya · DEM hii/ile · POSS y- · REL -yo	achtzig = themanini	A1 SD1 Z zusammen
849	27	Z	zwischen	0	Heidelberg liegt zwischen Frankfurt und Stuttgart.	Heidelberg is between Frankfurt and Stuttgart.	Heidelberg iko kati ya Frankfurt na Stuttgart.	Heidelberg i-ko kati y-a Frankfurt na Stuttgart	Heidelberg KL9-sein.da zwischen KL9-GEN Frankfurt und Stuttgart	Heidelberg CL9-be.there between CL9-GEN Frankfurt and Stuttgart	kati Kl. 9 (Ø/n-), kein Numeruswechsel  [kein Plural]	kati class 9 (Ø/n-), no number change  [no plural]	Kl.9: SUBJ i- · ADJ Ø/n- · GEN ya · DEM hii/ile · POSS y- · REL -yo	class 9: SUBJ i- · ADJ Ø/n- · GEN ya · DEM hii/ile · POSS y- · REL -yo	kati ya verlangt den Genitiv	A1 SD1 Z zwischen
850	27	Z	zwischen	0	Zwischen 8 und 10 Uhr bin ich zu Hause.	Between 8 and 10 o'clock I am at home.	Kati ya saa mbili na saa nne niko nyumbani.	kati y-a saa mbili na saa nne ni-ko nyumbani	zwischen KL9-GEN KL9.Stunde zwei und KL9.Stunde vier 1SG-sein.da KL9.Haus.LOK	between CL9-GEN CL9.hour two and CL9.hour four 1SG-be.there CL9.house.LOC	"kati Kl. 9 (Ø/n-), kein Numeruswechsel  [kein Plural] · saa Kl. 9/10 (Ø/n-) → saa  — Numerus nur an der Konkordanz  [auch ""Uhr""]"	"kati class 9 (Ø/n-), no number change  [no plural] · saa class 9/10 (Ø/n-) → saa  — number shows only in the agreement  [also ""clock""]"	Kl.9: SUBJ i- · ADJ Ø/n- · GEN ya · DEM hii/ile · POSS y- · REL -yo	class 9: SUBJ i- · ADJ Ø/n- · GEN ya · DEM hii/ile · POSS y- · REL -yo	saa mbili = 8 Uhr, saa nne = 10 Uhr	A1 SD1 Z zwischen
