id	typ	typ_en	klasse	vorderseite	vorderseite_en	rueckseite	rueckseite_en	erklaerung	erklaerung_en	tags
D001	Klasse bestimmen	identify the class	14	umri (das Alter)  —  welche Nominalklasse?	umri (age)  —  which noun class?	Kl. 14	class 14	umri Kl. 14 (u-), kein Numeruswechsel	umri is class 14	A1 SD1 drill klasse kl14
D002	Klasse bestimmen	identify the class	9	ofa (das Angebot)  —  welche Nominalklasse?	ofa (offer)  —  which noun class?	Kl. 9/10	class 9/10	ofa Kl. 9/10 (Ø/n-) → ofa  — Numerus nur an der Konkordanz	ofa is class 9, plural ofa class 10	A1 SD1 drill klasse kl9
D003	Klasse bestimmen	identify the class	9	fleti (das Apartment)  —  welche Nominalklasse?	fleti (flat)  —  which noun class?	Kl. 9/10	class 9/10	fleti Kl. 9/10 (Ø/n-) → fleti  — Numerus nur an der Konkordanz	fleti is class 9, plural fleti class 10	A1 SD1 drill klasse kl9
D004	Klasse bestimmen	identify the class	5	jicho (das Auge)  —  welche Nominalklasse?	jicho (eye)  —  which noun class?	Kl. 5/6	class 5/6	jicho Kl. 5/6 (ji-/Ø › ma-) → macho	jicho is class 5, plural macho class 6	A1 SD1 drill klasse kl5
D005	Klasse bestimmen	identify the class	17	ugenini (das Ausland)  —  welche Nominalklasse?	ugenini (abroad)  —  which noun class?	Kl. 17	class 17	ugenini Kl. 17 (ku-), kein Numeruswechsel	ugenini is class 17	A1 SD1 drill klasse kl17
D006	Klasse bestimmen	identify the class	5	gari (das Auto)  —  welche Nominalklasse?	gari (car)  —  which noun class?	Kl. 5/6	class 5/6	gari Kl. 5/6 (ji-/Ø › ma-) → magari	gari is class 5, plural magari class 6	A1 SD1 drill klasse kl5
D007	Klasse bestimmen	identify the class	9	bafu (das Bad)  —  welche Nominalklasse?	bafu (bathroom)  —  which noun class?	Kl. 9/10	class 9/10	bafu Kl. 9/10 (Ø/n-) → bafu  — Numerus nur an der Konkordanz	bafu is class 9, plural bafu class 10	A1 SD1 drill klasse kl9
D008	Klasse bestimmen	identify the class	3	mguu (das Bein, der Fuß)  —  welche Nominalklasse?	mguu (leg, foot)  —  which noun class?	Kl. 3/4	class 3/4	mguu Kl. 3/4 (m-/mw- › mi-) → miguu	mguu is class 3, plural miguu class 4	A1 SD1 drill klasse kl3
D009	Klasse bestimmen	identify the class	3	mfano (das Beispiel)  —  welche Nominalklasse?	mfano (example)  —  which noun class?	Kl. 3/4	class 3/4	mfano Kl. 3/4 (m-/mw- › mi-) → mifano	mfano is class 3, plural mifano class 4	A1 SD1 drill klasse kl3
D010	Klasse bestimmen	identify the class	7	kitanda (das Bett)  —  welche Nominalklasse?	kitanda (bed)  —  which noun class?	Kl. 7/8	class 7/8	kitanda Kl. 7/8 (ki- › vi-) → vitanda	kitanda is class 7, plural vitanda class 8	A1 SD1 drill klasse kl7
D011	Klasse bestimmen	identify the class	9	bia (das Bier)  —  welche Nominalklasse?	bia (beer)  —  which noun class?	Kl. 9/10	class 9/10	bia Kl. 9/10 (Ø/n-) → bia  — Numerus nur an der Konkordanz	bia is class 9, plural bia class 10	A1 SD1 drill klasse kl9
D012	Klasse bestimmen	identify the class	9	picha (das Bild, das Foto)  —  welche Nominalklasse?	picha (picture, photo)  —  which noun class?	Kl. 9/10	class 9/10	picha Kl. 9/10 (Ø/n-) → picha  — Numerus nur an der Konkordanz	picha is class 9, plural picha class 10	A1 SD1 drill klasse kl9
D013	Klasse bestimmen	identify the class	3	mkate (das Brot)  —  welche Nominalklasse?	mkate (bread)  —  which noun class?	Kl. 3/4	class 3/4	mkate Kl. 3/4 (m-/mw- › mi-) → mikate	mkate is class 3, plural mikate class 4	A1 SD1 drill klasse kl3
D014	Klasse bestimmen	identify the class	7	kitabu (das Buch)  —  welche Nominalklasse?	kitabu (book)  —  which noun class?	Kl. 7/8	class 7/8	kitabu Kl. 7/8 (ki- › vi-) → vitabu	kitabu is class 7, plural vitabu class 8	A1 SD1 drill klasse kl7
D015	Klasse bestimmen	identify the class	3	mkahawa (das Café, das Restaurant)  —  welche Nominalklasse?	mkahawa (cafe, restaurant)  —  which noun class?	Kl. 3/4	class 3/4	mkahawa Kl. 3/4 (m-/mw- › mi-) → mikahawa	mkahawa is class 3, plural mikahawa class 4	A1 SD1 drill klasse kl3
D016	Klasse bestimmen	identify the class	9	tarehe (das Datum)  —  welche Nominalklasse?	tarehe (date)  —  which noun class?	Kl. 9/10	class 9/10	tarehe Kl. 9/10 (Ø/n-) → tarehe  — Numerus nur an der Konkordanz	tarehe is class 9, plural tarehe class 10	A1 SD1 drill klasse kl9
D017	Klasse bestimmen	identify the class	7	kijiji (das Dorf)  —  welche Nominalklasse?	kijiji (village)  —  which noun class?	Kl. 7/8	class 7/8	kijiji Kl. 7/8 (ki- › vi-) → vijiji	kijiji is class 7, plural vijiji class 8	A1 SD1 drill klasse kl7
D018	Klasse bestimmen	identify the class	5	yai (das Ei)  —  welche Nominalklasse?	yai (egg)  —  which noun class?	Kl. 5/6	class 5/6	yai Kl. 5/6 (ji-/Ø › ma-) → mayai	yai is class 5, plural mayai class 6	A1 SD1 drill klasse kl5
D019	Klasse bestimmen	identify the class	3	mwisho (das Ende, der Schluss)  —  welche Nominalklasse?	mwisho (end)  —  which noun class?	Kl. 3/4	class 3/4	mwisho Kl. 3/4 (m-/mw- › mi-) → miisho	mwisho is class 3, plural miisho class 4	A1 SD1 drill klasse kl3
D020	Klasse bestimmen	identify the class	5	tokeo (das Ergebnis)  —  welche Nominalklasse?	tokeo (result)  —  which noun class?	Kl. 5/6	class 5/6	tokeo Kl. 5/6 (ji-/Ø › ma-) → matokeo	tokeo is class 5, plural matokeo class 6	A1 SD1 drill klasse kl5
D021	Klasse bestimmen	identify the class	7	chakula (das Essen, die Lebensmittel (pl.))  —  welche Nominalklasse?	chakula (food, groceries)  —  which noun class?	Kl. 7/8	class 7/8	chakula Kl. 7/8 (ki- › vi-) → vyakula	chakula is class 7, plural vyakula class 8	A1 SD1 drill klasse kl7
D022	Klasse bestimmen	identify the class	9	baiskeli (das Fahrrad)  —  welche Nominalklasse?	baiskeli (bicycle)  —  which noun class?	Kl. 9/10	class 9/10	baiskeli Kl. 9/10 (Ø/n-) → baiskeli  — Numerus nur an der Konkordanz	baiskeli is class 9, plural baiskeli class 10	A1 SD1 drill klasse kl9
D023	Klasse bestimmen	identify the class	9	faksi (das Fax)  —  welche Nominalklasse?	faksi (fax)  —  which noun class?	Kl. 9/10	class 9/10	faksi Kl. 9/10 (Ø/n-) → faksi  — Numerus nur an der Konkordanz	faksi is class 9, plural faksi class 10	A1 SD1 drill klasse kl9
D024	Klasse bestimmen	identify the class	3	moto (das Feuer)  —  welche Nominalklasse?	moto (fire)  —  which noun class?	Kl. 3/4	class 3/4	moto Kl. 3/4 (m-/mw- › mi-) → mioto	moto is class 3, plural mioto class 4	A1 SD1 drill klasse kl3
D025	Klasse bestimmen	identify the class	9	homa (das Fieber)  —  welche Nominalklasse?	homa (fever)  —  which noun class?	Kl. 9/10	class 9/10	homa Kl. 9/10 (Ø/n-) → homa  — Numerus nur an der Konkordanz	homa is class 9, plural homa class 10	A1 SD1 drill klasse kl9
D026	Klasse bestimmen	identify the class	9	nyama (das Fleisch)  —  welche Nominalklasse?	nyama (meat)  —  which noun class?	Kl. 9/10	class 9/10	nyama Kl. 9/10 (Ø/n-) → nyama  — Numerus nur an der Konkordanz	nyama is class 9, plural nyama class 10	A1 SD1 drill klasse kl9
D027	Klasse bestimmen	identify the class	9	ndege (das Flugzeug)  —  welche Nominalklasse?	ndege (plane)  —  which noun class?	Kl. 9/10	class 9/10	ndege Kl. 9/10 (Ø/n-) → ndege  — Numerus nur an der Konkordanz	ndege is class 9, plural ndege class 10	A1 SD1 drill klasse kl9
D028	Klasse bestimmen	identify the class	9	fomu (das Formular)  —  welche Nominalklasse?	fomu (form)  —  which noun class?	Kl. 9/10	class 9/10	fomu Kl. 9/10 (Ø/n-) → fomu  — Numerus nur an der Konkordanz	fomu is class 9, plural fomu class 10	A1 SD1 drill klasse kl9
D029	Klasse bestimmen	identify the class	9	pesa (das Geld)  —  welche Nominalklasse?	pesa (money)  —  which noun class?	Kl. 9/10	class 9/10	pesa Kl. 9/10 (Ø/n-) → pesa  — Numerus nur an der Konkordanz	pesa is class 9, plural pesa class 10	A1 SD1 drill klasse kl9
D030	Klasse bestimmen	identify the class	9	mboga (das Gemüse)  —  welche Nominalklasse?	mboga (vegetables)  —  which noun class?	Kl. 9/10	class 9/10	mboga Kl. 9/10 (Ø/n-) → mboga  — Numerus nur an der Konkordanz	mboga is class 9, plural mboga class 10	A1 SD1 drill klasse kl9
D031	Klasse bestimmen	identify the class	3	mzigo (das Gepäck)  —  welche Nominalklasse?	mzigo (luggage)  —  which noun class?	Kl. 3/4	class 3/4	mzigo Kl. 3/4 (m-/mw- › mi-) → mizigo	mzigo is class 3, plural mizigo class 4	A1 SD1 drill klasse kl3
D032	Klasse bestimmen	identify the class	9	zawadi (das Geschenk)  —  welche Nominalklasse?	zawadi (present)  —  which noun class?	Kl. 9/10	class 9/10	zawadi Kl. 9/10 (Ø/n-) → zawadi  — Numerus nur an der Konkordanz	zawadi is class 9, plural zawadi class 10	A1 SD1 drill klasse kl9
D033	Klasse bestimmen	identify the class	5	duka (das Geschäft, der Laden)  —  welche Nominalklasse?	duka (shop)  —  which noun class?	Kl. 5/6	class 5/6	duka Kl. 5/6 (ji-/Ø › ma-) → maduka	duka is class 5, plural maduka class 6	A1 SD1 drill klasse kl5
D034	Klasse bestimmen	identify the class	6	mazungumzo (das Gespräch)  —  welche Nominalklasse?	mazungumzo (conversation)  —  which noun class?	Kl. 6	class 6	mazungumzo Kl. 6 (ma-), kein Numeruswechsel	mazungumzo is class 6	A1 SD1 drill klasse kl6
D035	Klasse bestimmen	identify the class	7	kinywaji (das Getränk)  —  welche Nominalklasse?	kinywaji (drink)  —  which noun class?	Kl. 7/8	class 7/8	kinywaji Kl. 7/8 (ki- › vi-) → vinywaji	kinywaji is class 7, plural vinywaji class 8	A1 SD1 drill klasse kl7
D036	Klasse bestimmen	identify the class	14	uzito (das Gewicht)  —  welche Nominalklasse?	uzito (weight)  —  which noun class?	Kl. 14	class 14	uzito Kl. 14 (u-), kein Numeruswechsel	uzito is class 14	A1 SD1 drill klasse kl14
D037	Klasse bestimmen	identify the class	9	glasi (das Glas)  —  welche Nominalklasse?	glasi (glass)  —  which noun class?	Kl. 9/10	class 9/10	glasi Kl. 9/10 (Ø/n-) → glasi  — Numerus nur an der Konkordanz	glasi is class 9, plural glasi class 10	A1 SD1 drill klasse kl9
D038	Klasse bestimmen	identify the class	5	jukwaa (das Gleis, der Bahnsteig)  —  welche Nominalklasse?	jukwaa (platform)  —  which noun class?	Kl. 5/6	class 5/6	jukwaa Kl. 5/6 (ji-/Ø › ma-) → majukwaa	jukwaa is class 5, plural majukwaa class 6	A1 SD1 drill klasse kl5
D039	Klasse bestimmen	identify the class	9	bahati (das Glück)  —  welche Nominalklasse?	bahati (luck)  —  which noun class?	Kl. 9/10	class 9/10	bahati Kl. 9/10 (Ø/n-) → bahati  — Numerus nur an der Konkordanz	bahati is class 9, plural bahati class 10	A1 SD1 drill klasse kl9
D040	Klasse bestimmen	identify the class	11	unywele (das Haar)  —  welche Nominalklasse?	unywele (hair)  —  which noun class?	Kl. 11/10	class 11/10	unywele Kl. 11/10 (u- › Ø/n-) → nywele	unywele is class 11, plural nywele class 10	A1 SD1 drill klasse kl11
D041	Klasse bestimmen	identify the class	9	nyumba (das Haus, die Wohnung)  —  welche Nominalklasse?	nyumba (house, flat)  —  which noun class?	Kl. 9/10	class 9/10	nyumba Kl. 9/10 (Ø/n-) → nyumba  — Numerus nur an der Konkordanz	nyumba is class 9, plural nyumba class 10	A1 SD1 drill klasse kl9
D042	Klasse bestimmen	identify the class	9	burudani (das Hobby)  —  welche Nominalklasse?	burudani (hobby)  —  which noun class?	Kl. 9/10	class 9/10	burudani Kl. 9/10 (Ø/n-) → burudani  — Numerus nur an der Konkordanz	burudani is class 9, plural burudani class 10	A1 SD1 drill klasse kl9
D043	Klasse bestimmen	identify the class	9	hoteli (das Hotel)  —  welche Nominalklasse?	hoteli (hotel)  —  which noun class?	Kl. 9/10	class 9/10	hoteli Kl. 9/10 (Ø/n-) → hoteli  — Numerus nur an der Konkordanz	hoteli is class 9, plural hoteli class 10	A1 SD1 drill klasse kl9
D044	Klasse bestimmen	identify the class	9	kuku (das Hähnchen)  —  welche Nominalklasse?	kuku (chicken)  —  which noun class?	Kl. 9/10	class 9/10	kuku Kl. 9/10 (Ø/n-) → kuku  — Numerus nur an der Konkordanz	kuku is class 9, plural kuku class 10	A1 SD1 drill klasse kl9
D045	Klasse bestimmen	identify the class	3	mtandao (das Internet)  —  welche Nominalklasse?	mtandao (internet)  —  which noun class?	Kl. 3/4	class 3/4	mtandao Kl. 3/4 (m-/mw- › mi-) → mitandao	mtandao is class 3, plural mitandao class 4	A1 SD1 drill klasse kl3
D046	Klasse bestimmen	identify the class	1	mtoto (das Kind)  —  welche Nominalklasse?	mtoto (child)  —  which noun class?	Kl. 1/2	class 1/2	mtoto Kl. 1/2 (m-/mw- › wa-) → watoto	mtoto is class 1, plural watoto class 2	A1 SD1 drill klasse kl1
D047	Klasse bestimmen	identify the class	9	sinema (das Kino)  —  welche Nominalklasse?	sinema (cinema)  —  which noun class?	Kl. 9/10	class 9/10	sinema Kl. 9/10 (Ø/n-) → sinema  — Numerus nur an der Konkordanz	sinema is class 9, plural sinema class 10	A1 SD1 drill klasse kl9
D048	Klasse bestimmen	identify the class	9	akaunti (das Konto)  —  welche Nominalklasse?	akaunti (account)  —  which noun class?	Kl. 9/10	class 9/10	akaunti Kl. 9/10 (Ø/n-) → akaunti  — Numerus nur an der Konkordanz	akaunti is class 9, plural akaunti class 10	A1 SD1 drill klasse kl9
D049	Klasse bestimmen	identify the class	9	nchi (das Land)  —  welche Nominalklasse?	nchi (country)  —  which noun class?	Kl. 9/10	class 9/10	nchi Kl. 9/10 (Ø/n-) → nchi  — Numerus nur an der Konkordanz	nchi is class 9, plural nchi class 10	A1 SD1 drill klasse kl9
D050	Klasse bestimmen	identify the class	6	maisha (das Leben)  —  welche Nominalklasse?	maisha (life)  —  which noun class?	Kl. 6	class 6	maisha Kl. 6 (ma-), kein Numeruswechsel	maisha is class 6	A1 SD1 drill klasse kl6
D051	Klasse bestimmen	identify the class	3	mwanga (das Licht)  —  welche Nominalklasse?	mwanga (light)  —  which noun class?	Kl. 3/4	class 3/4	mwanga Kl. 3/4 (m-/mw- › mi-) → mianga	mwanga is class 3, plural mianga class 4	A1 SD1 drill klasse kl3
D052	Klasse bestimmen	identify the class	11	wimbo (das Lied)  —  welche Nominalklasse?	wimbo (song)  —  which noun class?	Kl. 11/10	class 11/10	wimbo Kl. 11/10 (u- › Ø/n-) → nyimbo	wimbo is class 11, plural nyimbo class 10	A1 SD1 drill klasse kl11
D053	Klasse bestimmen	identify the class	9	baa (das Lokal)  —  welche Nominalklasse?	baa (pub)  —  which noun class?	Kl. 9/10	class 9/10	baa Kl. 9/10 (Ø/n-) → baa  — Numerus nur an der Konkordanz	baa is class 9, plural baa class 10	A1 SD1 drill klasse kl9
D054	Klasse bestimmen	identify the class	9	bahari (das Meer)  —  welche Nominalklasse?	bahari (sea)  —  which noun class?	Kl. 9/10	class 9/10	bahari Kl. 9/10 (Ø/n-) → bahari  — Numerus nur an der Konkordanz	bahari is class 9, plural bahari class 10	A1 SD1 drill klasse kl9
D055	Klasse bestimmen	identify the class	1	msichana (das Mädchen)  —  welche Nominalklasse?	msichana (girl)  —  which noun class?	Kl. 1/2	class 1/2	msichana Kl. 1/2 (m-/mw- › wa-) → wasichana	msichana is class 1, plural wasichana class 2	A1 SD1 drill klasse kl1
D056	Klasse bestimmen	identify the class	5	tunda (das Obst)  —  welche Nominalklasse?	tunda (fruit)  —  which noun class?	Kl. 5/6	class 5/6	tunda Kl. 5/6 (ji-/Ø › ma-) → matunda	tunda is class 5, plural matunda class 6	A1 SD1 drill klasse kl5
D057	Klasse bestimmen	identify the class	9	karatasi (das Papier, der Bogen)  —  welche Nominalklasse?	karatasi (paper, sheet (of paper))  —  which noun class?	Kl. 9/10	class 9/10	karatasi Kl. 9/10 (Ø/n-) → karatasi  — Numerus nur an der Konkordanz	karatasi is class 9, plural karatasi class 10	A1 SD1 drill klasse kl9
D058	Klasse bestimmen	identify the class	5	tatizo (das Problem)  —  welche Nominalklasse?	tatizo (problem)  —  which noun class?	Kl. 5/6	class 5/6	tatizo Kl. 5/6 (ji-/Ø › ma-) → matatizo	tatizo is class 5, plural matatizo class 6	A1 SD1 drill klasse kl5
D059	Klasse bestimmen	identify the class	9	chumvi (das Salz)  —  welche Nominalklasse?	chumvi (salt)  —  which noun class?	Kl. 9/10	class 9/10	chumvi Kl. 9/10 (Ø/n-) → chumvi  — Numerus nur an der Konkordanz	chumvi is class 9, plural chumvi class 10	A1 SD1 drill klasse kl9
D060	Klasse bestimmen	identify the class	9	alama (das Schild)  —  welche Nominalklasse?	alama (sign)  —  which noun class?	Kl. 9/10	class 9/10	alama Kl. 9/10 (Ø/n-) → alama  — Numerus nur an der Konkordanz	alama is class 9, plural alama class 10	A1 SD1 drill klasse kl9
D061	Klasse bestimmen	identify the class	9	sofa (das Sofa)  —  welche Nominalklasse?	sofa (sofa)  —  which noun class?	Kl. 9/10	class 9/10	sofa Kl. 9/10 (Ø/n-) → sofa  — Numerus nur an der Konkordanz	sofa is class 9, plural sofa class 10	A1 SD1 drill klasse kl9
D062	Klasse bestimmen	identify the class	6	masomo (das Studium, der Unterricht)  —  welche Nominalklasse?	masomo (studies, lessons)  —  which noun class?	Kl. 6	class 6	masomo Kl. 6 (ma-), kein Numeruswechsel	masomo is class 6	A1 SD1 drill klasse kl6
D063	Klasse bestimmen	identify the class	9	teksi (das Taxi)  —  welche Nominalklasse?	teksi (taxi)  —  which noun class?	Kl. 9/10	class 9/10	teksi Kl. 9/10 (Ø/n-) → teksi  — Numerus nur an der Konkordanz	teksi is class 9, plural teksi class 10	A1 SD1 drill klasse kl9
D064	Klasse bestimmen	identify the class	9	simu (das Telefon, der Anruf)  —  welche Nominalklasse?	simu (phone, call)  —  which noun class?	Kl. 9/10	class 9/10	simu Kl. 9/10 (Ø/n-) → simu  — Numerus nur an der Konkordanz	simu is class 9, plural simu class 10	A1 SD1 drill klasse kl9
D065	Klasse bestimmen	identify the class	9	mada (das Thema)  —  welche Nominalklasse?	mada (topic)  —  which noun class?	Kl. 9/10	class 9/10	mada Kl. 9/10 (Ø/n-) → mada  — Numerus nur an der Konkordanz	mada is class 9, plural mada class 10	A1 SD1 drill klasse kl9
D066	Klasse bestimmen	identify the class	9	tiketi (das Ticket, die Fahrkarte)  —  welche Nominalklasse?	tiketi (ticket)  —  which noun class?	Kl. 9/10	class 9/10	tiketi Kl. 9/10 (Ø/n-) → tiketi  — Numerus nur an der Konkordanz	tiketi is class 9, plural tiketi class 10	A1 SD1 drill klasse kl9
D067	Klasse bestimmen	identify the class	6	maji (das Wasser)  —  welche Nominalklasse?	maji (water)  —  which noun class?	Kl. 6	class 6	maji Kl. 6 (ma-), kein Numeruswechsel	maji is class 6	A1 SD1 drill klasse kl6
D068	Klasse bestimmen	identify the class	5	neno (das Wort)  —  welche Nominalklasse?	neno (word)  —  which noun class?	Kl. 5/6	class 5/6	neno Kl. 5/6 (ji-/Ø › ma-) → maneno	neno is class 5, plural maneno class 6	A1 SD1 drill klasse kl5
D069	Klasse bestimmen	identify the class	7	chumba (das Zimmer, der Raum)  —  welche Nominalklasse?	chumba (room)  —  which noun class?	Kl. 7/8	class 7/8	chumba Kl. 7/8 (ki- › vi-) → vyumba	chumba is class 7, plural vyumba class 8	A1 SD1 drill klasse kl7
D070	Klasse bestimmen	identify the class	6	mafuta (das Öl)  —  welche Nominalklasse?	mafuta (oil)  —  which noun class?	Kl. 6	class 6	mafuta Kl. 6 (ma-), kein Numeruswechsel	mafuta is class 6	A1 SD1 drill klasse kl6
D071	Klasse bestimmen	identify the class	15	kuondoka (der Abflug, die Abfahrt)  —  welche Nominalklasse?	kuondoka (departure (flight), departure)  —  which noun class?	Kl. 15	class 15	kuondoka Kl. 15 (ku-), kein Numeruswechsel	kuondoka is class 15	A1 SD1 drill klasse kl15
D072	Klasse bestimmen	identify the class	1	mtumaji (der Absender)  —  welche Nominalklasse?	mtumaji (sender)  —  which noun class?	Kl. 1/2	class 1/2	mtumaji Kl. 1/2 (m-/mw- › wa-) → watumaji	mtumaji is class 1, plural watumaji class 2	A1 SD1 drill klasse kl1
D073	Klasse bestimmen	identify the class	3	mwanzo (der Anfang)  —  welche Nominalklasse?	mwanzo (beginning)  —  which noun class?	Kl. 3/4	class 3/4	mwanzo Kl. 3/4 (m-/mw- › mi-) → mianzo	mwanzo is class 3, plural mianzo class 4	A1 SD1 drill klasse kl3
D074	Klasse bestimmen	identify the class	3	muunganisho (der Anschluss)  —  welche Nominalklasse?	muunganisho (connection)  —  which noun class?	Kl. 3/4	class 3/4	muunganisho Kl. 3/4 (m-/mw- › mi-) → miunganisho	muunganisho is class 3, plural miunganisho class 4	A1 SD1 drill klasse kl3
D075	Klasse bestimmen	identify the class	5	tofaa (der Apfel)  —  welche Nominalklasse?	tofaa (apple)  —  which noun class?	Kl. 5/6	class 5/6	tofaa Kl. 5/6 (ji-/Ø › ma-) → matofaa	tofaa is class 5, plural matofaa class 6	A1 SD1 drill klasse kl5
D076	Klasse bestimmen	identify the class	3	mkono (der Arm, die Hand)  —  welche Nominalklasse?	mkono (arm, hand)  —  which noun class?	Kl. 3/4	class 3/4	mkono Kl. 3/4 (m-/mw- › mi-) → mikono	mkono is class 3, plural mikono class 4	A1 SD1 drill klasse kl3
D077	Klasse bestimmen	identify the class	5	daktari (der Arzt, der Doktor)  —  welche Nominalklasse?	daktari (doctor)  —  which noun class?	Kl. 5/6	class 5/6	daktari Kl. 5/6 (ji-/Ø › ma-) → madaktari  —  Vorsicht: Form Kl. 5, aber Kongruenz Kl. 1/2 (Person)	daktari is class 5, plural madaktari class 6  —  careful: form class 5, but agreement class 1/2 (person)	A1 SD1 drill klasse kl5
D078	Klasse bestimmen	identify the class	9	lifti (der Aufzug)  —  welche Nominalklasse?	lifti (lift)  —  which noun class?	Kl. 9/10	class 9/10	lifti Kl. 9/10 (Ø/n-) → lifti  — Numerus nur an der Konkordanz	lifti is class 9, plural lifti class 10	A1 SD1 drill klasse kl9
D079	Klasse bestimmen	identify the class	9	safari (der Ausflug, die Reise)  —  welche Nominalklasse?	safari (outing, journey)  —  which noun class?	Kl. 9/10	class 9/10	safari Kl. 9/10 (Ø/n-) → safari  — Numerus nur an der Konkordanz	safari is class 9, plural safari class 10	A1 SD1 drill klasse kl9
D080	Klasse bestimmen	identify the class	1	mgeni (der Ausländer, der Gast)  —  welche Nominalklasse?	mgeni (foreigner, guest)  —  which noun class?	Kl. 1/2	class 1/2	mgeni Kl. 1/2 (m-/mw- › wa-) → wageni	mgeni is class 1, plural wageni class 2	A1 SD1 drill klasse kl1
D081	Klasse bestimmen	identify the class	7	kitambulisho (der Ausweis)  —  welche Nominalklasse?	kitambulisho (identity.card)  —  which noun class?	Kl. 7/8	class 7/8	kitambulisho Kl. 7/8 (ki- › vi-) → vitambulisho	kitambulisho is class 7, plural vitambulisho class 8	A1 SD1 drill klasse kl7
D082	Klasse bestimmen	identify the class	9	mashine (der Automat, die Maschine)  —  welche Nominalklasse?	mashine (vending machine, machine)  —  which noun class?	Kl. 9/10	class 9/10	mashine Kl. 9/10 (Ø/n-) → mashine  — Numerus nur an der Konkordanz	mashine is class 9, plural mashine class 10	A1 SD1 drill klasse kl9
D083	Klasse bestimmen	identify the class	9	stesheni (der Bahnhof)  —  welche Nominalklasse?	stesheni (station)  —  which noun class?	Kl. 9/10	class 9/10	stesheni Kl. 9/10 (Ø/n-) → stesheni  — Numerus nur an der Konkordanz	stesheni is class 9, plural stesheni class 10	A1 SD1 drill klasse kl9
D084	Klasse bestimmen	identify the class	9	roshani (der Balkon)  —  welche Nominalklasse?	roshani (balcony)  —  which noun class?	Kl. 9/10	class 9/10	roshani Kl. 9/10 (Ø/n-) → roshani  — Numerus nur an der Konkordanz	roshani is class 9, plural roshani class 10	A1 SD1 drill klasse kl9
D085	Klasse bestimmen	identify the class	5	tumbo (der Bauch)  —  welche Nominalklasse?	tumbo (stomach)  —  which noun class?	Kl. 5/6	class 5/6	tumbo Kl. 5/6 (ji-/Ø › ma-) → matumbo	tumbo is class 5, plural matumbo class 6	A1 SD1 drill klasse kl5
D086	Klasse bestimmen	identify the class	3	mti (der Baum)  —  welche Nominalklasse?	mti (tree)  —  which noun class?	Kl. 3/4	class 3/4	mti Kl. 3/4 (m-/mw- › mi-) → miti	mti is class 3, plural miti class 4	A1 SD1 drill klasse kl3
D087	Klasse bestimmen	identify the class	9	kazi (der Beruf, der Job, die Arbeit)  —  welche Nominalklasse?	kazi (profession, job, work)  —  which noun class?	Kl. 9/10	class 9/10	kazi Kl. 9/10 (Ø/n-) → kazi  — Numerus nur an der Konkordanz	kazi is class 9, plural kazi class 10	A1 SD1 drill klasse kl9
D088	Klasse bestimmen	identify the class	9	mandhari (der Blick)  —  welche Nominalklasse?	mandhari (view)  —  which noun class?	Kl. 9/10	class 9/10	mandhari Kl. 9/10 (Ø/n-) → mandhari  — Numerus nur an der Konkordanz	mandhari is class 9, plural mandhari class 10	A1 SD1 drill klasse kl9
D089	Klasse bestimmen	identify the class	9	barua (der Brief)  —  welche Nominalklasse?	barua (letter)  —  which noun class?	Kl. 9/10	class 9/10	barua Kl. 9/10 (Ø/n-) → barua  — Numerus nur an der Konkordanz	barua is class 9, plural barua class 10	A1 SD1 drill klasse kl9
D090	Klasse bestimmen	identify the class	9	kaka (der Bruder)  —  welche Nominalklasse?	kaka (brother)  —  which noun class?	Kl. 9/10	class 9/10	kaka Kl. 9/10 (Ø/n-) → kaka  — Numerus nur an der Konkordanz  —  Vorsicht: Form Kl. 9, aber Kongruenz Kl. 1/2 (Person)	kaka is class 9, plural kaka class 10  —  careful: form class 9, but agreement class 1/2 (person)	A1 SD1 drill klasse kl9
D091	Klasse bestimmen	identify the class	9	herufi (der Buchstabe)  —  welche Nominalklasse?	herufi (letter)  —  which noun class?	Kl. 9/10	class 9/10	herufi Kl. 9/10 (Ø/n-) → herufi  — Numerus nur an der Konkordanz	herufi is class 9, plural herufi class 10	A1 SD1 drill klasse kl9
D092	Klasse bestimmen	identify the class	5	basi (der Bus)  —  welche Nominalklasse?	basi (bus)  —  which noun class?	Kl. 5/6	class 5/6	basi Kl. 5/6 (ji-/Ø › ma-) → mabasi	basi is class 5, plural mabasi class 6	A1 SD1 drill klasse kl5
D093	Klasse bestimmen	identify the class	5	bosi (der Chef)  —  welche Nominalklasse?	bosi (boss)  —  which noun class?	Kl. 5/6	class 5/6	bosi Kl. 5/6 (ji-/Ø › ma-) → mabosi  —  Vorsicht: Form Kl. 5, aber Kongruenz Kl. 1/2 (Person)	bosi is class 5, plural mabosi class 6  —  careful: form class 5, but agreement class 1/2 (person)	A1 SD1 drill klasse kl5
D094	Klasse bestimmen	identify the class	9	kompyuta (der Computer)  —  welche Nominalklasse?	kompyuta (computer)  —  which noun class?	Kl. 9/10	class 9/10	kompyuta Kl. 9/10 (Ø/n-) → kompyuta  — Numerus nur an der Konkordanz	kompyuta is class 9, plural kompyuta class 10	A1 SD1 drill klasse kl9
D095	Klasse bestimmen	identify the class	9	shukrani (der Dank)  —  welche Nominalklasse?	shukrani (thanks)  —  which noun class?	Kl. 9/10	class 9/10	shukrani Kl. 9/10 (Ø/n-) → shukrani  — Numerus nur an der Konkordanz	shukrani is class 9, plural shukrani class 10	A1 SD1 drill klasse kl9
D096	Klasse bestimmen	identify the class	9	printa (der Drucker)  —  welche Nominalklasse?	printa (printer)  —  which noun class?	Kl. 9/10	class 9/10	printa Kl. 9/10 (Ø/n-) → printa  — Numerus nur an der Konkordanz	printa is class 9, plural printa class 10	A1 SD1 drill klasse kl9
D097	Klasse bestimmen	identify the class	9	kiu (der Durst)  —  welche Nominalklasse?	kiu (thirst)  —  which noun class?	Kl. 9	class 9	kiu Kl. 9 (Ø/n-), kein Numeruswechsel	kiu is class 9	A1 SD1 drill klasse kl9
D098	Klasse bestimmen	identify the class	7	kiingilio (der Eintritt)  —  welche Nominalklasse?	kiingilio (admission)  —  which noun class?	Kl. 7/8	class 7/8	kiingilio Kl. 7/8 (ki- › vi-) → viingilio	kiingilio is class 7, plural viingilio class 8	A1 SD1 drill klasse kl7
D099	Klasse bestimmen	identify the class	1	mpokeaji (der Empfänger)  —  welche Nominalklasse?	mpokeaji (recipient)  —  which noun class?	Kl. 1/2	class 1/2	mpokeaji Kl. 1/2 (m-/mw- › wa-) → wapokeaji	mpokeaji is class 1, plural wapokeaji class 2	A1 SD1 drill klasse kl1
D100	Klasse bestimmen	identify the class	5	dereva (der Fahrer)  —  welche Nominalklasse?	dereva (driver)  —  which noun class?	Kl. 5/6	class 5/6	dereva Kl. 5/6 (ji-/Ø › ma-) → madereva  —  Vorsicht: Form Kl. 5, aber Kongruenz Kl. 1/2 (Person)	dereva is class 5, plural madereva class 6  —  careful: form class 5, but agreement class 1/2 (person)	A1 SD1 drill klasse kl5
D101	Klasse bestimmen	identify the class	5	kosa (der Fehler)  —  welche Nominalklasse?	kosa (mistake)  —  which noun class?	Kl. 5/6	class 5/6	kosa Kl. 5/6 (ji-/Ø › ma-) → makosa	kosa is class 5, plural makosa class 6	A1 SD1 drill klasse kl5
D102	Klasse bestimmen	identify the class	9	filamu (der Film)  —  welche Nominalklasse?	filamu (film)  —  which noun class?	Kl. 9/10	class 9/10	filamu Kl. 9/10 (Ø/n-) → filamu  — Numerus nur an der Konkordanz	filamu is class 9, plural filamu class 10	A1 SD1 drill klasse kl9
D103	Klasse bestimmen	identify the class	9	samaki (der Fisch)  —  welche Nominalklasse?	samaki (fish)  —  which noun class?	Kl. 9/10	class 9/10	samaki Kl. 9/10 (Ø/n-) → samaki  — Numerus nur an der Konkordanz	samaki is class 9, plural samaki class 10	A1 SD1 drill klasse kl9
D104	Klasse bestimmen	identify the class	9	rafiki (der Freund)  —  welche Nominalklasse?	rafiki (friend)  —  which noun class?	Kl. 9/10	class 9/10	rafiki Kl. 9/10 (Ø/n-) → rafiki  — Numerus nur an der Konkordanz  —  Vorsicht: Form Kl. 9, aber Kongruenz Kl. 1/2 (Person)	rafiki is class 9, plural rafiki class 10  —  careful: form class 9, but agreement class 1/2 (person)	A1 SD1 drill klasse kl9
D105	Klasse bestimmen	identify the class	9	bustani (der Garten)  —  welche Nominalklasse?	bustani (garden)  —  which noun class?	Kl. 9/10	class 9/10	bustani Kl. 9/10 (Ø/n-) → bustani  — Numerus nur an der Konkordanz	bustani is class 9, plural bustani class 10	A1 SD1 drill klasse kl9
D106	Klasse bestimmen	identify the class	9	hongera (der Glückwunsch)  —  welche Nominalklasse?	hongera (congratulation)  —  which noun class?	Kl. 9/10	class 9/10	hongera Kl. 9/10 (Ø/n-) → hongera  — Numerus nur an der Konkordanz	hongera is class 9, plural hongera class 10	A1 SD1 drill klasse kl9
D107	Klasse bestimmen	identify the class	9	babu (der Großvater, der Opa)  —  welche Nominalklasse?	babu (grandfather, grandpa)  —  which noun class?	Kl. 9/10	class 9/10	babu Kl. 9/10 (Ø/n-) → babu  — Numerus nur an der Konkordanz  —  Vorsicht: Form Kl. 9, aber Kongruenz Kl. 1/2 (Person)	babu is class 9, plural babu class 10  —  careful: form class 9, but agreement class 1/2 (person)	A1 SD1 drill klasse kl9
D108	Klasse bestimmen	identify the class	9	salamu (der Gruß)  —  welche Nominalklasse?	salamu (greeting)  —  which noun class?	Kl. 9/10	class 9/10	salamu Kl. 9/10 (Ø/n-) → salamu  — Numerus nur an der Konkordanz	salamu is class 9, plural salamu class 10	A1 SD1 drill klasse kl9
D109	Klasse bestimmen	identify the class	5	jiko (der Herd, die Küche)  —  welche Nominalklasse?	jiko (cooker, kitchen)  —  which noun class?	Kl. 5/6	class 5/6	jiko Kl. 5/6 (ji-/Ø › ma-) → majiko	jiko is class 5, plural majiko class 6	A1 SD1 drill klasse kl5
D110	Klasse bestimmen	identify the class	5	bwana (der Herr)  —  welche Nominalklasse?	bwana (mister)  —  which noun class?	Kl. 5/6	class 5/6	bwana Kl. 5/6 (ji-/Ø › ma-) → mabwana  —  Vorsicht: Form Kl. 5, aber Kongruenz Kl. 1/2 (Person)	bwana is class 5, plural mabwana class 6  —  careful: form class 5, but agreement class 1/2 (person)	A1 SD1 drill klasse kl5
D111	Klasse bestimmen	identify the class	9	mbwa (der Hund)  —  welche Nominalklasse?	mbwa (dog)  —  which noun class?	Kl. 9/10	class 9/10	mbwa Kl. 9/10 (Ø/n-) → mbwa  — Numerus nur an der Konkordanz	mbwa is class 9, plural mbwa class 10	A1 SD1 drill klasse kl9
D112	Klasse bestimmen	identify the class	9	njaa (der Hunger)  —  welche Nominalklasse?	njaa (hunger)  —  which noun class?	Kl. 9	class 9	njaa Kl. 9 (Ø/n-), kein Numeruswechsel	njaa is class 9	A1 SD1 drill klasse kl9
D113	Klasse bestimmen	identify the class	7	kijana (der Jugendliche)  —  welche Nominalklasse?	kijana (young.person)  —  which noun class?	Kl. 7/8	class 7/8	kijana Kl. 7/8 (ki- › vi-) → vijana  —  Vorsicht: Form Kl. 7, aber Kongruenz Kl. 1/2 (Person)	kijana is class 7, plural vijana class 8  —  careful: form class 7, but agreement class 1/2 (person)	A1 SD1 drill klasse kl7
D114	Klasse bestimmen	identify the class	1	mvulana (der Junge)  —  welche Nominalklasse?	mvulana (boy)  —  which noun class?	Kl. 1/2	class 1/2	mvulana Kl. 1/2 (m-/mw- › wa-) → wavulana	mvulana is class 1, plural wavulana class 2	A1 SD1 drill klasse kl1
D115	Klasse bestimmen	identify the class	9	kahawa (der Kaffee)  —  welche Nominalklasse?	kahawa (coffee)  —  which noun class?	Kl. 9/10	class 9/10	kahawa Kl. 9/10 (Ø/n-) → kahawa  — Numerus nur an der Konkordanz	kahawa is class 9, plural kahawa class 10	A1 SD1 drill klasse kl9
D116	Klasse bestimmen	identify the class	7	kibanda (der Kiosk)  —  welche Nominalklasse?	kibanda (kiosk)  —  which noun class?	Kl. 7/8	class 7/8	kibanda Kl. 7/8 (ki- › vi-) → vibanda	kibanda is class 7, plural vibanda class 8	A1 SD1 drill klasse kl7
D117	Klasse bestimmen	identify the class	5	sanduku (der Koffer)  —  welche Nominalklasse?	sanduku (suitcase)  —  which noun class?	Kl. 5/6	class 5/6	sanduku Kl. 5/6 (ji-/Ø › ma-) → masanduku	sanduku is class 5, plural masanduku class 6	A1 SD1 drill klasse kl5
D118	Klasse bestimmen	identify the class	1	mwenzi (der Kollege, der Partner)  —  welche Nominalklasse?	mwenzi (colleague, partner)  —  which noun class?	Kl. 1/2	class 1/2	mwenzi Kl. 1/2 (m-/mw- › wa-) → wenzi	mwenzi is class 1, plural wenzi class 2	A1 SD1 drill klasse kl1
D119	Klasse bestimmen	identify the class	7	kichwa (der Kopf)  —  welche Nominalklasse?	kichwa (head)  —  which noun class?	Kl. 7/8	class 7/8	kichwa Kl. 7/8 (ki- › vi-) → vichwa	kichwa is class 7, plural vichwa class 8	A1 SD1 drill klasse kl7
D120	Klasse bestimmen	identify the class	9	keki (der Kuchen)  —  welche Nominalklasse?	keki (cake)  —  which noun class?	Kl. 9/10	class 9/10	keki Kl. 9/10 (Ø/n-) → keki  — Numerus nur an der Konkordanz	keki is class 9, plural keki class 10	A1 SD1 drill klasse kl9
D121	Klasse bestimmen	identify the class	9	kalamu (der Kugelschreiber)  —  welche Nominalklasse?	kalamu (pen)  —  which noun class?	Kl. 9/10	class 9/10	kalamu Kl. 9/10 (Ø/n-) → kalamu  — Numerus nur an der Konkordanz	kalamu is class 9, plural kalamu class 10	A1 SD1 drill klasse kl9
D122	Klasse bestimmen	identify the class	1	mteja (der Kunde)  —  welche Nominalklasse?	mteja (customer)  —  which noun class?	Kl. 1/2	class 1/2	mteja Kl. 1/2 (m-/mw- › wa-) → wateja	mteja is class 1, plural wateja class 2	A1 SD1 drill klasse kl1
D123	Klasse bestimmen	identify the class	9	kozi (der Kurs)  —  welche Nominalklasse?	kozi (course)  —  which noun class?	Kl. 9/10	class 9/10	kozi Kl. 9/10 (Ø/n-) → kozi  — Numerus nur an der Konkordanz	kozi is class 9, plural kozi class 10	A1 SD1 drill klasse kl9
D124	Klasse bestimmen	identify the class	9	friji (der Kühlschrank)  —  welche Nominalklasse?	friji (fridge)  —  which noun class?	Kl. 9/10	class 9/10	friji Kl. 9/10 (Ø/n-) → friji  — Numerus nur an der Konkordanz	friji is class 9, plural friji class 10	A1 SD1 drill klasse kl9
D125	Klasse bestimmen	identify the class	1	mwalimu (der Lehrer)  —  welche Nominalklasse?	mwalimu (teacher)  —  which noun class?	Kl. 1/2	class 1/2	mwalimu Kl. 1/2 (m-/mw- › wa-) → walimu	mwalimu is class 1, plural walimu class 2	A1 SD1 drill klasse kl1
D126	Klasse bestimmen	identify the class	5	lori (der Lkw)  —  welche Nominalklasse?	lori (lorry)  —  which noun class?	Kl. 5/6	class 5/6	lori Kl. 5/6 (ji-/Ø › ma-) → malori	lori is class 5, plural malori class 6	A1 SD1 drill klasse kl5
D127	Klasse bestimmen	identify the class	1	mwanamume (der Mann)  —  welche Nominalklasse?	mwanamume (man)  —  which noun class?	Kl. 1/2	class 1/2	mwanamume Kl. 1/2 (m-/mw- › wa-) → wanaume	mwanamume is class 1, plural wanaume class 2	A1 SD1 drill klasse kl1
D128	Klasse bestimmen	identify the class	1	mtu (der Mensch, die Leute (pl.))  —  welche Nominalklasse?	mtu (person, people)  —  which noun class?	Kl. 1/2	class 1/2	mtu Kl. 1/2 (m-/mw- › wa-) → watu	mtu is class 1, plural watu class 2	A1 SD1 drill klasse kl1
D129	Klasse bestimmen	identify the class	3	muda (der Moment)  —  welche Nominalklasse?	muda (moment)  —  which noun class?	Kl. 3/10	class 3/10	muda Kl. 3/10 (m-/mw- › Ø/n-) → nyakati	muda is class 3, plural nyakati class 10	A1 SD1 drill klasse kl3
D130	Klasse bestimmen	identify the class	3	mdomo (der Mund)  —  welche Nominalklasse?	mdomo (mouth)  —  which noun class?	Kl. 3/4	class 3/4	mdomo Kl. 3/4 (m-/mw- › mi-) → midomo	mdomo is class 3, plural midomo class 4	A1 SD1 drill klasse kl3
D131	Klasse bestimmen	identify the class	5	jina (der Name)  —  welche Nominalklasse?	jina (name)  —  which noun class?	Kl. 5/6	class 5/6	jina Kl. 5/6 (ji-/Ø › ma-) → majina	jina is class 5, plural majina class 6	A1 SD1 drill klasse kl5
D132	Klasse bestimmen	identify the class	16	mahali (der Ort)  —  welche Nominalklasse?	mahali (place)  —  which noun class?	Kl. 16	class 16	mahali Kl. 16 (pa-), kein Numeruswechsel	mahali is class 16	A1 SD1 drill klasse kl16
D133	Klasse bestimmen	identify the class	9	pasipoti (der Pass)  —  welche Nominalklasse?	pasipoti (passport)  —  which noun class?	Kl. 9/10	class 9/10	pasipoti Kl. 9/10 (Ø/n-) → pasipoti  — Numerus nur an der Konkordanz	pasipoti is class 9, plural pasipoti class 10	A1 SD1 drill klasse kl9
D134	Klasse bestimmen	identify the class	3	mpango (der Plan)  —  welche Nominalklasse?	mpango (plan)  —  which noun class?	Kl. 3/4	class 3/4	mpango Kl. 3/4 (m-/mw- › mi-) → mipango	mpango is class 3, plural mipango class 4	A1 SD1 drill klasse kl3
D135	Klasse bestimmen	identify the class	9	nafasi (der Platz, die Stelle)  —  welche Nominalklasse?	nafasi (place, position)  —  which noun class?	Kl. 9/10	class 9/10	nafasi Kl. 9/10 (Ø/n-) → nafasi  — Numerus nur an der Konkordanz	nafasi is class 9, plural nafasi class 10	A1 SD1 drill klasse kl9
D136	Klasse bestimmen	identify the class	9	bei (der Preis)  —  welche Nominalklasse?	bei (price)  —  which noun class?	Kl. 9/10	class 9/10	bei Kl. 9/10 (Ø/n-) → bei  — Numerus nur an der Konkordanz	bei is class 9, plural bei class 10	A1 SD1 drill klasse kl9
D137	Klasse bestimmen	identify the class	7	kijitabu (der Prospekt)  —  welche Nominalklasse?	kijitabu (brochure)  —  which noun class?	Kl. 7/8	class 7/8	kijitabu Kl. 7/8 (ki- › vi-) → vijitabu	kijitabu is class 7, plural vijitabu class 8	A1 SD1 drill klasse kl7
D138	Klasse bestimmen	identify the class	9	mvua (der Regen)  —  welche Nominalklasse?	mvua (rain)  —  which noun class?	Kl. 9/10	class 9/10	mvua Kl. 9/10 (Ø/n-) → mvua  — Numerus nur an der Konkordanz	mvua is class 9, plural mvua class 10	A1 SD1 drill klasse kl9
D139	Klasse bestimmen	identify the class	3	mchele (der Reis)  —  welche Nominalklasse?	mchele (rice)  —  which noun class?	Kl. 3/4	class 3/4	mchele Kl. 3/4 (m-/mw- › mi-) → michele	mchele is class 3, plural michele class 4	A1 SD1 drill klasse kl3
D140	Klasse bestimmen	identify the class	9	juisi (der Saft)  —  welche Nominalklasse?	juisi (juice)  —  which noun class?	Kl. 9/10	class 9/10	juisi Kl. 9/10 (Ø/n-) → juisi  — Numerus nur an der Konkordanz	juisi is class 9, plural juisi class 10	A1 SD1 drill klasse kl9
D141	Klasse bestimmen	identify the class	9	saladi (der Salat)  —  welche Nominalklasse?	saladi (salad)  —  which noun class?	Kl. 9/10	class 9/10	saladi Kl. 9/10 (Ø/n-) → saladi  — Numerus nur an der Konkordanz	saladi is class 9, plural saladi class 10	A1 SD1 drill klasse kl9
D142	Klasse bestimmen	identify the class	9	kaunta (der Schalter)  —  welche Nominalklasse?	kaunta (counter)  —  which noun class?	Kl. 9/10	class 9/10	kaunta Kl. 9/10 (Ø/n-) → kaunta  — Numerus nur an der Konkordanz	kaunta is class 9, plural kaunta class 10	A1 SD1 drill klasse kl9
D143	Klasse bestimmen	identify the class	11	ufunguo (der Schlüssel)  —  welche Nominalklasse?	ufunguo (key)  —  which noun class?	Kl. 11/10	class 11/10	ufunguo Kl. 11/10 (u- › Ø/n-) → funguo	ufunguo is class 11, plural funguo class 10	A1 SD1 drill klasse kl11
D144	Klasse bestimmen	identify the class	5	kabati (der Schrank)  —  welche Nominalklasse?	kabati (cupboard)  —  which noun class?	Kl. 5/6	class 5/6	kabati Kl. 5/6 (ji-/Ø › ma-) → makabati	kabati is class 5, plural makabati class 6	A1 SD1 drill klasse kl5
D145	Klasse bestimmen	identify the class	7	kiatu (der Schuh)  —  welche Nominalklasse?	kiatu (shoe)  —  which noun class?	Kl. 7/8	class 7/8	kiatu Kl. 7/8 (ki- › vi-) → viatu	kiatu is class 7, plural viatu class 8	A1 SD1 drill klasse kl7
D146	Klasse bestimmen	identify the class	1	mwanafunzi (der Schüler, der Student)  —  welche Nominalklasse?	mwanafunzi (pupil, student)  —  which noun class?	Kl. 1/2	class 1/2	mwanafunzi Kl. 1/2 (m-/mw- › wa-) → wanafunzi	mwanafunzi is class 1, plural wanafunzi class 2	A1 SD1 drill klasse kl1
D147	Klasse bestimmen	identify the class	5	ziwa (der See)  —  welche Nominalklasse?	ziwa (lake)  —  which noun class?	Kl. 5/6	class 5/6	ziwa Kl. 5/6 (ji-/Ø › ma-) → maziwa	ziwa is class 5, plural maziwa class 6	A1 SD1 drill klasse kl5
D148	Klasse bestimmen	identify the class	1	mwana (der Sohn)  —  welche Nominalklasse?	mwana (son)  —  which noun class?	Kl. 1/2	class 1/2	mwana Kl. 1/2 (m-/mw- › wa-) → wana	mwana is class 1, plural wana class 2	A1 SD1 drill klasse kl1
D149	Klasse bestimmen	identify the class	3	mchezo (der Sport)  —  welche Nominalklasse?	mchezo (sport)  —  which noun class?	Kl. 3/4	class 3/4	mchezo Kl. 3/4 (m-/mw- › mi-) → michezo	mchezo is class 3, plural michezo class 4	A1 SD1 drill klasse kl3
D150	Klasse bestimmen	identify the class	9	ghorofa (der Stock)  —  welche Nominalklasse?	ghorofa (floor)  —  which noun class?	Kl. 9/10	class 9/10	ghorofa Kl. 9/10 (Ø/n-) → ghorofa  — Numerus nur an der Konkordanz	ghorofa is class 9, plural ghorofa class 10	A1 SD1 drill klasse kl9
D151	Klasse bestimmen	identify the class	9	chai (der Tee)  —  welche Nominalklasse?	chai (tea)  —  which noun class?	Kl. 9/10	class 9/10	chai Kl. 9/10 (Ø/n-) → chai  — Numerus nur an der Konkordanz	chai is class 9, plural chai class 10	A1 SD1 drill klasse kl9
D152	Klasse bestimmen	identify the class	9	sehemu (der Teil)  —  welche Nominalklasse?	sehemu (part)  —  which noun class?	Kl. 9/10	class 9/10	sehemu Kl. 9/10 (Ø/n-) → sehemu  — Numerus nur an der Konkordanz	sehemu is class 9, plural sehemu class 10	A1 SD1 drill klasse kl9
D153	Klasse bestimmen	identify the class	9	miadi (der Termin)  —  welche Nominalklasse?	miadi (appointment)  —  which noun class?	Kl. 9/10	class 9/10	miadi Kl. 9/10 (Ø/n-) → miadi  — Numerus nur an der Konkordanz	miadi is class 9, plural miadi class 10	A1 SD1 drill klasse kl9
D154	Klasse bestimmen	identify the class	3	mtihani (der Test, die Prüfung)  —  welche Nominalklasse?	mtihani (test, exam)  —  which noun class?	Kl. 3/4	class 3/4	mtihani Kl. 3/4 (m-/mw- › mi-) → mitihani	mtihani is class 3, plural mitihani class 4	A1 SD1 drill klasse kl3
D155	Klasse bestimmen	identify the class	6	maandishi (der Text)  —  welche Nominalklasse?	maandishi (text)  —  which noun class?	Kl. 6	class 6	maandishi Kl. 6 (ma-), kein Numeruswechsel	maandishi is class 6	A1 SD1 drill klasse kl6
D156	Klasse bestimmen	identify the class	9	meza (der Tisch)  —  welche Nominalklasse?	meza (table)  —  which noun class?	Kl. 9/10	class 9/10	meza Kl. 9/10 (Ø/n-) → meza  — Numerus nur an der Konkordanz	meza is class 9, plural meza class 10	A1 SD1 drill klasse kl9
D157	Klasse bestimmen	identify the class	9	likizo (der Urlaub)  —  welche Nominalklasse?	likizo (holiday)  —  which noun class?	Kl. 9/10	class 9/10	likizo Kl. 9/10 (Ø/n-) → likizo  — Numerus nur an der Konkordanz	likizo is class 9, plural likizo class 10	A1 SD1 drill klasse kl9
D158	Klasse bestimmen	identify the class	9	baba (der Vater)  —  welche Nominalklasse?	baba (father)  —  which noun class?	Kl. 9/10	class 9/10	baba Kl. 9/10 (Ø/n-) → baba  — Numerus nur an der Konkordanz  —  Vorsicht: Form Kl. 9, aber Kongruenz Kl. 1/2 (Person)	baba is class 9, plural baba class 10  —  careful: form class 9, but agreement class 1/2 (person)	A1 SD1 drill klasse kl9
D159	Klasse bestimmen	identify the class	7	chama (der Verein)  —  welche Nominalklasse?	chama (club)  —  which noun class?	Kl. 7/8	class 7/8	chama Kl. 7/8 (ki- › vi-) → vyama	chama is class 7, plural vyama class 8	A1 SD1 drill klasse kl7
D160	Klasse bestimmen	identify the class	1	muuzaji (der Verkäufer)  —  welche Nominalklasse?	muuzaji (sales assistant)  —  which noun class?	Kl. 1/2	class 1/2	muuzaji Kl. 1/2 (m-/mw- › wa-) → wauzaji	muuzaji is class 1, plural wauzaji class 2	A1 SD1 drill klasse kl1
D161	Klasse bestimmen	identify the class	9	ndugu (der Verwandte, die Geschwister (pl.))  —  welche Nominalklasse?	ndugu (relative, siblings)  —  which noun class?	Kl. 9/10	class 9/10	ndugu Kl. 9/10 (Ø/n-) → ndugu  — Numerus nur an der Konkordanz  —  Vorsicht: Form Kl. 9, aber Kongruenz Kl. 1/2 (Person)	ndugu is class 9, plural ndugu class 10  —  careful: form class 9, but agreement class 1/2 (person)	A1 SD1 drill klasse kl9
D162	Klasse bestimmen	identify the class	3	mvinyo (der Wein)  —  welche Nominalklasse?	mvinyo (wine)  —  which noun class?	Kl. 3/4	class 3/4	mvinyo Kl. 3/4 (m-/mw- › mi-) → mivinyo	mvinyo is class 3, plural mivinyo class 4	A1 SD1 drill klasse kl3
D163	Klasse bestimmen	identify the class	11	upepo (der Wind)  —  welche Nominalklasse?	upepo (wind)  —  which noun class?	Kl. 11/10	class 11/10	upepo Kl. 11/10 (u- › Ø/n-) → pepo	upepo is class 11, plural pepo class 10	A1 SD1 drill klasse kl11
D164	Klasse bestimmen	identify the class	9	forodha (der Zoll)  —  welche Nominalklasse?	forodha (customs)  —  which noun class?	Kl. 9/10	class 9/10	forodha Kl. 9/10 (Ø/n-) → forodha  — Numerus nur an der Konkordanz	forodha is class 9, plural forodha class 10	A1 SD1 drill klasse kl9
D165	Klasse bestimmen	identify the class	9	treni (der Zug, die Bahn)  —  welche Nominalklasse?	treni (train, railway)  —  which noun class?	Kl. 9/10	class 9/10	treni Kl. 9/10 (Ø/n-) → treni  — Numerus nur an der Konkordanz	treni is class 9, plural treni class 10	A1 SD1 drill klasse kl9
D166	Klasse bestimmen	identify the class	9	anwani (die Adresse)  —  welche Nominalklasse?	anwani (address)  —  which noun class?	Kl. 9/10	class 9/10	anwani Kl. 9/10 (Ø/n-) → anwani  — Numerus nur an der Konkordanz	anwani is class 9, plural anwani class 10	A1 SD1 drill klasse kl9
D167	Klasse bestimmen	identify the class	15	kuwasili (die Ankunft)  —  welche Nominalklasse?	kuwasili (arrival)  —  which noun class?	Kl. 15	class 15	kuwasili Kl. 15 (ku-), kein Numeruswechsel	kuwasili is class 15	A1 SD1 drill klasse kl15
D168	Klasse bestimmen	identify the class	14	usajili (die Anmeldung)  —  welche Nominalklasse?	usajili (registration)  —  which noun class?	Kl. 14	class 14	usajili Kl. 14 (u-), kein Numeruswechsel	usajili is class 14	A1 SD1 drill klasse kl14
D169	Klasse bestimmen	identify the class	5	tangazo (die Ansage, die Anzeige, die Durchsage)  —  welche Nominalklasse?	tangazo (announcement, advertisement)  —  which noun class?	Kl. 5/6	class 5/6	tangazo Kl. 5/6 (ji-/Ø › ma-) → matangazo	tangazo is class 5, plural matangazo class 6	A1 SD1 drill klasse kl5
D170	Klasse bestimmen	identify the class	5	jibu (die Antwort, die Lösung)  —  welche Nominalklasse?	jibu (answer, solution)  —  which noun class?	Kl. 5/6	class 5/6	jibu Kl. 5/6 (ji-/Ø › ma-) → majibu	jibu is class 5, plural majibu class 6	A1 SD1 drill klasse kl5
D171	Klasse bestimmen	identify the class	9	taarifa (die Auskunft, die Information)  —  welche Nominalklasse?	taarifa (information)  —  which noun class?	Kl. 9/10	class 9/10	taarifa Kl. 9/10 (Ø/n-) → taarifa  — Numerus nur an der Konkordanz	taarifa is class 9, plural taarifa class 10	A1 SD1 drill klasse kl9
D172	Klasse bestimmen	identify the class	9	kauli (die Aussage)  —  welche Nominalklasse?	kauli (statement)  —  which noun class?	Kl. 9/10	class 9/10	kauli Kl. 9/10 (Ø/n-) → kauli  — Numerus nur an der Konkordanz	kauli is class 9, plural kauli class 10	A1 SD1 drill klasse kl9
D173	Klasse bestimmen	identify the class	9	ndizi (die Banane)  —  welche Nominalklasse?	ndizi (banana)  —  which noun class?	Kl. 9/10	class 9/10	ndizi Kl. 9/10 (Ø/n-) → ndizi  — Numerus nur an der Konkordanz	ndizi is class 9, plural ndizi class 10	A1 SD1 drill klasse kl9
D174	Klasse bestimmen	identify the class	9	benki (die Bank)  —  welche Nominalklasse?	benki (bank)  —  which noun class?	Kl. 9/10	class 9/10	benki Kl. 9/10 (Ø/n-) → benki  — Numerus nur an der Konkordanz	benki is class 9, plural benki class 10	A1 SD1 drill klasse kl9
D175	Klasse bestimmen	identify the class	5	pea (die Birne)  —  welche Nominalklasse?	pea (pear)  —  which noun class?	Kl. 5/6	class 5/6	pea Kl. 5/6 (ji-/Ø › ma-) → mapea	pea is class 5, plural mapea class 6	A1 SD1 drill klasse kl5
D176	Klasse bestimmen	identify the class	5	ombi (die Bitte)  —  welche Nominalklasse?	ombi (request)  —  which noun class?	Kl. 5/6	class 5/6	ombi Kl. 5/6 (ji-/Ø › ma-) → maombi	ombi is class 5, plural maombi class 6	A1 SD1 drill klasse kl5
D177	Klasse bestimmen	identify the class	5	ua (die Blume)  —  welche Nominalklasse?	ua (flower)  —  which noun class?	Kl. 5/6	class 5/6	ua Kl. 5/6 (ji-/Ø › ma-) → maua	ua is class 5, plural maua class 6	A1 SD1 drill klasse kl5
D178	Klasse bestimmen	identify the class	9	stempu (die Briefmarke)  —  welche Nominalklasse?	stempu (stamp)  —  which noun class?	Kl. 9/10	class 9/10	stempu Kl. 9/10 (Ø/n-) → stempu  — Numerus nur an der Konkordanz	stempu is class 9, plural stempu class 10	A1 SD1 drill klasse kl9
D179	Klasse bestimmen	identify the class	9	siagi (die Butter)  —  welche Nominalklasse?	siagi (butter)  —  which noun class?	Kl. 9	class 9	siagi Kl. 9 (Ø/n-), kein Numeruswechsel	siagi is class 9	A1 SD1 drill klasse kl9
D180	Klasse bestimmen	identify the class	9	CD (die CD)  —  welche Nominalklasse?	CD (CD)  —  which noun class?	Kl. 9/10	class 9/10	CD Kl. 9/10 (Ø/n-) → CD  — Numerus nur an der Konkordanz	CD is class 9, plural CD class 10	A1 SD1 drill klasse kl9
D181	Klasse bestimmen	identify the class	5	bibi (die Dame)  —  welche Nominalklasse?	bibi (lady)  —  which noun class?	Kl. 5/6	class 5/6	bibi Kl. 5/6 (ji-/Ø › ma-) → mabibi  —  Vorsicht: Form Kl. 5, aber Kongruenz Kl. 1/2 (Person)	bibi is class 5, plural mabibi class 6  —  careful: form class 5, but agreement class 1/2 (person)	A1 SD1 drill klasse kl5
D182	Klasse bestimmen	identify the class	9	disko (die Disco)  —  welche Nominalklasse?	disko (disco)  —  which noun class?	Kl. 9/10	class 9/10	disko Kl. 9/10 (Ø/n-) → disko  — Numerus nur an der Konkordanz	disko is class 9, plural disko class 10	A1 SD1 drill klasse kl9
D183	Klasse bestimmen	identify the class	9	kona (die Ecke)  —  welche Nominalklasse?	kona (corner)  —  which noun class?	Kl. 9/10	class 9/10	kona Kl. 9/10 (Ø/n-) → kona  — Numerus nur an der Konkordanz	kona is class 9, plural kona class 10	A1 SD1 drill klasse kl9
D184	Klasse bestimmen	identify the class	1	mke (die Ehefrau)  —  welche Nominalklasse?	mke (wife)  —  which noun class?	Kl. 1/2	class 1/2	mke Kl. 1/2 (m-/mw- › wa-) → wake	mke is class 1, plural wake class 2	A1 SD1 drill klasse kl1
D185	Klasse bestimmen	identify the class	3	mwaliko (die Einladung)  —  welche Nominalklasse?	mwaliko (invitation)  —  which noun class?	Kl. 3/4	class 3/4	mwaliko Kl. 3/4 (m-/mw- › mi-) → mialiko	mwaliko is class 3, plural mialiko class 4	A1 SD1 drill klasse kl3
D186	Klasse bestimmen	identify the class	1	mzazi (die Eltern (pl.))  —  welche Nominalklasse?	mzazi (parents)  —  which noun class?	Kl. 1/2	class 1/2	mzazi Kl. 1/2 (m-/mw- › wa-) → wazazi	mzazi is class 1, plural wazazi class 2	A1 SD1 drill klasse kl1
D187	Klasse bestimmen	identify the class	9	radhi (die Entschuldigung)  —  welche Nominalklasse?	radhi (apology)  —  which noun class?	Kl. 9/10	class 9/10	radhi Kl. 9/10 (Ø/n-) → radhi  — Numerus nur an der Konkordanz	radhi is class 9, plural radhi class 10	A1 SD1 drill klasse kl9
D188	Klasse bestimmen	identify the class	9	familia (die Familie)  —  welche Nominalklasse?	familia (family)  —  which noun class?	Kl. 9/10	class 9/10	familia Kl. 9/10 (Ø/n-) → familia  — Numerus nur an der Konkordanz	familia is class 9, plural familia class 10	A1 SD1 drill klasse kl9
D189	Klasse bestimmen	identify the class	9	rangi (die Farbe)  —  welche Nominalklasse?	rangi (colour)  —  which noun class?	Kl. 9/10	class 9/10	rangi Kl. 9/10 (Ø/n-) → rangi  — Numerus nur an der Konkordanz	rangi is class 9, plural rangi class 10	A1 SD1 drill klasse kl9
D190	Klasse bestimmen	identify the class	9	kampuni (die Firma)  —  welche Nominalklasse?	kampuni (company)  —  which noun class?	Kl. 9/10	class 9/10	kampuni Kl. 9/10 (Ø/n-) → kampuni  — Numerus nur an der Konkordanz	kampuni is class 9, plural kampuni class 10	A1 SD1 drill klasse kl9
D191	Klasse bestimmen	identify the class	9	chupa (die Flasche)  —  welche Nominalklasse?	chupa (bottle)  —  which noun class?	Kl. 9/10	class 9/10	chupa Kl. 9/10 (Ø/n-) → chupa  — Numerus nur an der Konkordanz	chupa is class 9, plural chupa class 10	A1 SD1 drill klasse kl9
D192	Klasse bestimmen	identify the class	5	swali (die Frage)  —  welche Nominalklasse?	swali (question)  —  which noun class?	Kl. 5/6	class 5/6	swali Kl. 5/6 (ji-/Ø › ma-) → maswali	swali is class 5, plural maswali class 6	A1 SD1 drill klasse kl5
D193	Klasse bestimmen	identify the class	1	mwanamke (die Frau)  —  welche Nominalklasse?	mwanamke (woman)  —  which noun class?	Kl. 1/2	class 1/2	mwanamke Kl. 1/2 (m-/mw- › wa-) → wanawake	mwanamke is class 1, plural wanawake class 2	A1 SD1 drill klasse kl1
D194	Klasse bestimmen	identify the class	14	uongozi (die Führung)  —  welche Nominalklasse?	uongozi (guided.tour)  —  which noun class?	Kl. 14	class 14	uongozi Kl. 14 (u-), kein Numeruswechsel	uongozi is class 14	A1 SD1 drill klasse kl14
D195	Klasse bestimmen	identify the class	9	bibi (die Großmutter, die Oma)  —  welche Nominalklasse?	bibi (grandmother, grandma)  —  which noun class?	Kl. 9/10	class 9/10	bibi Kl. 9/10 (Ø/n-) → bibi  — Numerus nur an der Konkordanz  —  Vorsicht: Form Kl. 9, aber Kongruenz Kl. 1/2 (Person)	bibi is class 9, plural bibi class 10  —  careful: form class 9, but agreement class 1/2 (person)	A1 SD1 drill klasse kl9
D196	Klasse bestimmen	identify the class	7	kikundi (die Gruppe)  —  welche Nominalklasse?	kikundi (group)  —  which noun class?	Kl. 7/8	class 7/8	kikundi Kl. 7/8 (ki- › vi-) → vikundi	kikundi is class 7, plural vikundi class 8	A1 SD1 drill klasse kl7
D197	Klasse bestimmen	identify the class	14	ukubwa (die Größe)  —  welche Nominalklasse?	ukubwa (size)  —  which noun class?	Kl. 14	class 14	ukubwa Kl. 14 (u-), kein Numeruswechsel	ukubwa is class 14	A1 SD1 drill klasse kl14
D198	Klasse bestimmen	identify the class	11	ukumbi (die Halle)  —  welche Nominalklasse?	ukumbi (hall)  —  which noun class?	Kl. 11/10	class 11/10	ukumbi Kl. 11/10 (u- › Ø/n-) → kumbi	ukumbi is class 11, plural kumbi class 10	A1 SD1 drill klasse kl11
D199	Klasse bestimmen	identify the class	7	kituo (die Haltestelle)  —  welche Nominalklasse?	kituo (stop)  —  which noun class?	Kl. 7/8	class 7/8	kituo Kl. 7/8 (ki- › vi-) → vituo	kituo is class 7, plural vituo class 8	A1 SD1 drill klasse kl7
D200	Klasse bestimmen	identify the class	3	msaada (die Hilfe)  —  welche Nominalklasse?	msaada (help)  —  which noun class?	Kl. 3/4	class 3/4	msaada Kl. 3/4 (m-/mw- › mi-) → misaada	msaada is class 3, plural misaada class 4	A1 SD1 drill klasse kl3
D201	Klasse bestimmen	identify the class	9	harusi (die Hochzeit)  —  welche Nominalklasse?	harusi (wedding)  —  which noun class?	Kl. 9/10	class 9/10	harusi Kl. 9/10 (Ø/n-) → harusi  — Numerus nur an der Konkordanz	harusi is class 9, plural harusi class 10	A1 SD1 drill klasse kl9
D202	Klasse bestimmen	identify the class	5	koti (die Jacke)  —  welche Nominalklasse?	koti (jacket)  —  which noun class?	Kl. 5/6	class 5/6	koti Kl. 5/6 (ji-/Ø › ma-) → makoti	koti is class 5, plural makoti class 6	A1 SD1 drill klasse kl5
D203	Klasse bestimmen	identify the class	9	kadi (die Karte)  —  welche Nominalklasse?	kadi (card)  —  which noun class?	Kl. 9/10	class 9/10	kadi Kl. 9/10 (Ø/n-) → kadi  — Numerus nur an der Konkordanz	kadi is class 9, plural kadi class 10	A1 SD1 drill klasse kl9
D204	Klasse bestimmen	identify the class	7	kiazi (die Kartoffel)  —  welche Nominalklasse?	kiazi (potato)  —  which noun class?	Kl. 7/8	class 7/8	kiazi Kl. 7/8 (ki- › vi-) → viazi	kiazi is class 7, plural viazi class 8	A1 SD1 drill klasse kl7
D205	Klasse bestimmen	identify the class	5	darasa (die Klasse)  —  welche Nominalklasse?	darasa (class)  —  which noun class?	Kl. 5/6	class 5/6	darasa Kl. 5/6 (ji-/Ø › ma-) → madarasa	darasa is class 5, plural madarasa class 6	A1 SD1 drill klasse kl5
D206	Klasse bestimmen	identify the class	9	nguo (die Kleidung)  —  welche Nominalklasse?	nguo (clothing)  —  which noun class?	Kl. 9/10	class 9/10	nguo Kl. 9/10 (Ø/n-) → nguo  — Numerus nur an der Konkordanz	nguo is class 9, plural nguo class 10	A1 SD1 drill klasse kl9
D207	Klasse bestimmen	identify the class	9	kodi (die Miete)  —  welche Nominalklasse?	kodi (rent)  —  which noun class?	Kl. 9/10	class 9/10	kodi Kl. 9/10 (Ø/n-) → kodi  — Numerus nur an der Konkordanz	kodi is class 9, plural kodi class 10	A1 SD1 drill klasse kl9
D208	Klasse bestimmen	identify the class	6	maziwa (die Milch)  —  welche Nominalklasse?	maziwa (milk)  —  which noun class?	Kl. 6	class 6	maziwa Kl. 6 (ma-), kein Numeruswechsel	maziwa is class 6	A1 SD1 drill klasse kl6
D209	Klasse bestimmen	identify the class	9	kati (die Mitte)  —  welche Nominalklasse?	kati (middle)  —  which noun class?	Kl. 9	class 9	kati Kl. 9 (Ø/n-), kein Numeruswechsel	kati is class 9	A1 SD1 drill klasse kl9
D210	Klasse bestimmen	identify the class	9	mama (die Mutter)  —  welche Nominalklasse?	mama (mother)  —  which noun class?	Kl. 9/10	class 9/10	mama Kl. 9/10 (Ø/n-) → mama  — Numerus nur an der Konkordanz  —  Vorsicht: Form Kl. 9, aber Kongruenz Kl. 1/2 (Person)	mama is class 9, plural mama class 10  —  careful: form class 9, but agreement class 1/2 (person)	A1 SD1 drill klasse kl9
D211	Klasse bestimmen	identify the class	9	samani (die Möbel (pl.))  —  welche Nominalklasse?	samani (furniture)  —  which noun class?	Kl. 9/10	class 9/10	samani Kl. 9/10 (Ø/n-) → samani  — Numerus nur an der Konkordanz	samani is class 9, plural samani class 10	A1 SD1 drill klasse kl9
D212	Klasse bestimmen	identify the class	9	namba (die Nummer)  —  welche Nominalklasse?	namba (number)  —  which noun class?	Kl. 9/10	class 9/10	namba Kl. 9/10 (Ø/n-) → namba  — Numerus nur an der Konkordanz	namba is class 9, plural namba class 10	A1 SD1 drill klasse kl9
D213	Klasse bestimmen	identify the class	11	utaratibu (die Ordnung)  —  welche Nominalklasse?	utaratibu (order)  —  which noun class?	Kl. 11/10	class 11/10	utaratibu Kl. 11/10 (u- › Ø/n-) → taratibu	utaratibu is class 11, plural taratibu class 10	A1 SD1 drill klasse kl11
D214	Klasse bestimmen	identify the class	9	hati (die Papiere (pl.))  —  welche Nominalklasse?	hati (documents)  —  which noun class?	Kl. 9/10	class 9/10	hati Kl. 9/10 (Ø/n-) → hati  — Numerus nur an der Konkordanz	hati is class 9, plural hati class 10	A1 SD1 drill klasse kl9
D215	Klasse bestimmen	identify the class	9	sherehe (die Party)  —  welche Nominalklasse?	sherehe (party)  —  which noun class?	Kl. 9/10	class 9/10	sherehe Kl. 9/10 (Ø/n-) → sherehe  — Numerus nur an der Konkordanz	sherehe is class 9, plural sherehe class 10	A1 SD1 drill klasse kl9
D216	Klasse bestimmen	identify the class	6	mapumziko (die Pause)  —  welche Nominalklasse?	mapumziko (break)  —  which noun class?	Kl. 6	class 6	mapumziko Kl. 6 (ma-), kein Numeruswechsel	mapumziko is class 6	A1 SD1 drill klasse kl6
D217	Klasse bestimmen	identify the class	9	polisi (die Polizei)  —  welche Nominalklasse?	polisi (police)  —  which noun class?	Kl. 9/10	class 9/10	polisi Kl. 9/10 (Ø/n-) → polisi  — Numerus nur an der Konkordanz	polisi is class 9, plural polisi class 10	A1 SD1 drill klasse kl9
D218	Klasse bestimmen	identify the class	10	chipsi (die Pommes frites (pl.))  —  welche Nominalklasse?	chipsi (chips)  —  which noun class?	Kl. 10	class 10	chipsi Kl. 10 (Ø/n-), kein Numeruswechsel	chipsi is class 10	A1 SD1 drill klasse kl10
D219	Klasse bestimmen	identify the class	9	posta (die Post)  —  welche Nominalklasse?	posta (post)  —  which noun class?	Kl. 9/10	class 9/10	posta Kl. 9/10 (Ø/n-) → posta  — Numerus nur an der Konkordanz	posta is class 9, plural posta class 10	A1 SD1 drill klasse kl9
D220	Klasse bestimmen	identify the class	9	kliniki (die Praxis)  —  welche Nominalklasse?	kliniki (surgery)  —  which noun class?	Kl. 9/10	class 9/10	kliniki Kl. 9/10 (Ø/n-) → kliniki  — Numerus nur an der Konkordanz	kliniki is class 9, plural kliniki class 10	A1 SD1 drill klasse kl9
D221	Klasse bestimmen	identify the class	9	bili (die Rechnung)  —  welche Nominalklasse?	bili (bill)  —  which noun class?	Kl. 9/10	class 9/10	bili Kl. 9/10 (Ø/n-) → bili  — Numerus nur an der Konkordanz	bili is class 9, plural bili class 10	A1 SD1 drill klasse kl9
D222	Klasse bestimmen	identify the class	14	ukarabati (die Reparatur)  —  welche Nominalklasse?	ukarabati (repair)  —  which noun class?	Kl. 14	class 14	ukarabati Kl. 14 (u-), kein Numeruswechsel	ukarabati is class 14	A1 SD1 drill klasse kl14
D223	Klasse bestimmen	identify the class	6	mapokezi (die Rezeption)  —  welche Nominalklasse?	mapokezi (reception)  —  which noun class?	Kl. 6	class 6	mapokezi Kl. 6 (ma-), kein Numeruswechsel	mapokezi is class 6	A1 SD1 drill klasse kl6
D224	Klasse bestimmen	identify the class	9	shule (die Schule)  —  welche Nominalklasse?	shule (school)  —  which noun class?	Kl. 9/10	class 9/10	shule Kl. 9/10 (Ø/n-) → shule  — Numerus nur an der Konkordanz	shule is class 9, plural shule class 10	A1 SD1 drill klasse kl9
D225	Klasse bestimmen	identify the class	9	dada (die Schwester)  —  welche Nominalklasse?	dada (sister)  —  which noun class?	Kl. 9/10	class 9/10	dada Kl. 9/10 (Ø/n-) → dada  — Numerus nur an der Konkordanz  —  Vorsicht: Form Kl. 9, aber Kongruenz Kl. 1/2 (Person)	dada is class 9, plural dada class 10  —  careful: form class 9, but agreement class 1/2 (person)	A1 SD1 drill klasse kl9
D226	Klasse bestimmen	identify the class	7	kivutio (die Sehenswürdigkeit)  —  welche Nominalklasse?	kivutio (sight)  —  which noun class?	Kl. 7/8	class 7/8	kivutio Kl. 7/8 (ki- › vi-) → vivutio	kivutio is class 7, plural vivutio class 8	A1 SD1 drill klasse kl7
D227	Klasse bestimmen	identify the class	5	jua (die Sonne)  —  welche Nominalklasse?	jua (sun)  —  which noun class?	Kl. 5/6	class 5/6	jua Kl. 5/6 (ji-/Ø › ma-) → majua	jua is class 5, plural majua class 6	A1 SD1 drill klasse kl5
D228	Klasse bestimmen	identify the class	9	menyu (die Speisekarte)  —  welche Nominalklasse?	menyu (menu)  —  which noun class?	Kl. 9/10	class 9/10	menyu Kl. 9/10 (Ø/n-) → menyu  — Numerus nur an der Konkordanz	menyu is class 9, plural menyu class 10	A1 SD1 drill klasse kl9
D229	Klasse bestimmen	identify the class	9	lugha (die Sprache)  —  welche Nominalklasse?	lugha (language)  —  which noun class?	Kl. 9/10	class 9/10	lugha Kl. 9/10 (Ø/n-) → lugha  — Numerus nur an der Konkordanz	lugha is class 9, plural lugha class 10	A1 SD1 drill klasse kl9
D230	Klasse bestimmen	identify the class	3	mji (die Stadt)  —  welche Nominalklasse?	mji (town)  —  which noun class?	Kl. 3/4	class 3/4	mji Kl. 3/4 (m-/mw- › mi-) → miji	mji is class 3, plural miji class 4	A1 SD1 drill klasse kl3
D231	Klasse bestimmen	identify the class	9	barabara (die Straße)  —  welche Nominalklasse?	barabara (street)  —  which noun class?	Kl. 9/10	class 9/10	barabara Kl. 9/10 (Ø/n-) → barabara  — Numerus nur an der Konkordanz	barabara is class 9, plural barabara class 10	A1 SD1 drill klasse kl9
D232	Klasse bestimmen	identify the class	9	tramu (die Straßenbahn)  —  welche Nominalklasse?	tramu (tram)  —  which noun class?	Kl. 9/10	class 9/10	tramu Kl. 9/10 (Ø/n-) → tramu  — Numerus nur an der Konkordanz	tramu is class 9, plural tramu class 10	A1 SD1 drill klasse kl9
D233	Klasse bestimmen	identify the class	9	saa (die Stunde, die Uhr)  —  welche Nominalklasse?	saa (hour, clock)  —  which noun class?	Kl. 9/10	class 9/10	saa Kl. 9/10 (Ø/n-) → saa  — Numerus nur an der Konkordanz	saa is class 9, plural saa class 10	A1 SD1 drill klasse kl9
D234	Klasse bestimmen	identify the class	3	mfuko (die Tasche)  —  welche Nominalklasse?	mfuko (bag)  —  which noun class?	Kl. 3/4	class 3/4	mfuko Kl. 3/4 (m-/mw- › mi-) → mifuko	mfuko is class 3, plural mifuko class 4	A1 SD1 drill klasse kl3
D235	Klasse bestimmen	identify the class	5	binti (die Tochter)  —  welche Nominalklasse?	binti (daughter)  —  which noun class?	Kl. 5/6	class 5/6	binti Kl. 5/6 (ji-/Ø › ma-) → mabinti  —  Vorsicht: Form Kl. 5, aber Kongruenz Kl. 1/2 (Person)	binti is class 5, plural mabinti class 6  —  careful: form class 5, but agreement class 1/2 (person)	A1 SD1 drill klasse kl5
D236	Klasse bestimmen	identify the class	7	choo (die Toilette)  —  welche Nominalklasse?	choo (toilet)  —  which noun class?	Kl. 7/8	class 7/8	choo Kl. 7/8 (ki- › vi-) → vyoo	choo is class 7, plural vyoo class 8	A1 SD1 drill klasse kl7
D237	Klasse bestimmen	identify the class	9	nyanya (die Tomate)  —  welche Nominalklasse?	nyanya (tomato)  —  which noun class?	Kl. 9/10	class 9/10	nyanya Kl. 9/10 (Ø/n-) → nyanya  — Numerus nur an der Konkordanz	nyanya is class 9, plural nyanya class 10	A1 SD1 drill klasse kl9
D238	Klasse bestimmen	identify the class	9	ngazi (die Treppe)  —  welche Nominalklasse?	ngazi (stairs)  —  which noun class?	Kl. 9/10	class 9/10	ngazi Kl. 9/10 (Ø/n-) → ngazi  — Numerus nur an der Konkordanz	ngazi is class 9, plural ngazi class 10	A1 SD1 drill klasse kl9
D239	Klasse bestimmen	identify the class	9	sahihi (die Unterschrift)  —  welche Nominalklasse?	sahihi (signature)  —  which noun class?	Kl. 9/10	class 9/10	sahihi Kl. 9/10 (Ø/n-) → sahihi  — Numerus nur an der Konkordanz	sahihi is class 9, plural sahihi class 10	A1 SD1 drill klasse kl9
D240	Klasse bestimmen	identify the class	14	uangalifu (die Vorsicht)  —  welche Nominalklasse?	uangalifu (caution)  —  which noun class?	Kl. 14	class 14	uangalifu Kl. 14 (u-), kein Numeruswechsel	uangalifu is class 14	A1 SD1 drill klasse kl14
D241	Klasse bestimmen	identify the class	9	dunia (die Welt)  —  welche Nominalklasse?	dunia (world)  —  which noun class?	Kl. 9/10	class 9/10	dunia Kl. 9/10 (Ø/n-) → dunia  — Numerus nur an der Konkordanz	dunia is class 9, plural dunia class 10	A1 SD1 drill klasse kl9
D242	Klasse bestimmen	identify the class	11	wakati (die Zeit)  —  welche Nominalklasse?	wakati (time)  —  which noun class?	Kl. 11/10	class 11/10	wakati Kl. 11/10 (u- › Ø/n-) → nyakati	wakati is class 11, plural nyakati class 10	A1 SD1 drill klasse kl11
D243	Klasse bestimmen	identify the class	5	gazeti (die Zeitung)  —  welche Nominalklasse?	gazeti (newspaper)  —  which noun class?	Kl. 5/6	class 5/6	gazeti Kl. 5/6 (ji-/Ø › ma-) → magazeti	gazeti is class 5, plural magazeti class 6	A1 SD1 drill klasse kl5
D244	Klasse bestimmen	identify the class	9	sigara (die Zigarette)  —  welche Nominalklasse?	sigara (cigarette)  —  which noun class?	Kl. 9/10	class 9/10	sigara Kl. 9/10 (Ø/n-) → sigara  — Numerus nur an der Konkordanz	sigara is class 9, plural sigara class 10	A1 SD1 drill klasse kl9
D245	Plural bilden	form the plural	5	jicho (das Auge)  —  Plural?	jicho (eye)  —  plural?	macho	macho	jicho Kl. 5/6 (ji-/Ø › ma-) → macho	class 5/6: jicho → macho	A1 SD1 drill plural kl5
D246	Plural bilden	form the plural	5	gari (das Auto)  —  Plural?	gari (car)  —  plural?	magari	magari	gari Kl. 5/6 (ji-/Ø › ma-) → magari	class 5/6: gari → magari	A1 SD1 drill plural kl5
D247	Plural bilden	form the plural	3	mguu (das Bein, der Fuß)  —  Plural?	mguu (leg, foot)  —  plural?	miguu	miguu	mguu Kl. 3/4 (m-/mw- › mi-) → miguu	class 3/4: mguu → miguu	A1 SD1 drill plural kl3
D248	Plural bilden	form the plural	3	mfano (das Beispiel)  —  Plural?	mfano (example)  —  plural?	mifano	mifano	mfano Kl. 3/4 (m-/mw- › mi-) → mifano	class 3/4: mfano → mifano	A1 SD1 drill plural kl3
D249	Plural bilden	form the plural	7	kitanda (das Bett)  —  Plural?	kitanda (bed)  —  plural?	vitanda	vitanda	kitanda Kl. 7/8 (ki- › vi-) → vitanda	class 7/8: kitanda → vitanda	A1 SD1 drill plural kl7
D250	Plural bilden	form the plural	3	mkate (das Brot)  —  Plural?	mkate (bread)  —  plural?	mikate	mikate	mkate Kl. 3/4 (m-/mw- › mi-) → mikate	class 3/4: mkate → mikate	A1 SD1 drill plural kl3
D251	Plural bilden	form the plural	7	kitabu (das Buch)  —  Plural?	kitabu (book)  —  plural?	vitabu	vitabu	kitabu Kl. 7/8 (ki- › vi-) → vitabu	class 7/8: kitabu → vitabu	A1 SD1 drill plural kl7
D252	Plural bilden	form the plural	3	mkahawa (das Café, das Restaurant)  —  Plural?	mkahawa (cafe, restaurant)  —  plural?	mikahawa	mikahawa	mkahawa Kl. 3/4 (m-/mw- › mi-) → mikahawa	class 3/4: mkahawa → mikahawa	A1 SD1 drill plural kl3
D253	Plural bilden	form the plural	7	kijiji (das Dorf)  —  Plural?	kijiji (village)  —  plural?	vijiji	vijiji	kijiji Kl. 7/8 (ki- › vi-) → vijiji	class 7/8: kijiji → vijiji	A1 SD1 drill plural kl7
D254	Plural bilden	form the plural	5	yai (das Ei)  —  Plural?	yai (egg)  —  plural?	mayai	mayai	yai Kl. 5/6 (ji-/Ø › ma-) → mayai	class 5/6: yai → mayai	A1 SD1 drill plural kl5
D255	Plural bilden	form the plural	3	mwisho (das Ende, der Schluss)  —  Plural?	mwisho (end)  —  plural?	miisho	miisho	mwisho Kl. 3/4 (m-/mw- › mi-) → miisho	class 3/4: mwisho → miisho	A1 SD1 drill plural kl3
D256	Plural bilden	form the plural	5	tokeo (das Ergebnis)  —  Plural?	tokeo (result)  —  plural?	matokeo	matokeo	tokeo Kl. 5/6 (ji-/Ø › ma-) → matokeo	class 5/6: tokeo → matokeo	A1 SD1 drill plural kl5
D257	Plural bilden	form the plural	7	chakula (das Essen, die Lebensmittel (pl.))  —  Plural?	chakula (food, groceries)  —  plural?	vyakula	vyakula	chakula Kl. 7/8 (ki- › vi-) → vyakula	class 7/8: chakula → vyakula	A1 SD1 drill plural kl7
D258	Plural bilden	form the plural	3	moto (das Feuer)  —  Plural?	moto (fire)  —  plural?	mioto	mioto	moto Kl. 3/4 (m-/mw- › mi-) → mioto	class 3/4: moto → mioto	A1 SD1 drill plural kl3
D259	Plural bilden	form the plural	3	mzigo (das Gepäck)  —  Plural?	mzigo (luggage)  —  plural?	mizigo	mizigo	mzigo Kl. 3/4 (m-/mw- › mi-) → mizigo	class 3/4: mzigo → mizigo	A1 SD1 drill plural kl3
D260	Plural bilden	form the plural	5	duka (das Geschäft, der Laden)  —  Plural?	duka (shop)  —  plural?	maduka	maduka	duka Kl. 5/6 (ji-/Ø › ma-) → maduka	class 5/6: duka → maduka	A1 SD1 drill plural kl5
D261	Plural bilden	form the plural	7	kinywaji (das Getränk)  —  Plural?	kinywaji (drink)  —  plural?	vinywaji	vinywaji	kinywaji Kl. 7/8 (ki- › vi-) → vinywaji	class 7/8: kinywaji → vinywaji	A1 SD1 drill plural kl7
D262	Plural bilden	form the plural	5	jukwaa (das Gleis, der Bahnsteig)  —  Plural?	jukwaa (platform)  —  plural?	majukwaa	majukwaa	jukwaa Kl. 5/6 (ji-/Ø › ma-) → majukwaa	class 5/6: jukwaa → majukwaa	A1 SD1 drill plural kl5
D263	Plural bilden	form the plural	11	unywele (das Haar)  —  Plural?	unywele (hair)  —  plural?	nywele	nywele	unywele Kl. 11/10 (u- › Ø/n-) → nywele	class 11/10: unywele → nywele	A1 SD1 drill plural kl11
D264	Plural bilden	form the plural	3	mtandao (das Internet)  —  Plural?	mtandao (internet)  —  plural?	mitandao	mitandao	mtandao Kl. 3/4 (m-/mw- › mi-) → mitandao	class 3/4: mtandao → mitandao	A1 SD1 drill plural kl3
D265	Plural bilden	form the plural	1	mtoto (das Kind)  —  Plural?	mtoto (child)  —  plural?	watoto	watoto	mtoto Kl. 1/2 (m-/mw- › wa-) → watoto	class 1/2: mtoto → watoto	A1 SD1 drill plural kl1
D266	Plural bilden	form the plural	3	mwanga (das Licht)  —  Plural?	mwanga (light)  —  plural?	mianga	mianga	mwanga Kl. 3/4 (m-/mw- › mi-) → mianga	class 3/4: mwanga → mianga	A1 SD1 drill plural kl3
D267	Plural bilden	form the plural	11	wimbo (das Lied)  —  Plural?	wimbo (song)  —  plural?	nyimbo	nyimbo	wimbo Kl. 11/10 (u- › Ø/n-) → nyimbo	class 11/10: wimbo → nyimbo	A1 SD1 drill plural kl11
D268	Plural bilden	form the plural	1	msichana (das Mädchen)  —  Plural?	msichana (girl)  —  plural?	wasichana	wasichana	msichana Kl. 1/2 (m-/mw- › wa-) → wasichana	class 1/2: msichana → wasichana	A1 SD1 drill plural kl1
D269	Plural bilden	form the plural	5	tunda (das Obst)  —  Plural?	tunda (fruit)  —  plural?	matunda	matunda	tunda Kl. 5/6 (ji-/Ø › ma-) → matunda	class 5/6: tunda → matunda	A1 SD1 drill plural kl5
D270	Plural bilden	form the plural	5	tatizo (das Problem)  —  Plural?	tatizo (problem)  —  plural?	matatizo	matatizo	tatizo Kl. 5/6 (ji-/Ø › ma-) → matatizo	class 5/6: tatizo → matatizo	A1 SD1 drill plural kl5
D271	Plural bilden	form the plural	5	neno (das Wort)  —  Plural?	neno (word)  —  plural?	maneno	maneno	neno Kl. 5/6 (ji-/Ø › ma-) → maneno	class 5/6: neno → maneno	A1 SD1 drill plural kl5
D272	Plural bilden	form the plural	7	chumba (das Zimmer, der Raum)  —  Plural?	chumba (room)  —  plural?	vyumba	vyumba	chumba Kl. 7/8 (ki- › vi-) → vyumba	class 7/8: chumba → vyumba	A1 SD1 drill plural kl7
D273	Plural bilden	form the plural	1	mtumaji (der Absender)  —  Plural?	mtumaji (sender)  —  plural?	watumaji	watumaji	mtumaji Kl. 1/2 (m-/mw- › wa-) → watumaji	class 1/2: mtumaji → watumaji	A1 SD1 drill plural kl1
D274	Plural bilden	form the plural	3	mwanzo (der Anfang)  —  Plural?	mwanzo (beginning)  —  plural?	mianzo	mianzo	mwanzo Kl. 3/4 (m-/mw- › mi-) → mianzo	class 3/4: mwanzo → mianzo	A1 SD1 drill plural kl3
D275	Plural bilden	form the plural	3	muunganisho (der Anschluss)  —  Plural?	muunganisho (connection)  —  plural?	miunganisho	miunganisho	muunganisho Kl. 3/4 (m-/mw- › mi-) → miunganisho	class 3/4: muunganisho → miunganisho	A1 SD1 drill plural kl3
D276	Plural bilden	form the plural	5	tofaa (der Apfel)  —  Plural?	tofaa (apple)  —  plural?	matofaa	matofaa	tofaa Kl. 5/6 (ji-/Ø › ma-) → matofaa	class 5/6: tofaa → matofaa	A1 SD1 drill plural kl5
D277	Plural bilden	form the plural	3	mkono (der Arm, die Hand)  —  Plural?	mkono (arm, hand)  —  plural?	mikono	mikono	mkono Kl. 3/4 (m-/mw- › mi-) → mikono	class 3/4: mkono → mikono	A1 SD1 drill plural kl3
D278	Plural bilden	form the plural	5	daktari (der Arzt, der Doktor)  —  Plural?	daktari (doctor)  —  plural?	madaktari	madaktari	daktari Kl. 5/6 (ji-/Ø › ma-) → madaktari	class 5/6: daktari → madaktari	A1 SD1 drill plural kl5
D279	Plural bilden	form the plural	1	mgeni (der Ausländer, der Gast)  —  Plural?	mgeni (foreigner, guest)  —  plural?	wageni	wageni	mgeni Kl. 1/2 (m-/mw- › wa-) → wageni	class 1/2: mgeni → wageni	A1 SD1 drill plural kl1
D280	Plural bilden	form the plural	7	kitambulisho (der Ausweis)  —  Plural?	kitambulisho (identity.card)  —  plural?	vitambulisho	vitambulisho	kitambulisho Kl. 7/8 (ki- › vi-) → vitambulisho	class 7/8: kitambulisho → vitambulisho	A1 SD1 drill plural kl7
D281	Plural bilden	form the plural	5	tumbo (der Bauch)  —  Plural?	tumbo (stomach)  —  plural?	matumbo	matumbo	tumbo Kl. 5/6 (ji-/Ø › ma-) → matumbo	class 5/6: tumbo → matumbo	A1 SD1 drill plural kl5
D282	Plural bilden	form the plural	3	mti (der Baum)  —  Plural?	mti (tree)  —  plural?	miti	miti	mti Kl. 3/4 (m-/mw- › mi-) → miti	class 3/4: mti → miti	A1 SD1 drill plural kl3
D283	Plural bilden	form the plural	5	basi (der Bus)  —  Plural?	basi (bus)  —  plural?	mabasi	mabasi	basi Kl. 5/6 (ji-/Ø › ma-) → mabasi	class 5/6: basi → mabasi	A1 SD1 drill plural kl5
D284	Plural bilden	form the plural	5	bosi (der Chef)  —  Plural?	bosi (boss)  —  plural?	mabosi	mabosi	bosi Kl. 5/6 (ji-/Ø › ma-) → mabosi	class 5/6: bosi → mabosi	A1 SD1 drill plural kl5
D285	Plural bilden	form the plural	7	kiingilio (der Eintritt)  —  Plural?	kiingilio (admission)  —  plural?	viingilio	viingilio	kiingilio Kl. 7/8 (ki- › vi-) → viingilio	class 7/8: kiingilio → viingilio	A1 SD1 drill plural kl7
D286	Plural bilden	form the plural	1	mpokeaji (der Empfänger)  —  Plural?	mpokeaji (recipient)  —  plural?	wapokeaji	wapokeaji	mpokeaji Kl. 1/2 (m-/mw- › wa-) → wapokeaji	class 1/2: mpokeaji → wapokeaji	A1 SD1 drill plural kl1
D287	Plural bilden	form the plural	5	dereva (der Fahrer)  —  Plural?	dereva (driver)  —  plural?	madereva	madereva	dereva Kl. 5/6 (ji-/Ø › ma-) → madereva	class 5/6: dereva → madereva	A1 SD1 drill plural kl5
D288	Plural bilden	form the plural	5	kosa (der Fehler)  —  Plural?	kosa (mistake)  —  plural?	makosa	makosa	kosa Kl. 5/6 (ji-/Ø › ma-) → makosa	class 5/6: kosa → makosa	A1 SD1 drill plural kl5
D289	Plural bilden	form the plural	5	jiko (der Herd, die Küche)  —  Plural?	jiko (cooker, kitchen)  —  plural?	majiko	majiko	jiko Kl. 5/6 (ji-/Ø › ma-) → majiko	class 5/6: jiko → majiko	A1 SD1 drill plural kl5
D290	Plural bilden	form the plural	5	bwana (der Herr)  —  Plural?	bwana (mister)  —  plural?	mabwana	mabwana	bwana Kl. 5/6 (ji-/Ø › ma-) → mabwana	class 5/6: bwana → mabwana	A1 SD1 drill plural kl5
D291	Plural bilden	form the plural	7	kijana (der Jugendliche)  —  Plural?	kijana (young.person)  —  plural?	vijana	vijana	kijana Kl. 7/8 (ki- › vi-) → vijana	class 7/8: kijana → vijana	A1 SD1 drill plural kl7
D292	Plural bilden	form the plural	1	mvulana (der Junge)  —  Plural?	mvulana (boy)  —  plural?	wavulana	wavulana	mvulana Kl. 1/2 (m-/mw- › wa-) → wavulana	class 1/2: mvulana → wavulana	A1 SD1 drill plural kl1
D293	Plural bilden	form the plural	7	kibanda (der Kiosk)  —  Plural?	kibanda (kiosk)  —  plural?	vibanda	vibanda	kibanda Kl. 7/8 (ki- › vi-) → vibanda	class 7/8: kibanda → vibanda	A1 SD1 drill plural kl7
D294	Plural bilden	form the plural	5	sanduku (der Koffer)  —  Plural?	sanduku (suitcase)  —  plural?	masanduku	masanduku	sanduku Kl. 5/6 (ji-/Ø › ma-) → masanduku	class 5/6: sanduku → masanduku	A1 SD1 drill plural kl5
D295	Plural bilden	form the plural	1	mwenzi (der Kollege, der Partner)  —  Plural?	mwenzi (colleague, partner)  —  plural?	wenzi	wenzi	mwenzi Kl. 1/2 (m-/mw- › wa-) → wenzi	class 1/2: mwenzi → wenzi	A1 SD1 drill plural kl1
D296	Plural bilden	form the plural	7	kichwa (der Kopf)  —  Plural?	kichwa (head)  —  plural?	vichwa	vichwa	kichwa Kl. 7/8 (ki- › vi-) → vichwa	class 7/8: kichwa → vichwa	A1 SD1 drill plural kl7
D297	Plural bilden	form the plural	1	mteja (der Kunde)  —  Plural?	mteja (customer)  —  plural?	wateja	wateja	mteja Kl. 1/2 (m-/mw- › wa-) → wateja	class 1/2: mteja → wateja	A1 SD1 drill plural kl1
D298	Plural bilden	form the plural	1	mwalimu (der Lehrer)  —  Plural?	mwalimu (teacher)  —  plural?	walimu	walimu	mwalimu Kl. 1/2 (m-/mw- › wa-) → walimu	class 1/2: mwalimu → walimu	A1 SD1 drill plural kl1
D299	Plural bilden	form the plural	5	lori (der Lkw)  —  Plural?	lori (lorry)  —  plural?	malori	malori	lori Kl. 5/6 (ji-/Ø › ma-) → malori	class 5/6: lori → malori	A1 SD1 drill plural kl5
D300	Plural bilden	form the plural	1	mwanamume (der Mann)  —  Plural?	mwanamume (man)  —  plural?	wanaume	wanaume	mwanamume Kl. 1/2 (m-/mw- › wa-) → wanaume	class 1/2: mwanamume → wanaume	A1 SD1 drill plural kl1
D301	Plural bilden	form the plural	1	mtu (der Mensch, die Leute (pl.))  —  Plural?	mtu (person, people)  —  plural?	watu	watu	mtu Kl. 1/2 (m-/mw- › wa-) → watu	class 1/2: mtu → watu	A1 SD1 drill plural kl1
D302	Plural bilden	form the plural	3	muda (der Moment)  —  Plural?	muda (moment)  —  plural?	nyakati	nyakati	muda Kl. 3/10 (m-/mw- › Ø/n-) → nyakati	class 3/10: muda → nyakati	A1 SD1 drill plural kl3
D303	Plural bilden	form the plural	3	mdomo (der Mund)  —  Plural?	mdomo (mouth)  —  plural?	midomo	midomo	mdomo Kl. 3/4 (m-/mw- › mi-) → midomo	class 3/4: mdomo → midomo	A1 SD1 drill plural kl3
D304	Plural bilden	form the plural	5	jina (der Name)  —  Plural?	jina (name)  —  plural?	majina	majina	jina Kl. 5/6 (ji-/Ø › ma-) → majina	class 5/6: jina → majina	A1 SD1 drill plural kl5
D305	Plural bilden	form the plural	3	mpango (der Plan)  —  Plural?	mpango (plan)  —  plural?	mipango	mipango	mpango Kl. 3/4 (m-/mw- › mi-) → mipango	class 3/4: mpango → mipango	A1 SD1 drill plural kl3
D306	Plural bilden	form the plural	7	kijitabu (der Prospekt)  —  Plural?	kijitabu (brochure)  —  plural?	vijitabu	vijitabu	kijitabu Kl. 7/8 (ki- › vi-) → vijitabu	class 7/8: kijitabu → vijitabu	A1 SD1 drill plural kl7
D307	Plural bilden	form the plural	3	mchele (der Reis)  —  Plural?	mchele (rice)  —  plural?	michele	michele	mchele Kl. 3/4 (m-/mw- › mi-) → michele	class 3/4: mchele → michele	A1 SD1 drill plural kl3
D308	Plural bilden	form the plural	11	ufunguo (der Schlüssel)  —  Plural?	ufunguo (key)  —  plural?	funguo	funguo	ufunguo Kl. 11/10 (u- › Ø/n-) → funguo	class 11/10: ufunguo → funguo	A1 SD1 drill plural kl11
D309	Plural bilden	form the plural	5	kabati (der Schrank)  —  Plural?	kabati (cupboard)  —  plural?	makabati	makabati	kabati Kl. 5/6 (ji-/Ø › ma-) → makabati	class 5/6: kabati → makabati	A1 SD1 drill plural kl5
D310	Plural bilden	form the plural	7	kiatu (der Schuh)  —  Plural?	kiatu (shoe)  —  plural?	viatu	viatu	kiatu Kl. 7/8 (ki- › vi-) → viatu	class 7/8: kiatu → viatu	A1 SD1 drill plural kl7
D311	Plural bilden	form the plural	1	mwanafunzi (der Schüler, der Student)  —  Plural?	mwanafunzi (pupil, student)  —  plural?	wanafunzi	wanafunzi	mwanafunzi Kl. 1/2 (m-/mw- › wa-) → wanafunzi	class 1/2: mwanafunzi → wanafunzi	A1 SD1 drill plural kl1
D312	Plural bilden	form the plural	5	ziwa (der See)  —  Plural?	ziwa (lake)  —  plural?	maziwa	maziwa	ziwa Kl. 5/6 (ji-/Ø › ma-) → maziwa	class 5/6: ziwa → maziwa	A1 SD1 drill plural kl5
D313	Plural bilden	form the plural	1	mwana (der Sohn)  —  Plural?	mwana (son)  —  plural?	wana	wana	mwana Kl. 1/2 (m-/mw- › wa-) → wana	class 1/2: mwana → wana	A1 SD1 drill plural kl1
D314	Plural bilden	form the plural	3	mchezo (der Sport)  —  Plural?	mchezo (sport)  —  plural?	michezo	michezo	mchezo Kl. 3/4 (m-/mw- › mi-) → michezo	class 3/4: mchezo → michezo	A1 SD1 drill plural kl3
D315	Plural bilden	form the plural	3	mtihani (der Test, die Prüfung)  —  Plural?	mtihani (test, exam)  —  plural?	mitihani	mitihani	mtihani Kl. 3/4 (m-/mw- › mi-) → mitihani	class 3/4: mtihani → mitihani	A1 SD1 drill plural kl3
D316	Plural bilden	form the plural	7	chama (der Verein)  —  Plural?	chama (club)  —  plural?	vyama	vyama	chama Kl. 7/8 (ki- › vi-) → vyama	class 7/8: chama → vyama	A1 SD1 drill plural kl7
D317	Plural bilden	form the plural	1	muuzaji (der Verkäufer)  —  Plural?	muuzaji (sales assistant)  —  plural?	wauzaji	wauzaji	muuzaji Kl. 1/2 (m-/mw- › wa-) → wauzaji	class 1/2: muuzaji → wauzaji	A1 SD1 drill plural kl1
D318	Plural bilden	form the plural	3	mvinyo (der Wein)  —  Plural?	mvinyo (wine)  —  plural?	mivinyo	mivinyo	mvinyo Kl. 3/4 (m-/mw- › mi-) → mivinyo	class 3/4: mvinyo → mivinyo	A1 SD1 drill plural kl3
D319	Plural bilden	form the plural	11	upepo (der Wind)  —  Plural?	upepo (wind)  —  plural?	pepo	pepo	upepo Kl. 11/10 (u- › Ø/n-) → pepo	class 11/10: upepo → pepo	A1 SD1 drill plural kl11
D320	Plural bilden	form the plural	5	tangazo (die Ansage, die Anzeige, die Durchsage)  —  Plural?	tangazo (announcement, advertisement)  —  plural?	matangazo	matangazo	tangazo Kl. 5/6 (ji-/Ø › ma-) → matangazo	class 5/6: tangazo → matangazo	A1 SD1 drill plural kl5
D321	Plural bilden	form the plural	5	jibu (die Antwort, die Lösung)  —  Plural?	jibu (answer, solution)  —  plural?	majibu	majibu	jibu Kl. 5/6 (ji-/Ø › ma-) → majibu	class 5/6: jibu → majibu	A1 SD1 drill plural kl5
D322	Plural bilden	form the plural	5	pea (die Birne)  —  Plural?	pea (pear)  —  plural?	mapea	mapea	pea Kl. 5/6 (ji-/Ø › ma-) → mapea	class 5/6: pea → mapea	A1 SD1 drill plural kl5
D323	Plural bilden	form the plural	5	ombi (die Bitte)  —  Plural?	ombi (request)  —  plural?	maombi	maombi	ombi Kl. 5/6 (ji-/Ø › ma-) → maombi	class 5/6: ombi → maombi	A1 SD1 drill plural kl5
D324	Plural bilden	form the plural	5	ua (die Blume)  —  Plural?	ua (flower)  —  plural?	maua	maua	ua Kl. 5/6 (ji-/Ø › ma-) → maua	class 5/6: ua → maua	A1 SD1 drill plural kl5
D325	Plural bilden	form the plural	5	bibi (die Dame)  —  Plural?	bibi (lady)  —  plural?	mabibi	mabibi	bibi Kl. 5/6 (ji-/Ø › ma-) → mabibi	class 5/6: bibi → mabibi	A1 SD1 drill plural kl5
D326	Plural bilden	form the plural	1	mke (die Ehefrau)  —  Plural?	mke (wife)  —  plural?	wake	wake	mke Kl. 1/2 (m-/mw- › wa-) → wake	class 1/2: mke → wake	A1 SD1 drill plural kl1
D327	Plural bilden	form the plural	3	mwaliko (die Einladung)  —  Plural?	mwaliko (invitation)  —  plural?	mialiko	mialiko	mwaliko Kl. 3/4 (m-/mw- › mi-) → mialiko	class 3/4: mwaliko → mialiko	A1 SD1 drill plural kl3
D328	Plural bilden	form the plural	1	mzazi (die Eltern (pl.))  —  Plural?	mzazi (parents)  —  plural?	wazazi	wazazi	mzazi Kl. 1/2 (m-/mw- › wa-) → wazazi	class 1/2: mzazi → wazazi	A1 SD1 drill plural kl1
D329	Plural bilden	form the plural	5	swali (die Frage)  —  Plural?	swali (question)  —  plural?	maswali	maswali	swali Kl. 5/6 (ji-/Ø › ma-) → maswali	class 5/6: swali → maswali	A1 SD1 drill plural kl5
D330	Plural bilden	form the plural	1	mwanamke (die Frau)  —  Plural?	mwanamke (woman)  —  plural?	wanawake	wanawake	mwanamke Kl. 1/2 (m-/mw- › wa-) → wanawake	class 1/2: mwanamke → wanawake	A1 SD1 drill plural kl1
D331	Plural bilden	form the plural	7	kikundi (die Gruppe)  —  Plural?	kikundi (group)  —  plural?	vikundi	vikundi	kikundi Kl. 7/8 (ki- › vi-) → vikundi	class 7/8: kikundi → vikundi	A1 SD1 drill plural kl7
D332	Plural bilden	form the plural	11	ukumbi (die Halle)  —  Plural?	ukumbi (hall)  —  plural?	kumbi	kumbi	ukumbi Kl. 11/10 (u- › Ø/n-) → kumbi	class 11/10: ukumbi → kumbi	A1 SD1 drill plural kl11
D333	Plural bilden	form the plural	7	kituo (die Haltestelle)  —  Plural?	kituo (stop)  —  plural?	vituo	vituo	kituo Kl. 7/8 (ki- › vi-) → vituo	class 7/8: kituo → vituo	A1 SD1 drill plural kl7
D334	Plural bilden	form the plural	3	msaada (die Hilfe)  —  Plural?	msaada (help)  —  plural?	misaada	misaada	msaada Kl. 3/4 (m-/mw- › mi-) → misaada	class 3/4: msaada → misaada	A1 SD1 drill plural kl3
D335	Plural bilden	form the plural	5	koti (die Jacke)  —  Plural?	koti (jacket)  —  plural?	makoti	makoti	koti Kl. 5/6 (ji-/Ø › ma-) → makoti	class 5/6: koti → makoti	A1 SD1 drill plural kl5
D336	Plural bilden	form the plural	7	kiazi (die Kartoffel)  —  Plural?	kiazi (potato)  —  plural?	viazi	viazi	kiazi Kl. 7/8 (ki- › vi-) → viazi	class 7/8: kiazi → viazi	A1 SD1 drill plural kl7
D337	Plural bilden	form the plural	5	darasa (die Klasse)  —  Plural?	darasa (class)  —  plural?	madarasa	madarasa	darasa Kl. 5/6 (ji-/Ø › ma-) → madarasa	class 5/6: darasa → madarasa	A1 SD1 drill plural kl5
D338	Plural bilden	form the plural	11	utaratibu (die Ordnung)  —  Plural?	utaratibu (order)  —  plural?	taratibu	taratibu	utaratibu Kl. 11/10 (u- › Ø/n-) → taratibu	class 11/10: utaratibu → taratibu	A1 SD1 drill plural kl11
D339	Plural bilden	form the plural	7	kivutio (die Sehenswürdigkeit)  —  Plural?	kivutio (sight)  —  plural?	vivutio	vivutio	kivutio Kl. 7/8 (ki- › vi-) → vivutio	class 7/8: kivutio → vivutio	A1 SD1 drill plural kl7
D340	Plural bilden	form the plural	5	jua (die Sonne)  —  Plural?	jua (sun)  —  plural?	majua	majua	jua Kl. 5/6 (ji-/Ø › ma-) → majua	class 5/6: jua → majua	A1 SD1 drill plural kl5
D341	Plural bilden	form the plural	3	mji (die Stadt)  —  Plural?	mji (town)  —  plural?	miji	miji	mji Kl. 3/4 (m-/mw- › mi-) → miji	class 3/4: mji → miji	A1 SD1 drill plural kl3
D342	Plural bilden	form the plural	3	mfuko (die Tasche)  —  Plural?	mfuko (bag)  —  plural?	mifuko	mifuko	mfuko Kl. 3/4 (m-/mw- › mi-) → mifuko	class 3/4: mfuko → mifuko	A1 SD1 drill plural kl3
D343	Plural bilden	form the plural	5	binti (die Tochter)  —  Plural?	binti (daughter)  —  plural?	mabinti	mabinti	binti Kl. 5/6 (ji-/Ø › ma-) → mabinti	class 5/6: binti → mabinti	A1 SD1 drill plural kl5
D344	Plural bilden	form the plural	7	choo (die Toilette)  —  Plural?	choo (toilet)  —  plural?	vyoo	vyoo	choo Kl. 7/8 (ki- › vi-) → vyoo	class 7/8: choo → vyoo	A1 SD1 drill plural kl7
D345	Plural bilden	form the plural	11	wakati (die Zeit)  —  Plural?	wakati (time)  —  plural?	nyakati	nyakati	wakati Kl. 11/10 (u- › Ø/n-) → nyakati	class 11/10: wakati → nyakati	A1 SD1 drill plural kl11
D346	Plural bilden	form the plural	5	gazeti (die Zeitung)  —  Plural?	gazeti (newspaper)  —  plural?	magazeti	magazeti	gazeti Kl. 5/6 (ji-/Ø › ma-) → magazeti	class 5/6: gazeti → magazeti	A1 SD1 drill plural kl5
D347	Konkordanz	agreement form	1	Kl. 1  —  Subjektpräfix?	class 1  —  subject prefix?	a-	a-	Kl.1: SUBJ a- · ADJ m-/mw- · GEN wa · DEM huyu/yule · POSS w- · REL -ye	class 1: subject a- · adjective m-/mw- · genitive wa · demonstrative huyu/yule · possessive w- · relative -ye	A1 SD1 drill konkordanz kl1
D348	Konkordanz	agreement form	1	Kl. 1  —  Objektpräfix?	class 1  —  object prefix?	-m-	-m-	Kl.1: SUBJ a- · ADJ m-/mw- · GEN wa · DEM huyu/yule · POSS w- · REL -ye	class 1: subject a- · adjective m-/mw- · genitive wa · demonstrative huyu/yule · possessive w- · relative -ye	A1 SD1 drill konkordanz kl1
D349	Konkordanz	agreement form	1	Kl. 1  —  Adjektivpräfix?	class 1  —  adjective prefix?	m-/mw-	m-/mw-	Kl.1: SUBJ a- · ADJ m-/mw- · GEN wa · DEM huyu/yule · POSS w- · REL -ye	class 1: subject a- · adjective m-/mw- · genitive wa · demonstrative huyu/yule · possessive w- · relative -ye	A1 SD1 drill konkordanz kl1
D350	Konkordanz	agreement form	1	Kl. 1  —  Genitiv?	class 1  —  genitive?	wa	wa	Kl.1: SUBJ a- · ADJ m-/mw- · GEN wa · DEM huyu/yule · POSS w- · REL -ye	class 1: subject a- · adjective m-/mw- · genitive wa · demonstrative huyu/yule · possessive w- · relative -ye	A1 SD1 drill konkordanz kl1
D351	Konkordanz	agreement form	1	Kl. 1  —  Demonstrativ nah?	class 1  —  demonstrative (near)?	huyu	huyu	Kl.1: SUBJ a- · ADJ m-/mw- · GEN wa · DEM huyu/yule · POSS w- · REL -ye	class 1: subject a- · adjective m-/mw- · genitive wa · demonstrative huyu/yule · possessive w- · relative -ye	A1 SD1 drill konkordanz kl1
D352	Konkordanz	agreement form	1	Kl. 1  —  Demonstrativ fern?	class 1  —  demonstrative (far)?	yule	yule	Kl.1: SUBJ a- · ADJ m-/mw- · GEN wa · DEM huyu/yule · POSS w- · REL -ye	class 1: subject a- · adjective m-/mw- · genitive wa · demonstrative huyu/yule · possessive w- · relative -ye	A1 SD1 drill konkordanz kl1
D353	Konkordanz	agreement form	1	Kl. 1  —  Possessivpräfix?	class 1  —  possessive prefix?	w-	w-	Kl.1: SUBJ a- · ADJ m-/mw- · GEN wa · DEM huyu/yule · POSS w- · REL -ye	class 1: subject a- · adjective m-/mw- · genitive wa · demonstrative huyu/yule · possessive w- · relative -ye	A1 SD1 drill konkordanz kl1
D354	Konkordanz	agreement form	1	Kl. 1  —  Relativinfix?	class 1  —  relative infix?	-ye	-ye	Kl.1: SUBJ a- · ADJ m-/mw- · GEN wa · DEM huyu/yule · POSS w- · REL -ye	class 1: subject a- · adjective m-/mw- · genitive wa · demonstrative huyu/yule · possessive w- · relative -ye	A1 SD1 drill konkordanz kl1
D355	Konkordanz	agreement form	2	Kl. 2  —  Subjektpräfix?	class 2  —  subject prefix?	wa-	wa-	Kl.2: SUBJ wa- · ADJ wa- · GEN wa · DEM hawa/wale · POSS w- · REL -o	class 2: subject wa- · adjective wa- · genitive wa · demonstrative hawa/wale · possessive w- · relative -o	A1 SD1 drill konkordanz kl2
D356	Konkordanz	agreement form	2	Kl. 2  —  Objektpräfix?	class 2  —  object prefix?	-wa-	-wa-	Kl.2: SUBJ wa- · ADJ wa- · GEN wa · DEM hawa/wale · POSS w- · REL -o	class 2: subject wa- · adjective wa- · genitive wa · demonstrative hawa/wale · possessive w- · relative -o	A1 SD1 drill konkordanz kl2
D357	Konkordanz	agreement form	2	Kl. 2  —  Adjektivpräfix?	class 2  —  adjective prefix?	wa-	wa-	Kl.2: SUBJ wa- · ADJ wa- · GEN wa · DEM hawa/wale · POSS w- · REL -o	class 2: subject wa- · adjective wa- · genitive wa · demonstrative hawa/wale · possessive w- · relative -o	A1 SD1 drill konkordanz kl2
D358	Konkordanz	agreement form	2	Kl. 2  —  Genitiv?	class 2  —  genitive?	wa	wa	Kl.2: SUBJ wa- · ADJ wa- · GEN wa · DEM hawa/wale · POSS w- · REL -o	class 2: subject wa- · adjective wa- · genitive wa · demonstrative hawa/wale · possessive w- · relative -o	A1 SD1 drill konkordanz kl2
D359	Konkordanz	agreement form	2	Kl. 2  —  Demonstrativ nah?	class 2  —  demonstrative (near)?	hawa	hawa	Kl.2: SUBJ wa- · ADJ wa- · GEN wa · DEM hawa/wale · POSS w- · REL -o	class 2: subject wa- · adjective wa- · genitive wa · demonstrative hawa/wale · possessive w- · relative -o	A1 SD1 drill konkordanz kl2
D360	Konkordanz	agreement form	2	Kl. 2  —  Demonstrativ fern?	class 2  —  demonstrative (far)?	wale	wale	Kl.2: SUBJ wa- · ADJ wa- · GEN wa · DEM hawa/wale · POSS w- · REL -o	class 2: subject wa- · adjective wa- · genitive wa · demonstrative hawa/wale · possessive w- · relative -o	A1 SD1 drill konkordanz kl2
D361	Konkordanz	agreement form	2	Kl. 2  —  Possessivpräfix?	class 2  —  possessive prefix?	w-	w-	Kl.2: SUBJ wa- · ADJ wa- · GEN wa · DEM hawa/wale · POSS w- · REL -o	class 2: subject wa- · adjective wa- · genitive wa · demonstrative hawa/wale · possessive w- · relative -o	A1 SD1 drill konkordanz kl2
D362	Konkordanz	agreement form	2	Kl. 2  —  Relativinfix?	class 2  —  relative infix?	-o	-o	Kl.2: SUBJ wa- · ADJ wa- · GEN wa · DEM hawa/wale · POSS w- · REL -o	class 2: subject wa- · adjective wa- · genitive wa · demonstrative hawa/wale · possessive w- · relative -o	A1 SD1 drill konkordanz kl2
D363	Konkordanz	agreement form	3	Kl. 3  —  Subjektpräfix?	class 3  —  subject prefix?	u-	u-	Kl.3: SUBJ u- · ADJ m-/mw- · GEN wa · DEM huu/ule · POSS w- · REL -o	class 3: subject u- · adjective m-/mw- · genitive wa · demonstrative huu/ule · possessive w- · relative -o	A1 SD1 drill konkordanz kl3
D364	Konkordanz	agreement form	3	Kl. 3  —  Objektpräfix?	class 3  —  object prefix?	-u-	-u-	Kl.3: SUBJ u- · ADJ m-/mw- · GEN wa · DEM huu/ule · POSS w- · REL -o	class 3: subject u- · adjective m-/mw- · genitive wa · demonstrative huu/ule · possessive w- · relative -o	A1 SD1 drill konkordanz kl3
D365	Konkordanz	agreement form	3	Kl. 3  —  Adjektivpräfix?	class 3  —  adjective prefix?	m-/mw-	m-/mw-	Kl.3: SUBJ u- · ADJ m-/mw- · GEN wa · DEM huu/ule · POSS w- · REL -o	class 3: subject u- · adjective m-/mw- · genitive wa · demonstrative huu/ule · possessive w- · relative -o	A1 SD1 drill konkordanz kl3
D366	Konkordanz	agreement form	3	Kl. 3  —  Genitiv?	class 3  —  genitive?	wa	wa	Kl.3: SUBJ u- · ADJ m-/mw- · GEN wa · DEM huu/ule · POSS w- · REL -o	class 3: subject u- · adjective m-/mw- · genitive wa · demonstrative huu/ule · possessive w- · relative -o	A1 SD1 drill konkordanz kl3
D367	Konkordanz	agreement form	3	Kl. 3  —  Demonstrativ nah?	class 3  —  demonstrative (near)?	huu	huu	Kl.3: SUBJ u- · ADJ m-/mw- · GEN wa · DEM huu/ule · POSS w- · REL -o	class 3: subject u- · adjective m-/mw- · genitive wa · demonstrative huu/ule · possessive w- · relative -o	A1 SD1 drill konkordanz kl3
D368	Konkordanz	agreement form	3	Kl. 3  —  Demonstrativ fern?	class 3  —  demonstrative (far)?	ule	ule	Kl.3: SUBJ u- · ADJ m-/mw- · GEN wa · DEM huu/ule · POSS w- · REL -o	class 3: subject u- · adjective m-/mw- · genitive wa · demonstrative huu/ule · possessive w- · relative -o	A1 SD1 drill konkordanz kl3
D369	Konkordanz	agreement form	3	Kl. 3  —  Possessivpräfix?	class 3  —  possessive prefix?	w-	w-	Kl.3: SUBJ u- · ADJ m-/mw- · GEN wa · DEM huu/ule · POSS w- · REL -o	class 3: subject u- · adjective m-/mw- · genitive wa · demonstrative huu/ule · possessive w- · relative -o	A1 SD1 drill konkordanz kl3
D370	Konkordanz	agreement form	3	Kl. 3  —  Relativinfix?	class 3  —  relative infix?	-o	-o	Kl.3: SUBJ u- · ADJ m-/mw- · GEN wa · DEM huu/ule · POSS w- · REL -o	class 3: subject u- · adjective m-/mw- · genitive wa · demonstrative huu/ule · possessive w- · relative -o	A1 SD1 drill konkordanz kl3
D371	Konkordanz	agreement form	4	Kl. 4  —  Subjektpräfix?	class 4  —  subject prefix?	i-	i-	Kl.4: SUBJ i- · ADJ mi- · GEN ya · DEM hii/ile · POSS y- · REL -yo	class 4: subject i- · adjective mi- · genitive ya · demonstrative hii/ile · possessive y- · relative -yo	A1 SD1 drill konkordanz kl4
D372	Konkordanz	agreement form	4	Kl. 4  —  Objektpräfix?	class 4  —  object prefix?	-i-	-i-	Kl.4: SUBJ i- · ADJ mi- · GEN ya · DEM hii/ile · POSS y- · REL -yo	class 4: subject i- · adjective mi- · genitive ya · demonstrative hii/ile · possessive y- · relative -yo	A1 SD1 drill konkordanz kl4
D373	Konkordanz	agreement form	4	Kl. 4  —  Adjektivpräfix?	class 4  —  adjective prefix?	mi-	mi-	Kl.4: SUBJ i- · ADJ mi- · GEN ya · DEM hii/ile · POSS y- · REL -yo	class 4: subject i- · adjective mi- · genitive ya · demonstrative hii/ile · possessive y- · relative -yo	A1 SD1 drill konkordanz kl4
D374	Konkordanz	agreement form	4	Kl. 4  —  Genitiv?	class 4  —  genitive?	ya	ya	Kl.4: SUBJ i- · ADJ mi- · GEN ya · DEM hii/ile · POSS y- · REL -yo	class 4: subject i- · adjective mi- · genitive ya · demonstrative hii/ile · possessive y- · relative -yo	A1 SD1 drill konkordanz kl4
D375	Konkordanz	agreement form	4	Kl. 4  —  Demonstrativ nah?	class 4  —  demonstrative (near)?	hii	hii	Kl.4: SUBJ i- · ADJ mi- · GEN ya · DEM hii/ile · POSS y- · REL -yo	class 4: subject i- · adjective mi- · genitive ya · demonstrative hii/ile · possessive y- · relative -yo	A1 SD1 drill konkordanz kl4
D376	Konkordanz	agreement form	4	Kl. 4  —  Demonstrativ fern?	class 4  —  demonstrative (far)?	ile	ile	Kl.4: SUBJ i- · ADJ mi- · GEN ya · DEM hii/ile · POSS y- · REL -yo	class 4: subject i- · adjective mi- · genitive ya · demonstrative hii/ile · possessive y- · relative -yo	A1 SD1 drill konkordanz kl4
D377	Konkordanz	agreement form	4	Kl. 4  —  Possessivpräfix?	class 4  —  possessive prefix?	y-	y-	Kl.4: SUBJ i- · ADJ mi- · GEN ya · DEM hii/ile · POSS y- · REL -yo	class 4: subject i- · adjective mi- · genitive ya · demonstrative hii/ile · possessive y- · relative -yo	A1 SD1 drill konkordanz kl4
D378	Konkordanz	agreement form	4	Kl. 4  —  Relativinfix?	class 4  —  relative infix?	-yo	-yo	Kl.4: SUBJ i- · ADJ mi- · GEN ya · DEM hii/ile · POSS y- · REL -yo	class 4: subject i- · adjective mi- · genitive ya · demonstrative hii/ile · possessive y- · relative -yo	A1 SD1 drill konkordanz kl4
D379	Konkordanz	agreement form	5	Kl. 5  —  Subjektpräfix?	class 5  —  subject prefix?	li-	li-	Kl.5: SUBJ li- · ADJ ji-/Ø · GEN la · DEM hili/lile · POSS l- · REL -lo	class 5: subject li- · adjective ji-/Ø · genitive la · demonstrative hili/lile · possessive l- · relative -lo	A1 SD1 drill konkordanz kl5
D380	Konkordanz	agreement form	5	Kl. 5  —  Objektpräfix?	class 5  —  object prefix?	-li-	-li-	Kl.5: SUBJ li- · ADJ ji-/Ø · GEN la · DEM hili/lile · POSS l- · REL -lo	class 5: subject li- · adjective ji-/Ø · genitive la · demonstrative hili/lile · possessive l- · relative -lo	A1 SD1 drill konkordanz kl5
D381	Konkordanz	agreement form	5	Kl. 5  —  Adjektivpräfix?	class 5  —  adjective prefix?	ji-/Ø	ji-/Ø	Kl.5: SUBJ li- · ADJ ji-/Ø · GEN la · DEM hili/lile · POSS l- · REL -lo	class 5: subject li- · adjective ji-/Ø · genitive la · demonstrative hili/lile · possessive l- · relative -lo	A1 SD1 drill konkordanz kl5
D382	Konkordanz	agreement form	5	Kl. 5  —  Genitiv?	class 5  —  genitive?	la	la	Kl.5: SUBJ li- · ADJ ji-/Ø · GEN la · DEM hili/lile · POSS l- · REL -lo	class 5: subject li- · adjective ji-/Ø · genitive la · demonstrative hili/lile · possessive l- · relative -lo	A1 SD1 drill konkordanz kl5
D383	Konkordanz	agreement form	5	Kl. 5  —  Demonstrativ nah?	class 5  —  demonstrative (near)?	hili	hili	Kl.5: SUBJ li- · ADJ ji-/Ø · GEN la · DEM hili/lile · POSS l- · REL -lo	class 5: subject li- · adjective ji-/Ø · genitive la · demonstrative hili/lile · possessive l- · relative -lo	A1 SD1 drill konkordanz kl5
D384	Konkordanz	agreement form	5	Kl. 5  —  Demonstrativ fern?	class 5  —  demonstrative (far)?	lile	lile	Kl.5: SUBJ li- · ADJ ji-/Ø · GEN la · DEM hili/lile · POSS l- · REL -lo	class 5: subject li- · adjective ji-/Ø · genitive la · demonstrative hili/lile · possessive l- · relative -lo	A1 SD1 drill konkordanz kl5
D385	Konkordanz	agreement form	5	Kl. 5  —  Possessivpräfix?	class 5  —  possessive prefix?	l-	l-	Kl.5: SUBJ li- · ADJ ji-/Ø · GEN la · DEM hili/lile · POSS l- · REL -lo	class 5: subject li- · adjective ji-/Ø · genitive la · demonstrative hili/lile · possessive l- · relative -lo	A1 SD1 drill konkordanz kl5
D386	Konkordanz	agreement form	5	Kl. 5  —  Relativinfix?	class 5  —  relative infix?	-lo	-lo	Kl.5: SUBJ li- · ADJ ji-/Ø · GEN la · DEM hili/lile · POSS l- · REL -lo	class 5: subject li- · adjective ji-/Ø · genitive la · demonstrative hili/lile · possessive l- · relative -lo	A1 SD1 drill konkordanz kl5
D387	Konkordanz	agreement form	6	Kl. 6  —  Subjektpräfix?	class 6  —  subject prefix?	ya-	ya-	Kl.6: SUBJ ya- · ADJ ma- · GEN ya · DEM haya/yale · POSS y- · REL -yo	class 6: subject ya- · adjective ma- · genitive ya · demonstrative haya/yale · possessive y- · relative -yo	A1 SD1 drill konkordanz kl6
D388	Konkordanz	agreement form	6	Kl. 6  —  Objektpräfix?	class 6  —  object prefix?	-ya-	-ya-	Kl.6: SUBJ ya- · ADJ ma- · GEN ya · DEM haya/yale · POSS y- · REL -yo	class 6: subject ya- · adjective ma- · genitive ya · demonstrative haya/yale · possessive y- · relative -yo	A1 SD1 drill konkordanz kl6
D389	Konkordanz	agreement form	6	Kl. 6  —  Adjektivpräfix?	class 6  —  adjective prefix?	ma-	ma-	Kl.6: SUBJ ya- · ADJ ma- · GEN ya · DEM haya/yale · POSS y- · REL -yo	class 6: subject ya- · adjective ma- · genitive ya · demonstrative haya/yale · possessive y- · relative -yo	A1 SD1 drill konkordanz kl6
D390	Konkordanz	agreement form	6	Kl. 6  —  Genitiv?	class 6  —  genitive?	ya	ya	Kl.6: SUBJ ya- · ADJ ma- · GEN ya · DEM haya/yale · POSS y- · REL -yo	class 6: subject ya- · adjective ma- · genitive ya · demonstrative haya/yale · possessive y- · relative -yo	A1 SD1 drill konkordanz kl6
D391	Konkordanz	agreement form	6	Kl. 6  —  Demonstrativ nah?	class 6  —  demonstrative (near)?	haya	haya	Kl.6: SUBJ ya- · ADJ ma- · GEN ya · DEM haya/yale · POSS y- · REL -yo	class 6: subject ya- · adjective ma- · genitive ya · demonstrative haya/yale · possessive y- · relative -yo	A1 SD1 drill konkordanz kl6
D392	Konkordanz	agreement form	6	Kl. 6  —  Demonstrativ fern?	class 6  —  demonstrative (far)?	yale	yale	Kl.6: SUBJ ya- · ADJ ma- · GEN ya · DEM haya/yale · POSS y- · REL -yo	class 6: subject ya- · adjective ma- · genitive ya · demonstrative haya/yale · possessive y- · relative -yo	A1 SD1 drill konkordanz kl6
D393	Konkordanz	agreement form	6	Kl. 6  —  Possessivpräfix?	class 6  —  possessive prefix?	y-	y-	Kl.6: SUBJ ya- · ADJ ma- · GEN ya · DEM haya/yale · POSS y- · REL -yo	class 6: subject ya- · adjective ma- · genitive ya · demonstrative haya/yale · possessive y- · relative -yo	A1 SD1 drill konkordanz kl6
D394	Konkordanz	agreement form	6	Kl. 6  —  Relativinfix?	class 6  —  relative infix?	-yo	-yo	Kl.6: SUBJ ya- · ADJ ma- · GEN ya · DEM haya/yale · POSS y- · REL -yo	class 6: subject ya- · adjective ma- · genitive ya · demonstrative haya/yale · possessive y- · relative -yo	A1 SD1 drill konkordanz kl6
D395	Konkordanz	agreement form	7	Kl. 7  —  Subjektpräfix?	class 7  —  subject prefix?	ki-	ki-	Kl.7: SUBJ ki- · ADJ ki- · GEN cha · DEM hiki/kile · POSS ch- · REL -cho	class 7: subject ki- · adjective ki- · genitive cha · demonstrative hiki/kile · possessive ch- · relative -cho	A1 SD1 drill konkordanz kl7
D396	Konkordanz	agreement form	7	Kl. 7  —  Objektpräfix?	class 7  —  object prefix?	-ki-	-ki-	Kl.7: SUBJ ki- · ADJ ki- · GEN cha · DEM hiki/kile · POSS ch- · REL -cho	class 7: subject ki- · adjective ki- · genitive cha · demonstrative hiki/kile · possessive ch- · relative -cho	A1 SD1 drill konkordanz kl7
D397	Konkordanz	agreement form	7	Kl. 7  —  Adjektivpräfix?	class 7  —  adjective prefix?	ki-	ki-	Kl.7: SUBJ ki- · ADJ ki- · GEN cha · DEM hiki/kile · POSS ch- · REL -cho	class 7: subject ki- · adjective ki- · genitive cha · demonstrative hiki/kile · possessive ch- · relative -cho	A1 SD1 drill konkordanz kl7
D398	Konkordanz	agreement form	7	Kl. 7  —  Genitiv?	class 7  —  genitive?	cha	cha	Kl.7: SUBJ ki- · ADJ ki- · GEN cha · DEM hiki/kile · POSS ch- · REL -cho	class 7: subject ki- · adjective ki- · genitive cha · demonstrative hiki/kile · possessive ch- · relative -cho	A1 SD1 drill konkordanz kl7
D399	Konkordanz	agreement form	7	Kl. 7  —  Demonstrativ nah?	class 7  —  demonstrative (near)?	hiki	hiki	Kl.7: SUBJ ki- · ADJ ki- · GEN cha · DEM hiki/kile · POSS ch- · REL -cho	class 7: subject ki- · adjective ki- · genitive cha · demonstrative hiki/kile · possessive ch- · relative -cho	A1 SD1 drill konkordanz kl7
D400	Konkordanz	agreement form	7	Kl. 7  —  Demonstrativ fern?	class 7  —  demonstrative (far)?	kile	kile	Kl.7: SUBJ ki- · ADJ ki- · GEN cha · DEM hiki/kile · POSS ch- · REL -cho	class 7: subject ki- · adjective ki- · genitive cha · demonstrative hiki/kile · possessive ch- · relative -cho	A1 SD1 drill konkordanz kl7
D401	Konkordanz	agreement form	7	Kl. 7  —  Possessivpräfix?	class 7  —  possessive prefix?	ch-	ch-	Kl.7: SUBJ ki- · ADJ ki- · GEN cha · DEM hiki/kile · POSS ch- · REL -cho	class 7: subject ki- · adjective ki- · genitive cha · demonstrative hiki/kile · possessive ch- · relative -cho	A1 SD1 drill konkordanz kl7
D402	Konkordanz	agreement form	7	Kl. 7  —  Relativinfix?	class 7  —  relative infix?	-cho	-cho	Kl.7: SUBJ ki- · ADJ ki- · GEN cha · DEM hiki/kile · POSS ch- · REL -cho	class 7: subject ki- · adjective ki- · genitive cha · demonstrative hiki/kile · possessive ch- · relative -cho	A1 SD1 drill konkordanz kl7
D403	Konkordanz	agreement form	8	Kl. 8  —  Subjektpräfix?	class 8  —  subject prefix?	vi-	vi-	Kl.8: SUBJ vi- · ADJ vi- · GEN vya · DEM hivi/vile · POSS vy- · REL -vyo	class 8: subject vi- · adjective vi- · genitive vya · demonstrative hivi/vile · possessive vy- · relative -vyo	A1 SD1 drill konkordanz kl8
D404	Konkordanz	agreement form	8	Kl. 8  —  Objektpräfix?	class 8  —  object prefix?	-vi-	-vi-	Kl.8: SUBJ vi- · ADJ vi- · GEN vya · DEM hivi/vile · POSS vy- · REL -vyo	class 8: subject vi- · adjective vi- · genitive vya · demonstrative hivi/vile · possessive vy- · relative -vyo	A1 SD1 drill konkordanz kl8
D405	Konkordanz	agreement form	8	Kl. 8  —  Adjektivpräfix?	class 8  —  adjective prefix?	vi-	vi-	Kl.8: SUBJ vi- · ADJ vi- · GEN vya · DEM hivi/vile · POSS vy- · REL -vyo	class 8: subject vi- · adjective vi- · genitive vya · demonstrative hivi/vile · possessive vy- · relative -vyo	A1 SD1 drill konkordanz kl8
D406	Konkordanz	agreement form	8	Kl. 8  —  Genitiv?	class 8  —  genitive?	vya	vya	Kl.8: SUBJ vi- · ADJ vi- · GEN vya · DEM hivi/vile · POSS vy- · REL -vyo	class 8: subject vi- · adjective vi- · genitive vya · demonstrative hivi/vile · possessive vy- · relative -vyo	A1 SD1 drill konkordanz kl8
D407	Konkordanz	agreement form	8	Kl. 8  —  Demonstrativ nah?	class 8  —  demonstrative (near)?	hivi	hivi	Kl.8: SUBJ vi- · ADJ vi- · GEN vya · DEM hivi/vile · POSS vy- · REL -vyo	class 8: subject vi- · adjective vi- · genitive vya · demonstrative hivi/vile · possessive vy- · relative -vyo	A1 SD1 drill konkordanz kl8
D408	Konkordanz	agreement form	8	Kl. 8  —  Demonstrativ fern?	class 8  —  demonstrative (far)?	vile	vile	Kl.8: SUBJ vi- · ADJ vi- · GEN vya · DEM hivi/vile · POSS vy- · REL -vyo	class 8: subject vi- · adjective vi- · genitive vya · demonstrative hivi/vile · possessive vy- · relative -vyo	A1 SD1 drill konkordanz kl8
D409	Konkordanz	agreement form	8	Kl. 8  —  Possessivpräfix?	class 8  —  possessive prefix?	vy-	vy-	Kl.8: SUBJ vi- · ADJ vi- · GEN vya · DEM hivi/vile · POSS vy- · REL -vyo	class 8: subject vi- · adjective vi- · genitive vya · demonstrative hivi/vile · possessive vy- · relative -vyo	A1 SD1 drill konkordanz kl8
D410	Konkordanz	agreement form	8	Kl. 8  —  Relativinfix?	class 8  —  relative infix?	-vyo	-vyo	Kl.8: SUBJ vi- · ADJ vi- · GEN vya · DEM hivi/vile · POSS vy- · REL -vyo	class 8: subject vi- · adjective vi- · genitive vya · demonstrative hivi/vile · possessive vy- · relative -vyo	A1 SD1 drill konkordanz kl8
D411	Konkordanz	agreement form	9	Kl. 9  —  Subjektpräfix?	class 9  —  subject prefix?	i-	i-	Kl.9: SUBJ i- · ADJ Ø/n- · GEN ya · DEM hii/ile · POSS y- · REL -yo	class 9: subject i- · adjective Ø/n- · genitive ya · demonstrative hii/ile · possessive y- · relative -yo	A1 SD1 drill konkordanz kl9
D412	Konkordanz	agreement form	9	Kl. 9  —  Objektpräfix?	class 9  —  object prefix?	-i-	-i-	Kl.9: SUBJ i- · ADJ Ø/n- · GEN ya · DEM hii/ile · POSS y- · REL -yo	class 9: subject i- · adjective Ø/n- · genitive ya · demonstrative hii/ile · possessive y- · relative -yo	A1 SD1 drill konkordanz kl9
D413	Konkordanz	agreement form	9	Kl. 9  —  Adjektivpräfix?	class 9  —  adjective prefix?	Ø/n-	Ø/n-	Kl.9: SUBJ i- · ADJ Ø/n- · GEN ya · DEM hii/ile · POSS y- · REL -yo	class 9: subject i- · adjective Ø/n- · genitive ya · demonstrative hii/ile · possessive y- · relative -yo	A1 SD1 drill konkordanz kl9
D414	Konkordanz	agreement form	9	Kl. 9  —  Genitiv?	class 9  —  genitive?	ya	ya	Kl.9: SUBJ i- · ADJ Ø/n- · GEN ya · DEM hii/ile · POSS y- · REL -yo	class 9: subject i- · adjective Ø/n- · genitive ya · demonstrative hii/ile · possessive y- · relative -yo	A1 SD1 drill konkordanz kl9
D415	Konkordanz	agreement form	9	Kl. 9  —  Demonstrativ nah?	class 9  —  demonstrative (near)?	hii	hii	Kl.9: SUBJ i- · ADJ Ø/n- · GEN ya · DEM hii/ile · POSS y- · REL -yo	class 9: subject i- · adjective Ø/n- · genitive ya · demonstrative hii/ile · possessive y- · relative -yo	A1 SD1 drill konkordanz kl9
D416	Konkordanz	agreement form	9	Kl. 9  —  Demonstrativ fern?	class 9  —  demonstrative (far)?	ile	ile	Kl.9: SUBJ i- · ADJ Ø/n- · GEN ya · DEM hii/ile · POSS y- · REL -yo	class 9: subject i- · adjective Ø/n- · genitive ya · demonstrative hii/ile · possessive y- · relative -yo	A1 SD1 drill konkordanz kl9
D417	Konkordanz	agreement form	9	Kl. 9  —  Possessivpräfix?	class 9  —  possessive prefix?	y-	y-	Kl.9: SUBJ i- · ADJ Ø/n- · GEN ya · DEM hii/ile · POSS y- · REL -yo	class 9: subject i- · adjective Ø/n- · genitive ya · demonstrative hii/ile · possessive y- · relative -yo	A1 SD1 drill konkordanz kl9
D418	Konkordanz	agreement form	9	Kl. 9  —  Relativinfix?	class 9  —  relative infix?	-yo	-yo	Kl.9: SUBJ i- · ADJ Ø/n- · GEN ya · DEM hii/ile · POSS y- · REL -yo	class 9: subject i- · adjective Ø/n- · genitive ya · demonstrative hii/ile · possessive y- · relative -yo	A1 SD1 drill konkordanz kl9
D419	Konkordanz	agreement form	10	Kl. 10  —  Subjektpräfix?	class 10  —  subject prefix?	zi-	zi-	Kl.10: SUBJ zi- · ADJ Ø/n- · GEN za · DEM hizi/zile · POSS z- · REL -zo	class 10: subject zi- · adjective Ø/n- · genitive za · demonstrative hizi/zile · possessive z- · relative -zo	A1 SD1 drill konkordanz kl10
D420	Konkordanz	agreement form	10	Kl. 10  —  Objektpräfix?	class 10  —  object prefix?	-zi-	-zi-	Kl.10: SUBJ zi- · ADJ Ø/n- · GEN za · DEM hizi/zile · POSS z- · REL -zo	class 10: subject zi- · adjective Ø/n- · genitive za · demonstrative hizi/zile · possessive z- · relative -zo	A1 SD1 drill konkordanz kl10
D421	Konkordanz	agreement form	10	Kl. 10  —  Adjektivpräfix?	class 10  —  adjective prefix?	Ø/n-	Ø/n-	Kl.10: SUBJ zi- · ADJ Ø/n- · GEN za · DEM hizi/zile · POSS z- · REL -zo	class 10: subject zi- · adjective Ø/n- · genitive za · demonstrative hizi/zile · possessive z- · relative -zo	A1 SD1 drill konkordanz kl10
D422	Konkordanz	agreement form	10	Kl. 10  —  Genitiv?	class 10  —  genitive?	za	za	Kl.10: SUBJ zi- · ADJ Ø/n- · GEN za · DEM hizi/zile · POSS z- · REL -zo	class 10: subject zi- · adjective Ø/n- · genitive za · demonstrative hizi/zile · possessive z- · relative -zo	A1 SD1 drill konkordanz kl10
D423	Konkordanz	agreement form	10	Kl. 10  —  Demonstrativ nah?	class 10  —  demonstrative (near)?	hizi	hizi	Kl.10: SUBJ zi- · ADJ Ø/n- · GEN za · DEM hizi/zile · POSS z- · REL -zo	class 10: subject zi- · adjective Ø/n- · genitive za · demonstrative hizi/zile · possessive z- · relative -zo	A1 SD1 drill konkordanz kl10
D424	Konkordanz	agreement form	10	Kl. 10  —  Demonstrativ fern?	class 10  —  demonstrative (far)?	zile	zile	Kl.10: SUBJ zi- · ADJ Ø/n- · GEN za · DEM hizi/zile · POSS z- · REL -zo	class 10: subject zi- · adjective Ø/n- · genitive za · demonstrative hizi/zile · possessive z- · relative -zo	A1 SD1 drill konkordanz kl10
D425	Konkordanz	agreement form	10	Kl. 10  —  Possessivpräfix?	class 10  —  possessive prefix?	z-	z-	Kl.10: SUBJ zi- · ADJ Ø/n- · GEN za · DEM hizi/zile · POSS z- · REL -zo	class 10: subject zi- · adjective Ø/n- · genitive za · demonstrative hizi/zile · possessive z- · relative -zo	A1 SD1 drill konkordanz kl10
D426	Konkordanz	agreement form	10	Kl. 10  —  Relativinfix?	class 10  —  relative infix?	-zo	-zo	Kl.10: SUBJ zi- · ADJ Ø/n- · GEN za · DEM hizi/zile · POSS z- · REL -zo	class 10: subject zi- · adjective Ø/n- · genitive za · demonstrative hizi/zile · possessive z- · relative -zo	A1 SD1 drill konkordanz kl10
D427	Konkordanz	agreement form	11	Kl. 11  —  Subjektpräfix?	class 11  —  subject prefix?	u-	u-	Kl.11: SUBJ u- · ADJ m-/mw- · GEN wa · DEM huu/ule · POSS w- · REL -o	class 11: subject u- · adjective m-/mw- · genitive wa · demonstrative huu/ule · possessive w- · relative -o	A1 SD1 drill konkordanz kl11
D428	Konkordanz	agreement form	11	Kl. 11  —  Objektpräfix?	class 11  —  object prefix?	-u-	-u-	Kl.11: SUBJ u- · ADJ m-/mw- · GEN wa · DEM huu/ule · POSS w- · REL -o	class 11: subject u- · adjective m-/mw- · genitive wa · demonstrative huu/ule · possessive w- · relative -o	A1 SD1 drill konkordanz kl11
D429	Konkordanz	agreement form	11	Kl. 11  —  Adjektivpräfix?	class 11  —  adjective prefix?	m-/mw-	m-/mw-	Kl.11: SUBJ u- · ADJ m-/mw- · GEN wa · DEM huu/ule · POSS w- · REL -o	class 11: subject u- · adjective m-/mw- · genitive wa · demonstrative huu/ule · possessive w- · relative -o	A1 SD1 drill konkordanz kl11
D430	Konkordanz	agreement form	11	Kl. 11  —  Genitiv?	class 11  —  genitive?	wa	wa	Kl.11: SUBJ u- · ADJ m-/mw- · GEN wa · DEM huu/ule · POSS w- · REL -o	class 11: subject u- · adjective m-/mw- · genitive wa · demonstrative huu/ule · possessive w- · relative -o	A1 SD1 drill konkordanz kl11
D431	Konkordanz	agreement form	11	Kl. 11  —  Demonstrativ nah?	class 11  —  demonstrative (near)?	huu	huu	Kl.11: SUBJ u- · ADJ m-/mw- · GEN wa · DEM huu/ule · POSS w- · REL -o	class 11: subject u- · adjective m-/mw- · genitive wa · demonstrative huu/ule · possessive w- · relative -o	A1 SD1 drill konkordanz kl11
D432	Konkordanz	agreement form	11	Kl. 11  —  Demonstrativ fern?	class 11  —  demonstrative (far)?	ule	ule	Kl.11: SUBJ u- · ADJ m-/mw- · GEN wa · DEM huu/ule · POSS w- · REL -o	class 11: subject u- · adjective m-/mw- · genitive wa · demonstrative huu/ule · possessive w- · relative -o	A1 SD1 drill konkordanz kl11
D433	Konkordanz	agreement form	11	Kl. 11  —  Possessivpräfix?	class 11  —  possessive prefix?	w-	w-	Kl.11: SUBJ u- · ADJ m-/mw- · GEN wa · DEM huu/ule · POSS w- · REL -o	class 11: subject u- · adjective m-/mw- · genitive wa · demonstrative huu/ule · possessive w- · relative -o	A1 SD1 drill konkordanz kl11
D434	Konkordanz	agreement form	11	Kl. 11  —  Relativinfix?	class 11  —  relative infix?	-o	-o	Kl.11: SUBJ u- · ADJ m-/mw- · GEN wa · DEM huu/ule · POSS w- · REL -o	class 11: subject u- · adjective m-/mw- · genitive wa · demonstrative huu/ule · possessive w- · relative -o	A1 SD1 drill konkordanz kl11
D435	Konkordanz	agreement form	14	Kl. 14  —  Subjektpräfix?	class 14  —  subject prefix?	u-	u-	Kl.14: SUBJ u- · ADJ m-/mw- · GEN wa · DEM huu/ule · POSS w- · REL -o	class 14: subject u- · adjective m-/mw- · genitive wa · demonstrative huu/ule · possessive w- · relative -o	A1 SD1 drill konkordanz kl14
D436	Konkordanz	agreement form	14	Kl. 14  —  Objektpräfix?	class 14  —  object prefix?	-u-	-u-	Kl.14: SUBJ u- · ADJ m-/mw- · GEN wa · DEM huu/ule · POSS w- · REL -o	class 14: subject u- · adjective m-/mw- · genitive wa · demonstrative huu/ule · possessive w- · relative -o	A1 SD1 drill konkordanz kl14
D437	Konkordanz	agreement form	14	Kl. 14  —  Adjektivpräfix?	class 14  —  adjective prefix?	m-/mw-	m-/mw-	Kl.14: SUBJ u- · ADJ m-/mw- · GEN wa · DEM huu/ule · POSS w- · REL -o	class 14: subject u- · adjective m-/mw- · genitive wa · demonstrative huu/ule · possessive w- · relative -o	A1 SD1 drill konkordanz kl14
D438	Konkordanz	agreement form	14	Kl. 14  —  Genitiv?	class 14  —  genitive?	wa	wa	Kl.14: SUBJ u- · ADJ m-/mw- · GEN wa · DEM huu/ule · POSS w- · REL -o	class 14: subject u- · adjective m-/mw- · genitive wa · demonstrative huu/ule · possessive w- · relative -o	A1 SD1 drill konkordanz kl14
D439	Konkordanz	agreement form	14	Kl. 14  —  Demonstrativ nah?	class 14  —  demonstrative (near)?	huu	huu	Kl.14: SUBJ u- · ADJ m-/mw- · GEN wa · DEM huu/ule · POSS w- · REL -o	class 14: subject u- · adjective m-/mw- · genitive wa · demonstrative huu/ule · possessive w- · relative -o	A1 SD1 drill konkordanz kl14
D440	Konkordanz	agreement form	14	Kl. 14  —  Demonstrativ fern?	class 14  —  demonstrative (far)?	ule	ule	Kl.14: SUBJ u- · ADJ m-/mw- · GEN wa · DEM huu/ule · POSS w- · REL -o	class 14: subject u- · adjective m-/mw- · genitive wa · demonstrative huu/ule · possessive w- · relative -o	A1 SD1 drill konkordanz kl14
D441	Konkordanz	agreement form	14	Kl. 14  —  Possessivpräfix?	class 14  —  possessive prefix?	w-	w-	Kl.14: SUBJ u- · ADJ m-/mw- · GEN wa · DEM huu/ule · POSS w- · REL -o	class 14: subject u- · adjective m-/mw- · genitive wa · demonstrative huu/ule · possessive w- · relative -o	A1 SD1 drill konkordanz kl14
D442	Konkordanz	agreement form	14	Kl. 14  —  Relativinfix?	class 14  —  relative infix?	-o	-o	Kl.14: SUBJ u- · ADJ m-/mw- · GEN wa · DEM huu/ule · POSS w- · REL -o	class 14: subject u- · adjective m-/mw- · genitive wa · demonstrative huu/ule · possessive w- · relative -o	A1 SD1 drill konkordanz kl14
D443	Konkordanz	agreement form	15	Kl. 15  —  Subjektpräfix?	class 15  —  subject prefix?	ku-	ku-	Kl.15: SUBJ ku- · ADJ ku- · GEN kwa · DEM huku/kule · POSS kw- · REL -ko	class 15: subject ku- · adjective ku- · genitive kwa · demonstrative huku/kule · possessive kw- · relative -ko	A1 SD1 drill konkordanz kl15
D444	Konkordanz	agreement form	15	Kl. 15  —  Objektpräfix?	class 15  —  object prefix?	-ku-	-ku-	Kl.15: SUBJ ku- · ADJ ku- · GEN kwa · DEM huku/kule · POSS kw- · REL -ko	class 15: subject ku- · adjective ku- · genitive kwa · demonstrative huku/kule · possessive kw- · relative -ko	A1 SD1 drill konkordanz kl15
D445	Konkordanz	agreement form	15	Kl. 15  —  Adjektivpräfix?	class 15  —  adjective prefix?	ku-	ku-	Kl.15: SUBJ ku- · ADJ ku- · GEN kwa · DEM huku/kule · POSS kw- · REL -ko	class 15: subject ku- · adjective ku- · genitive kwa · demonstrative huku/kule · possessive kw- · relative -ko	A1 SD1 drill konkordanz kl15
D446	Konkordanz	agreement form	15	Kl. 15  —  Genitiv?	class 15  —  genitive?	kwa	kwa	Kl.15: SUBJ ku- · ADJ ku- · GEN kwa · DEM huku/kule · POSS kw- · REL -ko	class 15: subject ku- · adjective ku- · genitive kwa · demonstrative huku/kule · possessive kw- · relative -ko	A1 SD1 drill konkordanz kl15
D447	Konkordanz	agreement form	15	Kl. 15  —  Demonstrativ nah?	class 15  —  demonstrative (near)?	huku	huku	Kl.15: SUBJ ku- · ADJ ku- · GEN kwa · DEM huku/kule · POSS kw- · REL -ko	class 15: subject ku- · adjective ku- · genitive kwa · demonstrative huku/kule · possessive kw- · relative -ko	A1 SD1 drill konkordanz kl15
D448	Konkordanz	agreement form	15	Kl. 15  —  Demonstrativ fern?	class 15  —  demonstrative (far)?	kule	kule	Kl.15: SUBJ ku- · ADJ ku- · GEN kwa · DEM huku/kule · POSS kw- · REL -ko	class 15: subject ku- · adjective ku- · genitive kwa · demonstrative huku/kule · possessive kw- · relative -ko	A1 SD1 drill konkordanz kl15
D449	Konkordanz	agreement form	15	Kl. 15  —  Possessivpräfix?	class 15  —  possessive prefix?	kw-	kw-	Kl.15: SUBJ ku- · ADJ ku- · GEN kwa · DEM huku/kule · POSS kw- · REL -ko	class 15: subject ku- · adjective ku- · genitive kwa · demonstrative huku/kule · possessive kw- · relative -ko	A1 SD1 drill konkordanz kl15
D450	Konkordanz	agreement form	15	Kl. 15  —  Relativinfix?	class 15  —  relative infix?	-ko	-ko	Kl.15: SUBJ ku- · ADJ ku- · GEN kwa · DEM huku/kule · POSS kw- · REL -ko	class 15: subject ku- · adjective ku- · genitive kwa · demonstrative huku/kule · possessive kw- · relative -ko	A1 SD1 drill konkordanz kl15
D451	Konkordanz	agreement form	16	Kl. 16  —  Subjektpräfix?	class 16  —  subject prefix?	pa-	pa-	Kl.16: SUBJ pa- · ADJ pa- · GEN pa · DEM hapa/pale · POSS p- · REL -po	class 16: subject pa- · adjective pa- · genitive pa · demonstrative hapa/pale · possessive p- · relative -po	A1 SD1 drill konkordanz kl16
D452	Konkordanz	agreement form	16	Kl. 16  —  Objektpräfix?	class 16  —  object prefix?	-pa-	-pa-	Kl.16: SUBJ pa- · ADJ pa- · GEN pa · DEM hapa/pale · POSS p- · REL -po	class 16: subject pa- · adjective pa- · genitive pa · demonstrative hapa/pale · possessive p- · relative -po	A1 SD1 drill konkordanz kl16
D453	Konkordanz	agreement form	16	Kl. 16  —  Adjektivpräfix?	class 16  —  adjective prefix?	pa-	pa-	Kl.16: SUBJ pa- · ADJ pa- · GEN pa · DEM hapa/pale · POSS p- · REL -po	class 16: subject pa- · adjective pa- · genitive pa · demonstrative hapa/pale · possessive p- · relative -po	A1 SD1 drill konkordanz kl16
D454	Konkordanz	agreement form	16	Kl. 16  —  Genitiv?	class 16  —  genitive?	pa	pa	Kl.16: SUBJ pa- · ADJ pa- · GEN pa · DEM hapa/pale · POSS p- · REL -po	class 16: subject pa- · adjective pa- · genitive pa · demonstrative hapa/pale · possessive p- · relative -po	A1 SD1 drill konkordanz kl16
D455	Konkordanz	agreement form	16	Kl. 16  —  Demonstrativ nah?	class 16  —  demonstrative (near)?	hapa	hapa	Kl.16: SUBJ pa- · ADJ pa- · GEN pa · DEM hapa/pale · POSS p- · REL -po	class 16: subject pa- · adjective pa- · genitive pa · demonstrative hapa/pale · possessive p- · relative -po	A1 SD1 drill konkordanz kl16
D456	Konkordanz	agreement form	16	Kl. 16  —  Demonstrativ fern?	class 16  —  demonstrative (far)?	pale	pale	Kl.16: SUBJ pa- · ADJ pa- · GEN pa · DEM hapa/pale · POSS p- · REL -po	class 16: subject pa- · adjective pa- · genitive pa · demonstrative hapa/pale · possessive p- · relative -po	A1 SD1 drill konkordanz kl16
D457	Konkordanz	agreement form	16	Kl. 16  —  Possessivpräfix?	class 16  —  possessive prefix?	p-	p-	Kl.16: SUBJ pa- · ADJ pa- · GEN pa · DEM hapa/pale · POSS p- · REL -po	class 16: subject pa- · adjective pa- · genitive pa · demonstrative hapa/pale · possessive p- · relative -po	A1 SD1 drill konkordanz kl16
D458	Konkordanz	agreement form	16	Kl. 16  —  Relativinfix?	class 16  —  relative infix?	-po	-po	Kl.16: SUBJ pa- · ADJ pa- · GEN pa · DEM hapa/pale · POSS p- · REL -po	class 16: subject pa- · adjective pa- · genitive pa · demonstrative hapa/pale · possessive p- · relative -po	A1 SD1 drill konkordanz kl16
D459	Konkordanz	agreement form	17	Kl. 17  —  Subjektpräfix?	class 17  —  subject prefix?	ku-	ku-	Kl.17: SUBJ ku- · ADJ ku- · GEN kwa · DEM huku/kule · POSS kw- · REL -ko	class 17: subject ku- · adjective ku- · genitive kwa · demonstrative huku/kule · possessive kw- · relative -ko	A1 SD1 drill konkordanz kl17
D460	Konkordanz	agreement form	17	Kl. 17  —  Objektpräfix?	class 17  —  object prefix?	-ku-	-ku-	Kl.17: SUBJ ku- · ADJ ku- · GEN kwa · DEM huku/kule · POSS kw- · REL -ko	class 17: subject ku- · adjective ku- · genitive kwa · demonstrative huku/kule · possessive kw- · relative -ko	A1 SD1 drill konkordanz kl17
D461	Konkordanz	agreement form	17	Kl. 17  —  Adjektivpräfix?	class 17  —  adjective prefix?	ku-	ku-	Kl.17: SUBJ ku- · ADJ ku- · GEN kwa · DEM huku/kule · POSS kw- · REL -ko	class 17: subject ku- · adjective ku- · genitive kwa · demonstrative huku/kule · possessive kw- · relative -ko	A1 SD1 drill konkordanz kl17
D462	Konkordanz	agreement form	17	Kl. 17  —  Genitiv?	class 17  —  genitive?	kwa	kwa	Kl.17: SUBJ ku- · ADJ ku- · GEN kwa · DEM huku/kule · POSS kw- · REL -ko	class 17: subject ku- · adjective ku- · genitive kwa · demonstrative huku/kule · possessive kw- · relative -ko	A1 SD1 drill konkordanz kl17
D463	Konkordanz	agreement form	17	Kl. 17  —  Demonstrativ nah?	class 17  —  demonstrative (near)?	huku	huku	Kl.17: SUBJ ku- · ADJ ku- · GEN kwa · DEM huku/kule · POSS kw- · REL -ko	class 17: subject ku- · adjective ku- · genitive kwa · demonstrative huku/kule · possessive kw- · relative -ko	A1 SD1 drill konkordanz kl17
D464	Konkordanz	agreement form	17	Kl. 17  —  Demonstrativ fern?	class 17  —  demonstrative (far)?	kule	kule	Kl.17: SUBJ ku- · ADJ ku- · GEN kwa · DEM huku/kule · POSS kw- · REL -ko	class 17: subject ku- · adjective ku- · genitive kwa · demonstrative huku/kule · possessive kw- · relative -ko	A1 SD1 drill konkordanz kl17
D465	Konkordanz	agreement form	17	Kl. 17  —  Possessivpräfix?	class 17  —  possessive prefix?	kw-	kw-	Kl.17: SUBJ ku- · ADJ ku- · GEN kwa · DEM huku/kule · POSS kw- · REL -ko	class 17: subject ku- · adjective ku- · genitive kwa · demonstrative huku/kule · possessive kw- · relative -ko	A1 SD1 drill konkordanz kl17
D466	Konkordanz	agreement form	17	Kl. 17  —  Relativinfix?	class 17  —  relative infix?	-ko	-ko	Kl.17: SUBJ ku- · ADJ ku- · GEN kwa · DEM huku/kule · POSS kw- · REL -ko	class 17: subject ku- · adjective ku- · genitive kwa · demonstrative huku/kule · possessive kw- · relative -ko	A1 SD1 drill konkordanz kl17
D467	Konkordanz	agreement form	18	Kl. 18  —  Subjektpräfix?	class 18  —  subject prefix?	mu-	mu-	Kl.18: SUBJ mu- · ADJ mu- · GEN mwa · DEM humu/mule · POSS mw- · REL -mo	class 18: subject mu- · adjective mu- · genitive mwa · demonstrative humu/mule · possessive mw- · relative -mo	A1 SD1 drill konkordanz kl18
D468	Konkordanz	agreement form	18	Kl. 18  —  Objektpräfix?	class 18  —  object prefix?	-mu-	-mu-	Kl.18: SUBJ mu- · ADJ mu- · GEN mwa · DEM humu/mule · POSS mw- · REL -mo	class 18: subject mu- · adjective mu- · genitive mwa · demonstrative humu/mule · possessive mw- · relative -mo	A1 SD1 drill konkordanz kl18
D469	Konkordanz	agreement form	18	Kl. 18  —  Adjektivpräfix?	class 18  —  adjective prefix?	mu-	mu-	Kl.18: SUBJ mu- · ADJ mu- · GEN mwa · DEM humu/mule · POSS mw- · REL -mo	class 18: subject mu- · adjective mu- · genitive mwa · demonstrative humu/mule · possessive mw- · relative -mo	A1 SD1 drill konkordanz kl18
D470	Konkordanz	agreement form	18	Kl. 18  —  Genitiv?	class 18  —  genitive?	mwa	mwa	Kl.18: SUBJ mu- · ADJ mu- · GEN mwa · DEM humu/mule · POSS mw- · REL -mo	class 18: subject mu- · adjective mu- · genitive mwa · demonstrative humu/mule · possessive mw- · relative -mo	A1 SD1 drill konkordanz kl18
D471	Konkordanz	agreement form	18	Kl. 18  —  Demonstrativ nah?	class 18  —  demonstrative (near)?	humu	humu	Kl.18: SUBJ mu- · ADJ mu- · GEN mwa · DEM humu/mule · POSS mw- · REL -mo	class 18: subject mu- · adjective mu- · genitive mwa · demonstrative humu/mule · possessive mw- · relative -mo	A1 SD1 drill konkordanz kl18
D472	Konkordanz	agreement form	18	Kl. 18  —  Demonstrativ fern?	class 18  —  demonstrative (far)?	mule	mule	Kl.18: SUBJ mu- · ADJ mu- · GEN mwa · DEM humu/mule · POSS mw- · REL -mo	class 18: subject mu- · adjective mu- · genitive mwa · demonstrative humu/mule · possessive mw- · relative -mo	A1 SD1 drill konkordanz kl18
D473	Konkordanz	agreement form	18	Kl. 18  —  Possessivpräfix?	class 18  —  possessive prefix?	mw-	mw-	Kl.18: SUBJ mu- · ADJ mu- · GEN mwa · DEM humu/mule · POSS mw- · REL -mo	class 18: subject mu- · adjective mu- · genitive mwa · demonstrative humu/mule · possessive mw- · relative -mo	A1 SD1 drill konkordanz kl18
D474	Konkordanz	agreement form	18	Kl. 18  —  Relativinfix?	class 18  —  relative infix?	-mo	-mo	Kl.18: SUBJ mu- · ADJ mu- · GEN mwa · DEM humu/mule · POSS mw- · REL -mo	class 18: subject mu- · adjective mu- · genitive mwa · demonstrative humu/mule · possessive mw- · relative -mo	A1 SD1 drill konkordanz kl18
D475	Adjektiv angleichen	make the adjective agree	1	-zuri (gut) + Kl. 1  —  welche Form?	-zuri (good) + class 1  —  which form?	mzuri	mzuri	Stamm -zuri (gut) + Kl. 1 → mzuri	stem -zuri (good) + class 1 → mzuri	A1 SD1 drill adjektiv kl1
D476	Adjektiv angleichen	make the adjective agree	2	-zuri (gut) + Kl. 2  —  welche Form?	-zuri (good) + class 2  —  which form?	wazuri	wazuri	Stamm -zuri (gut) + Kl. 2 → wazuri	stem -zuri (good) + class 2 → wazuri	A1 SD1 drill adjektiv kl2
D477	Adjektiv angleichen	make the adjective agree	3	-zuri (gut) + Kl. 3  —  welche Form?	-zuri (good) + class 3  —  which form?	mzuri	mzuri	Stamm -zuri (gut) + Kl. 3 → mzuri	stem -zuri (good) + class 3 → mzuri	A1 SD1 drill adjektiv kl3
D478	Adjektiv angleichen	make the adjective agree	4	-zuri (gut) + Kl. 4  —  welche Form?	-zuri (good) + class 4  —  which form?	mizuri	mizuri	Stamm -zuri (gut) + Kl. 4 → mizuri	stem -zuri (good) + class 4 → mizuri	A1 SD1 drill adjektiv kl4
D479	Adjektiv angleichen	make the adjective agree	5	-zuri (gut) + Kl. 5  —  welche Form?	-zuri (good) + class 5  —  which form?	zuri	zuri	Stamm -zuri (gut) + Kl. 5 → zuri  —  Kl. 5 hat Nullpräfix	stem -zuri (good) + class 5 → zuri  —  class 5 has a zero prefix	A1 SD1 drill adjektiv kl5
D480	Adjektiv angleichen	make the adjective agree	6	-zuri (gut) + Kl. 6  —  welche Form?	-zuri (good) + class 6  —  which form?	mazuri	mazuri	Stamm -zuri (gut) + Kl. 6 → mazuri	stem -zuri (good) + class 6 → mazuri	A1 SD1 drill adjektiv kl6
D481	Adjektiv angleichen	make the adjective agree	7	-zuri (gut) + Kl. 7  —  welche Form?	-zuri (good) + class 7  —  which form?	kizuri	kizuri	Stamm -zuri (gut) + Kl. 7 → kizuri	stem -zuri (good) + class 7 → kizuri	A1 SD1 drill adjektiv kl7
D482	Adjektiv angleichen	make the adjective agree	8	-zuri (gut) + Kl. 8  —  welche Form?	-zuri (good) + class 8  —  which form?	vizuri	vizuri	Stamm -zuri (gut) + Kl. 8 → vizuri	stem -zuri (good) + class 8 → vizuri	A1 SD1 drill adjektiv kl8
D483	Adjektiv angleichen	make the adjective agree	9	-zuri (gut) + Kl. 9  —  welche Form?	-zuri (good) + class 9  —  which form?	nzuri	nzuri	Stamm -zuri (gut) + Kl. 9 → nzuri  —  Nasalpräfix n- vor z-	stem -zuri (good) + class 9 → nzuri  —  nasal prefix n- before z-	A1 SD1 drill adjektiv kl9
D484	Adjektiv angleichen	make the adjective agree	10	-zuri (gut) + Kl. 10  —  welche Form?	-zuri (good) + class 10  —  which form?	nzuri	nzuri	Stamm -zuri (gut) + Kl. 10 → nzuri	stem -zuri (good) + class 10 → nzuri	A1 SD1 drill adjektiv kl10
D485	Adjektiv angleichen	make the adjective agree	11	-zuri (gut) + Kl. 11  —  welche Form?	-zuri (good) + class 11  —  which form?	mzuri	mzuri	Stamm -zuri (gut) + Kl. 11 → mzuri	stem -zuri (good) + class 11 → mzuri	A1 SD1 drill adjektiv kl11
D486	Adjektiv angleichen	make the adjective agree	14	-zuri (gut) + Kl. 14  —  welche Form?	-zuri (good) + class 14  —  which form?	mzuri	mzuri	Stamm -zuri (gut) + Kl. 14 → mzuri	stem -zuri (good) + class 14 → mzuri	A1 SD1 drill adjektiv kl14
D487	Adjektiv angleichen	make the adjective agree	1	-dogo (klein) + Kl. 1  —  welche Form?	-dogo (small) + class 1  —  which form?	mdogo	mdogo	Stamm -dogo (klein) + Kl. 1 → mdogo	stem -dogo (small) + class 1 → mdogo	A1 SD1 drill adjektiv kl1
D488	Adjektiv angleichen	make the adjective agree	2	-dogo (klein) + Kl. 2  —  welche Form?	-dogo (small) + class 2  —  which form?	wadogo	wadogo	Stamm -dogo (klein) + Kl. 2 → wadogo	stem -dogo (small) + class 2 → wadogo	A1 SD1 drill adjektiv kl2
D489	Adjektiv angleichen	make the adjective agree	3	-dogo (klein) + Kl. 3  —  welche Form?	-dogo (small) + class 3  —  which form?	mdogo	mdogo	Stamm -dogo (klein) + Kl. 3 → mdogo	stem -dogo (small) + class 3 → mdogo	A1 SD1 drill adjektiv kl3
D490	Adjektiv angleichen	make the adjective agree	4	-dogo (klein) + Kl. 4  —  welche Form?	-dogo (small) + class 4  —  which form?	midogo	midogo	Stamm -dogo (klein) + Kl. 4 → midogo	stem -dogo (small) + class 4 → midogo	A1 SD1 drill adjektiv kl4
D491	Adjektiv angleichen	make the adjective agree	5	-dogo (klein) + Kl. 5  —  welche Form?	-dogo (small) + class 5  —  which form?	dogo	dogo	Stamm -dogo (klein) + Kl. 5 → dogo	stem -dogo (small) + class 5 → dogo	A1 SD1 drill adjektiv kl5
D492	Adjektiv angleichen	make the adjective agree	6	-dogo (klein) + Kl. 6  —  welche Form?	-dogo (small) + class 6  —  which form?	madogo	madogo	Stamm -dogo (klein) + Kl. 6 → madogo	stem -dogo (small) + class 6 → madogo	A1 SD1 drill adjektiv kl6
D493	Adjektiv angleichen	make the adjective agree	7	-dogo (klein) + Kl. 7  —  welche Form?	-dogo (small) + class 7  —  which form?	kidogo	kidogo	Stamm -dogo (klein) + Kl. 7 → kidogo	stem -dogo (small) + class 7 → kidogo	A1 SD1 drill adjektiv kl7
D494	Adjektiv angleichen	make the adjective agree	8	-dogo (klein) + Kl. 8  —  welche Form?	-dogo (small) + class 8  —  which form?	vidogo	vidogo	Stamm -dogo (klein) + Kl. 8 → vidogo	stem -dogo (small) + class 8 → vidogo	A1 SD1 drill adjektiv kl8
D495	Adjektiv angleichen	make the adjective agree	9	-dogo (klein) + Kl. 9  —  welche Form?	-dogo (small) + class 9  —  which form?	ndogo	ndogo	Stamm -dogo (klein) + Kl. 9 → ndogo	stem -dogo (small) + class 9 → ndogo	A1 SD1 drill adjektiv kl9
D496	Adjektiv angleichen	make the adjective agree	10	-dogo (klein) + Kl. 10  —  welche Form?	-dogo (small) + class 10  —  which form?	ndogo	ndogo	Stamm -dogo (klein) + Kl. 10 → ndogo	stem -dogo (small) + class 10 → ndogo	A1 SD1 drill adjektiv kl10
D497	Adjektiv angleichen	make the adjective agree	11	-dogo (klein) + Kl. 11  —  welche Form?	-dogo (small) + class 11  —  which form?	mdogo	mdogo	Stamm -dogo (klein) + Kl. 11 → mdogo	stem -dogo (small) + class 11 → mdogo	A1 SD1 drill adjektiv kl11
D498	Adjektiv angleichen	make the adjective agree	14	-dogo (klein) + Kl. 14  —  welche Form?	-dogo (small) + class 14  —  which form?	mdogo	mdogo	Stamm -dogo (klein) + Kl. 14 → mdogo	stem -dogo (small) + class 14 → mdogo	A1 SD1 drill adjektiv kl14
D499	Adjektiv angleichen	make the adjective agree	1	-kubwa (groß) + Kl. 1  —  welche Form?	-kubwa (big) + class 1  —  which form?	mkubwa	mkubwa	Stamm -kubwa (groß) + Kl. 1 → mkubwa	stem -kubwa (big) + class 1 → mkubwa	A1 SD1 drill adjektiv kl1
D500	Adjektiv angleichen	make the adjective agree	2	-kubwa (groß) + Kl. 2  —  welche Form?	-kubwa (big) + class 2  —  which form?	wakubwa	wakubwa	Stamm -kubwa (groß) + Kl. 2 → wakubwa	stem -kubwa (big) + class 2 → wakubwa	A1 SD1 drill adjektiv kl2
D501	Adjektiv angleichen	make the adjective agree	3	-kubwa (groß) + Kl. 3  —  welche Form?	-kubwa (big) + class 3  —  which form?	mkubwa	mkubwa	Stamm -kubwa (groß) + Kl. 3 → mkubwa	stem -kubwa (big) + class 3 → mkubwa	A1 SD1 drill adjektiv kl3
D502	Adjektiv angleichen	make the adjective agree	4	-kubwa (groß) + Kl. 4  —  welche Form?	-kubwa (big) + class 4  —  which form?	mikubwa	mikubwa	Stamm -kubwa (groß) + Kl. 4 → mikubwa	stem -kubwa (big) + class 4 → mikubwa	A1 SD1 drill adjektiv kl4
D503	Adjektiv angleichen	make the adjective agree	5	-kubwa (groß) + Kl. 5  —  welche Form?	-kubwa (big) + class 5  —  which form?	kubwa	kubwa	Stamm -kubwa (groß) + Kl. 5 → kubwa	stem -kubwa (big) + class 5 → kubwa	A1 SD1 drill adjektiv kl5
D504	Adjektiv angleichen	make the adjective agree	6	-kubwa (groß) + Kl. 6  —  welche Form?	-kubwa (big) + class 6  —  which form?	makubwa	makubwa	Stamm -kubwa (groß) + Kl. 6 → makubwa	stem -kubwa (big) + class 6 → makubwa	A1 SD1 drill adjektiv kl6
D505	Adjektiv angleichen	make the adjective agree	7	-kubwa (groß) + Kl. 7  —  welche Form?	-kubwa (big) + class 7  —  which form?	kikubwa	kikubwa	Stamm -kubwa (groß) + Kl. 7 → kikubwa	stem -kubwa (big) + class 7 → kikubwa	A1 SD1 drill adjektiv kl7
D506	Adjektiv angleichen	make the adjective agree	8	-kubwa (groß) + Kl. 8  —  welche Form?	-kubwa (big) + class 8  —  which form?	vikubwa	vikubwa	Stamm -kubwa (groß) + Kl. 8 → vikubwa	stem -kubwa (big) + class 8 → vikubwa	A1 SD1 drill adjektiv kl8
D507	Adjektiv angleichen	make the adjective agree	9	-kubwa (groß) + Kl. 9  —  welche Form?	-kubwa (big) + class 9  —  which form?	kubwa	kubwa	Stamm -kubwa (groß) + Kl. 9 → kubwa  —  kein Nasalpräfix vor k-	stem -kubwa (big) + class 9 → kubwa  —  no nasal prefix before k-	A1 SD1 drill adjektiv kl9
D508	Adjektiv angleichen	make the adjective agree	10	-kubwa (groß) + Kl. 10  —  welche Form?	-kubwa (big) + class 10  —  which form?	kubwa	kubwa	Stamm -kubwa (groß) + Kl. 10 → kubwa	stem -kubwa (big) + class 10 → kubwa	A1 SD1 drill adjektiv kl10
D509	Adjektiv angleichen	make the adjective agree	11	-kubwa (groß) + Kl. 11  —  welche Form?	-kubwa (big) + class 11  —  which form?	mkubwa	mkubwa	Stamm -kubwa (groß) + Kl. 11 → mkubwa	stem -kubwa (big) + class 11 → mkubwa	A1 SD1 drill adjektiv kl11
D510	Adjektiv angleichen	make the adjective agree	14	-kubwa (groß) + Kl. 14  —  welche Form?	-kubwa (big) + class 14  —  which form?	mkubwa	mkubwa	Stamm -kubwa (groß) + Kl. 14 → mkubwa	stem -kubwa (big) + class 14 → mkubwa	A1 SD1 drill adjektiv kl14
D511	Adjektiv angleichen	make the adjective agree	1	-pya (neu) + Kl. 1  —  welche Form?	-pya (new) + class 1  —  which form?	mpya	mpya	Stamm -pya (neu) + Kl. 1 → mpya	stem -pya (new) + class 1 → mpya	A1 SD1 drill adjektiv kl1
D512	Adjektiv angleichen	make the adjective agree	2	-pya (neu) + Kl. 2  —  welche Form?	-pya (new) + class 2  —  which form?	wapya	wapya	Stamm -pya (neu) + Kl. 2 → wapya	stem -pya (new) + class 2 → wapya	A1 SD1 drill adjektiv kl2
D513	Adjektiv angleichen	make the adjective agree	3	-pya (neu) + Kl. 3  —  welche Form?	-pya (new) + class 3  —  which form?	mpya	mpya	Stamm -pya (neu) + Kl. 3 → mpya	stem -pya (new) + class 3 → mpya	A1 SD1 drill adjektiv kl3
D514	Adjektiv angleichen	make the adjective agree	4	-pya (neu) + Kl. 4  —  welche Form?	-pya (new) + class 4  —  which form?	mipya	mipya	Stamm -pya (neu) + Kl. 4 → mipya	stem -pya (new) + class 4 → mipya	A1 SD1 drill adjektiv kl4
D515	Adjektiv angleichen	make the adjective agree	5	-pya (neu) + Kl. 5  —  welche Form?	-pya (new) + class 5  —  which form?	jipya	jipya	Stamm -pya (neu) + Kl. 5 → jipya  —  Kl. 5 nimmt hier ji-, sonst Nullpräfix	stem -pya (new) + class 5 → jipya  —  class 5 takes ji- here, zero prefix otherwise	A1 SD1 drill adjektiv kl5
D516	Adjektiv angleichen	make the adjective agree	6	-pya (neu) + Kl. 6  —  welche Form?	-pya (new) + class 6  —  which form?	mapya	mapya	Stamm -pya (neu) + Kl. 6 → mapya	stem -pya (new) + class 6 → mapya	A1 SD1 drill adjektiv kl6
D517	Adjektiv angleichen	make the adjective agree	7	-pya (neu) + Kl. 7  —  welche Form?	-pya (new) + class 7  —  which form?	kipya	kipya	Stamm -pya (neu) + Kl. 7 → kipya	stem -pya (new) + class 7 → kipya	A1 SD1 drill adjektiv kl7
D518	Adjektiv angleichen	make the adjective agree	8	-pya (neu) + Kl. 8  —  welche Form?	-pya (new) + class 8  —  which form?	vipya	vipya	Stamm -pya (neu) + Kl. 8 → vipya	stem -pya (new) + class 8 → vipya	A1 SD1 drill adjektiv kl8
D519	Adjektiv angleichen	make the adjective agree	9	-pya (neu) + Kl. 9  —  welche Form?	-pya (new) + class 9  —  which form?	mpya	mpya	Stamm -pya (neu) + Kl. 9 → mpya  —  Nasalpräfix wird m- vor p-	stem -pya (new) + class 9 → mpya  —  nasal prefix becomes m- before p-	A1 SD1 drill adjektiv kl9
D520	Adjektiv angleichen	make the adjective agree	10	-pya (neu) + Kl. 10  —  welche Form?	-pya (new) + class 10  —  which form?	mpya	mpya	Stamm -pya (neu) + Kl. 10 → mpya	stem -pya (new) + class 10 → mpya	A1 SD1 drill adjektiv kl10
D521	Adjektiv angleichen	make the adjective agree	11	-pya (neu) + Kl. 11  —  welche Form?	-pya (new) + class 11  —  which form?	mpya	mpya	Stamm -pya (neu) + Kl. 11 → mpya	stem -pya (new) + class 11 → mpya	A1 SD1 drill adjektiv kl11
D522	Adjektiv angleichen	make the adjective agree	14	-pya (neu) + Kl. 14  —  welche Form?	-pya (new) + class 14  —  which form?	mpya	mpya	Stamm -pya (neu) + Kl. 14 → mpya	stem -pya (new) + class 14 → mpya	A1 SD1 drill adjektiv kl14
D523	Adjektiv angleichen	make the adjective agree	1	-refu (lang) + Kl. 1  —  welche Form?	-refu (long, tall) + class 1  —  which form?	mrefu	mrefu	Stamm -refu (lang) + Kl. 1 → mrefu	stem -refu (long, tall) + class 1 → mrefu	A1 SD1 drill adjektiv kl1
D524	Adjektiv angleichen	make the adjective agree	2	-refu (lang) + Kl. 2  —  welche Form?	-refu (long, tall) + class 2  —  which form?	warefu	warefu	Stamm -refu (lang) + Kl. 2 → warefu	stem -refu (long, tall) + class 2 → warefu	A1 SD1 drill adjektiv kl2
D525	Adjektiv angleichen	make the adjective agree	3	-refu (lang) + Kl. 3  —  welche Form?	-refu (long, tall) + class 3  —  which form?	mrefu	mrefu	Stamm -refu (lang) + Kl. 3 → mrefu	stem -refu (long, tall) + class 3 → mrefu	A1 SD1 drill adjektiv kl3
D526	Adjektiv angleichen	make the adjective agree	4	-refu (lang) + Kl. 4  —  welche Form?	-refu (long, tall) + class 4  —  which form?	mirefu	mirefu	Stamm -refu (lang) + Kl. 4 → mirefu	stem -refu (long, tall) + class 4 → mirefu	A1 SD1 drill adjektiv kl4
D527	Adjektiv angleichen	make the adjective agree	5	-refu (lang) + Kl. 5  —  welche Form?	-refu (long, tall) + class 5  —  which form?	refu	refu	Stamm -refu (lang) + Kl. 5 → refu	stem -refu (long, tall) + class 5 → refu	A1 SD1 drill adjektiv kl5
D528	Adjektiv angleichen	make the adjective agree	6	-refu (lang) + Kl. 6  —  welche Form?	-refu (long, tall) + class 6  —  which form?	marefu	marefu	Stamm -refu (lang) + Kl. 6 → marefu	stem -refu (long, tall) + class 6 → marefu	A1 SD1 drill adjektiv kl6
D529	Adjektiv angleichen	make the adjective agree	7	-refu (lang) + Kl. 7  —  welche Form?	-refu (long, tall) + class 7  —  which form?	kirefu	kirefu	Stamm -refu (lang) + Kl. 7 → kirefu	stem -refu (long, tall) + class 7 → kirefu	A1 SD1 drill adjektiv kl7
D530	Adjektiv angleichen	make the adjective agree	8	-refu (lang) + Kl. 8  —  welche Form?	-refu (long, tall) + class 8  —  which form?	virefu	virefu	Stamm -refu (lang) + Kl. 8 → virefu	stem -refu (long, tall) + class 8 → virefu	A1 SD1 drill adjektiv kl8
D531	Adjektiv angleichen	make the adjective agree	9	-refu (lang) + Kl. 9  —  welche Form?	-refu (long, tall) + class 9  —  which form?	ndefu	ndefu	Stamm -refu (lang) + Kl. 9 → ndefu	stem -refu (long, tall) + class 9 → ndefu	A1 SD1 drill adjektiv kl9
D532	Adjektiv angleichen	make the adjective agree	10	-refu (lang) + Kl. 10  —  welche Form?	-refu (long, tall) + class 10  —  which form?	ndefu	ndefu	Stamm -refu (lang) + Kl. 10 → ndefu	stem -refu (long, tall) + class 10 → ndefu	A1 SD1 drill adjektiv kl10
D533	Adjektiv angleichen	make the adjective agree	11	-refu (lang) + Kl. 11  —  welche Form?	-refu (long, tall) + class 11  —  which form?	mrefu	mrefu	Stamm -refu (lang) + Kl. 11 → mrefu	stem -refu (long, tall) + class 11 → mrefu	A1 SD1 drill adjektiv kl11
D534	Adjektiv angleichen	make the adjective agree	14	-refu (lang) + Kl. 14  —  welche Form?	-refu (long, tall) + class 14  —  which form?	mrefu	mrefu	Stamm -refu (lang) + Kl. 14 → mrefu	stem -refu (long, tall) + class 14 → mrefu	A1 SD1 drill adjektiv kl14
D535	Lückensatz	fill the gaps	7	Ergänze die Konkordanz:  kitabu  ___zuri  ___  ___a  mwalimu · (das gute Buch des Lehrers)	fill in the agreement:  kitabu  ___zuri  ___  ___a  mwalimu  (the good book of the teacher)	kitabu kizuri hiki cha mwalimu	kitabu kizuri hiki cha mwalimu	Kl. 7: Adjektiv kizuri · Demonstrativ hiki · Genitiv cha — alle drei aus derselben Konkordanzreihe	class 7: adjective kizuri · demonstrative hiki · genitive cha — all three from the same agreement series	A1 SD1 drill luecke kl7
D536	Lückensatz	fill the gaps	8	Ergänze die Konkordanz:  vitabu  ___zuri  ___  ___a  mwalimu · (die guten Bücher des Lehrers)	fill in the agreement:  vitabu  ___zuri  ___  ___a  mwalimu  (the good books of the teacher)	vitabu vizuri hivi vya mwalimu	vitabu vizuri hivi vya mwalimu	Kl. 8: Adjektiv vizuri · Demonstrativ hivi · Genitiv vya — alle drei aus derselben Konkordanzreihe	class 8: adjective vizuri · demonstrative hivi · genitive vya — all three from the same agreement series	A1 SD1 drill luecke kl8
D537	Lückensatz	fill the gaps	3	Ergänze die Konkordanz:  mti  ___zuri  ___  ___a  mwalimu · (der gute Baum des Lehrers)	fill in the agreement:  mti  ___zuri  ___  ___a  mwalimu  (the good tree of the teacher)	mti mzuri huu wa mwalimu	mti mzuri huu wa mwalimu	Kl. 3: Adjektiv mzuri · Demonstrativ huu · Genitiv wa — alle drei aus derselben Konkordanzreihe	class 3: adjective mzuri · demonstrative huu · genitive wa — all three from the same agreement series	A1 SD1 drill luecke kl3
D538	Lückensatz	fill the gaps	4	Ergänze die Konkordanz:  miti  ___zuri  ___  ___a  mwalimu · (die guten Bäume des Lehrers)	fill in the agreement:  miti  ___zuri  ___  ___a  mwalimu  (the good trees of the teacher)	miti mizuri hii ya mwalimu	miti mizuri hii ya mwalimu	Kl. 4: Adjektiv mizuri · Demonstrativ hii · Genitiv ya — alle drei aus derselben Konkordanzreihe	class 4: adjective mizuri · demonstrative hii · genitive ya — all three from the same agreement series	A1 SD1 drill luecke kl4
D539	Lückensatz	fill the gaps	5	Ergänze die Konkordanz:  gari  ___zuri  ___  ___a  mwalimu · (das gute Auto des Lehrers)	fill in the agreement:  gari  ___zuri  ___  ___a  mwalimu  (the good car of the teacher)	gari zuri hili la mwalimu	gari zuri hili la mwalimu	Kl. 5: Adjektiv zuri · Demonstrativ hili · Genitiv la — alle drei aus derselben Konkordanzreihe	class 5: adjective zuri · demonstrative hili · genitive la — all three from the same agreement series	A1 SD1 drill luecke kl5
D540	Lückensatz	fill the gaps	6	Ergänze die Konkordanz:  magari  ___zuri  ___  ___a  mwalimu · (die guten Autos des Lehrers)	fill in the agreement:  magari  ___zuri  ___  ___a  mwalimu  (the good cars of the teacher)	magari mazuri haya ya mwalimu	magari mazuri haya ya mwalimu	Kl. 6: Adjektiv mazuri · Demonstrativ haya · Genitiv ya — alle drei aus derselben Konkordanzreihe	class 6: adjective mazuri · demonstrative haya · genitive ya — all three from the same agreement series	A1 SD1 drill luecke kl6
D541	Lückensatz	fill the gaps	1	Ergänze die Konkordanz:  mtoto  ___zuri  ___  ___a  mwalimu · (das gute Kind des Lehrers)	fill in the agreement:  mtoto  ___zuri  ___  ___a  mwalimu  (the good child of the teacher)	mtoto mzuri huyu wa mwalimu	mtoto mzuri huyu wa mwalimu	Kl. 1: Adjektiv mzuri · Demonstrativ huyu · Genitiv wa — alle drei aus derselben Konkordanzreihe	class 1: adjective mzuri · demonstrative huyu · genitive wa — all three from the same agreement series	A1 SD1 drill luecke kl1
D542	Lückensatz	fill the gaps	2	Ergänze die Konkordanz:  watoto  ___zuri  ___  ___a  mwalimu · (die guten Kinder des Lehrers)	fill in the agreement:  watoto  ___zuri  ___  ___a  mwalimu  (the good children of the teacher)	watoto wazuri hawa wa mwalimu	watoto wazuri hawa wa mwalimu	Kl. 2: Adjektiv wazuri · Demonstrativ hawa · Genitiv wa — alle drei aus derselben Konkordanzreihe	class 2: adjective wazuri · demonstrative hawa · genitive wa — all three from the same agreement series	A1 SD1 drill luecke kl2
D543	Lückensatz	fill the gaps	9	Ergänze die Konkordanz:  barua  ___zuri  ___  ___a  mwalimu · (der gute Brief des Lehrers)	fill in the agreement:  barua  ___zuri  ___  ___a  mwalimu  (the good letter of the teacher)	barua nzuri hii ya mwalimu	barua nzuri hii ya mwalimu	Kl. 9: Adjektiv nzuri · Demonstrativ hii · Genitiv ya — alle drei aus derselben Konkordanzreihe	class 9: adjective nzuri · demonstrative hii · genitive ya — all three from the same agreement series	A1 SD1 drill luecke kl9
D544	Lückensatz	fill the gaps	9	Ergänze die Konkordanz:  nyumba  ___zuri  ___  ___a  mwalimu · (das gute Haus des Lehrers)	fill in the agreement:  nyumba  ___zuri  ___  ___a  mwalimu  (the good house of the teacher)	nyumba nzuri hii ya mwalimu	nyumba nzuri hii ya mwalimu	Kl. 9: Adjektiv nzuri · Demonstrativ hii · Genitiv ya — alle drei aus derselben Konkordanzreihe	class 9: adjective nzuri · demonstrative hii · genitive ya — all three from the same agreement series	A1 SD1 drill luecke kl9
