id	kontrasttyp	kontrasttyp_en	klasse	de_a	de_b	en_a	en_b	sw_a	sw_b	gloss_a_mo	gloss_a_la	gloss_a_la_en	gloss_b_mo	gloss_b_la	gloss_b_la_en	unterschied	klassen	klassen_en	konkordanz	konkordanz_en	hinweis	hinweis_en	tags
K001	Numerus	number	1/2	Ich habe ein gutes Kind.	Ich habe gute Kinder.	I have a good child.	I have good children.	Nina mtoto mzuri.	Nina watoto wazuri.	ni-na mtoto m-zuri	1SG-haben KL1.Kind KL1-gut	1SG-have CL1.child CL1-good	ni-na watoto wa-zuri	1SG-haben KL2.Kind KL2-gut	1SG-have CL2.child CL2-good	mtoto mzuri  →  watoto wazuri	mtoto Kl. 1/2 (m-/mw- › wa-) → watoto	mtoto class 1/2 (m-/mw- › wa-) → watoto	Kl.1: SUBJ a- · ADJ m-/mw- · GEN wa · DEM huyu/yule · POSS w- · REL -ye · Kl.2: SUBJ wa- · ADJ wa- · GEN wa · DEM hawa/wale · POSS w- · REL -o	class 1: SUBJ a- · ADJ m-/mw- · GEN wa · DEM huyu/yule · POSS w- · REL -ye · class 2: SUBJ wa- · ADJ wa- · GEN wa · DEM hawa/wale · POSS w- · REL -o	Adjektiv wechselt mit: mzuri → wazuri	the adjective changes with it: mzuri → wazuri	A1 SD1 kontrast numerus kl1 kl2
K002	Numerus	number	1/2	Ich habe einen guten Lehrer.	Ich habe gute Lehrer.	I have a good teacher.	I have good teachers.	Nina mwalimu mzuri.	Nina walimu wazuri.	ni-na mwalimu m-zuri	1SG-haben KL1.Lehrer KL1-gut	1SG-have CL1.teacher CL1-good	ni-na walimu wa-zuri	1SG-haben KL2.Lehrer KL2-gut	1SG-have CL2.teacher CL2-good	mwalimu mzuri  →  walimu wazuri	mwalimu Kl. 1/2 (m-/mw- › wa-) → walimu	mwalimu class 1/2 (m-/mw- › wa-) → walimu	Kl.1: SUBJ a- · ADJ m-/mw- · GEN wa · DEM huyu/yule · POSS w- · REL -ye · Kl.2: SUBJ wa- · ADJ wa- · GEN wa · DEM hawa/wale · POSS w- · REL -o	class 1: SUBJ a- · ADJ m-/mw- · GEN wa · DEM huyu/yule · POSS w- · REL -ye · class 2: SUBJ wa- · ADJ wa- · GEN wa · DEM hawa/wale · POSS w- · REL -o	Adjektiv wechselt mit: mzuri → wazuri	the adjective changes with it: mzuri → wazuri	A1 SD1 kontrast numerus kl1 kl2
K003	Numerus	number	1/2	Ich habe einen guten Gast.	Ich habe gute Gäste.	I have a good guest.	I have good guests.	Nina mgeni mzuri.	Nina wageni wazuri.	ni-na mgeni m-zuri	1SG-haben KL1.Gast KL1-gut	1SG-have CL1.guest CL1-good	ni-na wageni wa-zuri	1SG-haben KL2.Gast KL2-gut	1SG-have CL2.guest CL2-good	mgeni mzuri  →  wageni wazuri	mgeni Kl. 1/2 (m-/mw- › wa-) → wageni	mgeni class 1/2 (m-/mw- › wa-) → wageni	Kl.1: SUBJ a- · ADJ m-/mw- · GEN wa · DEM huyu/yule · POSS w- · REL -ye · Kl.2: SUBJ wa- · ADJ wa- · GEN wa · DEM hawa/wale · POSS w- · REL -o	class 1: SUBJ a- · ADJ m-/mw- · GEN wa · DEM huyu/yule · POSS w- · REL -ye · class 2: SUBJ wa- · ADJ wa- · GEN wa · DEM hawa/wale · POSS w- · REL -o	Adjektiv wechselt mit: mzuri → wazuri	the adjective changes with it: mzuri → wazuri	A1 SD1 kontrast numerus kl1 kl2
K004	Numerus	number	3/4	Ich habe einen guten Baum.	Ich habe gute Bäume.	I have a good tree.	I have good trees.	Nina mti mzuri.	Nina miti mizuri.	ni-na mti m-zuri	1SG-haben KL3.Baum KL3-gut	1SG-have CL3.tree CL3-good	ni-na miti mi-zuri	1SG-haben KL4.Baum KL4-gut	1SG-have CL4.tree CL4-good	mti mzuri  →  miti mizuri	mti Kl. 3/4 (m-/mw- › mi-) → miti	mti class 3/4 (m-/mw- › mi-) → miti	Kl.3: SUBJ u- · ADJ m-/mw- · GEN wa · DEM huu/ule · POSS w- · REL -o · Kl.4: SUBJ i- · ADJ mi- · GEN ya · DEM hii/ile · POSS y- · REL -yo	class 3: SUBJ u- · ADJ m-/mw- · GEN wa · DEM huu/ule · POSS w- · REL -o · class 4: SUBJ i- · ADJ mi- · GEN ya · DEM hii/ile · POSS y- · REL -yo	Adjektiv wechselt mit: mzuri → mizuri	the adjective changes with it: mzuri → mizuri	A1 SD1 kontrast numerus kl3 kl4
K005	Numerus	number	3/4	Ich habe ein gutes Brot.	Ich habe gute Brote.	I have a good loaf.	I have good loaves.	Nina mkate mzuri.	Nina mikate mizuri.	ni-na mkate m-zuri	1SG-haben KL3.Brot KL3-gut	1SG-have CL3.bread CL3-good	ni-na mikate mi-zuri	1SG-haben KL4.Brot KL4-gut	1SG-have CL4.bread CL4-good	mkate mzuri  →  mikate mizuri	mkate Kl. 3/4 (m-/mw- › mi-) → mikate	mkate class 3/4 (m-/mw- › mi-) → mikate	Kl.3: SUBJ u- · ADJ m-/mw- · GEN wa · DEM huu/ule · POSS w- · REL -o · Kl.4: SUBJ i- · ADJ mi- · GEN ya · DEM hii/ile · POSS y- · REL -yo	class 3: SUBJ u- · ADJ m-/mw- · GEN wa · DEM huu/ule · POSS w- · REL -o · class 4: SUBJ i- · ADJ mi- · GEN ya · DEM hii/ile · POSS y- · REL -yo	Adjektiv wechselt mit: mzuri → mizuri	the adjective changes with it: mzuri → mizuri	A1 SD1 kontrast numerus kl3 kl4
K006	Numerus	number	3/4	Ich habe eine gute Stadt.	Ich habe gute Städte.	I have a good town.	I have good towns.	Nina mji mzuri.	Nina miji mizuri.	ni-na mji m-zuri	1SG-haben KL3.Stadt KL3-gut	1SG-have CL3.town CL3-good	ni-na miji mi-zuri	1SG-haben KL4.Stadt KL4-gut	1SG-have CL4.town CL4-good	mji mzuri  →  miji mizuri	mji Kl. 3/4 (m-/mw- › mi-) → miji	mji class 3/4 (m-/mw- › mi-) → miji	Kl.3: SUBJ u- · ADJ m-/mw- · GEN wa · DEM huu/ule · POSS w- · REL -o · Kl.4: SUBJ i- · ADJ mi- · GEN ya · DEM hii/ile · POSS y- · REL -yo	class 3: SUBJ u- · ADJ m-/mw- · GEN wa · DEM huu/ule · POSS w- · REL -o · class 4: SUBJ i- · ADJ mi- · GEN ya · DEM hii/ile · POSS y- · REL -yo	Adjektiv wechselt mit: mzuri → mizuri	the adjective changes with it: mzuri → mizuri	A1 SD1 kontrast numerus kl3 kl4
K007	Numerus	number	5/6	Ich habe ein gutes Auto.	Ich habe gute Autos.	I have a good car.	I have good cars.	Nina gari zuri.	Nina magari mazuri.	ni-na gari zuri	1SG-haben KL5.Auto KL5.gut	1SG-have CL5.car CL5.good	ni-na magari ma-zuri	1SG-haben KL6.Auto KL6-gut	1SG-have CL6.car CL6-good	gari zuri  →  magari mazuri	gari Kl. 5/6 (ji-/Ø › ma-) → magari	gari class 5/6 (ji-/Ø › ma-) → magari	Kl.5: SUBJ li- · ADJ ji-/Ø · GEN la · DEM hili/lile · POSS l- · REL -lo · Kl.6: SUBJ ya- · ADJ ma- · GEN ya · DEM haya/yale · POSS y- · REL -yo	class 5: SUBJ li- · ADJ ji-/Ø · GEN la · DEM hili/lile · POSS l- · REL -lo · class 6: SUBJ ya- · ADJ ma- · GEN ya · DEM haya/yale · POSS y- · REL -yo	Kl. 5 hat Nullpräfix	class 5 has a zero prefix	A1 SD1 kontrast numerus kl5 kl6
K008	Numerus	number	5/6	Ich habe einen guten Laden.	Ich habe gute Läden.	I have a good shop.	I have good shops.	Nina duka zuri.	Nina maduka mazuri.	ni-na duka zuri	1SG-haben KL5.Laden KL5.gut	1SG-have CL5.shop CL5.good	ni-na maduka ma-zuri	1SG-haben KL6.Laden KL6-gut	1SG-have CL6.shop CL6-good	duka zuri  →  maduka mazuri	duka Kl. 5/6 (ji-/Ø › ma-) → maduka	duka class 5/6 (ji-/Ø › ma-) → maduka	Kl.5: SUBJ li- · ADJ ji-/Ø · GEN la · DEM hili/lile · POSS l- · REL -lo · Kl.6: SUBJ ya- · ADJ ma- · GEN ya · DEM haya/yale · POSS y- · REL -yo	class 5: SUBJ li- · ADJ ji-/Ø · GEN la · DEM hili/lile · POSS l- · REL -lo · class 6: SUBJ ya- · ADJ ma- · GEN ya · DEM haya/yale · POSS y- · REL -yo	Kl. 5 hat Nullpräfix	class 5 has a zero prefix	A1 SD1 kontrast numerus kl5 kl6
K009	Numerus	number	5/6	Ich habe einen guten Namen.	Ich habe gute Namen.	I have a good name.	I have good names.	Nina jina zuri.	Nina majina mazuri.	ni-na jina zuri	1SG-haben KL5.Name KL5.gut	1SG-have CL5.name CL5.good	ni-na majina ma-zuri	1SG-haben KL6.Name KL6-gut	1SG-have CL6.name CL6-good	jina zuri  →  majina mazuri	jina Kl. 5/6 (ji-/Ø › ma-) → majina	jina class 5/6 (ji-/Ø › ma-) → majina	Kl.5: SUBJ li- · ADJ ji-/Ø · GEN la · DEM hili/lile · POSS l- · REL -lo · Kl.6: SUBJ ya- · ADJ ma- · GEN ya · DEM haya/yale · POSS y- · REL -yo	class 5: SUBJ li- · ADJ ji-/Ø · GEN la · DEM hili/lile · POSS l- · REL -lo · class 6: SUBJ ya- · ADJ ma- · GEN ya · DEM haya/yale · POSS y- · REL -yo	Kl. 5 hat Nullpräfix	class 5 has a zero prefix	A1 SD1 kontrast numerus kl5 kl6
K010	Numerus	number	7/8	Ich habe ein gutes Buch.	Ich habe gute Bücher.	I have a good book.	I have good books.	Nina kitabu kizuri.	Nina vitabu vizuri.	ni-na kitabu ki-zuri	1SG-haben KL7.Buch KL7-gut	1SG-have CL7.book CL7-good	ni-na vitabu vi-zuri	1SG-haben KL8.Buch KL8-gut	1SG-have CL8.book CL8-good	kitabu kizuri  →  vitabu vizuri	kitabu Kl. 7/8 (ki- › vi-) → vitabu	kitabu class 7/8 (ki- › vi-) → vitabu	Kl.7: SUBJ ki- · ADJ ki- · GEN cha · DEM hiki/kile · POSS ch- · REL -cho · Kl.8: SUBJ vi- · ADJ vi- · GEN vya · DEM hivi/vile · POSS vy- · REL -vyo	class 7: SUBJ ki- · ADJ ki- · GEN cha · DEM hiki/kile · POSS ch- · REL -cho · class 8: SUBJ vi- · ADJ vi- · GEN vya · DEM hivi/vile · POSS vy- · REL -vyo	Adjektiv wechselt mit: kizuri → vizuri	the adjective changes with it: kizuri → vizuri	A1 SD1 kontrast numerus kl7 kl8
K011	Numerus	number	7/8	Ich habe einen guten Stuhl.	Ich habe gute Stühle.	I have a good chair.	I have good chairs.	Nina kiti kizuri.	Nina viti vizuri.	ni-na kiti ki-zuri	1SG-haben KL7.Stuhl KL7-gut	1SG-have CL7.chair CL7-good	ni-na viti vi-zuri	1SG-haben KL8.Stuhl KL8-gut	1SG-have CL8.chair CL8-good	kiti kizuri  →  viti vizuri	kiti Kl. 7/8 (ki- › vi-) → viti	kiti class 7/8 (ki- › vi-) → viti	Kl.7: SUBJ ki- · ADJ ki- · GEN cha · DEM hiki/kile · POSS ch- · REL -cho · Kl.8: SUBJ vi- · ADJ vi- · GEN vya · DEM hivi/vile · POSS vy- · REL -vyo	class 7: SUBJ ki- · ADJ ki- · GEN cha · DEM hiki/kile · POSS ch- · REL -cho · class 8: SUBJ vi- · ADJ vi- · GEN vya · DEM hivi/vile · POSS vy- · REL -vyo	Adjektiv wechselt mit: kizuri → vizuri	the adjective changes with it: kizuri → vizuri	A1 SD1 kontrast numerus kl7 kl8
K012	Numerus	number	7/8	Ich habe ein gutes Zimmer.	Ich habe gute Zimmer.	I have a good room.	I have good rooms.	Nina chumba kizuri.	Nina vyumba vizuri.	ni-na chumba ki-zuri	1SG-haben KL7.Zimmer KL7-gut	1SG-have CL7.room CL7-good	ni-na vyumba vi-zuri	1SG-haben KL8.Zimmer KL8-gut	1SG-have CL8.room CL8-good	chumba kizuri  →  vyumba vizuri	chumba Kl. 7/8 (ki- › vi-) → vyumba	chumba class 7/8 (ki- › vi-) → vyumba	Kl.7: SUBJ ki- · ADJ ki- · GEN cha · DEM hiki/kile · POSS ch- · REL -cho · Kl.8: SUBJ vi- · ADJ vi- · GEN vya · DEM hivi/vile · POSS vy- · REL -vyo	class 7: SUBJ ki- · ADJ ki- · GEN cha · DEM hiki/kile · POSS ch- · REL -cho · class 8: SUBJ vi- · ADJ vi- · GEN vya · DEM hivi/vile · POSS vy- · REL -vyo	Adjektiv wechselt mit: kizuri → vizuri	the adjective changes with it: kizuri → vizuri	A1 SD1 kontrast numerus kl7 kl8
K013	Numerus	number	9/10	Dieser Brief ist gut.	Diese Briefe sind gut.	This letter is good.	These letters are good.	Barua hii ni nzuri.	Barua hizi ni nzuri.	barua hii ni n-zuri	KL9.Brief KL9.DEM KOP KL9-gut	CL9.letter CL9.DEM COP CL9-good	barua hizi ni n-zuri	KL10.Brief KL10.DEM KOP KL10-gut	CL10.letter CL10.DEM COP CL10-good	hii  →  hizi	barua Kl. 9/10 (Ø/n-) → barua  — Numerus nur an der Konkordanz	barua class 9/10 (Ø/n-) → barua  — number shows only in the agreement	Kl.9: SUBJ i- · ADJ Ø/n- · GEN ya · DEM hii/ile · POSS y- · REL -yo · Kl.10: SUBJ zi- · ADJ Ø/n- · GEN za · DEM hizi/zile · POSS z- · REL -zo	class 9: SUBJ i- · ADJ Ø/n- · GEN ya · DEM hii/ile · POSS y- · REL -yo · class 10: SUBJ zi- · ADJ Ø/n- · GEN za · DEM hizi/zile · POSS z- · REL -zo	Weder Nomen noch Adjektiv zeigen den Numerus — nur das Demonstrativ tut es. Das ist die Eigenart der Kl. 9/10.	Neither the noun nor the adjective shows number — only the demonstrative does. This is what makes classes 9/10 special.	A1 SD1 kontrast numerus kl9 kl10
K014	Numerus	number	9/10	Dieses Haus ist gut.	Diese Häuser sind gut.	This house is good.	These houses are good.	Nyumba hii ni nzuri.	Nyumba hizi ni nzuri.	nyumba hii ni n-zuri	KL9.Haus KL9.DEM KOP KL9-gut	CL9.house CL9.DEM COP CL9-good	nyumba hizi ni n-zuri	KL10.Haus KL10.DEM KOP KL10-gut	CL10.house CL10.DEM COP CL10-good	hii  →  hizi	nyumba Kl. 9/10 (Ø/n-) → nyumba  — Numerus nur an der Konkordanz	nyumba class 9/10 (Ø/n-) → nyumba  — number shows only in the agreement	Kl.9: SUBJ i- · ADJ Ø/n- · GEN ya · DEM hii/ile · POSS y- · REL -yo · Kl.10: SUBJ zi- · ADJ Ø/n- · GEN za · DEM hizi/zile · POSS z- · REL -zo	class 9: SUBJ i- · ADJ Ø/n- · GEN ya · DEM hii/ile · POSS y- · REL -yo · class 10: SUBJ zi- · ADJ Ø/n- · GEN za · DEM hizi/zile · POSS z- · REL -zo	Weder Nomen noch Adjektiv zeigen den Numerus — nur das Demonstrativ tut es. Das ist die Eigenart der Kl. 9/10.	Neither the noun nor the adjective shows number — only the demonstrative does. This is what makes classes 9/10 special.	A1 SD1 kontrast numerus kl9 kl10
K015	Numerus	number	9/10	Dieses Telefon ist gut.	Diese Telefone sind gut.	This telephone is good.	These telephones are good.	Simu hii ni nzuri.	Simu hizi ni nzuri.	simu hii ni n-zuri	KL9.Telefon KL9.DEM KOP KL9-gut	CL9.phone CL9.DEM COP CL9-good	simu hizi ni n-zuri	KL10.Telefon KL10.DEM KOP KL10-gut	CL10.phone CL10.DEM COP CL10-good	hii  →  hizi	simu Kl. 9/10 (Ø/n-) → simu  — Numerus nur an der Konkordanz	simu class 9/10 (Ø/n-) → simu  — number shows only in the agreement	Kl.9: SUBJ i- · ADJ Ø/n- · GEN ya · DEM hii/ile · POSS y- · REL -yo · Kl.10: SUBJ zi- · ADJ Ø/n- · GEN za · DEM hizi/zile · POSS z- · REL -zo	class 9: SUBJ i- · ADJ Ø/n- · GEN ya · DEM hii/ile · POSS y- · REL -yo · class 10: SUBJ zi- · ADJ Ø/n- · GEN za · DEM hizi/zile · POSS z- · REL -zo	Weder Nomen noch Adjektiv zeigen den Numerus — nur das Demonstrativ tut es. Das ist die Eigenart der Kl. 9/10.	Neither the noun nor the adjective shows number — only the demonstrative does. This is what makes classes 9/10 special.	A1 SD1 kontrast numerus kl9 kl10
K016	Numerus	number	11/10	Ich habe einen guten Schlüssel.	Ich habe gute Schlüssel.	I have a good key.	I have good keys.	Nina ufunguo mzuri.	Nina funguo nzuri.	ni-na ufunguo m-zuri	1SG-haben KL11.Schlüssel KL11-gut	1SG-have CL11.key CL11-good	ni-na funguo n-zuri	1SG-haben KL10.Schlüssel KL10-gut	1SG-have CL10.key CL10-good	ufunguo mzuri  →  funguo nzuri	ufunguo Kl. 11/10 (u- › Ø/n-) → funguo	ufunguo class 11/10 (u- › Ø/n-) → funguo	Kl.11: SUBJ u- · ADJ m-/mw- · GEN wa · DEM huu/ule · POSS w- · REL -o · Kl.10: SUBJ zi- · ADJ Ø/n- · GEN za · DEM hizi/zile · POSS z- · REL -zo	class 11: SUBJ u- · ADJ m-/mw- · GEN wa · DEM huu/ule · POSS w- · REL -o · class 10: SUBJ zi- · ADJ Ø/n- · GEN za · DEM hizi/zile · POSS z- · REL -zo	Adjektiv wechselt mit: mzuri → nzuri	the adjective changes with it: mzuri → nzuri	A1 SD1 kontrast numerus kl11 kl10
K017	Numerus	number	11/10	Ich habe ein gutes Lied.	Ich habe gute Lieder.	I have a good song.	I have good songs.	Nina wimbo mzuri.	Nina nyimbo nzuri.	ni-na wimbo m-zuri	1SG-haben KL11.Lied KL11-gut	1SG-have CL11.song CL11-good	ni-na nyimbo n-zuri	1SG-haben KL10.Lied KL10-gut	1SG-have CL10.song CL10-good	wimbo mzuri  →  nyimbo nzuri	wimbo Kl. 11/10 (u- › Ø/n-) → nyimbo	wimbo class 11/10 (u- › Ø/n-) → nyimbo	Kl.11: SUBJ u- · ADJ m-/mw- · GEN wa · DEM huu/ule · POSS w- · REL -o · Kl.10: SUBJ zi- · ADJ Ø/n- · GEN za · DEM hizi/zile · POSS z- · REL -zo	class 11: SUBJ u- · ADJ m-/mw- · GEN wa · DEM huu/ule · POSS w- · REL -o · class 10: SUBJ zi- · ADJ Ø/n- · GEN za · DEM hizi/zile · POSS z- · REL -zo	Adjektiv wechselt mit: mzuri → nzuri	the adjective changes with it: mzuri → nzuri	A1 SD1 kontrast numerus kl11 kl10
K018	Numerus	number	11/10	Ich habe eine gute Wand.	Ich habe gute Wände.	I have a good wall.	I have good walls.	Nina ukuta mzuri.	Nina kuta nzuri.	ni-na ukuta m-zuri	1SG-haben KL11.Wand KL11-gut	1SG-have CL11.wall CL11-good	ni-na kuta n-zuri	1SG-haben KL10.Wand KL10-gut	1SG-have CL10.wall CL10-good	ukuta mzuri  →  kuta nzuri	ukuta Kl. 11/10 (u- › Ø/n-) → kuta	ukuta class 11/10 (u- › Ø/n-) → kuta	Kl.11: SUBJ u- · ADJ m-/mw- · GEN wa · DEM huu/ule · POSS w- · REL -o · Kl.10: SUBJ zi- · ADJ Ø/n- · GEN za · DEM hizi/zile · POSS z- · REL -zo	class 11: SUBJ u- · ADJ m-/mw- · GEN wa · DEM huu/ule · POSS w- · REL -o · class 10: SUBJ zi- · ADJ Ø/n- · GEN za · DEM hizi/zile · POSS z- · REL -zo	Adjektiv wechselt mit: mzuri → nzuri	the adjective changes with it: mzuri → nzuri	A1 SD1 kontrast numerus kl11 kl10
K019	Numerus	number	1/2	Ich habe ein kleines Kind.	Ich habe kleine Kinder.	I have a small child.	I have small children.	Nina mtoto mdogo.	Nina watoto wadogo.	ni-na mtoto m-dogo	1SG-haben KL1.Kind KL1-klein	1SG-have CL1.child CL1-small	ni-na watoto wa-dogo	1SG-haben KL2.Kind KL2-klein	1SG-have CL2.child CL2-small	mtoto mdogo  →  watoto wadogo	mtoto Kl. 1/2 (m-/mw- › wa-) → watoto	mtoto class 1/2 (m-/mw- › wa-) → watoto	Kl.1: SUBJ a- · ADJ m-/mw- · GEN wa · DEM huyu/yule · POSS w- · REL -ye · Kl.2: SUBJ wa- · ADJ wa- · GEN wa · DEM hawa/wale · POSS w- · REL -o	class 1: SUBJ a- · ADJ m-/mw- · GEN wa · DEM huyu/yule · POSS w- · REL -ye · class 2: SUBJ wa- · ADJ wa- · GEN wa · DEM hawa/wale · POSS w- · REL -o	Adjektiv wechselt mit: mdogo → wadogo	the adjective changes with it: mdogo → wadogo	A1 SD1 kontrast numerus kl1 kl2
K020	Numerus	number	1/2	Ich habe einen kleinen Lehrer.	Ich habe kleine Lehrer.	I have a small teacher.	I have small teachers.	Nina mwalimu mdogo.	Nina walimu wadogo.	ni-na mwalimu m-dogo	1SG-haben KL1.Lehrer KL1-klein	1SG-have CL1.teacher CL1-small	ni-na walimu wa-dogo	1SG-haben KL2.Lehrer KL2-klein	1SG-have CL2.teacher CL2-small	mwalimu mdogo  →  walimu wadogo	mwalimu Kl. 1/2 (m-/mw- › wa-) → walimu	mwalimu class 1/2 (m-/mw- › wa-) → walimu	Kl.1: SUBJ a- · ADJ m-/mw- · GEN wa · DEM huyu/yule · POSS w- · REL -ye · Kl.2: SUBJ wa- · ADJ wa- · GEN wa · DEM hawa/wale · POSS w- · REL -o	class 1: SUBJ a- · ADJ m-/mw- · GEN wa · DEM huyu/yule · POSS w- · REL -ye · class 2: SUBJ wa- · ADJ wa- · GEN wa · DEM hawa/wale · POSS w- · REL -o	Adjektiv wechselt mit: mdogo → wadogo	the adjective changes with it: mdogo → wadogo	A1 SD1 kontrast numerus kl1 kl2
K021	Numerus	number	1/2	Ich habe einen kleinen Gast.	Ich habe kleine Gäste.	I have a small guest.	I have small guests.	Nina mgeni mdogo.	Nina wageni wadogo.	ni-na mgeni m-dogo	1SG-haben KL1.Gast KL1-klein	1SG-have CL1.guest CL1-small	ni-na wageni wa-dogo	1SG-haben KL2.Gast KL2-klein	1SG-have CL2.guest CL2-small	mgeni mdogo  →  wageni wadogo	mgeni Kl. 1/2 (m-/mw- › wa-) → wageni	mgeni class 1/2 (m-/mw- › wa-) → wageni	Kl.1: SUBJ a- · ADJ m-/mw- · GEN wa · DEM huyu/yule · POSS w- · REL -ye · Kl.2: SUBJ wa- · ADJ wa- · GEN wa · DEM hawa/wale · POSS w- · REL -o	class 1: SUBJ a- · ADJ m-/mw- · GEN wa · DEM huyu/yule · POSS w- · REL -ye · class 2: SUBJ wa- · ADJ wa- · GEN wa · DEM hawa/wale · POSS w- · REL -o	Adjektiv wechselt mit: mdogo → wadogo	the adjective changes with it: mdogo → wadogo	A1 SD1 kontrast numerus kl1 kl2
K022	Numerus	number	3/4	Ich habe einen kleinen Baum.	Ich habe kleine Bäume.	I have a small tree.	I have small trees.	Nina mti mdogo.	Nina miti midogo.	ni-na mti m-dogo	1SG-haben KL3.Baum KL3-klein	1SG-have CL3.tree CL3-small	ni-na miti mi-dogo	1SG-haben KL4.Baum KL4-klein	1SG-have CL4.tree CL4-small	mti mdogo  →  miti midogo	mti Kl. 3/4 (m-/mw- › mi-) → miti	mti class 3/4 (m-/mw- › mi-) → miti	Kl.3: SUBJ u- · ADJ m-/mw- · GEN wa · DEM huu/ule · POSS w- · REL -o · Kl.4: SUBJ i- · ADJ mi- · GEN ya · DEM hii/ile · POSS y- · REL -yo	class 3: SUBJ u- · ADJ m-/mw- · GEN wa · DEM huu/ule · POSS w- · REL -o · class 4: SUBJ i- · ADJ mi- · GEN ya · DEM hii/ile · POSS y- · REL -yo	Adjektiv wechselt mit: mdogo → midogo	the adjective changes with it: mdogo → midogo	A1 SD1 kontrast numerus kl3 kl4
K023	Numerus	number	3/4	Ich habe ein kleines Brot.	Ich habe kleine Brote.	I have a small loaf.	I have small loaves.	Nina mkate mdogo.	Nina mikate midogo.	ni-na mkate m-dogo	1SG-haben KL3.Brot KL3-klein	1SG-have CL3.bread CL3-small	ni-na mikate mi-dogo	1SG-haben KL4.Brot KL4-klein	1SG-have CL4.bread CL4-small	mkate mdogo  →  mikate midogo	mkate Kl. 3/4 (m-/mw- › mi-) → mikate	mkate class 3/4 (m-/mw- › mi-) → mikate	Kl.3: SUBJ u- · ADJ m-/mw- · GEN wa · DEM huu/ule · POSS w- · REL -o · Kl.4: SUBJ i- · ADJ mi- · GEN ya · DEM hii/ile · POSS y- · REL -yo	class 3: SUBJ u- · ADJ m-/mw- · GEN wa · DEM huu/ule · POSS w- · REL -o · class 4: SUBJ i- · ADJ mi- · GEN ya · DEM hii/ile · POSS y- · REL -yo	Adjektiv wechselt mit: mdogo → midogo	the adjective changes with it: mdogo → midogo	A1 SD1 kontrast numerus kl3 kl4
K024	Numerus	number	3/4	Ich habe eine kleine Stadt.	Ich habe kleine Städte.	I have a small town.	I have small towns.	Nina mji mdogo.	Nina miji midogo.	ni-na mji m-dogo	1SG-haben KL3.Stadt KL3-klein	1SG-have CL3.town CL3-small	ni-na miji mi-dogo	1SG-haben KL4.Stadt KL4-klein	1SG-have CL4.town CL4-small	mji mdogo  →  miji midogo	mji Kl. 3/4 (m-/mw- › mi-) → miji	mji class 3/4 (m-/mw- › mi-) → miji	Kl.3: SUBJ u- · ADJ m-/mw- · GEN wa · DEM huu/ule · POSS w- · REL -o · Kl.4: SUBJ i- · ADJ mi- · GEN ya · DEM hii/ile · POSS y- · REL -yo	class 3: SUBJ u- · ADJ m-/mw- · GEN wa · DEM huu/ule · POSS w- · REL -o · class 4: SUBJ i- · ADJ mi- · GEN ya · DEM hii/ile · POSS y- · REL -yo	Adjektiv wechselt mit: mdogo → midogo	the adjective changes with it: mdogo → midogo	A1 SD1 kontrast numerus kl3 kl4
K025	Numerus	number	5/6	Ich habe ein kleines Auto.	Ich habe kleine Autos.	I have a small car.	I have small cars.	Nina gari dogo.	Nina magari madogo.	ni-na gari dogo	1SG-haben KL5.Auto KL5.klein	1SG-have CL5.car CL5.small	ni-na magari ma-dogo	1SG-haben KL6.Auto KL6-klein	1SG-have CL6.car CL6-small	gari dogo  →  magari madogo	gari Kl. 5/6 (ji-/Ø › ma-) → magari	gari class 5/6 (ji-/Ø › ma-) → magari	Kl.5: SUBJ li- · ADJ ji-/Ø · GEN la · DEM hili/lile · POSS l- · REL -lo · Kl.6: SUBJ ya- · ADJ ma- · GEN ya · DEM haya/yale · POSS y- · REL -yo	class 5: SUBJ li- · ADJ ji-/Ø · GEN la · DEM hili/lile · POSS l- · REL -lo · class 6: SUBJ ya- · ADJ ma- · GEN ya · DEM haya/yale · POSS y- · REL -yo	Adjektiv wechselt mit: dogo → madogo	the adjective changes with it: dogo → madogo	A1 SD1 kontrast numerus kl5 kl6
K026	Numerus	number	5/6	Ich habe einen kleinen Laden.	Ich habe kleine Läden.	I have a small shop.	I have small shops.	Nina duka dogo.	Nina maduka madogo.	ni-na duka dogo	1SG-haben KL5.Laden KL5.klein	1SG-have CL5.shop CL5.small	ni-na maduka ma-dogo	1SG-haben KL6.Laden KL6-klein	1SG-have CL6.shop CL6-small	duka dogo  →  maduka madogo	duka Kl. 5/6 (ji-/Ø › ma-) → maduka	duka class 5/6 (ji-/Ø › ma-) → maduka	Kl.5: SUBJ li- · ADJ ji-/Ø · GEN la · DEM hili/lile · POSS l- · REL -lo · Kl.6: SUBJ ya- · ADJ ma- · GEN ya · DEM haya/yale · POSS y- · REL -yo	class 5: SUBJ li- · ADJ ji-/Ø · GEN la · DEM hili/lile · POSS l- · REL -lo · class 6: SUBJ ya- · ADJ ma- · GEN ya · DEM haya/yale · POSS y- · REL -yo	Adjektiv wechselt mit: dogo → madogo	the adjective changes with it: dogo → madogo	A1 SD1 kontrast numerus kl5 kl6
K027	Numerus	number	5/6	Ich habe einen kleinen Namen.	Ich habe kleine Namen.	I have a small name.	I have small names.	Nina jina dogo.	Nina majina madogo.	ni-na jina dogo	1SG-haben KL5.Name KL5.klein	1SG-have CL5.name CL5.small	ni-na majina ma-dogo	1SG-haben KL6.Name KL6-klein	1SG-have CL6.name CL6-small	jina dogo  →  majina madogo	jina Kl. 5/6 (ji-/Ø › ma-) → majina	jina class 5/6 (ji-/Ø › ma-) → majina	Kl.5: SUBJ li- · ADJ ji-/Ø · GEN la · DEM hili/lile · POSS l- · REL -lo · Kl.6: SUBJ ya- · ADJ ma- · GEN ya · DEM haya/yale · POSS y- · REL -yo	class 5: SUBJ li- · ADJ ji-/Ø · GEN la · DEM hili/lile · POSS l- · REL -lo · class 6: SUBJ ya- · ADJ ma- · GEN ya · DEM haya/yale · POSS y- · REL -yo	Adjektiv wechselt mit: dogo → madogo	the adjective changes with it: dogo → madogo	A1 SD1 kontrast numerus kl5 kl6
K028	Numerus	number	7/8	Ich habe ein kleines Buch.	Ich habe kleine Bücher.	I have a small book.	I have small books.	Nina kitabu kidogo.	Nina vitabu vidogo.	ni-na kitabu ki-dogo	1SG-haben KL7.Buch KL7-klein	1SG-have CL7.book CL7-small	ni-na vitabu vi-dogo	1SG-haben KL8.Buch KL8-klein	1SG-have CL8.book CL8-small	kitabu kidogo  →  vitabu vidogo	kitabu Kl. 7/8 (ki- › vi-) → vitabu	kitabu class 7/8 (ki- › vi-) → vitabu	Kl.7: SUBJ ki- · ADJ ki- · GEN cha · DEM hiki/kile · POSS ch- · REL -cho · Kl.8: SUBJ vi- · ADJ vi- · GEN vya · DEM hivi/vile · POSS vy- · REL -vyo	class 7: SUBJ ki- · ADJ ki- · GEN cha · DEM hiki/kile · POSS ch- · REL -cho · class 8: SUBJ vi- · ADJ vi- · GEN vya · DEM hivi/vile · POSS vy- · REL -vyo	Adjektiv wechselt mit: kidogo → vidogo	the adjective changes with it: kidogo → vidogo	A1 SD1 kontrast numerus kl7 kl8
K029	Numerus	number	7/8	Ich habe einen kleinen Stuhl.	Ich habe kleine Stühle.	I have a small chair.	I have small chairs.	Nina kiti kidogo.	Nina viti vidogo.	ni-na kiti ki-dogo	1SG-haben KL7.Stuhl KL7-klein	1SG-have CL7.chair CL7-small	ni-na viti vi-dogo	1SG-haben KL8.Stuhl KL8-klein	1SG-have CL8.chair CL8-small	kiti kidogo  →  viti vidogo	kiti Kl. 7/8 (ki- › vi-) → viti	kiti class 7/8 (ki- › vi-) → viti	Kl.7: SUBJ ki- · ADJ ki- · GEN cha · DEM hiki/kile · POSS ch- · REL -cho · Kl.8: SUBJ vi- · ADJ vi- · GEN vya · DEM hivi/vile · POSS vy- · REL -vyo	class 7: SUBJ ki- · ADJ ki- · GEN cha · DEM hiki/kile · POSS ch- · REL -cho · class 8: SUBJ vi- · ADJ vi- · GEN vya · DEM hivi/vile · POSS vy- · REL -vyo	Adjektiv wechselt mit: kidogo → vidogo	the adjective changes with it: kidogo → vidogo	A1 SD1 kontrast numerus kl7 kl8
K030	Numerus	number	7/8	Ich habe ein kleines Zimmer.	Ich habe kleine Zimmer.	I have a small room.	I have small rooms.	Nina chumba kidogo.	Nina vyumba vidogo.	ni-na chumba ki-dogo	1SG-haben KL7.Zimmer KL7-klein	1SG-have CL7.room CL7-small	ni-na vyumba vi-dogo	1SG-haben KL8.Zimmer KL8-klein	1SG-have CL8.room CL8-small	chumba kidogo  →  vyumba vidogo	chumba Kl. 7/8 (ki- › vi-) → vyumba	chumba class 7/8 (ki- › vi-) → vyumba	Kl.7: SUBJ ki- · ADJ ki- · GEN cha · DEM hiki/kile · POSS ch- · REL -cho · Kl.8: SUBJ vi- · ADJ vi- · GEN vya · DEM hivi/vile · POSS vy- · REL -vyo	class 7: SUBJ ki- · ADJ ki- · GEN cha · DEM hiki/kile · POSS ch- · REL -cho · class 8: SUBJ vi- · ADJ vi- · GEN vya · DEM hivi/vile · POSS vy- · REL -vyo	Adjektiv wechselt mit: kidogo → vidogo	the adjective changes with it: kidogo → vidogo	A1 SD1 kontrast numerus kl7 kl8
K031	Numerus	number	9/10	Dieser Brief ist klein.	Diese Briefe sind klein.	This letter is small.	These letters are small.	Barua hii ni ndogo.	Barua hizi ni ndogo.	barua hii ni n-dogo	KL9.Brief KL9.DEM KOP KL9-klein	CL9.letter CL9.DEM COP CL9-small	barua hizi ni n-dogo	KL10.Brief KL10.DEM KOP KL10-klein	CL10.letter CL10.DEM COP CL10-small	hii  →  hizi	barua Kl. 9/10 (Ø/n-) → barua  — Numerus nur an der Konkordanz	barua class 9/10 (Ø/n-) → barua  — number shows only in the agreement	Kl.9: SUBJ i- · ADJ Ø/n- · GEN ya · DEM hii/ile · POSS y- · REL -yo · Kl.10: SUBJ zi- · ADJ Ø/n- · GEN za · DEM hizi/zile · POSS z- · REL -zo	class 9: SUBJ i- · ADJ Ø/n- · GEN ya · DEM hii/ile · POSS y- · REL -yo · class 10: SUBJ zi- · ADJ Ø/n- · GEN za · DEM hizi/zile · POSS z- · REL -zo	Weder Nomen noch Adjektiv zeigen den Numerus — nur das Demonstrativ tut es. Das ist die Eigenart der Kl. 9/10.	Neither the noun nor the adjective shows number — only the demonstrative does. This is what makes classes 9/10 special.	A1 SD1 kontrast numerus kl9 kl10
K032	Numerus	number	9/10	Dieses Haus ist klein.	Diese Häuser sind klein.	This house is small.	These houses are small.	Nyumba hii ni ndogo.	Nyumba hizi ni ndogo.	nyumba hii ni n-dogo	KL9.Haus KL9.DEM KOP KL9-klein	CL9.house CL9.DEM COP CL9-small	nyumba hizi ni n-dogo	KL10.Haus KL10.DEM KOP KL10-klein	CL10.house CL10.DEM COP CL10-small	hii  →  hizi	nyumba Kl. 9/10 (Ø/n-) → nyumba  — Numerus nur an der Konkordanz	nyumba class 9/10 (Ø/n-) → nyumba  — number shows only in the agreement	Kl.9: SUBJ i- · ADJ Ø/n- · GEN ya · DEM hii/ile · POSS y- · REL -yo · Kl.10: SUBJ zi- · ADJ Ø/n- · GEN za · DEM hizi/zile · POSS z- · REL -zo	class 9: SUBJ i- · ADJ Ø/n- · GEN ya · DEM hii/ile · POSS y- · REL -yo · class 10: SUBJ zi- · ADJ Ø/n- · GEN za · DEM hizi/zile · POSS z- · REL -zo	Weder Nomen noch Adjektiv zeigen den Numerus — nur das Demonstrativ tut es. Das ist die Eigenart der Kl. 9/10.	Neither the noun nor the adjective shows number — only the demonstrative does. This is what makes classes 9/10 special.	A1 SD1 kontrast numerus kl9 kl10
K033	Numerus	number	9/10	Dieses Telefon ist klein.	Diese Telefone sind klein.	This telephone is small.	These telephones are small.	Simu hii ni ndogo.	Simu hizi ni ndogo.	simu hii ni n-dogo	KL9.Telefon KL9.DEM KOP KL9-klein	CL9.phone CL9.DEM COP CL9-small	simu hizi ni n-dogo	KL10.Telefon KL10.DEM KOP KL10-klein	CL10.phone CL10.DEM COP CL10-small	hii  →  hizi	simu Kl. 9/10 (Ø/n-) → simu  — Numerus nur an der Konkordanz	simu class 9/10 (Ø/n-) → simu  — number shows only in the agreement	Kl.9: SUBJ i- · ADJ Ø/n- · GEN ya · DEM hii/ile · POSS y- · REL -yo · Kl.10: SUBJ zi- · ADJ Ø/n- · GEN za · DEM hizi/zile · POSS z- · REL -zo	class 9: SUBJ i- · ADJ Ø/n- · GEN ya · DEM hii/ile · POSS y- · REL -yo · class 10: SUBJ zi- · ADJ Ø/n- · GEN za · DEM hizi/zile · POSS z- · REL -zo	Weder Nomen noch Adjektiv zeigen den Numerus — nur das Demonstrativ tut es. Das ist die Eigenart der Kl. 9/10.	Neither the noun nor the adjective shows number — only the demonstrative does. This is what makes classes 9/10 special.	A1 SD1 kontrast numerus kl9 kl10
K034	Numerus	number	11/10	Ich habe einen kleinen Schlüssel.	Ich habe kleine Schlüssel.	I have a small key.	I have small keys.	Nina ufunguo mdogo.	Nina funguo ndogo.	ni-na ufunguo m-dogo	1SG-haben KL11.Schlüssel KL11-klein	1SG-have CL11.key CL11-small	ni-na funguo n-dogo	1SG-haben KL10.Schlüssel KL10-klein	1SG-have CL10.key CL10-small	ufunguo mdogo  →  funguo ndogo	ufunguo Kl. 11/10 (u- › Ø/n-) → funguo	ufunguo class 11/10 (u- › Ø/n-) → funguo	Kl.11: SUBJ u- · ADJ m-/mw- · GEN wa · DEM huu/ule · POSS w- · REL -o · Kl.10: SUBJ zi- · ADJ Ø/n- · GEN za · DEM hizi/zile · POSS z- · REL -zo	class 11: SUBJ u- · ADJ m-/mw- · GEN wa · DEM huu/ule · POSS w- · REL -o · class 10: SUBJ zi- · ADJ Ø/n- · GEN za · DEM hizi/zile · POSS z- · REL -zo	Adjektiv wechselt mit: mdogo → ndogo	the adjective changes with it: mdogo → ndogo	A1 SD1 kontrast numerus kl11 kl10
K035	Numerus	number	11/10	Ich habe ein kleines Lied.	Ich habe kleine Lieder.	I have a small song.	I have small songs.	Nina wimbo mdogo.	Nina nyimbo ndogo.	ni-na wimbo m-dogo	1SG-haben KL11.Lied KL11-klein	1SG-have CL11.song CL11-small	ni-na nyimbo n-dogo	1SG-haben KL10.Lied KL10-klein	1SG-have CL10.song CL10-small	wimbo mdogo  →  nyimbo ndogo	wimbo Kl. 11/10 (u- › Ø/n-) → nyimbo	wimbo class 11/10 (u- › Ø/n-) → nyimbo	Kl.11: SUBJ u- · ADJ m-/mw- · GEN wa · DEM huu/ule · POSS w- · REL -o · Kl.10: SUBJ zi- · ADJ Ø/n- · GEN za · DEM hizi/zile · POSS z- · REL -zo	class 11: SUBJ u- · ADJ m-/mw- · GEN wa · DEM huu/ule · POSS w- · REL -o · class 10: SUBJ zi- · ADJ Ø/n- · GEN za · DEM hizi/zile · POSS z- · REL -zo	Adjektiv wechselt mit: mdogo → ndogo	the adjective changes with it: mdogo → ndogo	A1 SD1 kontrast numerus kl11 kl10
K036	Numerus	number	11/10	Ich habe eine kleine Wand.	Ich habe kleine Wände.	I have a small wall.	I have small walls.	Nina ukuta mdogo.	Nina kuta ndogo.	ni-na ukuta m-dogo	1SG-haben KL11.Wand KL11-klein	1SG-have CL11.wall CL11-small	ni-na kuta n-dogo	1SG-haben KL10.Wand KL10-klein	1SG-have CL10.wall CL10-small	ukuta mdogo  →  kuta ndogo	ukuta Kl. 11/10 (u- › Ø/n-) → kuta	ukuta class 11/10 (u- › Ø/n-) → kuta	Kl.11: SUBJ u- · ADJ m-/mw- · GEN wa · DEM huu/ule · POSS w- · REL -o · Kl.10: SUBJ zi- · ADJ Ø/n- · GEN za · DEM hizi/zile · POSS z- · REL -zo	class 11: SUBJ u- · ADJ m-/mw- · GEN wa · DEM huu/ule · POSS w- · REL -o · class 10: SUBJ zi- · ADJ Ø/n- · GEN za · DEM hizi/zile · POSS z- · REL -zo	Adjektiv wechselt mit: mdogo → ndogo	the adjective changes with it: mdogo → ndogo	A1 SD1 kontrast numerus kl11 kl10
K037	Konkordanz-Kaskade	agreement cascade	1/2	Dieses große Kind des Lehrers	Diese großen Kinder des Lehrers	this big child of the teacher	these big children of the teacher	mtoto mkubwa huyu wa mwalimu	watoto wakubwa hawa wa mwalimu	mtoto m-kubwa huyu w-a mw-alimu	KL1.Kind KL1-groß KL1.DEM KL1-GEN KL1-Lehrer	CL1.child CL1-big CL1.DEM CL1-GEN CL1-teacher	watoto wa-kubwa hawa w-a mw-alimu	KL2.Kind KL2-groß KL2.DEM KL2-GEN KL1-Lehrer	CL2.child CL2-big CL2.DEM CL2-GEN CL1-teacher	mkubwa huyu wa  →  wakubwa hawa wa	mtoto Kl. 1/2 (m-/mw- › wa-) → watoto	mtoto class 1/2 (m-/mw- › wa-) → watoto	Kl.1: SUBJ a- · ADJ m-/mw- · GEN wa · DEM huyu/yule · POSS w- · REL -ye · Kl.2: SUBJ wa- · ADJ wa- · GEN wa · DEM hawa/wale · POSS w- · REL -o	class 1: SUBJ a- · ADJ m-/mw- · GEN wa · DEM huyu/yule · POSS w- · REL -ye · class 2: SUBJ wa- · ADJ wa- · GEN wa · DEM hawa/wale · POSS w- · REL -o	Adjektiv, Demonstrativ und Genitiv wechseln gemeinsam — die Klasse steuert das ganze Satzgefüge	adjective, demonstrative and genitive all change together — the class governs the whole phrase	A1 SD1 kontrast kaskade kl1 kl2
K038	Konkordanz-Kaskade	agreement cascade	1/2	Dieser große Lehrer des Lehrers	Diese großen Lehrer des Lehrers	this big teacher of the teacher	these big teachers of the teacher	mwalimu mkubwa huyu wa mwalimu	walimu wakubwa hawa wa mwalimu	mwalimu m-kubwa huyu w-a mw-alimu	KL1.Lehrer KL1-groß KL1.DEM KL1-GEN KL1-Lehrer	CL1.teacher CL1-big CL1.DEM CL1-GEN CL1-teacher	walimu wa-kubwa hawa w-a mw-alimu	KL2.Lehrer KL2-groß KL2.DEM KL2-GEN KL1-Lehrer	CL2.teacher CL2-big CL2.DEM CL2-GEN CL1-teacher	mkubwa huyu wa  →  wakubwa hawa wa	mwalimu Kl. 1/2 (m-/mw- › wa-) → walimu	mwalimu class 1/2 (m-/mw- › wa-) → walimu	Kl.1: SUBJ a- · ADJ m-/mw- · GEN wa · DEM huyu/yule · POSS w- · REL -ye · Kl.2: SUBJ wa- · ADJ wa- · GEN wa · DEM hawa/wale · POSS w- · REL -o	class 1: SUBJ a- · ADJ m-/mw- · GEN wa · DEM huyu/yule · POSS w- · REL -ye · class 2: SUBJ wa- · ADJ wa- · GEN wa · DEM hawa/wale · POSS w- · REL -o	Adjektiv, Demonstrativ und Genitiv wechseln gemeinsam — die Klasse steuert das ganze Satzgefüge	adjective, demonstrative and genitive all change together — the class governs the whole phrase	A1 SD1 kontrast kaskade kl1 kl2
K039	Konkordanz-Kaskade	agreement cascade	1/2	Dieser große Gast des Lehrers	Diese großen Gäste des Lehrers	this big guest of the teacher	these big guests of the teacher	mgeni mkubwa huyu wa mwalimu	wageni wakubwa hawa wa mwalimu	mgeni m-kubwa huyu w-a mw-alimu	KL1.Gast KL1-groß KL1.DEM KL1-GEN KL1-Lehrer	CL1.guest CL1-big CL1.DEM CL1-GEN CL1-teacher	wageni wa-kubwa hawa w-a mw-alimu	KL2.Gast KL2-groß KL2.DEM KL2-GEN KL1-Lehrer	CL2.guest CL2-big CL2.DEM CL2-GEN CL1-teacher	mkubwa huyu wa  →  wakubwa hawa wa	mgeni Kl. 1/2 (m-/mw- › wa-) → wageni	mgeni class 1/2 (m-/mw- › wa-) → wageni	Kl.1: SUBJ a- · ADJ m-/mw- · GEN wa · DEM huyu/yule · POSS w- · REL -ye · Kl.2: SUBJ wa- · ADJ wa- · GEN wa · DEM hawa/wale · POSS w- · REL -o	class 1: SUBJ a- · ADJ m-/mw- · GEN wa · DEM huyu/yule · POSS w- · REL -ye · class 2: SUBJ wa- · ADJ wa- · GEN wa · DEM hawa/wale · POSS w- · REL -o	Adjektiv, Demonstrativ und Genitiv wechseln gemeinsam — die Klasse steuert das ganze Satzgefüge	adjective, demonstrative and genitive all change together — the class governs the whole phrase	A1 SD1 kontrast kaskade kl1 kl2
K040	Konkordanz-Kaskade	agreement cascade	3/4	Dieser große Baum des Lehrers	Diese großen Bäume des Lehrers	this big tree of the teacher	these big trees of the teacher	mti mkubwa huu wa mwalimu	miti mikubwa hii ya mwalimu	mti m-kubwa huu w-a mw-alimu	KL3.Baum KL3-groß KL3.DEM KL3-GEN KL1-Lehrer	CL3.tree CL3-big CL3.DEM CL3-GEN CL1-teacher	miti mi-kubwa hii y-a mw-alimu	KL4.Baum KL4-groß KL4.DEM KL4-GEN KL1-Lehrer	CL4.tree CL4-big CL4.DEM CL4-GEN CL1-teacher	mkubwa huu wa  →  mikubwa hii ya	mti Kl. 3/4 (m-/mw- › mi-) → miti	mti class 3/4 (m-/mw- › mi-) → miti	Kl.3: SUBJ u- · ADJ m-/mw- · GEN wa · DEM huu/ule · POSS w- · REL -o · Kl.4: SUBJ i- · ADJ mi- · GEN ya · DEM hii/ile · POSS y- · REL -yo	class 3: SUBJ u- · ADJ m-/mw- · GEN wa · DEM huu/ule · POSS w- · REL -o · class 4: SUBJ i- · ADJ mi- · GEN ya · DEM hii/ile · POSS y- · REL -yo	Adjektiv, Demonstrativ und Genitiv wechseln gemeinsam — die Klasse steuert das ganze Satzgefüge	adjective, demonstrative and genitive all change together — the class governs the whole phrase	A1 SD1 kontrast kaskade kl3 kl4
K041	Konkordanz-Kaskade	agreement cascade	3/4	Dieses große Brot des Lehrers	Diese großen Brote des Lehrers	this big loaf of the teacher	these big loaves of the teacher	mkate mkubwa huu wa mwalimu	mikate mikubwa hii ya mwalimu	mkate m-kubwa huu w-a mw-alimu	KL3.Brot KL3-groß KL3.DEM KL3-GEN KL1-Lehrer	CL3.bread CL3-big CL3.DEM CL3-GEN CL1-teacher	mikate mi-kubwa hii y-a mw-alimu	KL4.Brot KL4-groß KL4.DEM KL4-GEN KL1-Lehrer	CL4.bread CL4-big CL4.DEM CL4-GEN CL1-teacher	mkubwa huu wa  →  mikubwa hii ya	mkate Kl. 3/4 (m-/mw- › mi-) → mikate	mkate class 3/4 (m-/mw- › mi-) → mikate	Kl.3: SUBJ u- · ADJ m-/mw- · GEN wa · DEM huu/ule · POSS w- · REL -o · Kl.4: SUBJ i- · ADJ mi- · GEN ya · DEM hii/ile · POSS y- · REL -yo	class 3: SUBJ u- · ADJ m-/mw- · GEN wa · DEM huu/ule · POSS w- · REL -o · class 4: SUBJ i- · ADJ mi- · GEN ya · DEM hii/ile · POSS y- · REL -yo	Adjektiv, Demonstrativ und Genitiv wechseln gemeinsam — die Klasse steuert das ganze Satzgefüge	adjective, demonstrative and genitive all change together — the class governs the whole phrase	A1 SD1 kontrast kaskade kl3 kl4
K042	Konkordanz-Kaskade	agreement cascade	3/4	Diese große Stadt des Lehrers	Diese großen Städte des Lehrers	this big town of the teacher	these big towns of the teacher	mji mkubwa huu wa mwalimu	miji mikubwa hii ya mwalimu	mji m-kubwa huu w-a mw-alimu	KL3.Stadt KL3-groß KL3.DEM KL3-GEN KL1-Lehrer	CL3.town CL3-big CL3.DEM CL3-GEN CL1-teacher	miji mi-kubwa hii y-a mw-alimu	KL4.Stadt KL4-groß KL4.DEM KL4-GEN KL1-Lehrer	CL4.town CL4-big CL4.DEM CL4-GEN CL1-teacher	mkubwa huu wa  →  mikubwa hii ya	mji Kl. 3/4 (m-/mw- › mi-) → miji	mji class 3/4 (m-/mw- › mi-) → miji	Kl.3: SUBJ u- · ADJ m-/mw- · GEN wa · DEM huu/ule · POSS w- · REL -o · Kl.4: SUBJ i- · ADJ mi- · GEN ya · DEM hii/ile · POSS y- · REL -yo	class 3: SUBJ u- · ADJ m-/mw- · GEN wa · DEM huu/ule · POSS w- · REL -o · class 4: SUBJ i- · ADJ mi- · GEN ya · DEM hii/ile · POSS y- · REL -yo	Adjektiv, Demonstrativ und Genitiv wechseln gemeinsam — die Klasse steuert das ganze Satzgefüge	adjective, demonstrative and genitive all change together — the class governs the whole phrase	A1 SD1 kontrast kaskade kl3 kl4
K043	Konkordanz-Kaskade	agreement cascade	5/6	Dieses große Auto des Lehrers	Diese großen Autos des Lehrers	this big car of the teacher	these big cars of the teacher	gari kubwa hili la mwalimu	magari makubwa haya ya mwalimu	gari kubwa hili l-a mw-alimu	KL5.Auto KL5.groß KL5.DEM KL5-GEN KL1-Lehrer	CL5.car CL5.big CL5.DEM CL5-GEN CL1-teacher	magari ma-kubwa haya y-a mw-alimu	KL6.Auto KL6-groß KL6.DEM KL6-GEN KL1-Lehrer	CL6.car CL6-big CL6.DEM CL6-GEN CL1-teacher	kubwa hili la  →  makubwa haya ya	gari Kl. 5/6 (ji-/Ø › ma-) → magari	gari class 5/6 (ji-/Ø › ma-) → magari	Kl.5: SUBJ li- · ADJ ji-/Ø · GEN la · DEM hili/lile · POSS l- · REL -lo · Kl.6: SUBJ ya- · ADJ ma- · GEN ya · DEM haya/yale · POSS y- · REL -yo	class 5: SUBJ li- · ADJ ji-/Ø · GEN la · DEM hili/lile · POSS l- · REL -lo · class 6: SUBJ ya- · ADJ ma- · GEN ya · DEM haya/yale · POSS y- · REL -yo	Adjektiv, Demonstrativ und Genitiv wechseln gemeinsam — die Klasse steuert das ganze Satzgefüge	adjective, demonstrative and genitive all change together — the class governs the whole phrase	A1 SD1 kontrast kaskade kl5 kl6
K044	Konkordanz-Kaskade	agreement cascade	5/6	Dieser große Laden des Lehrers	Diese großen Läden des Lehrers	this big shop of the teacher	these big shops of the teacher	duka kubwa hili la mwalimu	maduka makubwa haya ya mwalimu	duka kubwa hili l-a mw-alimu	KL5.Laden KL5.groß KL5.DEM KL5-GEN KL1-Lehrer	CL5.shop CL5.big CL5.DEM CL5-GEN CL1-teacher	maduka ma-kubwa haya y-a mw-alimu	KL6.Laden KL6-groß KL6.DEM KL6-GEN KL1-Lehrer	CL6.shop CL6-big CL6.DEM CL6-GEN CL1-teacher	kubwa hili la  →  makubwa haya ya	duka Kl. 5/6 (ji-/Ø › ma-) → maduka	duka class 5/6 (ji-/Ø › ma-) → maduka	Kl.5: SUBJ li- · ADJ ji-/Ø · GEN la · DEM hili/lile · POSS l- · REL -lo · Kl.6: SUBJ ya- · ADJ ma- · GEN ya · DEM haya/yale · POSS y- · REL -yo	class 5: SUBJ li- · ADJ ji-/Ø · GEN la · DEM hili/lile · POSS l- · REL -lo · class 6: SUBJ ya- · ADJ ma- · GEN ya · DEM haya/yale · POSS y- · REL -yo	Adjektiv, Demonstrativ und Genitiv wechseln gemeinsam — die Klasse steuert das ganze Satzgefüge	adjective, demonstrative and genitive all change together — the class governs the whole phrase	A1 SD1 kontrast kaskade kl5 kl6
K045	Konkordanz-Kaskade	agreement cascade	5/6	Dieser große Name des Lehrers	Diese großen Namen des Lehrers	this big name of the teacher	these big names of the teacher	jina kubwa hili la mwalimu	majina makubwa haya ya mwalimu	jina kubwa hili l-a mw-alimu	KL5.Name KL5.groß KL5.DEM KL5-GEN KL1-Lehrer	CL5.name CL5.big CL5.DEM CL5-GEN CL1-teacher	majina ma-kubwa haya y-a mw-alimu	KL6.Name KL6-groß KL6.DEM KL6-GEN KL1-Lehrer	CL6.name CL6-big CL6.DEM CL6-GEN CL1-teacher	kubwa hili la  →  makubwa haya ya	jina Kl. 5/6 (ji-/Ø › ma-) → majina	jina class 5/6 (ji-/Ø › ma-) → majina	Kl.5: SUBJ li- · ADJ ji-/Ø · GEN la · DEM hili/lile · POSS l- · REL -lo · Kl.6: SUBJ ya- · ADJ ma- · GEN ya · DEM haya/yale · POSS y- · REL -yo	class 5: SUBJ li- · ADJ ji-/Ø · GEN la · DEM hili/lile · POSS l- · REL -lo · class 6: SUBJ ya- · ADJ ma- · GEN ya · DEM haya/yale · POSS y- · REL -yo	Adjektiv, Demonstrativ und Genitiv wechseln gemeinsam — die Klasse steuert das ganze Satzgefüge	adjective, demonstrative and genitive all change together — the class governs the whole phrase	A1 SD1 kontrast kaskade kl5 kl6
K046	Konkordanz-Kaskade	agreement cascade	7/8	Dieses große Buch des Lehrers	Diese großen Bücher des Lehrers	this big book of the teacher	these big books of the teacher	kitabu kikubwa hiki cha mwalimu	vitabu vikubwa hivi vya mwalimu	kitabu ki-kubwa hiki ch-a mw-alimu	KL7.Buch KL7-groß KL7.DEM KL7-GEN KL1-Lehrer	CL7.book CL7-big CL7.DEM CL7-GEN CL1-teacher	vitabu vi-kubwa hivi vy-a mw-alimu	KL8.Buch KL8-groß KL8.DEM KL8-GEN KL1-Lehrer	CL8.book CL8-big CL8.DEM CL8-GEN CL1-teacher	kikubwa hiki cha  →  vikubwa hivi vya	kitabu Kl. 7/8 (ki- › vi-) → vitabu	kitabu class 7/8 (ki- › vi-) → vitabu	Kl.7: SUBJ ki- · ADJ ki- · GEN cha · DEM hiki/kile · POSS ch- · REL -cho · Kl.8: SUBJ vi- · ADJ vi- · GEN vya · DEM hivi/vile · POSS vy- · REL -vyo	class 7: SUBJ ki- · ADJ ki- · GEN cha · DEM hiki/kile · POSS ch- · REL -cho · class 8: SUBJ vi- · ADJ vi- · GEN vya · DEM hivi/vile · POSS vy- · REL -vyo	Adjektiv, Demonstrativ und Genitiv wechseln gemeinsam — die Klasse steuert das ganze Satzgefüge	adjective, demonstrative and genitive all change together — the class governs the whole phrase	A1 SD1 kontrast kaskade kl7 kl8
K047	Konkordanz-Kaskade	agreement cascade	7/8	Dieser große Stuhl des Lehrers	Diese großen Stühle des Lehrers	this big chair of the teacher	these big chairs of the teacher	kiti kikubwa hiki cha mwalimu	viti vikubwa hivi vya mwalimu	kiti ki-kubwa hiki ch-a mw-alimu	KL7.Stuhl KL7-groß KL7.DEM KL7-GEN KL1-Lehrer	CL7.chair CL7-big CL7.DEM CL7-GEN CL1-teacher	viti vi-kubwa hivi vy-a mw-alimu	KL8.Stuhl KL8-groß KL8.DEM KL8-GEN KL1-Lehrer	CL8.chair CL8-big CL8.DEM CL8-GEN CL1-teacher	kikubwa hiki cha  →  vikubwa hivi vya	kiti Kl. 7/8 (ki- › vi-) → viti	kiti class 7/8 (ki- › vi-) → viti	Kl.7: SUBJ ki- · ADJ ki- · GEN cha · DEM hiki/kile · POSS ch- · REL -cho · Kl.8: SUBJ vi- · ADJ vi- · GEN vya · DEM hivi/vile · POSS vy- · REL -vyo	class 7: SUBJ ki- · ADJ ki- · GEN cha · DEM hiki/kile · POSS ch- · REL -cho · class 8: SUBJ vi- · ADJ vi- · GEN vya · DEM hivi/vile · POSS vy- · REL -vyo	Adjektiv, Demonstrativ und Genitiv wechseln gemeinsam — die Klasse steuert das ganze Satzgefüge	adjective, demonstrative and genitive all change together — the class governs the whole phrase	A1 SD1 kontrast kaskade kl7 kl8
K048	Konkordanz-Kaskade	agreement cascade	7/8	Dieses große Zimmer des Lehrers	Diese großen Zimmer des Lehrers	this big room of the teacher	these big rooms of the teacher	chumba kikubwa hiki cha mwalimu	vyumba vikubwa hivi vya mwalimu	chumba ki-kubwa hiki ch-a mw-alimu	KL7.Zimmer KL7-groß KL7.DEM KL7-GEN KL1-Lehrer	CL7.room CL7-big CL7.DEM CL7-GEN CL1-teacher	vyumba vi-kubwa hivi vy-a mw-alimu	KL8.Zimmer KL8-groß KL8.DEM KL8-GEN KL1-Lehrer	CL8.room CL8-big CL8.DEM CL8-GEN CL1-teacher	kikubwa hiki cha  →  vikubwa hivi vya	chumba Kl. 7/8 (ki- › vi-) → vyumba	chumba class 7/8 (ki- › vi-) → vyumba	Kl.7: SUBJ ki- · ADJ ki- · GEN cha · DEM hiki/kile · POSS ch- · REL -cho · Kl.8: SUBJ vi- · ADJ vi- · GEN vya · DEM hivi/vile · POSS vy- · REL -vyo	class 7: SUBJ ki- · ADJ ki- · GEN cha · DEM hiki/kile · POSS ch- · REL -cho · class 8: SUBJ vi- · ADJ vi- · GEN vya · DEM hivi/vile · POSS vy- · REL -vyo	Adjektiv, Demonstrativ und Genitiv wechseln gemeinsam — die Klasse steuert das ganze Satzgefüge	adjective, demonstrative and genitive all change together — the class governs the whole phrase	A1 SD1 kontrast kaskade kl7 kl8
K049	Konkordanz-Kaskade	agreement cascade	9/10	Dieser große Brief des Lehrers	Diese großen Briefe des Lehrers	this big letter of the teacher	these big letters of the teacher	barua kubwa hii ya mwalimu	barua kubwa hizi za mwalimu	barua kubwa hii y-a mw-alimu	KL9.Brief KL9.groß KL9.DEM KL9-GEN KL1-Lehrer	CL9.letter CL9.big CL9.DEM CL9-GEN CL1-teacher	barua kubwa hizi z-a mw-alimu	KL10.Brief KL10.groß KL10.DEM KL10-GEN KL1-Lehrer	CL10.letter CL10.big CL10.DEM CL10-GEN CL1-teacher	kubwa hii ya  →  kubwa hizi za	barua Kl. 9/10 (Ø/n-) → barua  — Numerus nur an der Konkordanz	barua class 9/10 (Ø/n-) → barua  — number shows only in the agreement	Kl.9: SUBJ i- · ADJ Ø/n- · GEN ya · DEM hii/ile · POSS y- · REL -yo · Kl.10: SUBJ zi- · ADJ Ø/n- · GEN za · DEM hizi/zile · POSS z- · REL -zo	class 9: SUBJ i- · ADJ Ø/n- · GEN ya · DEM hii/ile · POSS y- · REL -yo · class 10: SUBJ zi- · ADJ Ø/n- · GEN za · DEM hizi/zile · POSS z- · REL -zo	Adjektiv, Demonstrativ und Genitiv wechseln gemeinsam — die Klasse steuert das ganze Satzgefüge	adjective, demonstrative and genitive all change together — the class governs the whole phrase	A1 SD1 kontrast kaskade kl9 kl10
K050	Konkordanz-Kaskade	agreement cascade	9/10	Dieses große Haus des Lehrers	Diese großen Häuser des Lehrers	this big house of the teacher	these big houses of the teacher	nyumba kubwa hii ya mwalimu	nyumba kubwa hizi za mwalimu	nyumba kubwa hii y-a mw-alimu	KL9.Haus KL9.groß KL9.DEM KL9-GEN KL1-Lehrer	CL9.house CL9.big CL9.DEM CL9-GEN CL1-teacher	nyumba kubwa hizi z-a mw-alimu	KL10.Haus KL10.groß KL10.DEM KL10-GEN KL1-Lehrer	CL10.house CL10.big CL10.DEM CL10-GEN CL1-teacher	kubwa hii ya  →  kubwa hizi za	nyumba Kl. 9/10 (Ø/n-) → nyumba  — Numerus nur an der Konkordanz	nyumba class 9/10 (Ø/n-) → nyumba  — number shows only in the agreement	Kl.9: SUBJ i- · ADJ Ø/n- · GEN ya · DEM hii/ile · POSS y- · REL -yo · Kl.10: SUBJ zi- · ADJ Ø/n- · GEN za · DEM hizi/zile · POSS z- · REL -zo	class 9: SUBJ i- · ADJ Ø/n- · GEN ya · DEM hii/ile · POSS y- · REL -yo · class 10: SUBJ zi- · ADJ Ø/n- · GEN za · DEM hizi/zile · POSS z- · REL -zo	Adjektiv, Demonstrativ und Genitiv wechseln gemeinsam — die Klasse steuert das ganze Satzgefüge	adjective, demonstrative and genitive all change together — the class governs the whole phrase	A1 SD1 kontrast kaskade kl9 kl10
K051	Konkordanz-Kaskade	agreement cascade	9/10	Dieses große Telefon des Lehrers	Diese großen Telefone des Lehrers	this big telephone of the teacher	these big telephones of the teacher	simu kubwa hii ya mwalimu	simu kubwa hizi za mwalimu	simu kubwa hii y-a mw-alimu	KL9.Telefon KL9.groß KL9.DEM KL9-GEN KL1-Lehrer	CL9.phone CL9.big CL9.DEM CL9-GEN CL1-teacher	simu kubwa hizi z-a mw-alimu	KL10.Telefon KL10.groß KL10.DEM KL10-GEN KL1-Lehrer	CL10.phone CL10.big CL10.DEM CL10-GEN CL1-teacher	kubwa hii ya  →  kubwa hizi za	simu Kl. 9/10 (Ø/n-) → simu  — Numerus nur an der Konkordanz	simu class 9/10 (Ø/n-) → simu  — number shows only in the agreement	Kl.9: SUBJ i- · ADJ Ø/n- · GEN ya · DEM hii/ile · POSS y- · REL -yo · Kl.10: SUBJ zi- · ADJ Ø/n- · GEN za · DEM hizi/zile · POSS z- · REL -zo	class 9: SUBJ i- · ADJ Ø/n- · GEN ya · DEM hii/ile · POSS y- · REL -yo · class 10: SUBJ zi- · ADJ Ø/n- · GEN za · DEM hizi/zile · POSS z- · REL -zo	Adjektiv, Demonstrativ und Genitiv wechseln gemeinsam — die Klasse steuert das ganze Satzgefüge	adjective, demonstrative and genitive all change together — the class governs the whole phrase	A1 SD1 kontrast kaskade kl9 kl10
K052	Konkordanz-Kaskade	agreement cascade	11/10	Dieser große Schlüssel des Lehrers	Diese großen Schlüssel des Lehrers	this big key of the teacher	these big keys of the teacher	ufunguo mkubwa huu wa mwalimu	funguo kubwa hizi za mwalimu	ufunguo m-kubwa huu w-a mw-alimu	KL11.Schlüssel KL11-groß KL11.DEM KL11-GEN KL1-Lehrer	CL11.key CL11-big CL11.DEM CL11-GEN CL1-teacher	funguo kubwa hizi z-a mw-alimu	KL10.Schlüssel KL10.groß KL10.DEM KL10-GEN KL1-Lehrer	CL10.key CL10.big CL10.DEM CL10-GEN CL1-teacher	mkubwa huu wa  →  kubwa hizi za	ufunguo Kl. 11/10 (u- › Ø/n-) → funguo	ufunguo class 11/10 (u- › Ø/n-) → funguo	Kl.11: SUBJ u- · ADJ m-/mw- · GEN wa · DEM huu/ule · POSS w- · REL -o · Kl.10: SUBJ zi- · ADJ Ø/n- · GEN za · DEM hizi/zile · POSS z- · REL -zo	class 11: SUBJ u- · ADJ m-/mw- · GEN wa · DEM huu/ule · POSS w- · REL -o · class 10: SUBJ zi- · ADJ Ø/n- · GEN za · DEM hizi/zile · POSS z- · REL -zo	Adjektiv, Demonstrativ und Genitiv wechseln gemeinsam — die Klasse steuert das ganze Satzgefüge	adjective, demonstrative and genitive all change together — the class governs the whole phrase	A1 SD1 kontrast kaskade kl11 kl10
K053	Konkordanz-Kaskade	agreement cascade	11/10	Dieses große Lied des Lehrers	Diese großen Lieder des Lehrers	this big song of the teacher	these big songs of the teacher	wimbo mkubwa huu wa mwalimu	nyimbo kubwa hizi za mwalimu	wimbo m-kubwa huu w-a mw-alimu	KL11.Lied KL11-groß KL11.DEM KL11-GEN KL1-Lehrer	CL11.song CL11-big CL11.DEM CL11-GEN CL1-teacher	nyimbo kubwa hizi z-a mw-alimu	KL10.Lied KL10.groß KL10.DEM KL10-GEN KL1-Lehrer	CL10.song CL10.big CL10.DEM CL10-GEN CL1-teacher	mkubwa huu wa  →  kubwa hizi za	wimbo Kl. 11/10 (u- › Ø/n-) → nyimbo	wimbo class 11/10 (u- › Ø/n-) → nyimbo	Kl.11: SUBJ u- · ADJ m-/mw- · GEN wa · DEM huu/ule · POSS w- · REL -o · Kl.10: SUBJ zi- · ADJ Ø/n- · GEN za · DEM hizi/zile · POSS z- · REL -zo	class 11: SUBJ u- · ADJ m-/mw- · GEN wa · DEM huu/ule · POSS w- · REL -o · class 10: SUBJ zi- · ADJ Ø/n- · GEN za · DEM hizi/zile · POSS z- · REL -zo	Adjektiv, Demonstrativ und Genitiv wechseln gemeinsam — die Klasse steuert das ganze Satzgefüge	adjective, demonstrative and genitive all change together — the class governs the whole phrase	A1 SD1 kontrast kaskade kl11 kl10
K054	Konkordanz-Kaskade	agreement cascade	11/10	Diese große Wand des Lehrers	Diese großen Wände des Lehrers	this big wall of the teacher	these big walls of the teacher	ukuta mkubwa huu wa mwalimu	kuta kubwa hizi za mwalimu	ukuta m-kubwa huu w-a mw-alimu	KL11.Wand KL11-groß KL11.DEM KL11-GEN KL1-Lehrer	CL11.wall CL11-big CL11.DEM CL11-GEN CL1-teacher	kuta kubwa hizi z-a mw-alimu	KL10.Wand KL10.groß KL10.DEM KL10-GEN KL1-Lehrer	CL10.wall CL10.big CL10.DEM CL10-GEN CL1-teacher	mkubwa huu wa  →  kubwa hizi za	ukuta Kl. 11/10 (u- › Ø/n-) → kuta	ukuta class 11/10 (u- › Ø/n-) → kuta	Kl.11: SUBJ u- · ADJ m-/mw- · GEN wa · DEM huu/ule · POSS w- · REL -o · Kl.10: SUBJ zi- · ADJ Ø/n- · GEN za · DEM hizi/zile · POSS z- · REL -zo	class 11: SUBJ u- · ADJ m-/mw- · GEN wa · DEM huu/ule · POSS w- · REL -o · class 10: SUBJ zi- · ADJ Ø/n- · GEN za · DEM hizi/zile · POSS z- · REL -zo	Adjektiv, Demonstrativ und Genitiv wechseln gemeinsam — die Klasse steuert das ganze Satzgefüge	adjective, demonstrative and genitive all change together — the class governs the whole phrase	A1 SD1 kontrast kaskade kl11 kl10
K055	Demonstrativ	demonstrative	1	dieses Kind hier	jenes Kind dort	this child here	that child there	mtoto huyu	mtoto yule	mtoto huyu	KL1.Kind KL1.DEM.nah	CL1.child CL1.DEM.prox	mtoto yule	KL1.Kind KL1.DEM.fern	CL1.child CL1.DEM.dist	huyu  →  yule	mtoto Kl. 1/2 (m-/mw- › wa-) → watoto	mtoto class 1/2 (m-/mw- › wa-) → watoto	Kl.1: SUBJ a- · ADJ m-/mw- · GEN wa · DEM huyu/yule · POSS w- · REL -ye	class 1: SUBJ a- · ADJ m-/mw- · GEN wa · DEM huyu/yule · POSS w- · REL -ye	Nähe und Ferne haben je eine eigene Demonstrativreihe, beide nach der Klasse gebildet	near and far each have their own demonstrative series, both formed from the class	A1 SD1 kontrast demonstrativ kl1
K056	Demonstrativ	demonstrative	1	dieser Lehrer hier	jener Lehrer dort	this teacher here	that teacher there	mwalimu huyu	mwalimu yule	mwalimu huyu	KL1.Lehrer KL1.DEM.nah	CL1.teacher CL1.DEM.prox	mwalimu yule	KL1.Lehrer KL1.DEM.fern	CL1.teacher CL1.DEM.dist	huyu  →  yule	mwalimu Kl. 1/2 (m-/mw- › wa-) → walimu	mwalimu class 1/2 (m-/mw- › wa-) → walimu	Kl.1: SUBJ a- · ADJ m-/mw- · GEN wa · DEM huyu/yule · POSS w- · REL -ye	class 1: SUBJ a- · ADJ m-/mw- · GEN wa · DEM huyu/yule · POSS w- · REL -ye	Nähe und Ferne haben je eine eigene Demonstrativreihe, beide nach der Klasse gebildet	near and far each have their own demonstrative series, both formed from the class	A1 SD1 kontrast demonstrativ kl1
K057	Demonstrativ	demonstrative	1	dieser Gast hier	jener Gast dort	this guest here	that guest there	mgeni huyu	mgeni yule	mgeni huyu	KL1.Gast KL1.DEM.nah	CL1.guest CL1.DEM.prox	mgeni yule	KL1.Gast KL1.DEM.fern	CL1.guest CL1.DEM.dist	huyu  →  yule	mgeni Kl. 1/2 (m-/mw- › wa-) → wageni	mgeni class 1/2 (m-/mw- › wa-) → wageni	Kl.1: SUBJ a- · ADJ m-/mw- · GEN wa · DEM huyu/yule · POSS w- · REL -ye	class 1: SUBJ a- · ADJ m-/mw- · GEN wa · DEM huyu/yule · POSS w- · REL -ye	Nähe und Ferne haben je eine eigene Demonstrativreihe, beide nach der Klasse gebildet	near and far each have their own demonstrative series, both formed from the class	A1 SD1 kontrast demonstrativ kl1
K058	Demonstrativ	demonstrative	3	dieser Baum hier	jener Baum dort	this tree here	that tree there	mti huu	mti ule	mti huu	KL3.Baum KL3.DEM.nah	CL3.tree CL3.DEM.prox	mti ule	KL3.Baum KL3.DEM.fern	CL3.tree CL3.DEM.dist	huu  →  ule	mti Kl. 3/4 (m-/mw- › mi-) → miti	mti class 3/4 (m-/mw- › mi-) → miti	Kl.3: SUBJ u- · ADJ m-/mw- · GEN wa · DEM huu/ule · POSS w- · REL -o	class 3: SUBJ u- · ADJ m-/mw- · GEN wa · DEM huu/ule · POSS w- · REL -o	Nähe und Ferne haben je eine eigene Demonstrativreihe, beide nach der Klasse gebildet	near and far each have their own demonstrative series, both formed from the class	A1 SD1 kontrast demonstrativ kl3
K059	Demonstrativ	demonstrative	3	dieses Brot hier	jenes Brot dort	this loaf here	that loaf there	mkate huu	mkate ule	mkate huu	KL3.Brot KL3.DEM.nah	CL3.bread CL3.DEM.prox	mkate ule	KL3.Brot KL3.DEM.fern	CL3.bread CL3.DEM.dist	huu  →  ule	mkate Kl. 3/4 (m-/mw- › mi-) → mikate	mkate class 3/4 (m-/mw- › mi-) → mikate	Kl.3: SUBJ u- · ADJ m-/mw- · GEN wa · DEM huu/ule · POSS w- · REL -o	class 3: SUBJ u- · ADJ m-/mw- · GEN wa · DEM huu/ule · POSS w- · REL -o	Nähe und Ferne haben je eine eigene Demonstrativreihe, beide nach der Klasse gebildet	near and far each have their own demonstrative series, both formed from the class	A1 SD1 kontrast demonstrativ kl3
K060	Demonstrativ	demonstrative	3	diese Stadt hier	jene Stadt dort	this town here	that town there	mji huu	mji ule	mji huu	KL3.Stadt KL3.DEM.nah	CL3.town CL3.DEM.prox	mji ule	KL3.Stadt KL3.DEM.fern	CL3.town CL3.DEM.dist	huu  →  ule	mji Kl. 3/4 (m-/mw- › mi-) → miji	mji class 3/4 (m-/mw- › mi-) → miji	Kl.3: SUBJ u- · ADJ m-/mw- · GEN wa · DEM huu/ule · POSS w- · REL -o	class 3: SUBJ u- · ADJ m-/mw- · GEN wa · DEM huu/ule · POSS w- · REL -o	Nähe und Ferne haben je eine eigene Demonstrativreihe, beide nach der Klasse gebildet	near and far each have their own demonstrative series, both formed from the class	A1 SD1 kontrast demonstrativ kl3
K061	Demonstrativ	demonstrative	5	dieses Auto hier	jenes Auto dort	this car here	that car there	gari hili	gari lile	gari hili	KL5.Auto KL5.DEM.nah	CL5.car CL5.DEM.prox	gari lile	KL5.Auto KL5.DEM.fern	CL5.car CL5.DEM.dist	hili  →  lile	gari Kl. 5/6 (ji-/Ø › ma-) → magari	gari class 5/6 (ji-/Ø › ma-) → magari	Kl.5: SUBJ li- · ADJ ji-/Ø · GEN la · DEM hili/lile · POSS l- · REL -lo	class 5: SUBJ li- · ADJ ji-/Ø · GEN la · DEM hili/lile · POSS l- · REL -lo	Nähe und Ferne haben je eine eigene Demonstrativreihe, beide nach der Klasse gebildet	near and far each have their own demonstrative series, both formed from the class	A1 SD1 kontrast demonstrativ kl5
K062	Demonstrativ	demonstrative	5	dieser Laden hier	jener Laden dort	this shop here	that shop there	duka hili	duka lile	duka hili	KL5.Laden KL5.DEM.nah	CL5.shop CL5.DEM.prox	duka lile	KL5.Laden KL5.DEM.fern	CL5.shop CL5.DEM.dist	hili  →  lile	duka Kl. 5/6 (ji-/Ø › ma-) → maduka	duka class 5/6 (ji-/Ø › ma-) → maduka	Kl.5: SUBJ li- · ADJ ji-/Ø · GEN la · DEM hili/lile · POSS l- · REL -lo	class 5: SUBJ li- · ADJ ji-/Ø · GEN la · DEM hili/lile · POSS l- · REL -lo	Nähe und Ferne haben je eine eigene Demonstrativreihe, beide nach der Klasse gebildet	near and far each have their own demonstrative series, both formed from the class	A1 SD1 kontrast demonstrativ kl5
K063	Demonstrativ	demonstrative	5	dieser Name hier	jener Name dort	this name here	that name there	jina hili	jina lile	jina hili	KL5.Name KL5.DEM.nah	CL5.name CL5.DEM.prox	jina lile	KL5.Name KL5.DEM.fern	CL5.name CL5.DEM.dist	hili  →  lile	jina Kl. 5/6 (ji-/Ø › ma-) → majina	jina class 5/6 (ji-/Ø › ma-) → majina	Kl.5: SUBJ li- · ADJ ji-/Ø · GEN la · DEM hili/lile · POSS l- · REL -lo	class 5: SUBJ li- · ADJ ji-/Ø · GEN la · DEM hili/lile · POSS l- · REL -lo	Nähe und Ferne haben je eine eigene Demonstrativreihe, beide nach der Klasse gebildet	near and far each have their own demonstrative series, both formed from the class	A1 SD1 kontrast demonstrativ kl5
K064	Demonstrativ	demonstrative	7	dieses Buch hier	jenes Buch dort	this book here	that book there	kitabu hiki	kitabu kile	kitabu hiki	KL7.Buch KL7.DEM.nah	CL7.book CL7.DEM.prox	kitabu kile	KL7.Buch KL7.DEM.fern	CL7.book CL7.DEM.dist	hiki  →  kile	kitabu Kl. 7/8 (ki- › vi-) → vitabu	kitabu class 7/8 (ki- › vi-) → vitabu	Kl.7: SUBJ ki- · ADJ ki- · GEN cha · DEM hiki/kile · POSS ch- · REL -cho	class 7: SUBJ ki- · ADJ ki- · GEN cha · DEM hiki/kile · POSS ch- · REL -cho	Nähe und Ferne haben je eine eigene Demonstrativreihe, beide nach der Klasse gebildet	near and far each have their own demonstrative series, both formed from the class	A1 SD1 kontrast demonstrativ kl7
K065	Demonstrativ	demonstrative	7	dieser Stuhl hier	jener Stuhl dort	this chair here	that chair there	kiti hiki	kiti kile	kiti hiki	KL7.Stuhl KL7.DEM.nah	CL7.chair CL7.DEM.prox	kiti kile	KL7.Stuhl KL7.DEM.fern	CL7.chair CL7.DEM.dist	hiki  →  kile	kiti Kl. 7/8 (ki- › vi-) → viti	kiti class 7/8 (ki- › vi-) → viti	Kl.7: SUBJ ki- · ADJ ki- · GEN cha · DEM hiki/kile · POSS ch- · REL -cho	class 7: SUBJ ki- · ADJ ki- · GEN cha · DEM hiki/kile · POSS ch- · REL -cho	Nähe und Ferne haben je eine eigene Demonstrativreihe, beide nach der Klasse gebildet	near and far each have their own demonstrative series, both formed from the class	A1 SD1 kontrast demonstrativ kl7
K066	Demonstrativ	demonstrative	7	dieses Zimmer hier	jenes Zimmer dort	this room here	that room there	chumba hiki	chumba kile	chumba hiki	KL7.Zimmer KL7.DEM.nah	CL7.room CL7.DEM.prox	chumba kile	KL7.Zimmer KL7.DEM.fern	CL7.room CL7.DEM.dist	hiki  →  kile	chumba Kl. 7/8 (ki- › vi-) → vyumba	chumba class 7/8 (ki- › vi-) → vyumba	Kl.7: SUBJ ki- · ADJ ki- · GEN cha · DEM hiki/kile · POSS ch- · REL -cho	class 7: SUBJ ki- · ADJ ki- · GEN cha · DEM hiki/kile · POSS ch- · REL -cho	Nähe und Ferne haben je eine eigene Demonstrativreihe, beide nach der Klasse gebildet	near and far each have their own demonstrative series, both formed from the class	A1 SD1 kontrast demonstrativ kl7
K067	Demonstrativ	demonstrative	9	dieser Brief hier	jener Brief dort	this letter here	that letter there	barua hii	barua ile	barua hii	KL9.Brief KL9.DEM.nah	CL9.letter CL9.DEM.prox	barua ile	KL9.Brief KL9.DEM.fern	CL9.letter CL9.DEM.dist	hii  →  ile	barua Kl. 9/10 (Ø/n-) → barua  — Numerus nur an der Konkordanz	barua class 9/10 (Ø/n-) → barua  — number shows only in the agreement	Kl.9: SUBJ i- · ADJ Ø/n- · GEN ya · DEM hii/ile · POSS y- · REL -yo	class 9: SUBJ i- · ADJ Ø/n- · GEN ya · DEM hii/ile · POSS y- · REL -yo	Nähe und Ferne haben je eine eigene Demonstrativreihe, beide nach der Klasse gebildet	near and far each have their own demonstrative series, both formed from the class	A1 SD1 kontrast demonstrativ kl9
K068	Demonstrativ	demonstrative	9	dieses Haus hier	jenes Haus dort	this house here	that house there	nyumba hii	nyumba ile	nyumba hii	KL9.Haus KL9.DEM.nah	CL9.house CL9.DEM.prox	nyumba ile	KL9.Haus KL9.DEM.fern	CL9.house CL9.DEM.dist	hii  →  ile	nyumba Kl. 9/10 (Ø/n-) → nyumba  — Numerus nur an der Konkordanz	nyumba class 9/10 (Ø/n-) → nyumba  — number shows only in the agreement	Kl.9: SUBJ i- · ADJ Ø/n- · GEN ya · DEM hii/ile · POSS y- · REL -yo	class 9: SUBJ i- · ADJ Ø/n- · GEN ya · DEM hii/ile · POSS y- · REL -yo	Nähe und Ferne haben je eine eigene Demonstrativreihe, beide nach der Klasse gebildet	near and far each have their own demonstrative series, both formed from the class	A1 SD1 kontrast demonstrativ kl9
K069	Demonstrativ	demonstrative	9	dieses Telefon hier	jenes Telefon dort	this telephone here	that telephone there	simu hii	simu ile	simu hii	KL9.Telefon KL9.DEM.nah	CL9.phone CL9.DEM.prox	simu ile	KL9.Telefon KL9.DEM.fern	CL9.phone CL9.DEM.dist	hii  →  ile	simu Kl. 9/10 (Ø/n-) → simu  — Numerus nur an der Konkordanz	simu class 9/10 (Ø/n-) → simu  — number shows only in the agreement	Kl.9: SUBJ i- · ADJ Ø/n- · GEN ya · DEM hii/ile · POSS y- · REL -yo	class 9: SUBJ i- · ADJ Ø/n- · GEN ya · DEM hii/ile · POSS y- · REL -yo	Nähe und Ferne haben je eine eigene Demonstrativreihe, beide nach der Klasse gebildet	near and far each have their own demonstrative series, both formed from the class	A1 SD1 kontrast demonstrativ kl9
K070	Demonstrativ	demonstrative	11	dieser Schlüssel hier	jener Schlüssel dort	this key here	that key there	ufunguo huu	ufunguo ule	ufunguo huu	KL11.Schlüssel KL11.DEM.nah	CL11.key CL11.DEM.prox	ufunguo ule	KL11.Schlüssel KL11.DEM.fern	CL11.key CL11.DEM.dist	huu  →  ule	ufunguo Kl. 11/10 (u- › Ø/n-) → funguo	ufunguo class 11/10 (u- › Ø/n-) → funguo	Kl.11: SUBJ u- · ADJ m-/mw- · GEN wa · DEM huu/ule · POSS w- · REL -o	class 11: SUBJ u- · ADJ m-/mw- · GEN wa · DEM huu/ule · POSS w- · REL -o	Nähe und Ferne haben je eine eigene Demonstrativreihe, beide nach der Klasse gebildet	near and far each have their own demonstrative series, both formed from the class	A1 SD1 kontrast demonstrativ kl11
K071	Demonstrativ	demonstrative	11	dieses Lied hier	jenes Lied dort	this song here	that song there	wimbo huu	wimbo ule	wimbo huu	KL11.Lied KL11.DEM.nah	CL11.song CL11.DEM.prox	wimbo ule	KL11.Lied KL11.DEM.fern	CL11.song CL11.DEM.dist	huu  →  ule	wimbo Kl. 11/10 (u- › Ø/n-) → nyimbo	wimbo class 11/10 (u- › Ø/n-) → nyimbo	Kl.11: SUBJ u- · ADJ m-/mw- · GEN wa · DEM huu/ule · POSS w- · REL -o	class 11: SUBJ u- · ADJ m-/mw- · GEN wa · DEM huu/ule · POSS w- · REL -o	Nähe und Ferne haben je eine eigene Demonstrativreihe, beide nach der Klasse gebildet	near and far each have their own demonstrative series, both formed from the class	A1 SD1 kontrast demonstrativ kl11
K072	Demonstrativ	demonstrative	11	diese Wand hier	jene Wand dort	this wall here	that wall there	ukuta huu	ukuta ule	ukuta huu	KL11.Wand KL11.DEM.nah	CL11.wall CL11.DEM.prox	ukuta ule	KL11.Wand KL11.DEM.fern	CL11.wall CL11.DEM.dist	huu  →  ule	ukuta Kl. 11/10 (u- › Ø/n-) → kuta	ukuta class 11/10 (u- › Ø/n-) → kuta	Kl.11: SUBJ u- · ADJ m-/mw- · GEN wa · DEM huu/ule · POSS w- · REL -o	class 11: SUBJ u- · ADJ m-/mw- · GEN wa · DEM huu/ule · POSS w- · REL -o	Nähe und Ferne haben je eine eigene Demonstrativreihe, beide nach der Klasse gebildet	near and far each have their own demonstrative series, both formed from the class	A1 SD1 kontrast demonstrativ kl11
K073	Possessiv	possessive	3/4	mein Baum	meine Bäume	my tree	my trees	mti wangu	miti yangu	mti w-angu	KL3.Baum KL3-mein	CL3.tree CL3-my	miti y-angu	KL4.Baum KL4-mein	CL4.tree CL4-my	wangu  →  yangu	mti Kl. 3/4 (m-/mw- › mi-) → miti	mti class 3/4 (m-/mw- › mi-) → miti	Kl.3: SUBJ u- · ADJ m-/mw- · GEN wa · DEM huu/ule · POSS w- · REL -o · Kl.4: SUBJ i- · ADJ mi- · GEN ya · DEM hii/ile · POSS y- · REL -yo	class 3: SUBJ u- · ADJ m-/mw- · GEN wa · DEM huu/ule · POSS w- · REL -o · class 4: SUBJ i- · ADJ mi- · GEN ya · DEM hii/ile · POSS y- · REL -yo	Der Possessivstamm -angu bleibt, nur das Konkordanzpräfix wechselt mit der Klasse	the possessive stem -angu stays; only the agreement prefix changes with the class	A1 SD1 kontrast possessiv kl3 kl4
K074	Possessiv	possessive	3/4	mein Brot	meine Brote	my loaf	my loaves	mkate wangu	mikate yangu	mkate w-angu	KL3.Brot KL3-mein	CL3.bread CL3-my	mikate y-angu	KL4.Brot KL4-mein	CL4.bread CL4-my	wangu  →  yangu	mkate Kl. 3/4 (m-/mw- › mi-) → mikate	mkate class 3/4 (m-/mw- › mi-) → mikate	Kl.3: SUBJ u- · ADJ m-/mw- · GEN wa · DEM huu/ule · POSS w- · REL -o · Kl.4: SUBJ i- · ADJ mi- · GEN ya · DEM hii/ile · POSS y- · REL -yo	class 3: SUBJ u- · ADJ m-/mw- · GEN wa · DEM huu/ule · POSS w- · REL -o · class 4: SUBJ i- · ADJ mi- · GEN ya · DEM hii/ile · POSS y- · REL -yo	Der Possessivstamm -angu bleibt, nur das Konkordanzpräfix wechselt mit der Klasse	the possessive stem -angu stays; only the agreement prefix changes with the class	A1 SD1 kontrast possessiv kl3 kl4
K075	Possessiv	possessive	3/4	mein Stadt	meine Städte	my town	my towns	mji wangu	miji yangu	mji w-angu	KL3.Stadt KL3-mein	CL3.town CL3-my	miji y-angu	KL4.Stadt KL4-mein	CL4.town CL4-my	wangu  →  yangu	mji Kl. 3/4 (m-/mw- › mi-) → miji	mji class 3/4 (m-/mw- › mi-) → miji	Kl.3: SUBJ u- · ADJ m-/mw- · GEN wa · DEM huu/ule · POSS w- · REL -o · Kl.4: SUBJ i- · ADJ mi- · GEN ya · DEM hii/ile · POSS y- · REL -yo	class 3: SUBJ u- · ADJ m-/mw- · GEN wa · DEM huu/ule · POSS w- · REL -o · class 4: SUBJ i- · ADJ mi- · GEN ya · DEM hii/ile · POSS y- · REL -yo	Der Possessivstamm -angu bleibt, nur das Konkordanzpräfix wechselt mit der Klasse	the possessive stem -angu stays; only the agreement prefix changes with the class	A1 SD1 kontrast possessiv kl3 kl4
K076	Possessiv	possessive	5/6	mein Auto	meine Autos	my car	my cars	gari langu	magari yangu	gari l-angu	KL5.Auto KL5-mein	CL5.car CL5-my	magari y-angu	KL6.Auto KL6-mein	CL6.car CL6-my	langu  →  yangu	gari Kl. 5/6 (ji-/Ø › ma-) → magari	gari class 5/6 (ji-/Ø › ma-) → magari	Kl.5: SUBJ li- · ADJ ji-/Ø · GEN la · DEM hili/lile · POSS l- · REL -lo · Kl.6: SUBJ ya- · ADJ ma- · GEN ya · DEM haya/yale · POSS y- · REL -yo	class 5: SUBJ li- · ADJ ji-/Ø · GEN la · DEM hili/lile · POSS l- · REL -lo · class 6: SUBJ ya- · ADJ ma- · GEN ya · DEM haya/yale · POSS y- · REL -yo	Der Possessivstamm -angu bleibt, nur das Konkordanzpräfix wechselt mit der Klasse	the possessive stem -angu stays; only the agreement prefix changes with the class	A1 SD1 kontrast possessiv kl5 kl6
K077	Possessiv	possessive	5/6	mein Laden	meine Läden	my shop	my shops	duka langu	maduka yangu	duka l-angu	KL5.Laden KL5-mein	CL5.shop CL5-my	maduka y-angu	KL6.Laden KL6-mein	CL6.shop CL6-my	langu  →  yangu	duka Kl. 5/6 (ji-/Ø › ma-) → maduka	duka class 5/6 (ji-/Ø › ma-) → maduka	Kl.5: SUBJ li- · ADJ ji-/Ø · GEN la · DEM hili/lile · POSS l- · REL -lo · Kl.6: SUBJ ya- · ADJ ma- · GEN ya · DEM haya/yale · POSS y- · REL -yo	class 5: SUBJ li- · ADJ ji-/Ø · GEN la · DEM hili/lile · POSS l- · REL -lo · class 6: SUBJ ya- · ADJ ma- · GEN ya · DEM haya/yale · POSS y- · REL -yo	Der Possessivstamm -angu bleibt, nur das Konkordanzpräfix wechselt mit der Klasse	the possessive stem -angu stays; only the agreement prefix changes with the class	A1 SD1 kontrast possessiv kl5 kl6
K078	Possessiv	possessive	5/6	mein Name	meine Namen	my name	my names	jina langu	majina yangu	jina l-angu	KL5.Name KL5-mein	CL5.name CL5-my	majina y-angu	KL6.Name KL6-mein	CL6.name CL6-my	langu  →  yangu	jina Kl. 5/6 (ji-/Ø › ma-) → majina	jina class 5/6 (ji-/Ø › ma-) → majina	Kl.5: SUBJ li- · ADJ ji-/Ø · GEN la · DEM hili/lile · POSS l- · REL -lo · Kl.6: SUBJ ya- · ADJ ma- · GEN ya · DEM haya/yale · POSS y- · REL -yo	class 5: SUBJ li- · ADJ ji-/Ø · GEN la · DEM hili/lile · POSS l- · REL -lo · class 6: SUBJ ya- · ADJ ma- · GEN ya · DEM haya/yale · POSS y- · REL -yo	Der Possessivstamm -angu bleibt, nur das Konkordanzpräfix wechselt mit der Klasse	the possessive stem -angu stays; only the agreement prefix changes with the class	A1 SD1 kontrast possessiv kl5 kl6
K079	Possessiv	possessive	7/8	mein Buch	meine Bücher	my book	my books	kitabu changu	vitabu vyangu	kitabu ch-angu	KL7.Buch KL7-mein	CL7.book CL7-my	vitabu vy-angu	KL8.Buch KL8-mein	CL8.book CL8-my	changu  →  vyangu	kitabu Kl. 7/8 (ki- › vi-) → vitabu	kitabu class 7/8 (ki- › vi-) → vitabu	Kl.7: SUBJ ki- · ADJ ki- · GEN cha · DEM hiki/kile · POSS ch- · REL -cho · Kl.8: SUBJ vi- · ADJ vi- · GEN vya · DEM hivi/vile · POSS vy- · REL -vyo	class 7: SUBJ ki- · ADJ ki- · GEN cha · DEM hiki/kile · POSS ch- · REL -cho · class 8: SUBJ vi- · ADJ vi- · GEN vya · DEM hivi/vile · POSS vy- · REL -vyo	Der Possessivstamm -angu bleibt, nur das Konkordanzpräfix wechselt mit der Klasse	the possessive stem -angu stays; only the agreement prefix changes with the class	A1 SD1 kontrast possessiv kl7 kl8
K080	Possessiv	possessive	7/8	mein Stuhl	meine Stühle	my chair	my chairs	kiti changu	viti vyangu	kiti ch-angu	KL7.Stuhl KL7-mein	CL7.chair CL7-my	viti vy-angu	KL8.Stuhl KL8-mein	CL8.chair CL8-my	changu  →  vyangu	kiti Kl. 7/8 (ki- › vi-) → viti	kiti class 7/8 (ki- › vi-) → viti	Kl.7: SUBJ ki- · ADJ ki- · GEN cha · DEM hiki/kile · POSS ch- · REL -cho · Kl.8: SUBJ vi- · ADJ vi- · GEN vya · DEM hivi/vile · POSS vy- · REL -vyo	class 7: SUBJ ki- · ADJ ki- · GEN cha · DEM hiki/kile · POSS ch- · REL -cho · class 8: SUBJ vi- · ADJ vi- · GEN vya · DEM hivi/vile · POSS vy- · REL -vyo	Der Possessivstamm -angu bleibt, nur das Konkordanzpräfix wechselt mit der Klasse	the possessive stem -angu stays; only the agreement prefix changes with the class	A1 SD1 kontrast possessiv kl7 kl8
K081	Possessiv	possessive	7/8	mein Zimmer	meine Zimmer	my room	my rooms	chumba changu	vyumba vyangu	chumba ch-angu	KL7.Zimmer KL7-mein	CL7.room CL7-my	vyumba vy-angu	KL8.Zimmer KL8-mein	CL8.room CL8-my	changu  →  vyangu	chumba Kl. 7/8 (ki- › vi-) → vyumba	chumba class 7/8 (ki- › vi-) → vyumba	Kl.7: SUBJ ki- · ADJ ki- · GEN cha · DEM hiki/kile · POSS ch- · REL -cho · Kl.8: SUBJ vi- · ADJ vi- · GEN vya · DEM hivi/vile · POSS vy- · REL -vyo	class 7: SUBJ ki- · ADJ ki- · GEN cha · DEM hiki/kile · POSS ch- · REL -cho · class 8: SUBJ vi- · ADJ vi- · GEN vya · DEM hivi/vile · POSS vy- · REL -vyo	Der Possessivstamm -angu bleibt, nur das Konkordanzpräfix wechselt mit der Klasse	the possessive stem -angu stays; only the agreement prefix changes with the class	A1 SD1 kontrast possessiv kl7 kl8
K082	Possessiv	possessive	9/10	mein Brief	meine Briefe	my letter	my letters	barua yangu	barua zangu	barua y-angu	KL9.Brief KL9-mein	CL9.letter CL9-my	barua z-angu	KL10.Brief KL10-mein	CL10.letter CL10-my	yangu  →  zangu	barua Kl. 9/10 (Ø/n-) → barua  — Numerus nur an der Konkordanz	barua class 9/10 (Ø/n-) → barua  — number shows only in the agreement	Kl.9: SUBJ i- · ADJ Ø/n- · GEN ya · DEM hii/ile · POSS y- · REL -yo · Kl.10: SUBJ zi- · ADJ Ø/n- · GEN za · DEM hizi/zile · POSS z- · REL -zo	class 9: SUBJ i- · ADJ Ø/n- · GEN ya · DEM hii/ile · POSS y- · REL -yo · class 10: SUBJ zi- · ADJ Ø/n- · GEN za · DEM hizi/zile · POSS z- · REL -zo	Der Possessivstamm -angu bleibt, nur das Konkordanzpräfix wechselt mit der Klasse	the possessive stem -angu stays; only the agreement prefix changes with the class	A1 SD1 kontrast possessiv kl9 kl10
K083	Possessiv	possessive	9/10	mein Haus	meine Häuser	my house	my houses	nyumba yangu	nyumba zangu	nyumba y-angu	KL9.Haus KL9-mein	CL9.house CL9-my	nyumba z-angu	KL10.Haus KL10-mein	CL10.house CL10-my	yangu  →  zangu	nyumba Kl. 9/10 (Ø/n-) → nyumba  — Numerus nur an der Konkordanz	nyumba class 9/10 (Ø/n-) → nyumba  — number shows only in the agreement	Kl.9: SUBJ i- · ADJ Ø/n- · GEN ya · DEM hii/ile · POSS y- · REL -yo · Kl.10: SUBJ zi- · ADJ Ø/n- · GEN za · DEM hizi/zile · POSS z- · REL -zo	class 9: SUBJ i- · ADJ Ø/n- · GEN ya · DEM hii/ile · POSS y- · REL -yo · class 10: SUBJ zi- · ADJ Ø/n- · GEN za · DEM hizi/zile · POSS z- · REL -zo	Der Possessivstamm -angu bleibt, nur das Konkordanzpräfix wechselt mit der Klasse	the possessive stem -angu stays; only the agreement prefix changes with the class	A1 SD1 kontrast possessiv kl9 kl10
K084	Possessiv	possessive	9/10	mein Telefon	meine Telefone	my telephone	my telephones	simu yangu	simu zangu	simu y-angu	KL9.Telefon KL9-mein	CL9.phone CL9-my	simu z-angu	KL10.Telefon KL10-mein	CL10.phone CL10-my	yangu  →  zangu	simu Kl. 9/10 (Ø/n-) → simu  — Numerus nur an der Konkordanz	simu class 9/10 (Ø/n-) → simu  — number shows only in the agreement	Kl.9: SUBJ i- · ADJ Ø/n- · GEN ya · DEM hii/ile · POSS y- · REL -yo · Kl.10: SUBJ zi- · ADJ Ø/n- · GEN za · DEM hizi/zile · POSS z- · REL -zo	class 9: SUBJ i- · ADJ Ø/n- · GEN ya · DEM hii/ile · POSS y- · REL -yo · class 10: SUBJ zi- · ADJ Ø/n- · GEN za · DEM hizi/zile · POSS z- · REL -zo	Der Possessivstamm -angu bleibt, nur das Konkordanzpräfix wechselt mit der Klasse	the possessive stem -angu stays; only the agreement prefix changes with the class	A1 SD1 kontrast possessiv kl9 kl10
K085	Possessiv	possessive	11/10	mein Schlüssel	meine Schlüssel	my key	my keys	ufunguo wangu	funguo zangu	ufunguo w-angu	KL11.Schlüssel KL11-mein	CL11.key CL11-my	funguo z-angu	KL10.Schlüssel KL10-mein	CL10.key CL10-my	wangu  →  zangu	ufunguo Kl. 11/10 (u- › Ø/n-) → funguo	ufunguo class 11/10 (u- › Ø/n-) → funguo	Kl.11: SUBJ u- · ADJ m-/mw- · GEN wa · DEM huu/ule · POSS w- · REL -o · Kl.10: SUBJ zi- · ADJ Ø/n- · GEN za · DEM hizi/zile · POSS z- · REL -zo	class 11: SUBJ u- · ADJ m-/mw- · GEN wa · DEM huu/ule · POSS w- · REL -o · class 10: SUBJ zi- · ADJ Ø/n- · GEN za · DEM hizi/zile · POSS z- · REL -zo	Der Possessivstamm -angu bleibt, nur das Konkordanzpräfix wechselt mit der Klasse	the possessive stem -angu stays; only the agreement prefix changes with the class	A1 SD1 kontrast possessiv kl11 kl10
K086	Possessiv	possessive	11/10	mein Lied	meine Lieder	my song	my songs	wimbo wangu	nyimbo zangu	wimbo w-angu	KL11.Lied KL11-mein	CL11.song CL11-my	nyimbo z-angu	KL10.Lied KL10-mein	CL10.song CL10-my	wangu  →  zangu	wimbo Kl. 11/10 (u- › Ø/n-) → nyimbo	wimbo class 11/10 (u- › Ø/n-) → nyimbo	Kl.11: SUBJ u- · ADJ m-/mw- · GEN wa · DEM huu/ule · POSS w- · REL -o · Kl.10: SUBJ zi- · ADJ Ø/n- · GEN za · DEM hizi/zile · POSS z- · REL -zo	class 11: SUBJ u- · ADJ m-/mw- · GEN wa · DEM huu/ule · POSS w- · REL -o · class 10: SUBJ zi- · ADJ Ø/n- · GEN za · DEM hizi/zile · POSS z- · REL -zo	Der Possessivstamm -angu bleibt, nur das Konkordanzpräfix wechselt mit der Klasse	the possessive stem -angu stays; only the agreement prefix changes with the class	A1 SD1 kontrast possessiv kl11 kl10
K087	Possessiv	possessive	11/10	mein Wand	meine Wände	my wall	my walls	ukuta wangu	kuta zangu	ukuta w-angu	KL11.Wand KL11-mein	CL11.wall CL11-my	kuta z-angu	KL10.Wand KL10-mein	CL10.wall CL10-my	wangu  →  zangu	ukuta Kl. 11/10 (u- › Ø/n-) → kuta	ukuta class 11/10 (u- › Ø/n-) → kuta	Kl.11: SUBJ u- · ADJ m-/mw- · GEN wa · DEM huu/ule · POSS w- · REL -o · Kl.10: SUBJ zi- · ADJ Ø/n- · GEN za · DEM hizi/zile · POSS z- · REL -zo	class 11: SUBJ u- · ADJ m-/mw- · GEN wa · DEM huu/ule · POSS w- · REL -o · class 10: SUBJ zi- · ADJ Ø/n- · GEN za · DEM hizi/zile · POSS z- · REL -zo	Der Possessivstamm -angu bleibt, nur das Konkordanzpräfix wechselt mit der Klasse	the possessive stem -angu stays; only the agreement prefix changes with the class	A1 SD1 kontrast possessiv kl11 kl10
K088	TAM	tense/aspect		Ich lese gerade das Buch.	Ich habe das Buch schon gelesen.	I am reading the book right now.	I have already read the book.	Ninasoma kitabu.	Nimesoma kitabu.	ni-na-som-a ki-tabu	1SG-PRÄS-lesen-IND KL7-Buch	1SG-PRS-read-IND CL7-book	ni-me-som-a ki-tabu	1SG-PERF-lesen-IND KL7-Buch	1SG-PRF-read-IND CL7-book	-na-  →  -me-					Nur der TAM-Marker wechselt: -na- PRÄS gegen -me- PERF. Stamm und Endvokal bleiben.	only the tense marker changes: -na- against -me-. Stem and final vowel stay the same.	A1 SD1 kontrast tam tam-na tam-me
K089	TAM	tense/aspect		Ich lese gerade das Buch.	Gestern las ich das Buch.	I am reading the book right now.	I read the book yesterday.	Ninasoma kitabu.	Nilisoma kitabu.	ni-na-som-a ki-tabu	1SG-PRÄS-lesen-IND KL7-Buch	1SG-PRS-read-IND CL7-book	ni-li-som-a ki-tabu	1SG-PRÄT-lesen-IND KL7-Buch	1SG-PST-read-IND CL7-book	-na-  →  -li-					Nur der TAM-Marker wechselt: -na- PRÄS gegen -li- PRÄT. Stamm und Endvokal bleiben.	only the tense marker changes: -na- against -li-. Stem and final vowel stay the same.	A1 SD1 kontrast tam tam-na tam-li
K090	TAM	tense/aspect		Ich lese gerade das Buch.	Morgen werde ich das Buch lesen.	I am reading the book right now.	I will read the book tomorrow.	Ninasoma kitabu.	Nitasoma kitabu.	ni-na-som-a ki-tabu	1SG-PRÄS-lesen-IND KL7-Buch	1SG-PRS-read-IND CL7-book	ni-ta-som-a ki-tabu	1SG-FUT-lesen-IND KL7-Buch	1SG-FUT-read-IND CL7-book	-na-  →  -ta-					Nur der TAM-Marker wechselt: -na- PRÄS gegen -ta- FUT. Stamm und Endvokal bleiben.	only the tense marker changes: -na- against -ta-. Stem and final vowel stay the same.	A1 SD1 kontrast tam tam-na tam-ta
K091	TAM	tense/aspect		Gestern las ich das Buch.	Ich habe das Buch schon gelesen.	I read the book yesterday.	I have already read the book.	Nilisoma kitabu.	Nimesoma kitabu.	ni-li-som-a ki-tabu	1SG-PRÄT-lesen-IND KL7-Buch	1SG-PST-read-IND CL7-book	ni-me-som-a ki-tabu	1SG-PERF-lesen-IND KL7-Buch	1SG-PRF-read-IND CL7-book	-li-  →  -me-					Nur der TAM-Marker wechselt: -li- PRÄT gegen -me- PERF. Stamm und Endvokal bleiben.	only the tense marker changes: -li- against -me-. Stem and final vowel stay the same.	A1 SD1 kontrast tam tam-li tam-me
K092	TAM	tense/aspect		Gestern las ich das Buch.	Morgen werde ich das Buch lesen.	I read the book yesterday.	I will read the book tomorrow.	Nilisoma kitabu.	Nitasoma kitabu.	ni-li-som-a ki-tabu	1SG-PRÄT-lesen-IND KL7-Buch	1SG-PST-read-IND CL7-book	ni-ta-som-a ki-tabu	1SG-FUT-lesen-IND KL7-Buch	1SG-FUT-read-IND CL7-book	-li-  →  -ta-					Nur der TAM-Marker wechselt: -li- PRÄT gegen -ta- FUT. Stamm und Endvokal bleiben.	only the tense marker changes: -li- against -ta-. Stem and final vowel stay the same.	A1 SD1 kontrast tam tam-li tam-ta
K093	TAM	tense/aspect		Ich habe das Buch schon gelesen.	Morgen werde ich das Buch lesen.	I have already read the book.	I will read the book tomorrow.	Nimesoma kitabu.	Nitasoma kitabu.	ni-me-som-a ki-tabu	1SG-PERF-lesen-IND KL7-Buch	1SG-PRF-read-IND CL7-book	ni-ta-som-a ki-tabu	1SG-FUT-lesen-IND KL7-Buch	1SG-FUT-read-IND CL7-book	-me-  →  -ta-					Nur der TAM-Marker wechselt: -me- PERF gegen -ta- FUT. Stamm und Endvokal bleiben.	only the tense marker changes: -me- against -ta-. Stem and final vowel stay the same.	A1 SD1 kontrast tam tam-me tam-ta
K094	TAM	tense/aspect		Ich kaufe gerade die Brote.	Ich habe die Brote schon gekauft.	I am buying the loaves right now.	I have already bought the loaves.	Ninanunua mikate.	Nimenunua mikate.	ni-na-nunu-a mi-kate	1SG-PRÄS-kaufen-IND KL4-Brot	1SG-PRS-buy-IND CL4-bread	ni-me-nunu-a mi-kate	1SG-PERF-kaufen-IND KL4-Brot	1SG-PRF-buy-IND CL4-bread	-na-  →  -me-					Nur der TAM-Marker wechselt: -na- PRÄS gegen -me- PERF. Stamm und Endvokal bleiben.	only the tense marker changes: -na- against -me-. Stem and final vowel stay the same.	A1 SD1 kontrast tam tam-na tam-me
K095	TAM	tense/aspect		Ich kaufe gerade die Brote.	Gestern kaufte ich die Brote.	I am buying the loaves right now.	I bought the loaves yesterday.	Ninanunua mikate.	Nilinunua mikate.	ni-na-nunu-a mi-kate	1SG-PRÄS-kaufen-IND KL4-Brot	1SG-PRS-buy-IND CL4-bread	ni-li-nunu-a mi-kate	1SG-PRÄT-kaufen-IND KL4-Brot	1SG-PST-buy-IND CL4-bread	-na-  →  -li-					Nur der TAM-Marker wechselt: -na- PRÄS gegen -li- PRÄT. Stamm und Endvokal bleiben.	only the tense marker changes: -na- against -li-. Stem and final vowel stay the same.	A1 SD1 kontrast tam tam-na tam-li
K096	TAM	tense/aspect		Ich kaufe gerade die Brote.	Morgen werde ich die Brote kaufen.	I am buying the loaves right now.	I will buy the loaves tomorrow.	Ninanunua mikate.	Nitanunua mikate.	ni-na-nunu-a mi-kate	1SG-PRÄS-kaufen-IND KL4-Brot	1SG-PRS-buy-IND CL4-bread	ni-ta-nunu-a mi-kate	1SG-FUT-kaufen-IND KL4-Brot	1SG-FUT-buy-IND CL4-bread	-na-  →  -ta-					Nur der TAM-Marker wechselt: -na- PRÄS gegen -ta- FUT. Stamm und Endvokal bleiben.	only the tense marker changes: -na- against -ta-. Stem and final vowel stay the same.	A1 SD1 kontrast tam tam-na tam-ta
K097	TAM	tense/aspect		Gestern kaufte ich die Brote.	Ich habe die Brote schon gekauft.	I bought the loaves yesterday.	I have already bought the loaves.	Nilinunua mikate.	Nimenunua mikate.	ni-li-nunu-a mi-kate	1SG-PRÄT-kaufen-IND KL4-Brot	1SG-PST-buy-IND CL4-bread	ni-me-nunu-a mi-kate	1SG-PERF-kaufen-IND KL4-Brot	1SG-PRF-buy-IND CL4-bread	-li-  →  -me-					Nur der TAM-Marker wechselt: -li- PRÄT gegen -me- PERF. Stamm und Endvokal bleiben.	only the tense marker changes: -li- against -me-. Stem and final vowel stay the same.	A1 SD1 kontrast tam tam-li tam-me
K098	TAM	tense/aspect		Gestern kaufte ich die Brote.	Morgen werde ich die Brote kaufen.	I bought the loaves yesterday.	I will buy the loaves tomorrow.	Nilinunua mikate.	Nitanunua mikate.	ni-li-nunu-a mi-kate	1SG-PRÄT-kaufen-IND KL4-Brot	1SG-PST-buy-IND CL4-bread	ni-ta-nunu-a mi-kate	1SG-FUT-kaufen-IND KL4-Brot	1SG-FUT-buy-IND CL4-bread	-li-  →  -ta-					Nur der TAM-Marker wechselt: -li- PRÄT gegen -ta- FUT. Stamm und Endvokal bleiben.	only the tense marker changes: -li- against -ta-. Stem and final vowel stay the same.	A1 SD1 kontrast tam tam-li tam-ta
K099	TAM	tense/aspect		Ich habe die Brote schon gekauft.	Morgen werde ich die Brote kaufen.	I have already bought the loaves.	I will buy the loaves tomorrow.	Nimenunua mikate.	Nitanunua mikate.	ni-me-nunu-a mi-kate	1SG-PERF-kaufen-IND KL4-Brot	1SG-PRF-buy-IND CL4-bread	ni-ta-nunu-a mi-kate	1SG-FUT-kaufen-IND KL4-Brot	1SG-FUT-buy-IND CL4-bread	-me-  →  -ta-					Nur der TAM-Marker wechselt: -me- PERF gegen -ta- FUT. Stamm und Endvokal bleiben.	only the tense marker changes: -me- against -ta-. Stem and final vowel stay the same.	A1 SD1 kontrast tam tam-me tam-ta
K100	TAM	tense/aspect		Ich schreibe gerade den Brief.	Ich habe den Brief schon geschrieben.	I am writing the letter right now.	I have already written the letter.	Ninaandika barua.	Nimeandika barua.	ni-na-andik-a barua	1SG-PRÄS-schreiben-IND KL9.Brief	1SG-PRS-write-IND CL9.letter	ni-me-andik-a barua	1SG-PERF-schreiben-IND KL9.Brief	1SG-PRF-write-IND CL9.letter	-na-  →  -me-					Nur der TAM-Marker wechselt: -na- PRÄS gegen -me- PERF. Stamm und Endvokal bleiben.	only the tense marker changes: -na- against -me-. Stem and final vowel stay the same.	A1 SD1 kontrast tam tam-na tam-me
K101	TAM	tense/aspect		Ich schreibe gerade den Brief.	Gestern schrieb ich den Brief.	I am writing the letter right now.	I written the letter yesterday.	Ninaandika barua.	Niliandika barua.	ni-na-andik-a barua	1SG-PRÄS-schreiben-IND KL9.Brief	1SG-PRS-write-IND CL9.letter	ni-li-andik-a barua	1SG-PRÄT-schreiben-IND KL9.Brief	1SG-PST-write-IND CL9.letter	-na-  →  -li-					Nur der TAM-Marker wechselt: -na- PRÄS gegen -li- PRÄT. Stamm und Endvokal bleiben.	only the tense marker changes: -na- against -li-. Stem and final vowel stay the same.	A1 SD1 kontrast tam tam-na tam-li
K102	TAM	tense/aspect		Ich schreibe gerade den Brief.	Morgen werde ich den Brief schreiben.	I am writing the letter right now.	I will write the letter tomorrow.	Ninaandika barua.	Nitaandika barua.	ni-na-andik-a barua	1SG-PRÄS-schreiben-IND KL9.Brief	1SG-PRS-write-IND CL9.letter	ni-ta-andik-a barua	1SG-FUT-schreiben-IND KL9.Brief	1SG-FUT-write-IND CL9.letter	-na-  →  -ta-					Nur der TAM-Marker wechselt: -na- PRÄS gegen -ta- FUT. Stamm und Endvokal bleiben.	only the tense marker changes: -na- against -ta-. Stem and final vowel stay the same.	A1 SD1 kontrast tam tam-na tam-ta
K103	TAM	tense/aspect		Gestern schrieb ich den Brief.	Ich habe den Brief schon geschrieben.	I written the letter yesterday.	I have already written the letter.	Niliandika barua.	Nimeandika barua.	ni-li-andik-a barua	1SG-PRÄT-schreiben-IND KL9.Brief	1SG-PST-write-IND CL9.letter	ni-me-andik-a barua	1SG-PERF-schreiben-IND KL9.Brief	1SG-PRF-write-IND CL9.letter	-li-  →  -me-					Nur der TAM-Marker wechselt: -li- PRÄT gegen -me- PERF. Stamm und Endvokal bleiben.	only the tense marker changes: -li- against -me-. Stem and final vowel stay the same.	A1 SD1 kontrast tam tam-li tam-me
K104	TAM	tense/aspect		Gestern schrieb ich den Brief.	Morgen werde ich den Brief schreiben.	I written the letter yesterday.	I will write the letter tomorrow.	Niliandika barua.	Nitaandika barua.	ni-li-andik-a barua	1SG-PRÄT-schreiben-IND KL9.Brief	1SG-PST-write-IND CL9.letter	ni-ta-andik-a barua	1SG-FUT-schreiben-IND KL9.Brief	1SG-FUT-write-IND CL9.letter	-li-  →  -ta-					Nur der TAM-Marker wechselt: -li- PRÄT gegen -ta- FUT. Stamm und Endvokal bleiben.	only the tense marker changes: -li- against -ta-. Stem and final vowel stay the same.	A1 SD1 kontrast tam tam-li tam-ta
K105	TAM	tense/aspect		Ich habe den Brief schon geschrieben.	Morgen werde ich den Brief schreiben.	I have already written the letter.	I will write the letter tomorrow.	Nimeandika barua.	Nitaandika barua.	ni-me-andik-a barua	1SG-PERF-schreiben-IND KL9.Brief	1SG-PRF-write-IND CL9.letter	ni-ta-andik-a barua	1SG-FUT-schreiben-IND KL9.Brief	1SG-FUT-write-IND CL9.letter	-me-  →  -ta-					Nur der TAM-Marker wechselt: -me- PERF gegen -ta- FUT. Stamm und Endvokal bleiben.	only the tense marker changes: -me- against -ta-. Stem and final vowel stay the same.	A1 SD1 kontrast tam tam-me tam-ta
K106	TAM	tense/aspect		Ich sehe gerade die Autos.	Ich habe die Autos schon gesehen.	I am seeing the cars right now.	I have already seen the cars.	Ninaona magari.	Nimeona magari.	ni-na-on-a ma-gari	1SG-PRÄS-sehen-IND KL6-Auto	1SG-PRS-see-IND CL6-car	ni-me-on-a ma-gari	1SG-PERF-sehen-IND KL6-Auto	1SG-PRF-see-IND CL6-car	-na-  →  -me-					Nur der TAM-Marker wechselt: -na- PRÄS gegen -me- PERF. Stamm und Endvokal bleiben.	only the tense marker changes: -na- against -me-. Stem and final vowel stay the same.	A1 SD1 kontrast tam tam-na tam-me
K107	TAM	tense/aspect		Ich sehe gerade die Autos.	Gestern sah ich die Autos.	I am seeing the cars right now.	I seen the cars yesterday.	Ninaona magari.	Niliona magari.	ni-na-on-a ma-gari	1SG-PRÄS-sehen-IND KL6-Auto	1SG-PRS-see-IND CL6-car	ni-li-on-a ma-gari	1SG-PRÄT-sehen-IND KL6-Auto	1SG-PST-see-IND CL6-car	-na-  →  -li-					Nur der TAM-Marker wechselt: -na- PRÄS gegen -li- PRÄT. Stamm und Endvokal bleiben.	only the tense marker changes: -na- against -li-. Stem and final vowel stay the same.	A1 SD1 kontrast tam tam-na tam-li
K108	TAM	tense/aspect		Ich sehe gerade die Autos.	Morgen werde ich die Autos sehen.	I am seeing the cars right now.	I will see the cars tomorrow.	Ninaona magari.	Nitaona magari.	ni-na-on-a ma-gari	1SG-PRÄS-sehen-IND KL6-Auto	1SG-PRS-see-IND CL6-car	ni-ta-on-a ma-gari	1SG-FUT-sehen-IND KL6-Auto	1SG-FUT-see-IND CL6-car	-na-  →  -ta-					Nur der TAM-Marker wechselt: -na- PRÄS gegen -ta- FUT. Stamm und Endvokal bleiben.	only the tense marker changes: -na- against -ta-. Stem and final vowel stay the same.	A1 SD1 kontrast tam tam-na tam-ta
K109	TAM	tense/aspect		Gestern sah ich die Autos.	Ich habe die Autos schon gesehen.	I seen the cars yesterday.	I have already seen the cars.	Niliona magari.	Nimeona magari.	ni-li-on-a ma-gari	1SG-PRÄT-sehen-IND KL6-Auto	1SG-PST-see-IND CL6-car	ni-me-on-a ma-gari	1SG-PERF-sehen-IND KL6-Auto	1SG-PRF-see-IND CL6-car	-li-  →  -me-					Nur der TAM-Marker wechselt: -li- PRÄT gegen -me- PERF. Stamm und Endvokal bleiben.	only the tense marker changes: -li- against -me-. Stem and final vowel stay the same.	A1 SD1 kontrast tam tam-li tam-me
K110	TAM	tense/aspect		Gestern sah ich die Autos.	Morgen werde ich die Autos sehen.	I seen the cars yesterday.	I will see the cars tomorrow.	Niliona magari.	Nitaona magari.	ni-li-on-a ma-gari	1SG-PRÄT-sehen-IND KL6-Auto	1SG-PST-see-IND CL6-car	ni-ta-on-a ma-gari	1SG-FUT-sehen-IND KL6-Auto	1SG-FUT-see-IND CL6-car	-li-  →  -ta-					Nur der TAM-Marker wechselt: -li- PRÄT gegen -ta- FUT. Stamm und Endvokal bleiben.	only the tense marker changes: -li- against -ta-. Stem and final vowel stay the same.	A1 SD1 kontrast tam tam-li tam-ta
K111	TAM	tense/aspect		Ich habe die Autos schon gesehen.	Morgen werde ich die Autos sehen.	I have already seen the cars.	I will see the cars tomorrow.	Nimeona magari.	Nitaona magari.	ni-me-on-a ma-gari	1SG-PERF-sehen-IND KL6-Auto	1SG-PRF-see-IND CL6-car	ni-ta-on-a ma-gari	1SG-FUT-sehen-IND KL6-Auto	1SG-FUT-see-IND CL6-car	-me-  →  -ta-					Nur der TAM-Marker wechselt: -me- PERF gegen -ta- FUT. Stamm und Endvokal bleiben.	only the tense marker changes: -me- against -ta-. Stem and final vowel stay the same.	A1 SD1 kontrast tam tam-me tam-ta
K112	TAM	tense/aspect		Ich koche gerade das Essen.	Ich habe das Essen schon gekocht.	I am cooking the food right now.	I have already cooked the food.	Ninapika chakula.	Nimepika chakula.	ni-na-pik-a chakula	1SG-PRÄS-kochen-IND KL7.Essen	1SG-PRS-cook-IND CL7.food	ni-me-pik-a chakula	1SG-PERF-kochen-IND KL7.Essen	1SG-PRF-cook-IND CL7.food	-na-  →  -me-					Nur der TAM-Marker wechselt: -na- PRÄS gegen -me- PERF. Stamm und Endvokal bleiben.	only the tense marker changes: -na- against -me-. Stem and final vowel stay the same.	A1 SD1 kontrast tam tam-na tam-me
K113	TAM	tense/aspect		Ich koche gerade das Essen.	Gestern kochte ich das Essen.	I am cooking the food right now.	I cooked the food yesterday.	Ninapika chakula.	Nilipika chakula.	ni-na-pik-a chakula	1SG-PRÄS-kochen-IND KL7.Essen	1SG-PRS-cook-IND CL7.food	ni-li-pik-a chakula	1SG-PRÄT-kochen-IND KL7.Essen	1SG-PST-cook-IND CL7.food	-na-  →  -li-					Nur der TAM-Marker wechselt: -na- PRÄS gegen -li- PRÄT. Stamm und Endvokal bleiben.	only the tense marker changes: -na- against -li-. Stem and final vowel stay the same.	A1 SD1 kontrast tam tam-na tam-li
K114	TAM	tense/aspect		Ich koche gerade das Essen.	Morgen werde ich das Essen kochen.	I am cooking the food right now.	I will cook the food tomorrow.	Ninapika chakula.	Nitapika chakula.	ni-na-pik-a chakula	1SG-PRÄS-kochen-IND KL7.Essen	1SG-PRS-cook-IND CL7.food	ni-ta-pik-a chakula	1SG-FUT-kochen-IND KL7.Essen	1SG-FUT-cook-IND CL7.food	-na-  →  -ta-					Nur der TAM-Marker wechselt: -na- PRÄS gegen -ta- FUT. Stamm und Endvokal bleiben.	only the tense marker changes: -na- against -ta-. Stem and final vowel stay the same.	A1 SD1 kontrast tam tam-na tam-ta
K115	TAM	tense/aspect		Gestern kochte ich das Essen.	Ich habe das Essen schon gekocht.	I cooked the food yesterday.	I have already cooked the food.	Nilipika chakula.	Nimepika chakula.	ni-li-pik-a chakula	1SG-PRÄT-kochen-IND KL7.Essen	1SG-PST-cook-IND CL7.food	ni-me-pik-a chakula	1SG-PERF-kochen-IND KL7.Essen	1SG-PRF-cook-IND CL7.food	-li-  →  -me-					Nur der TAM-Marker wechselt: -li- PRÄT gegen -me- PERF. Stamm und Endvokal bleiben.	only the tense marker changes: -li- against -me-. Stem and final vowel stay the same.	A1 SD1 kontrast tam tam-li tam-me
K116	TAM	tense/aspect		Gestern kochte ich das Essen.	Morgen werde ich das Essen kochen.	I cooked the food yesterday.	I will cook the food tomorrow.	Nilipika chakula.	Nitapika chakula.	ni-li-pik-a chakula	1SG-PRÄT-kochen-IND KL7.Essen	1SG-PST-cook-IND CL7.food	ni-ta-pik-a chakula	1SG-FUT-kochen-IND KL7.Essen	1SG-FUT-cook-IND CL7.food	-li-  →  -ta-					Nur der TAM-Marker wechselt: -li- PRÄT gegen -ta- FUT. Stamm und Endvokal bleiben.	only the tense marker changes: -li- against -ta-. Stem and final vowel stay the same.	A1 SD1 kontrast tam tam-li tam-ta
K117	TAM	tense/aspect		Ich habe das Essen schon gekocht.	Morgen werde ich das Essen kochen.	I have already cooked the food.	I will cook the food tomorrow.	Nimepika chakula.	Nitapika chakula.	ni-me-pik-a chakula	1SG-PERF-kochen-IND KL7.Essen	1SG-PRF-cook-IND CL7.food	ni-ta-pik-a chakula	1SG-FUT-kochen-IND KL7.Essen	1SG-FUT-cook-IND CL7.food	-me-  →  -ta-					Nur der TAM-Marker wechselt: -me- PERF gegen -ta- FUT. Stamm und Endvokal bleiben.	only the tense marker changes: -me- against -ta-. Stem and final vowel stay the same.	A1 SD1 kontrast tam tam-me tam-ta
K118	Negation	negation	7/8	Ich lese das Buch.	Ich lese das Buch nicht.	I read the book.	I do not read the book.	Ninasoma kitabu.	Sisomi kitabu.	ni-na-som-a ki-tabu	1SG-PRÄS-lesen-IND KL7-Buch	1SG-PRS-read-IND CL7-book	si-som-i ki-tabu	1SG.NEG-lesen-NEG KL7-Buch	1SG.NEG-read-NEG CL7-book	ni-na-…-a  →  si-…-i	kitabu Kl. 7/8 (ki- › vi-) → vitabu	kitabu class 7/8 (ki- › vi-) → vitabu	Kl.7: SUBJ ki- · ADJ ki- · GEN cha · DEM hiki/kile · POSS ch- · REL -cho	class 7: SUBJ ki- · ADJ ki- · GEN cha · DEM hiki/kile · POSS ch- · REL -cho	Die Negation tauscht das Subjektpräfix, streicht den TAM-Marker und ändert den Endvokal zu -i	negation swaps the subject prefix, drops the tense marker and changes the final vowel to -i	A1 SD1 kontrast negation p-1SG
K119	Negation	negation	7/8	Du liest das Buch.	Du liest das Buch nicht.	You read the book.	You do not read the book.	Unasoma kitabu.	Husomi kitabu.	u-na-som-a ki-tabu	2SG-PRÄS-lesen-IND KL7-Buch	2SG-PRS-read-IND CL7-book	hu-som-i ki-tabu	2SG.NEG-lesen-NEG KL7-Buch	2SG.NEG-read-NEG CL7-book	u-na-…-a  →  hu-…-i	kitabu Kl. 7/8 (ki- › vi-) → vitabu	kitabu class 7/8 (ki- › vi-) → vitabu	Kl.7: SUBJ ki- · ADJ ki- · GEN cha · DEM hiki/kile · POSS ch- · REL -cho	class 7: SUBJ ki- · ADJ ki- · GEN cha · DEM hiki/kile · POSS ch- · REL -cho	Die Negation tauscht das Subjektpräfix, streicht den TAM-Marker und ändert den Endvokal zu -i	negation swaps the subject prefix, drops the tense marker and changes the final vowel to -i	A1 SD1 kontrast negation p-2SG
K120	Negation	negation	7/8	Er liest das Buch.	Er liest das Buch nicht.	He reads the book.	He does not read the book.	Anasoma kitabu.	Hasomi kitabu.	a-na-som-a ki-tabu	3SG-PRÄS-lesen-IND KL7-Buch	3SG-PRS-read-IND CL7-book	ha-som-i ki-tabu	3SG.NEG-lesen-NEG KL7-Buch	3SG.NEG-read-NEG CL7-book	a-na-…-a  →  ha-…-i	kitabu Kl. 7/8 (ki- › vi-) → vitabu	kitabu class 7/8 (ki- › vi-) → vitabu	Kl.7: SUBJ ki- · ADJ ki- · GEN cha · DEM hiki/kile · POSS ch- · REL -cho	class 7: SUBJ ki- · ADJ ki- · GEN cha · DEM hiki/kile · POSS ch- · REL -cho	Die Negation tauscht das Subjektpräfix, streicht den TAM-Marker und ändert den Endvokal zu -i	negation swaps the subject prefix, drops the tense marker and changes the final vowel to -i	A1 SD1 kontrast negation p-3SG
K121	Negation	negation	7/8	Wir lesen das Buch.	Wir lesen das Buch nicht.	We read the book.	We do not read the book.	Tunasoma kitabu.	Hatusomi kitabu.	tu-na-som-a ki-tabu	1PL-PRÄS-lesen-IND KL7-Buch	1PL-PRS-read-IND CL7-book	hatu-som-i ki-tabu	1PL.NEG-lesen-NEG KL7-Buch	1PL.NEG-read-NEG CL7-book	tu-na-…-a  →  hatu-…-i	kitabu Kl. 7/8 (ki- › vi-) → vitabu	kitabu class 7/8 (ki- › vi-) → vitabu	Kl.7: SUBJ ki- · ADJ ki- · GEN cha · DEM hiki/kile · POSS ch- · REL -cho	class 7: SUBJ ki- · ADJ ki- · GEN cha · DEM hiki/kile · POSS ch- · REL -cho	Die Negation tauscht das Subjektpräfix, streicht den TAM-Marker und ändert den Endvokal zu -i	negation swaps the subject prefix, drops the tense marker and changes the final vowel to -i	A1 SD1 kontrast negation p-1PL
K122	Negation	negation	7/8	Ihr lest das Buch.	Ihr lest das Buch nicht.	You read the book.	You do not read the book.	Mnasoma kitabu.	Hamsomi kitabu.	m-na-som-a ki-tabu	2PL-PRÄS-lesen-IND KL7-Buch	2PL-PRS-read-IND CL7-book	ham-som-i ki-tabu	2PL.NEG-lesen-NEG KL7-Buch	2PL.NEG-read-NEG CL7-book	m-na-…-a  →  ham-…-i	kitabu Kl. 7/8 (ki- › vi-) → vitabu	kitabu class 7/8 (ki- › vi-) → vitabu	Kl.7: SUBJ ki- · ADJ ki- · GEN cha · DEM hiki/kile · POSS ch- · REL -cho	class 7: SUBJ ki- · ADJ ki- · GEN cha · DEM hiki/kile · POSS ch- · REL -cho	Die Negation tauscht das Subjektpräfix, streicht den TAM-Marker und ändert den Endvokal zu -i	negation swaps the subject prefix, drops the tense marker and changes the final vowel to -i	A1 SD1 kontrast negation p-2PL
K123	Negation	negation	7/8	Sie lesen das Buch.	Sie lesen das Buch nicht.	They read the book.	They do not read the book.	Wanasoma kitabu.	Hawasomi kitabu.	wa-na-som-a ki-tabu	3PL-PRÄS-lesen-IND KL7-Buch	3PL-PRS-read-IND CL7-book	hawa-som-i ki-tabu	3PL.NEG-lesen-NEG KL7-Buch	3PL.NEG-read-NEG CL7-book	wa-na-…-a  →  hawa-…-i	kitabu Kl. 7/8 (ki- › vi-) → vitabu	kitabu class 7/8 (ki- › vi-) → vitabu	Kl.7: SUBJ ki- · ADJ ki- · GEN cha · DEM hiki/kile · POSS ch- · REL -cho	class 7: SUBJ ki- · ADJ ki- · GEN cha · DEM hiki/kile · POSS ch- · REL -cho	Die Negation tauscht das Subjektpräfix, streicht den TAM-Marker und ändert den Endvokal zu -i	negation swaps the subject prefix, drops the tense marker and changes the final vowel to -i	A1 SD1 kontrast negation p-3PL
K124	Negation nach Zeit	negation by tense	7/8	Ich lese das Buch.	Ich lese das Buch nicht.	I am reading the book.	I am not reading the book.	Ninasoma kitabu.	Sisomi kitabu.	ni-na-som-a ki-tabu	1SG-PRÄS-lesen-IND KL7-Buch	1SG-PRS-read-IND CL7-book	si-som-i ki-tabu	1SG.NEG-lesen-NEG KL7-Buch	1SG.NEG-read-NEG CL7-book	ni-na-  →  si-	kitabu Kl. 7/8 (ki- › vi-) → vitabu	kitabu class 7/8 (ki- › vi-) → vitabu	Kl.7: SUBJ ki- · ADJ ki- · GEN cha · DEM hiki/kile · POSS ch- · REL -cho	class 7: SUBJ ki- · ADJ ki- · GEN cha · DEM hiki/kile · POSS ch- · REL -cho	Jede Zeit hat ihre eigene Negationsform — -ku- für die Vergangenheit, -ja- für das Perfekt	each tense has its own negative form — -ku- for the past, -ja- for the perfect	A1 SD1 kontrast negation tam-na
K125	Negation nach Zeit	negation by tense	7/8	Ich las das Buch.	Ich las das Buch nicht.	I read the book.	I did not read the book.	Nilisoma kitabu.	Sikusoma kitabu.	ni-li-som-a ki-tabu	1SG-PRÄT-lesen-IND KL7-Buch	1SG-PST-read-IND CL7-book	si-ku-som-a ki-tabu	1SG.NEG-PRÄT.NEG-lesen-IND KL7-Buch	1SG.NEG-PST.NEG-read-IND CL7-book	ni-li-  →  si-ku-	kitabu Kl. 7/8 (ki- › vi-) → vitabu	kitabu class 7/8 (ki- › vi-) → vitabu	Kl.7: SUBJ ki- · ADJ ki- · GEN cha · DEM hiki/kile · POSS ch- · REL -cho	class 7: SUBJ ki- · ADJ ki- · GEN cha · DEM hiki/kile · POSS ch- · REL -cho	Jede Zeit hat ihre eigene Negationsform — -ku- für die Vergangenheit, -ja- für das Perfekt	each tense has its own negative form — -ku- for the past, -ja- for the perfect	A1 SD1 kontrast negation tam-li
K126	Negation nach Zeit	negation by tense	7/8	Ich habe das Buch gelesen.	Ich habe das Buch noch nicht gelesen.	I have read the book.	I have not read the book yet.	Nimesoma kitabu.	Sijasoma kitabu.	ni-me-som-a ki-tabu	1SG-PERF-lesen-IND KL7-Buch	1SG-PRF-read-IND CL7-book	si-ja-som-a ki-tabu	1SG.NEG-PERF.NEG-lesen-IND KL7-Buch	1SG.NEG-PRF.NEG-read-IND CL7-book	ni-me-  →  si-ja-	kitabu Kl. 7/8 (ki- › vi-) → vitabu	kitabu class 7/8 (ki- › vi-) → vitabu	Kl.7: SUBJ ki- · ADJ ki- · GEN cha · DEM hiki/kile · POSS ch- · REL -cho	class 7: SUBJ ki- · ADJ ki- · GEN cha · DEM hiki/kile · POSS ch- · REL -cho	Jede Zeit hat ihre eigene Negationsform — -ku- für die Vergangenheit, -ja- für das Perfekt	each tense has its own negative form — -ku- for the past, -ja- for the perfect	A1 SD1 kontrast negation tam-me
K127	Negation nach Zeit	negation by tense	7/8	Ich werde das Buch lesen.	Ich werde das Buch nicht lesen.	I will read the book.	I will not read the book.	Nitasoma kitabu.	Sitasoma kitabu.	ni-ta-som-a ki-tabu	1SG-FUT-lesen-IND KL7-Buch	1SG-FUT-read-IND CL7-book	si-ta-som-a ki-tabu	1SG.NEG-FUT-lesen-IND KL7-Buch	1SG.NEG-FUT-read-IND CL7-book	ni-ta-  →  si-ta-	kitabu Kl. 7/8 (ki- › vi-) → vitabu	kitabu class 7/8 (ki- › vi-) → vitabu	Kl.7: SUBJ ki- · ADJ ki- · GEN cha · DEM hiki/kile · POSS ch- · REL -cho	class 7: SUBJ ki- · ADJ ki- · GEN cha · DEM hiki/kile · POSS ch- · REL -cho	Jede Zeit hat ihre eigene Negationsform — -ku- für die Vergangenheit, -ja- für das Perfekt	each tense has its own negative form — -ku- for the past, -ja- for the perfect	A1 SD1 kontrast negation tam-ta
K128	Numerus + TAM	number + tense	7/8	Ich lese gerade das Buch.	Ich habe schon viele Bücher gelesen.	I am reading the book right now.	I have already read many books.	Ninasoma kitabu.	Nimesoma vitabu vingi.	ni-na-som-a ki-tabu	1SG-PRÄS-lesen-IND KL7-Buch	1SG-PRS-read-IND CL7-book	ni-me-som-a vi-tabu vi-ngi	1SG-PERF-lesen-IND KL8-Buch KL8-viele	1SG-PRF-read-IND CL8-book CL8-many	-na- ki-  →  -me- vi-	kitabu Kl. 7/8 (ki- › vi-) → vitabu	kitabu class 7/8 (ki- › vi-) → vitabu	Kl.7: SUBJ ki- · ADJ ki- · GEN cha · DEM hiki/kile · POSS ch- · REL -cho · Kl.8: SUBJ vi- · ADJ vi- · GEN vya · DEM hivi/vile · POSS vy- · REL -vyo	class 7: SUBJ ki- · ADJ ki- · GEN cha · DEM hiki/kile · POSS ch- · REL -cho · class 8: SUBJ vi- · ADJ vi- · GEN vya · DEM hivi/vile · POSS vy- · REL -vyo	Zwei Kontraste auf einmal: TAM -na- gegen -me- und Nominalklasse ki- gegen vi-	two contrasts at once: tense -na- against -me- and noun class ki- against vi-	A1 SD1 kontrast numerus tam kl7 kl8
